2024-10-24 09:23:18,366 nasunet-Train
2024-10-24 09:23:18,703 Using loss DiceLoss()
2024-10-24 09:23:18,703 Genotype: Genotype(down=[('down_dil_conv', 0), ('down_conv', 1), ('down_dep_conv', 1), ('dil_conv', 2), ('dil_conv', 2), ('conv', 3)], down_concat=range(2, 5), up=[('up_dil_conv', 1), ('dep_conv', 0), ('dep_conv', 0), ('dil_conv', 2), ('dil_conv', 2), ('conv', 3)], up_concat=range(2, 5))
2024-10-24 09:23:18,757 gpu device = 1
2024-10-24 09:23:18,876 Model parameters = 0.556674 Millions
2024-10-24 09:23:18,878 Using model optimizer Adam (
Parameter Group 0
    amsgrad: False
    betas: (0.9, 0.999)
    capturable: False
    differentiable: False
    eps: 1e-08
    foreach: None
    fused: None
    lr: 0.0001
    maximize: False
    weight_decay: 0
)
2024-10-24 09:23:18,879 Loading model and optimizer from checkpoint './checkpoint/model_best.pth.tar'
2024-10-24 09:23:19,039 Running SOTA NAS-UNET with 64 channels
2024-10-24 09:23:19,039 args = {'model': {'arch': 'nasunet'}, 'data': {'dataset': 'flame1', 'train_split': 'train_aug', 'split': 'val', 'img_rows': 'same', 'img_cols': 'same'}, 'searching': {'init_channels': 24, 'depth': 5, 'epoch': 100, 'batch_size': 8, 'report_freq': 10, 'n_workers': 0, 'alpha_begin': 10, 'max_patience': 100, 'gpu': True, 'multi_gpus': False, 'sharing_normal': True, 'double_down_channel': False, 'meta_node_num': 3, 'grad_clip': 5, 'train_portion': 0.5, 'model_optimizer': {'name': 'adam', 'lr': 0.0001}, 'arch_optimizer': {'name': 'adam', 'lr': 0.0001}, 'loss': {'name': 'dice_loss', 'aux_weight': 0}, 'resume': None}, 'training': {'geno_type': 'NASUNET_FLAME', 'init_channels': 32, 'depth': 5, 'epoch': 1000, 'batch_size': 8, 'report_freq': 1, 'n_workers': 0, 'multi_gpus': False, 'double_down_channel': False, 'grad_clip': 3, 'max_patience': 100, 'model_optimizer': {'name': 'adam', 'lr': 0.0001}, 'loss': {'name': 'dice_loss', 'aux_weight': 0}, 'backbone': None, 'lr_schedule': {'name': 'cos', 'T_max': 100, 'eta_min': 1e-05}, 'resume': './checkpoint/model_best.pth.tar'}}
2024-10-24 09:23:19,046 => Epoch 472, lr 0.0001999967713786464
2024-10-24 09:29:54,955 Train Loss: {0.0740}; IoU: {0.8636}; Prec: {0.9254}; Recall: {0.9283}; F1: {0.9268}; Sens: {0.9283}; Spec: {0.9996}; AUC: {0.9639}
2024-10-24 09:30:54,949 Valid Loss: {0.0829}; IoU: {0.8474}; Prec: {0.9404}; Recall: {0.8955}; F1: {0.9174}; Sens: {0.8955}; Spec: {0.9997}; AUC: {0.9476}
2024-10-24 09:30:54,950 current best loss 0.07708422467112541, mIoU 0.8572138547897339
2024-10-24 09:30:55,056 save checkpoint (epoch 472) in logs/nasunet/train/flame1/20241024-092318  dur_time: {'day': 1.0, 'hour': 7.0, 'minute': 38.0, 'second': 17}
2024-10-24 09:30:55,060 cost time: {'day': 1.0, 'hour': 7.0, 'minute': 38.0, 'second': 17}
2024-10-24 09:30:55,060 => Epoch 473, lr 0.00019999675777009833
2024-10-24 09:37:13,044 Train Loss: {0.0747}; IoU: {0.8622}; Prec: {0.9252}; Recall: {0.9268}; F1: {0.9260}; Sens: {0.9268}; Spec: {0.9996}; AUC: {0.9632}
2024-10-24 09:38:11,705 Valid Loss: {0.0799}; IoU: {0.8531}; Prec: {0.9237}; Recall: {0.9178}; F1: {0.9207}; Sens: {0.9178}; Spec: {0.9996}; AUC: {0.9587}
2024-10-24 09:38:11,707 current best loss 0.07708422467112541, mIoU 0.8572138547897339
2024-10-24 09:38:11,710 cost time: {'day': 1.0, 'hour': 7.0, 'minute': 45.0, 'second': 33}
2024-10-24 09:38:11,710 => Epoch 474, lr 0.00019999674413293146
2024-10-24 09:44:26,538 Train Loss: {0.0742}; IoU: {0.8635}; Prec: {0.9250}; Recall: {0.9285}; F1: {0.9268}; Sens: {0.9285}; Spec: {0.9996}; AUC: {0.9640}
2024-10-24 09:45:25,034 Valid Loss: {0.0811}; IoU: {0.8512}; Prec: {0.9219}; Recall: {0.9174}; F1: {0.9196}; Sens: {0.9174}; Spec: {0.9996}; AUC: {0.9585}
2024-10-24 09:45:25,035 current best loss 0.07708422467112541, mIoU 0.8572138547897339
2024-10-24 09:45:25,038 cost time: {'day': 1.0, 'hour': 7.0, 'minute': 52.0, 'second': 47}
2024-10-24 09:45:25,039 => Epoch 475, lr 0.0001999967304671458
2024-10-24 09:51:39,992 Train Loss: {0.0739}; IoU: {0.8637}; Prec: {0.9257}; Recall: {0.9280}; F1: {0.9269}; Sens: {0.9280}; Spec: {0.9996}; AUC: {0.9638}
2024-10-24 09:52:38,660 Valid Loss: {0.0797}; IoU: {0.8531}; Prec: {0.9326}; Recall: {0.9092}; F1: {0.9207}; Sens: {0.9092}; Spec: {0.9996}; AUC: {0.9544}
2024-10-24 09:52:38,661 current best loss 0.07708422467112541, mIoU 0.8572138547897339
2024-10-24 09:52:38,665 cost time: {'day': 1.0, 'hour': 8.0, 'minute': 0.0, 'second': 0}
2024-10-24 09:52:38,665 => Epoch 476, lr 0.00019999671677274137
2024-10-24 09:58:57,382 Train Loss: {0.0742}; IoU: {0.8636}; Prec: {0.9256}; Recall: {0.9280}; F1: {0.9268}; Sens: {0.9280}; Spec: {0.9996}; AUC: {0.9638}
2024-10-24 09:59:56,000 Valid Loss: {0.0795}; IoU: {0.8536}; Prec: {0.9252}; Recall: {0.9168}; F1: {0.9210}; Sens: {0.9168}; Spec: {0.9996}; AUC: {0.9582}
2024-10-24 09:59:56,001 current best loss 0.07708422467112541, mIoU 0.8572138547897339
2024-10-24 09:59:56,006 cost time: {'day': 1.0, 'hour': 8.0, 'minute': 7.0, 'second': 18}
2024-10-24 09:59:56,006 => Epoch 477, lr 0.00019999670304971813
2024-10-24 10:06:10,805 Train Loss: {0.0734}; IoU: {0.8643}; Prec: {0.9262}; Recall: {0.9282}; F1: {0.9272}; Sens: {0.9282}; Spec: {0.9996}; AUC: {0.9639}
2024-10-24 10:07:09,617 Valid Loss: {0.0811}; IoU: {0.8505}; Prec: {0.9398}; Recall: {0.8995}; F1: {0.9192}; Sens: {0.8995}; Spec: {0.9997}; AUC: {0.9496}
2024-10-24 10:07:09,619 current best loss 0.07708422467112541, mIoU 0.8572138547897339
2024-10-24 10:07:09,622 cost time: {'day': 1.0, 'hour': 8.0, 'minute': 14.0, 'second': 31}
2024-10-24 10:07:09,623 => Epoch 478, lr 0.00019999668929807608
2024-10-24 10:13:22,107 Train Loss: {0.0738}; IoU: {0.8638}; Prec: {0.9266}; Recall: {0.9273}; F1: {0.9270}; Sens: {0.9273}; Spec: {0.9996}; AUC: {0.9635}
2024-10-24 10:14:19,876 Valid Loss: {0.0793}; IoU: {0.8539}; Prec: {0.9252}; Recall: {0.9173}; F1: {0.9212}; Sens: {0.9173}; Spec: {0.9996}; AUC: {0.9584}
2024-10-24 10:14:19,876 current best loss 0.07708422467112541, mIoU 0.8572138547897339
2024-10-24 10:14:19,880 cost time: {'day': 1.0, 'hour': 8.0, 'minute': 21.0, 'second': 41}
2024-10-24 10:14:19,881 => Epoch 479, lr 0.0001999966755178153
2024-10-24 10:20:31,913 Train Loss: {0.0731}; IoU: {0.8647}; Prec: {0.9266}; Recall: {0.9283}; F1: {0.9275}; Sens: {0.9283}; Spec: {0.9996}; AUC: {0.9640}
2024-10-24 10:21:29,735 Valid Loss: {0.0788}; IoU: {0.8549}; Prec: {0.9288}; Recall: {0.9148}; F1: {0.9218}; Sens: {0.9148}; Spec: {0.9996}; AUC: {0.9572}
2024-10-24 10:21:29,737 current best loss 0.07708422467112541, mIoU 0.8572138547897339
2024-10-24 10:21:29,741 cost time: {'day': 1.0, 'hour': 8.0, 'minute': 28.0, 'second': 51}
2024-10-24 10:21:29,741 => Epoch 480, lr 0.00019999666170893575
2024-10-24 10:27:43,850 Train Loss: {0.0729}; IoU: {0.8652}; Prec: {0.9260}; Recall: {0.9295}; F1: {0.9277}; Sens: {0.9295}; Spec: {0.9996}; AUC: {0.9645}
2024-10-24 10:28:41,820 Valid Loss: {0.0783}; IoU: {0.8556}; Prec: {0.9248}; Recall: {0.9195}; F1: {0.9222}; Sens: {0.9195}; Spec: {0.9996}; AUC: {0.9595}
2024-10-24 10:28:41,821 current best loss 0.07708422467112541, mIoU 0.8572138547897339
2024-10-24 10:28:41,825 cost time: {'day': 1.0, 'hour': 8.0, 'minute': 36.0, 'second': 3}
2024-10-24 10:28:41,825 => Epoch 481, lr 0.00019999664787143738
2024-10-24 10:35:01,178 Train Loss: {0.0730}; IoU: {0.8653}; Prec: {0.9268}; Recall: {0.9287}; F1: {0.9278}; Sens: {0.9287}; Spec: {0.9996}; AUC: {0.9642}
2024-10-24 10:35:59,278 Valid Loss: {0.0792}; IoU: {0.8541}; Prec: {0.9280}; Recall: {0.9146}; F1: {0.9213}; Sens: {0.9146}; Spec: {0.9996}; AUC: {0.9571}
2024-10-24 10:35:59,280 current best loss 0.07708422467112541, mIoU 0.8572138547897339
2024-10-24 10:35:59,283 cost time: {'day': 1.0, 'hour': 8.0, 'minute': 43.0, 'second': 21}
2024-10-24 10:35:59,283 => Epoch 482, lr 0.00019999663400532028
2024-10-24 10:42:13,822 Train Loss: {0.0731}; IoU: {0.8651}; Prec: {0.9257}; Recall: {0.9296}; F1: {0.9277}; Sens: {0.9296}; Spec: {0.9996}; AUC: {0.9646}
2024-10-24 10:43:12,118 Valid Loss: {0.0794}; IoU: {0.8535}; Prec: {0.9247}; Recall: {0.9173}; F1: {0.9210}; Sens: {0.9173}; Spec: {0.9996}; AUC: {0.9584}
2024-10-24 10:43:12,118 current best loss 0.07708422467112541, mIoU 0.8572138547897339
2024-10-24 10:43:12,122 cost time: {'day': 1.0, 'hour': 8.0, 'minute': 50.0, 'second': 34}
2024-10-24 10:43:12,122 => Epoch 483, lr 0.0001999966201105844
2024-10-24 10:49:28,856 Train Loss: {0.0731}; IoU: {0.8655}; Prec: {0.9268}; Recall: {0.9290}; F1: {0.9279}; Sens: {0.9290}; Spec: {0.9996}; AUC: {0.9643}
2024-10-24 10:50:27,493 Valid Loss: {0.0802}; IoU: {0.8523}; Prec: {0.9338}; Recall: {0.9071}; F1: {0.9203}; Sens: {0.9071}; Spec: {0.9996}; AUC: {0.9534}
2024-10-24 10:50:27,494 current best loss 0.07708422467112541, mIoU 0.8572138547897339
2024-10-24 10:50:27,498 cost time: {'day': 1.0, 'hour': 8.0, 'minute': 57.0, 'second': 49}
2024-10-24 10:50:27,499 => Epoch 484, lr 0.00019999660618722978
2024-10-24 10:56:44,129 Train Loss: {0.0730}; IoU: {0.8653}; Prec: {0.9260}; Recall: {0.9295}; F1: {0.9278}; Sens: {0.9295}; Spec: {0.9996}; AUC: {0.9645}
2024-10-24 10:57:42,961 Valid Loss: {0.0795}; IoU: {0.8536}; Prec: {0.9241}; Recall: {0.9180}; F1: {0.9210}; Sens: {0.9180}; Spec: {0.9996}; AUC: {0.9588}
2024-10-24 10:57:42,962 current best loss 0.07708422467112541, mIoU 0.8572138547897339
2024-10-24 10:57:42,966 cost time: {'day': 1.0, 'hour': 9.0, 'minute': 5.0, 'second': 5}
2024-10-24 10:57:42,966 => Epoch 485, lr 0.00019999659223525647
2024-10-24 11:04:00,142 Train Loss: {0.0735}; IoU: {0.8649}; Prec: {0.9267}; Recall: {0.9285}; F1: {0.9276}; Sens: {0.9285}; Spec: {0.9996}; AUC: {0.9640}
2024-10-24 11:04:57,811 Valid Loss: {0.0804}; IoU: {0.8523}; Prec: {0.9306}; Recall: {0.9101}; F1: {0.9202}; Sens: {0.9101}; Spec: {0.9996}; AUC: {0.9549}
2024-10-24 11:04:57,812 current best loss 0.07708422467112541, mIoU 0.8572138547897339
2024-10-24 11:04:57,815 cost time: {'day': 1.0, 'hour': 9.0, 'minute': 12.0, 'second': 19}
2024-10-24 11:04:57,815 => Epoch 486, lr 0.00019999657825466426
2024-10-24 11:11:11,046 Train Loss: {0.0736}; IoU: {0.8648}; Prec: {0.9256}; Recall: {0.9293}; F1: {0.9275}; Sens: {0.9293}; Spec: {0.9996}; AUC: {0.9645}
2024-10-24 11:12:08,905 Valid Loss: {0.0799}; IoU: {0.8532}; Prec: {0.9344}; Recall: {0.9075}; F1: {0.9208}; Sens: {0.9075}; Spec: {0.9996}; AUC: {0.9536}
2024-10-24 11:12:08,906 current best loss 0.07708422467112541, mIoU 0.8572138547897339
2024-10-24 11:12:08,909 cost time: {'day': 1.0, 'hour': 9.0, 'minute': 19.0, 'second': 30}
2024-10-24 11:12:08,910 => Epoch 487, lr 0.00019999656424545353
2024-10-24 11:18:25,069 Train Loss: {0.0730}; IoU: {0.8654}; Prec: {0.9268}; Recall: {0.9289}; F1: {0.9279}; Sens: {0.9289}; Spec: {0.9996}; AUC: {0.9642}
2024-10-24 11:19:23,876 Valid Loss: {0.0790}; IoU: {0.8546}; Prec: {0.9276}; Recall: {0.9157}; F1: {0.9216}; Sens: {0.9157}; Spec: {0.9996}; AUC: {0.9576}
2024-10-24 11:19:23,877 current best loss 0.07708422467112541, mIoU 0.8572138547897339
2024-10-24 11:19:23,881 cost time: {'day': 1.0, 'hour': 9.0, 'minute': 26.0, 'second': 45}
2024-10-24 11:19:23,881 => Epoch 488, lr 0.00019999655020762387
2024-10-24 11:25:38,060 Train Loss: {0.0724}; IoU: {0.8664}; Prec: {0.9277}; Recall: {0.9291}; F1: {0.9284}; Sens: {0.9291}; Spec: {0.9996}; AUC: {0.9644}
2024-10-24 11:26:36,792 Valid Loss: {0.0800}; IoU: {0.8525}; Prec: {0.9301}; Recall: {0.9108}; F1: {0.9204}; Sens: {0.9108}; Spec: {0.9996}; AUC: {0.9552}
2024-10-24 11:26:36,793 current best loss 0.07708422467112541, mIoU 0.8572138547897339
2024-10-24 11:26:36,797 cost time: {'day': 1.0, 'hour': 9.0, 'minute': 33.0, 'second': 58}
2024-10-24 11:26:36,797 => Epoch 489, lr 0.00019999653614117554
2024-10-24 11:32:53,421 Train Loss: {0.0729}; IoU: {0.8654}; Prec: {0.9265}; Recall: {0.9292}; F1: {0.9279}; Sens: {0.9292}; Spec: {0.9996}; AUC: {0.9644}
2024-10-24 11:33:51,390 Valid Loss: {0.0790}; IoU: {0.8546}; Prec: {0.9184}; Recall: {0.9249}; F1: {0.9216}; Sens: {0.9249}; Spec: {0.9995}; AUC: {0.9622}
2024-10-24 11:33:51,391 current best loss 0.07708422467112541, mIoU 0.8572138547897339
2024-10-24 11:33:51,395 cost time: {'day': 1.0, 'hour': 9.0, 'minute': 41.0, 'second': 13}
2024-10-24 11:33:51,395 => Epoch 490, lr 0.00019999652204610852
2024-10-24 11:40:05,726 Train Loss: {0.0727}; IoU: {0.8658}; Prec: {0.9263}; Recall: {0.9298}; F1: {0.9281}; Sens: {0.9298}; Spec: {0.9996}; AUC: {0.9647}
2024-10-24 11:41:04,403 Valid Loss: {0.0808}; IoU: {0.8512}; Prec: {0.9404}; Recall: {0.8998}; F1: {0.9196}; Sens: {0.8998}; Spec: {0.9997}; AUC: {0.9497}
2024-10-24 11:41:04,403 current best loss 0.07708422467112541, mIoU 0.8572138547897339
2024-10-24 11:41:04,408 cost time: {'day': 1.0, 'hour': 9.0, 'minute': 48.0, 'second': 26}
2024-10-24 11:41:04,408 => Epoch 491, lr 0.00019999650792242268
2024-10-24 11:47:20,572 Train Loss: {0.0733}; IoU: {0.8653}; Prec: {0.9271}; Recall: {0.9284}; F1: {0.9278}; Sens: {0.9284}; Spec: {0.9996}; AUC: {0.9640}
2024-10-24 11:48:18,175 Valid Loss: {0.0797}; IoU: {0.8530}; Prec: {0.9270}; Recall: {0.9145}; F1: {0.9207}; Sens: {0.9145}; Spec: {0.9996}; AUC: {0.9570}
2024-10-24 11:48:18,176 current best loss 0.07708422467112541, mIoU 0.8572138547897339
2024-10-24 11:48:18,180 cost time: {'day': 1.0, 'hour': 9.0, 'minute': 55.0, 'second': 40}
2024-10-24 11:48:18,180 => Epoch 492, lr 0.00019999649377011822
2024-10-24 11:54:34,956 Train Loss: {0.0726}; IoU: {0.8659}; Prec: {0.9273}; Recall: {0.9290}; F1: {0.9281}; Sens: {0.9290}; Spec: {0.9996}; AUC: {0.9643}
2024-10-24 11:55:33,842 Valid Loss: {0.0796}; IoU: {0.8534}; Prec: {0.9137}; Recall: {0.9283}; F1: {0.9209}; Sens: {0.9283}; Spec: {0.9995}; AUC: {0.9639}
2024-10-24 11:55:33,843 current best loss 0.07708422467112541, mIoU 0.8572138547897339
2024-10-24 11:55:33,847 cost time: {'day': 1.0, 'hour': 10.0, 'minute': 2.0, 'second': 55}
2024-10-24 11:55:33,847 => Epoch 493, lr 0.00019999647958919502
2024-10-24 12:01:53,299 Train Loss: {0.0732}; IoU: {0.8656}; Prec: {0.9266}; Recall: {0.9293}; F1: {0.9280}; Sens: {0.9293}; Spec: {0.9996}; AUC: {0.9645}
2024-10-24 12:02:52,072 Valid Loss: {0.0790}; IoU: {0.8546}; Prec: {0.9258}; Recall: {0.9174}; F1: {0.9216}; Sens: {0.9174}; Spec: {0.9996}; AUC: {0.9585}
2024-10-24 12:02:52,073 current best loss 0.07708422467112541, mIoU 0.8572138547897339
2024-10-24 12:02:52,076 cost time: {'day': 1.0, 'hour': 10.0, 'minute': 10.0, 'second': 14}
2024-10-24 12:02:52,076 => Epoch 494, lr 0.000199996465379653
2024-10-24 12:09:11,060 Train Loss: {0.0724}; IoU: {0.8660}; Prec: {0.9270}; Recall: {0.9294}; F1: {0.9282}; Sens: {0.9294}; Spec: {0.9996}; AUC: {0.9645}
2024-10-24 12:10:09,938 Valid Loss: {0.0785}; IoU: {0.8553}; Prec: {0.9242}; Recall: {0.9198}; F1: {0.9220}; Sens: {0.9198}; Spec: {0.9996}; AUC: {0.9597}
2024-10-24 12:10:09,938 current best loss 0.07708422467112541, mIoU 0.8572138547897339
2024-10-24 12:10:09,942 cost time: {'day': 1.0, 'hour': 10.0, 'minute': 17.0, 'second': 32}
2024-10-24 12:10:09,942 => Epoch 495, lr 0.00019999645114149238
2024-10-24 12:16:27,345 Train Loss: {0.0726}; IoU: {0.8659}; Prec: {0.9265}; Recall: {0.9298}; F1: {0.9281}; Sens: {0.9298}; Spec: {0.9996}; AUC: {0.9647}
2024-10-24 12:17:26,566 Valid Loss: {0.0788}; IoU: {0.8549}; Prec: {0.9352}; Recall: {0.9087}; F1: {0.9218}; Sens: {0.9087}; Spec: {0.9996}; AUC: {0.9542}
2024-10-24 12:17:26,567 current best loss 0.07708422467112541, mIoU 0.8572138547897339
2024-10-24 12:17:26,571 cost time: {'day': 1.0, 'hour': 10.0, 'minute': 24.0, 'second': 48}
2024-10-24 12:17:26,571 => Epoch 496, lr 0.000199996436874713
2024-10-24 12:23:42,144 Train Loss: {0.0727}; IoU: {0.8667}; Prec: {0.9270}; Recall: {0.9302}; F1: {0.9286}; Sens: {0.9302}; Spec: {0.9996}; AUC: {0.9649}
2024-10-24 12:24:40,707 Valid Loss: {0.0794}; IoU: {0.8537}; Prec: {0.9325}; Recall: {0.9099}; F1: {0.9211}; Sens: {0.9099}; Spec: {0.9996}; AUC: {0.9548}
2024-10-24 12:24:40,708 current best loss 0.07708422467112541, mIoU 0.8572138547897339
2024-10-24 12:24:40,711 cost time: {'day': 1.0, 'hour': 10.0, 'minute': 32.0, 'second': 2}
2024-10-24 12:24:40,711 => Epoch 497, lr 0.00019999642257931497
2024-10-24 12:30:54,837 Train Loss: {0.0726}; IoU: {0.8658}; Prec: {0.9261}; Recall: {0.9300}; F1: {0.9281}; Sens: {0.9300}; Spec: {0.9996}; AUC: {0.9648}
2024-10-24 12:31:52,594 Valid Loss: {0.0788}; IoU: {0.8549}; Prec: {0.9303}; Recall: {0.9135}; F1: {0.9218}; Sens: {0.9135}; Spec: {0.9996}; AUC: {0.9565}
2024-10-24 12:31:52,595 current best loss 0.07708422467112541, mIoU 0.8572138547897339
2024-10-24 12:31:52,599 cost time: {'day': 1.0, 'hour': 10.0, 'minute': 39.0, 'second': 14}
2024-10-24 12:31:52,599 => Epoch 498, lr 0.0001999964082552982
2024-10-24 12:38:12,311 Train Loss: {0.0730}; IoU: {0.8652}; Prec: {0.9267}; Recall: {0.9288}; F1: {0.9277}; Sens: {0.9288}; Spec: {0.9996}; AUC: {0.9642}
2024-10-24 12:39:11,695 Valid Loss: {0.0790}; IoU: {0.8546}; Prec: {0.9170}; Recall: {0.9262}; F1: {0.9216}; Sens: {0.9262}; Spec: {0.9995}; AUC: {0.9629}
2024-10-24 12:39:11,696 current best loss 0.07708422467112541, mIoU 0.8572138547897339
2024-10-24 12:39:11,699 cost time: {'day': 1.0, 'hour': 10.0, 'minute': 46.0, 'second': 33}
2024-10-24 12:39:11,699 => Epoch 499, lr 0.00019999639390266277
2024-10-24 12:45:30,625 Train Loss: {0.0725}; IoU: {0.8661}; Prec: {0.9264}; Recall: {0.9301}; F1: {0.9282}; Sens: {0.9301}; Spec: {0.9996}; AUC: {0.9648}
2024-10-24 12:46:30,041 Valid Loss: {0.0789}; IoU: {0.8549}; Prec: {0.9269}; Recall: {0.9167}; F1: {0.9218}; Sens: {0.9167}; Spec: {0.9996}; AUC: {0.9582}
2024-10-24 12:46:30,042 current best loss 0.07708422467112541, mIoU 0.8572138547897339
2024-10-24 12:46:30,046 cost time: {'day': 1.0, 'hour': 10.0, 'minute': 53.0, 'second': 52}
2024-10-24 12:46:30,046 => Epoch 500, lr 0.0001999963795214086
2024-10-24 12:52:49,060 Train Loss: {0.0732}; IoU: {0.8653}; Prec: {0.9273}; Recall: {0.9282}; F1: {0.9278}; Sens: {0.9282}; Spec: {0.9996}; AUC: {0.9639}
2024-10-24 12:53:47,786 Valid Loss: {0.0792}; IoU: {0.8541}; Prec: {0.9314}; Recall: {0.9114}; F1: {0.9213}; Sens: {0.9114}; Spec: {0.9996}; AUC: {0.9555}
2024-10-24 12:54:59,801 Test Loss: {0.0800}; IoU: {0.8530}; Prec: {0.9269}; Recall: {0.9144}; F1: {0.9206}; Sens: {0.9144}; Spec: {0.9996}; AUC: {0.9570}
2024-10-24 12:54:59,803 current best loss 0.07708422467112541, mIoU 0.8572138547897339
2024-10-24 12:54:59,807 cost time: {'day': 1.0, 'hour': 11.0, 'minute': 2.0, 'second': 21}
2024-10-24 12:54:59,808 => Epoch 501, lr 0.0001999963651115358
2024-10-24 13:01:17,516 Train Loss: {0.0733}; IoU: {0.8647}; Prec: {0.9264}; Recall: {0.9285}; F1: {0.9275}; Sens: {0.9285}; Spec: {0.9996}; AUC: {0.9640}
2024-10-24 13:02:16,050 Valid Loss: {0.0779}; IoU: {0.8563}; Prec: {0.9206}; Recall: {0.9246}; F1: {0.9226}; Sens: {0.9246}; Spec: {0.9995}; AUC: {0.9621}
2024-10-24 13:02:16,051 current best loss 0.07708422467112541, mIoU 0.8572138547897339
2024-10-24 13:02:16,056 cost time: {'day': 1.0, 'hour': 11.0, 'minute': 9.0, 'second': 38}
2024-10-24 13:02:16,056 => Epoch 502, lr 0.0001999963506730443
2024-10-24 13:08:32,967 Train Loss: {0.0730}; IoU: {0.8657}; Prec: {0.9265}; Recall: {0.9296}; F1: {0.9280}; Sens: {0.9296}; Spec: {0.9996}; AUC: {0.9646}
2024-10-24 13:09:31,436 Valid Loss: {0.0787}; IoU: {0.8551}; Prec: {0.9276}; Recall: {0.9163}; F1: {0.9219}; Sens: {0.9163}; Spec: {0.9996}; AUC: {0.9580}
2024-10-24 13:09:31,438 current best loss 0.07708422467112541, mIoU 0.8572138547897339
2024-10-24 13:09:31,442 cost time: {'day': 1.0, 'hour': 11.0, 'minute': 16.0, 'second': 53}
2024-10-24 13:09:31,442 => Epoch 503, lr 0.00019999633620593416
2024-10-24 13:15:45,360 Train Loss: {0.0723}; IoU: {0.8666}; Prec: {0.9270}; Recall: {0.9302}; F1: {0.9286}; Sens: {0.9302}; Spec: {0.9996}; AUC: {0.9649}
2024-10-24 13:16:43,748 Valid Loss: {0.0797}; IoU: {0.8533}; Prec: {0.9249}; Recall: {0.9169}; F1: {0.9209}; Sens: {0.9169}; Spec: {0.9996}; AUC: {0.9582}
2024-10-24 13:16:43,748 current best loss 0.07708422467112541, mIoU 0.8572138547897339
2024-10-24 13:16:43,752 cost time: {'day': 1.0, 'hour': 11.0, 'minute': 24.0, 'second': 5}
2024-10-24 13:16:43,753 => Epoch 504, lr 0.0001999963217102053
2024-10-24 13:22:59,981 Train Loss: {0.0727}; IoU: {0.8657}; Prec: {0.9269}; Recall: {0.9292}; F1: {0.9280}; Sens: {0.9292}; Spec: {0.9996}; AUC: {0.9644}
2024-10-24 13:23:57,825 Valid Loss: {0.0786}; IoU: {0.8553}; Prec: {0.9326}; Recall: {0.9116}; F1: {0.9220}; Sens: {0.9116}; Spec: {0.9996}; AUC: {0.9556}
2024-10-24 13:23:57,826 current best loss 0.07708422467112541, mIoU 0.8572138547897339
2024-10-24 13:23:57,831 cost time: {'day': 1.0, 'hour': 11.0, 'minute': 31.0, 'second': 19}
2024-10-24 13:23:57,831 => Epoch 505, lr 0.00019999630718585775
2024-10-24 13:30:16,499 Train Loss: {0.0734}; IoU: {0.8651}; Prec: {0.9253}; Recall: {0.9300}; F1: {0.9277}; Sens: {0.9300}; Spec: {0.9996}; AUC: {0.9648}
2024-10-24 13:31:14,873 Valid Loss: {0.0791}; IoU: {0.8541}; Prec: {0.9348}; Recall: {0.9082}; F1: {0.9213}; Sens: {0.9082}; Spec: {0.9996}; AUC: {0.9539}
2024-10-24 13:31:14,875 current best loss 0.07708422467112541, mIoU 0.8572138547897339
2024-10-24 13:31:14,879 cost time: {'day': 1.0, 'hour': 11.0, 'minute': 38.0, 'second': 36}
2024-10-24 13:31:14,879 => Epoch 506, lr 0.00019999629263289163
2024-10-24 13:37:31,887 Train Loss: {0.0725}; IoU: {0.8665}; Prec: {0.9275}; Recall: {0.9294}; F1: {0.9285}; Sens: {0.9294}; Spec: {0.9996}; AUC: {0.9645}
2024-10-24 13:38:30,005 Valid Loss: {0.0795}; IoU: {0.8538}; Prec: {0.9241}; Recall: {0.9181}; F1: {0.9211}; Sens: {0.9181}; Spec: {0.9996}; AUC: {0.9589}
2024-10-24 13:38:30,006 current best loss 0.07708422467112541, mIoU 0.8572138547897339
2024-10-24 13:38:30,010 cost time: {'day': 1.0, 'hour': 11.0, 'minute': 45.0, 'second': 52}
2024-10-24 13:38:30,011 => Epoch 507, lr 0.00019999627805130678
2024-10-24 13:44:46,665 Train Loss: {0.0726}; IoU: {0.8659}; Prec: {0.9272}; Recall: {0.9291}; F1: {0.9282}; Sens: {0.9291}; Spec: {0.9996}; AUC: {0.9643}
2024-10-24 13:45:44,623 Valid Loss: {0.0801}; IoU: {0.8528}; Prec: {0.9187}; Recall: {0.9224}; F1: {0.9205}; Sens: {0.9224}; Spec: {0.9995}; AUC: {0.9610}
2024-10-24 13:45:44,624 current best loss 0.07708422467112541, mIoU 0.8572138547897339
2024-10-24 13:45:44,629 cost time: {'day': 1.0, 'hour': 11.0, 'minute': 53.0, 'second': 6}
2024-10-24 13:45:44,629 => Epoch 508, lr 0.0001999962634411033
2024-10-24 13:51:58,799 Train Loss: {0.0728}; IoU: {0.8657}; Prec: {0.9265}; Recall: {0.9295}; F1: {0.9280}; Sens: {0.9295}; Spec: {0.9996}; AUC: {0.9645}
2024-10-24 13:52:56,810 Valid Loss: {0.0790}; IoU: {0.8543}; Prec: {0.9242}; Recall: {0.9186}; F1: {0.9214}; Sens: {0.9186}; Spec: {0.9996}; AUC: {0.9591}
2024-10-24 13:52:56,810 current best loss 0.07708422467112541, mIoU 0.8572138547897339
2024-10-24 13:52:56,814 cost time: {'day': 1.0, 'hour': 12.0, 'minute': 0.0, 'second': 18}
2024-10-24 13:52:56,814 => Epoch 509, lr 0.00019999624880228121
2024-10-24 13:59:17,755 Train Loss: {0.0722}; IoU: {0.8666}; Prec: {0.9273}; Recall: {0.9298}; F1: {0.9286}; Sens: {0.9298}; Spec: {0.9996}; AUC: {0.9647}
2024-10-24 14:00:15,590 Valid Loss: {0.0784}; IoU: {0.8558}; Prec: {0.9250}; Recall: {0.9196}; F1: {0.9223}; Sens: {0.9196}; Spec: {0.9996}; AUC: {0.9596}
2024-10-24 14:00:15,590 current best loss 0.07708422467112541, mIoU 0.8572138547897339
2024-10-24 14:00:15,595 cost time: {'day': 1.0, 'hour': 12.0, 'minute': 7.0, 'second': 37}
2024-10-24 14:00:15,596 => Epoch 510, lr 0.0001999962341348404
2024-10-24 14:06:34,970 Train Loss: {0.0726}; IoU: {0.8663}; Prec: {0.9270}; Recall: {0.9297}; F1: {0.9284}; Sens: {0.9297}; Spec: {0.9996}; AUC: {0.9647}
2024-10-24 14:07:33,309 Valid Loss: {0.0784}; IoU: {0.8554}; Prec: {0.9249}; Recall: {0.9193}; F1: {0.9221}; Sens: {0.9193}; Spec: {0.9996}; AUC: {0.9594}
2024-10-24 14:07:33,311 current best loss 0.07708422467112541, mIoU 0.8572138547897339
2024-10-24 14:07:33,314 cost time: {'day': 1.0, 'hour': 12.0, 'minute': 14.0, 'second': 55}
2024-10-24 14:07:33,314 => Epoch 511, lr 0.00019999621943878103
2024-10-24 14:13:48,908 Train Loss: {0.0722}; IoU: {0.8667}; Prec: {0.9274}; Recall: {0.9297}; F1: {0.9286}; Sens: {0.9297}; Spec: {0.9996}; AUC: {0.9646}
2024-10-24 14:14:47,330 Valid Loss: {0.0790}; IoU: {0.8548}; Prec: {0.9212}; Recall: {0.9223}; F1: {0.9217}; Sens: {0.9223}; Spec: {0.9995}; AUC: {0.9609}
2024-10-24 14:14:47,331 current best loss 0.07708422467112541, mIoU 0.8572138547897339
2024-10-24 14:14:47,336 cost time: {'day': 1.0, 'hour': 12.0, 'minute': 22.0, 'second': 9}
2024-10-24 14:14:47,336 => Epoch 512, lr 0.000199996204714103
2024-10-24 14:21:00,924 Train Loss: {0.0722}; IoU: {0.8664}; Prec: {0.9275}; Recall: {0.9293}; F1: {0.9284}; Sens: {0.9293}; Spec: {0.9996}; AUC: {0.9644}
2024-10-24 14:21:59,271 Valid Loss: {0.0799}; IoU: {0.8530}; Prec: {0.9226}; Recall: {0.9187}; F1: {0.9206}; Sens: {0.9187}; Spec: {0.9996}; AUC: {0.9591}
2024-10-24 14:21:59,271 current best loss 0.07708422467112541, mIoU 0.8572138547897339
2024-10-24 14:21:59,276 cost time: {'day': 1.0, 'hour': 12.0, 'minute': 29.0, 'second': 21}
2024-10-24 14:21:59,276 => Epoch 513, lr 0.0001999961899608063
2024-10-24 14:28:13,836 Train Loss: {0.0724}; IoU: {0.8663}; Prec: {0.9269}; Recall: {0.9299}; F1: {0.9284}; Sens: {0.9299}; Spec: {0.9996}; AUC: {0.9647}
2024-10-24 14:29:11,936 Valid Loss: {0.0793}; IoU: {0.8544}; Prec: {0.9273}; Recall: {0.9158}; F1: {0.9215}; Sens: {0.9158}; Spec: {0.9996}; AUC: {0.9577}
2024-10-24 14:29:11,937 current best loss 0.07708422467112541, mIoU 0.8572138547897339
2024-10-24 14:29:11,941 cost time: {'day': 1.0, 'hour': 12.0, 'minute': 36.0, 'second': 34}
2024-10-24 14:29:11,941 => Epoch 514, lr 0.00019999617517889098
2024-10-24 14:35:24,055 Train Loss: {0.0724}; IoU: {0.8663}; Prec: {0.9265}; Recall: {0.9302}; F1: {0.9284}; Sens: {0.9302}; Spec: {0.9996}; AUC: {0.9649}
2024-10-24 14:36:21,871 Valid Loss: {0.0786}; IoU: {0.8551}; Prec: {0.9249}; Recall: {0.9189}; F1: {0.9219}; Sens: {0.9189}; Spec: {0.9996}; AUC: {0.9592}
2024-10-24 14:36:21,872 current best loss 0.07708422467112541, mIoU 0.8572138547897339
2024-10-24 14:36:21,877 cost time: {'day': 1.0, 'hour': 12.0, 'minute': 43.0, 'second': 43}
2024-10-24 14:36:21,877 => Epoch 515, lr 0.00019999616036835708
2024-10-24 14:42:37,221 Train Loss: {0.0726}; IoU: {0.8670}; Prec: {0.9271}; Recall: {0.9304}; F1: {0.9288}; Sens: {0.9304}; Spec: {0.9996}; AUC: {0.9650}
2024-10-24 14:43:35,035 Valid Loss: {0.0813}; IoU: {0.8507}; Prec: {0.9452}; Recall: {0.8948}; F1: {0.9193}; Sens: {0.8948}; Spec: {0.9997}; AUC: {0.9473}
2024-10-24 14:43:35,036 current best loss 0.07708422467112541, mIoU 0.8572138547897339
2024-10-24 14:43:35,040 cost time: {'day': 1.0, 'hour': 12.0, 'minute': 50.0, 'second': 57}
2024-10-24 14:43:35,040 => Epoch 516, lr 0.00019999614552920455
2024-10-24 14:49:50,557 Train Loss: {0.0723}; IoU: {0.8668}; Prec: {0.9270}; Recall: {0.9302}; F1: {0.9286}; Sens: {0.9302}; Spec: {0.9996}; AUC: {0.9649}
2024-10-24 14:50:49,334 Valid Loss: {0.0798}; IoU: {0.8533}; Prec: {0.9250}; Recall: {0.9167}; F1: {0.9208}; Sens: {0.9167}; Spec: {0.9996}; AUC: {0.9582}
2024-10-24 14:50:49,335 current best loss 0.07708422467112541, mIoU 0.8572138547897339
2024-10-24 14:50:49,339 cost time: {'day': 1.0, 'hour': 12.0, 'minute': 58.0, 'second': 11}
2024-10-24 14:50:49,339 => Epoch 517, lr 0.00019999613066143333
2024-10-24 14:57:04,892 Train Loss: {0.0723}; IoU: {0.8670}; Prec: {0.9283}; Recall: {0.9293}; F1: {0.9288}; Sens: {0.9293}; Spec: {0.9996}; AUC: {0.9644}
2024-10-24 14:58:02,974 Valid Loss: {0.0797}; IoU: {0.8534}; Prec: {0.9283}; Recall: {0.9136}; F1: {0.9209}; Sens: {0.9136}; Spec: {0.9996}; AUC: {0.9566}
2024-10-24 14:58:02,975 current best loss 0.07708422467112541, mIoU 0.8572138547897339
2024-10-24 14:58:02,979 cost time: {'day': 1.0, 'hour': 13.0, 'minute': 5.0, 'second': 25}
2024-10-24 14:58:02,979 => Epoch 518, lr 0.0001999961157650436
2024-10-24 15:04:21,142 Train Loss: {0.0725}; IoU: {0.8664}; Prec: {0.9269}; Recall: {0.9299}; F1: {0.9284}; Sens: {0.9299}; Spec: {0.9996}; AUC: {0.9647}
2024-10-24 15:05:18,611 Valid Loss: {0.0800}; IoU: {0.8530}; Prec: {0.9335}; Recall: {0.9081}; F1: {0.9207}; Sens: {0.9081}; Spec: {0.9996}; AUC: {0.9539}
2024-10-24 15:05:18,612 current best loss 0.07708422467112541, mIoU 0.8572138547897339
2024-10-24 15:05:18,617 cost time: {'day': 1.0, 'hour': 13.0, 'minute': 12.0, 'second': 40}
2024-10-24 15:05:18,617 => Epoch 519, lr 0.00019999610084003524
2024-10-24 15:11:31,540 Train Loss: {0.0720}; IoU: {0.8675}; Prec: {0.9276}; Recall: {0.9304}; F1: {0.9290}; Sens: {0.9304}; Spec: {0.9996}; AUC: {0.9650}
2024-10-24 15:12:29,125 Valid Loss: {0.0783}; IoU: {0.8558}; Prec: {0.9308}; Recall: {0.9140}; F1: {0.9223}; Sens: {0.9140}; Spec: {0.9996}; AUC: {0.9568}
2024-10-24 15:12:29,126 current best loss 0.07708422467112541, mIoU 0.8572138547897339
2024-10-24 15:12:29,130 cost time: {'day': 1.0, 'hour': 13.0, 'minute': 19.0, 'second': 51}
2024-10-24 15:12:29,131 => Epoch 520, lr 0.00019999608588640823
2024-10-24 15:18:45,512 Train Loss: {0.0724}; IoU: {0.8665}; Prec: {0.9268}; Recall: {0.9303}; F1: {0.9285}; Sens: {0.9303}; Spec: {0.9996}; AUC: {0.9649}
2024-10-24 15:19:44,691 Valid Loss: {0.0797}; IoU: {0.8534}; Prec: {0.9240}; Recall: {0.9178}; F1: {0.9209}; Sens: {0.9178}; Spec: {0.9996}; AUC: {0.9587}
2024-10-24 15:19:44,692 current best loss 0.07708422467112541, mIoU 0.8572138547897339
2024-10-24 15:19:44,695 cost time: {'day': 1.0, 'hour': 13.0, 'minute': 27.0, 'second': 6}
2024-10-24 15:19:44,696 => Epoch 521, lr 0.0001999960709041627
2024-10-24 15:26:01,435 Train Loss: {0.0722}; IoU: {0.8669}; Prec: {0.9273}; Recall: {0.9301}; F1: {0.9287}; Sens: {0.9301}; Spec: {0.9996}; AUC: {0.9649}
2024-10-24 15:27:00,515 Valid Loss: {0.0793}; IoU: {0.8541}; Prec: {0.9161}; Recall: {0.9265}; F1: {0.9213}; Sens: {0.9265}; Spec: {0.9995}; AUC: {0.9630}
2024-10-24 15:27:00,516 current best loss 0.07708422467112541, mIoU 0.8572138547897339
2024-10-24 15:27:00,520 cost time: {'day': 1.0, 'hour': 13.0, 'minute': 34.0, 'second': 22}
2024-10-24 15:27:00,520 => Epoch 522, lr 0.00019999605589329856
2024-10-24 15:33:18,468 Train Loss: {0.0722}; IoU: {0.8663}; Prec: {0.9269}; Recall: {0.9298}; F1: {0.9284}; Sens: {0.9298}; Spec: {0.9996}; AUC: {0.9647}
2024-10-24 15:34:17,663 Valid Loss: {0.0826}; IoU: {0.8484}; Prec: {0.9457}; Recall: {0.8919}; F1: {0.9180}; Sens: {0.8919}; Spec: {0.9997}; AUC: {0.9458}
2024-10-24 15:34:17,663 current best loss 0.07708422467112541, mIoU 0.8572138547897339
2024-10-24 15:34:17,667 cost time: {'day': 1.0, 'hour': 13.0, 'minute': 41.0, 'second': 39}
2024-10-24 15:34:17,668 => Epoch 523, lr 0.00019999604085381583
2024-10-24 15:40:34,116 Train Loss: {0.0718}; IoU: {0.8670}; Prec: {0.9275}; Recall: {0.9301}; F1: {0.9288}; Sens: {0.9301}; Spec: {0.9996}; AUC: {0.9648}
2024-10-24 15:41:32,929 Valid Loss: {0.0798}; IoU: {0.8533}; Prec: {0.9330}; Recall: {0.9090}; F1: {0.9209}; Sens: {0.9090}; Spec: {0.9996}; AUC: {0.9543}
2024-10-24 15:41:32,930 current best loss 0.07708422467112541, mIoU 0.8572138547897339
2024-10-24 15:41:32,934 cost time: {'day': 1.0, 'hour': 13.0, 'minute': 48.0, 'second': 55}
2024-10-24 15:41:32,934 => Epoch 524, lr 0.00019999602578571447
2024-10-24 15:47:48,649 Train Loss: {0.0718}; IoU: {0.8672}; Prec: {0.9275}; Recall: {0.9303}; F1: {0.9289}; Sens: {0.9303}; Spec: {0.9996}; AUC: {0.9649}
2024-10-24 15:48:47,246 Valid Loss: {0.0785}; IoU: {0.8552}; Prec: {0.9212}; Recall: {0.9228}; F1: {0.9220}; Sens: {0.9228}; Spec: {0.9995}; AUC: {0.9612}
2024-10-24 15:48:47,248 current best loss 0.07708422467112541, mIoU 0.8572138547897339
2024-10-24 15:48:47,252 cost time: {'day': 1.0, 'hour': 13.0, 'minute': 56.0, 'second': 9}
2024-10-24 15:48:47,252 => Epoch 525, lr 0.0001999960106889946
2024-10-24 15:55:08,767 Train Loss: {0.0723}; IoU: {0.8663}; Prec: {0.9272}; Recall: {0.9296}; F1: {0.9284}; Sens: {0.9296}; Spec: {0.9996}; AUC: {0.9646}
2024-10-24 15:56:07,791 Valid Loss: {0.0793}; IoU: {0.8540}; Prec: {0.9234}; Recall: {0.9191}; F1: {0.9212}; Sens: {0.9191}; Spec: {0.9996}; AUC: {0.9593}
2024-10-24 15:56:07,792 current best loss 0.07708422467112541, mIoU 0.8572138547897339
2024-10-24 15:56:07,797 cost time: {'day': 1.0, 'hour': 14.0, 'minute': 3.0, 'second': 29}
2024-10-24 15:56:07,797 => Epoch 526, lr 0.00019999599556365613
2024-10-24 16:02:25,707 Train Loss: {0.0731}; IoU: {0.8656}; Prec: {0.9263}; Recall: {0.9297}; F1: {0.9280}; Sens: {0.9297}; Spec: {0.9996}; AUC: {0.9646}
2024-10-24 16:03:24,459 Valid Loss: {0.0806}; IoU: {0.8518}; Prec: {0.9255}; Recall: {0.9144}; F1: {0.9199}; Sens: {0.9144}; Spec: {0.9996}; AUC: {0.9570}
2024-10-24 16:03:24,461 current best loss 0.07708422467112541, mIoU 0.8572138547897339
2024-10-24 16:03:24,464 cost time: {'day': 1.0, 'hour': 14.0, 'minute': 10.0, 'second': 46}
2024-10-24 16:03:24,465 => Epoch 527, lr 0.0001999959804096991
2024-10-24 16:09:40,315 Train Loss: {0.0725}; IoU: {0.8657}; Prec: {0.9263}; Recall: {0.9298}; F1: {0.9280}; Sens: {0.9298}; Spec: {0.9996}; AUC: {0.9647}
2024-10-24 16:10:38,599 Valid Loss: {0.0799}; IoU: {0.8531}; Prec: {0.9178}; Recall: {0.9237}; F1: {0.9208}; Sens: {0.9237}; Spec: {0.9995}; AUC: {0.9616}
2024-10-24 16:10:38,600 current best loss 0.07708422467112541, mIoU 0.8572138547897339
2024-10-24 16:10:38,604 cost time: {'day': 1.0, 'hour': 14.0, 'minute': 18.0, 'second': 0}
2024-10-24 16:10:38,605 => Epoch 528, lr 0.00019999596522712353
2024-10-24 16:17:00,054 Train Loss: {0.0720}; IoU: {0.8671}; Prec: {0.9275}; Recall: {0.9301}; F1: {0.9288}; Sens: {0.9301}; Spec: {0.9996}; AUC: {0.9648}
2024-10-24 16:17:59,072 Valid Loss: {0.0786}; IoU: {0.8552}; Prec: {0.9301}; Recall: {0.9139}; F1: {0.9219}; Sens: {0.9139}; Spec: {0.9996}; AUC: {0.9568}
2024-10-24 16:17:59,073 current best loss 0.07708422467112541, mIoU 0.8572138547897339
2024-10-24 16:17:59,077 cost time: {'day': 1.0, 'hour': 14.0, 'minute': 25.0, 'second': 21}
2024-10-24 16:17:59,077 => Epoch 529, lr 0.00019999595001592935
2024-10-24 16:24:22,921 Train Loss: {0.0722}; IoU: {0.8668}; Prec: {0.9273}; Recall: {0.9300}; F1: {0.9287}; Sens: {0.9300}; Spec: {0.9996}; AUC: {0.9648}
2024-10-24 16:25:21,330 Valid Loss: {0.0798}; IoU: {0.8531}; Prec: {0.9344}; Recall: {0.9074}; F1: {0.9207}; Sens: {0.9074}; Spec: {0.9996}; AUC: {0.9535}
2024-10-24 16:25:21,331 current best loss 0.07708422467112541, mIoU 0.8572138547897339
2024-10-24 16:25:21,335 cost time: {'day': 1.0, 'hour': 14.0, 'minute': 32.0, 'second': 43}
2024-10-24 16:25:21,336 => Epoch 530, lr 0.0001999959347761166
2024-10-24 16:31:38,932 Train Loss: {0.0719}; IoU: {0.8668}; Prec: {0.9274}; Recall: {0.9299}; F1: {0.9286}; Sens: {0.9299}; Spec: {0.9996}; AUC: {0.9647}
2024-10-24 16:32:37,084 Valid Loss: {0.0797}; IoU: {0.8533}; Prec: {0.9341}; Recall: {0.9079}; F1: {0.9208}; Sens: {0.9079}; Spec: {0.9996}; AUC: {0.9538}
2024-10-24 16:32:37,085 current best loss 0.07708422467112541, mIoU 0.8572138547897339
2024-10-24 16:32:37,089 cost time: {'day': 1.0, 'hour': 14.0, 'minute': 39.0, 'second': 59}
2024-10-24 16:32:37,090 => Epoch 531, lr 0.0001999959195076854
2024-10-24 16:38:54,116 Train Loss: {0.0729}; IoU: {0.8653}; Prec: {0.9277}; Recall: {0.9279}; F1: {0.9278}; Sens: {0.9279}; Spec: {0.9996}; AUC: {0.9638}
2024-10-24 16:39:52,439 Valid Loss: {0.0800}; IoU: {0.8525}; Prec: {0.9261}; Recall: {0.9147}; F1: {0.9204}; Sens: {0.9147}; Spec: {0.9996}; AUC: {0.9571}
2024-10-24 16:39:52,441 current best loss 0.07708422467112541, mIoU 0.8572138547897339
2024-10-24 16:39:52,445 cost time: {'day': 1.0, 'hour': 14.0, 'minute': 47.0, 'second': 14}
2024-10-24 16:39:52,446 => Epoch 532, lr 0.00019999590421063558
2024-10-24 16:46:08,994 Train Loss: {0.0730}; IoU: {0.8651}; Prec: {0.9267}; Recall: {0.9287}; F1: {0.9277}; Sens: {0.9287}; Spec: {0.9996}; AUC: {0.9641}
2024-10-24 16:47:07,019 Valid Loss: {0.0801}; IoU: {0.8526}; Prec: {0.9120}; Recall: {0.9290}; F1: {0.9204}; Sens: {0.9290}; Spec: {0.9995}; AUC: {0.9642}
2024-10-24 16:47:07,020 current best loss 0.07708422467112541, mIoU 0.8572138547897339
2024-10-24 16:47:07,024 cost time: {'day': 1.0, 'hour': 14.0, 'minute': 54.0, 'second': 29}
2024-10-24 16:47:07,024 => Epoch 533, lr 0.0001999958888849672
2024-10-24 16:53:25,766 Train Loss: {0.0724}; IoU: {0.8664}; Prec: {0.9275}; Recall: {0.9294}; F1: {0.9284}; Sens: {0.9294}; Spec: {0.9996}; AUC: {0.9645}
2024-10-24 16:54:23,351 Valid Loss: {0.0849}; IoU: {0.8442}; Prec: {0.8970}; Recall: {0.9348}; F1: {0.9155}; Sens: {0.9348}; Spec: {0.9994}; AUC: {0.9671}
2024-10-24 16:54:23,352 current best loss 0.07708422467112541, mIoU 0.8572138547897339
2024-10-24 16:54:23,356 cost time: {'day': 1.0, 'hour': 15.0, 'minute': 1.0, 'second': 45}
2024-10-24 16:54:23,357 => Epoch 534, lr 0.00019999587353068034
2024-10-24 17:00:43,159 Train Loss: {0.0719}; IoU: {0.8668}; Prec: {0.9273}; Recall: {0.9300}; F1: {0.9286}; Sens: {0.9300}; Spec: {0.9996}; AUC: {0.9648}
2024-10-24 17:01:40,754 Valid Loss: {0.0788}; IoU: {0.8546}; Prec: {0.9260}; Recall: {0.9173}; F1: {0.9216}; Sens: {0.9173}; Spec: {0.9996}; AUC: {0.9584}
2024-10-24 17:01:40,755 current best loss 0.07708422467112541, mIoU 0.8572138547897339
2024-10-24 17:01:40,759 cost time: {'day': 1.0, 'hour': 15.0, 'minute': 9.0, 'second': 2}
2024-10-24 17:01:40,760 => Epoch 535, lr 0.00019999585814777494
2024-10-24 17:07:55,547 Train Loss: {0.0718}; IoU: {0.8671}; Prec: {0.9274}; Recall: {0.9303}; F1: {0.9288}; Sens: {0.9303}; Spec: {0.9996}; AUC: {0.9650}
2024-10-24 17:08:53,622 Valid Loss: {0.0804}; IoU: {0.8521}; Prec: {0.9357}; Recall: {0.9050}; F1: {0.9201}; Sens: {0.9050}; Spec: {0.9996}; AUC: {0.9523}
2024-10-24 17:08:53,623 current best loss 0.07708422467112541, mIoU 0.8572138547897339
2024-10-24 17:08:53,628 cost time: {'day': 1.0, 'hour': 15.0, 'minute': 16.0, 'second': 15}
2024-10-24 17:08:53,628 => Epoch 536, lr 0.00019999584273625097
2024-10-24 17:15:12,980 Train Loss: {0.0720}; IoU: {0.8674}; Prec: {0.9285}; Recall: {0.9295}; F1: {0.9290}; Sens: {0.9295}; Spec: {0.9996}; AUC: {0.9645}
2024-10-24 17:16:12,591 Valid Loss: {0.0793}; IoU: {0.8540}; Prec: {0.9149}; Recall: {0.9278}; F1: {0.9213}; Sens: {0.9278}; Spec: {0.9995}; AUC: {0.9636}
2024-10-24 17:16:12,591 current best loss 0.07708422467112541, mIoU 0.8572138547897339
2024-10-24 17:16:12,595 cost time: {'day': 1.0, 'hour': 15.0, 'minute': 23.0, 'second': 34}
2024-10-24 17:16:12,596 => Epoch 537, lr 0.00019999582729610853
2024-10-24 17:22:32,646 Train Loss: {0.0719}; IoU: {0.8670}; Prec: {0.9272}; Recall: {0.9303}; F1: {0.9288}; Sens: {0.9303}; Spec: {0.9996}; AUC: {0.9649}
2024-10-24 17:23:31,523 Valid Loss: {0.0792}; IoU: {0.8541}; Prec: {0.9228}; Recall: {0.9199}; F1: {0.9213}; Sens: {0.9199}; Spec: {0.9996}; AUC: {0.9597}
2024-10-24 17:23:31,524 current best loss 0.07708422467112541, mIoU 0.8572138547897339
2024-10-24 17:23:31,528 cost time: {'day': 1.0, 'hour': 15.0, 'minute': 30.0, 'second': 53}
2024-10-24 17:23:31,528 => Epoch 538, lr 0.00019999581182734757
2024-10-24 17:29:51,767 Train Loss: {0.0720}; IoU: {0.8668}; Prec: {0.9272}; Recall: {0.9301}; F1: {0.9287}; Sens: {0.9301}; Spec: {0.9996}; AUC: {0.9649}
2024-10-24 17:30:50,675 Valid Loss: {0.0790}; IoU: {0.8547}; Prec: {0.9299}; Recall: {0.9135}; F1: {0.9216}; Sens: {0.9135}; Spec: {0.9996}; AUC: {0.9566}
2024-10-24 17:30:50,676 current best loss 0.07708422467112541, mIoU 0.8572138547897339
2024-10-24 17:30:50,681 cost time: {'day': 1.0, 'hour': 15.0, 'minute': 38.0, 'second': 12}
2024-10-24 17:30:50,681 => Epoch 539, lr 0.00019999579632996804
2024-10-24 17:37:10,306 Train Loss: {0.0725}; IoU: {0.8663}; Prec: {0.9274}; Recall: {0.9293}; F1: {0.9283}; Sens: {0.9293}; Spec: {0.9996}; AUC: {0.9644}
2024-10-24 17:38:09,157 Valid Loss: {0.0775}; IoU: {0.8571}; Prec: {0.9227}; Recall: {0.9234}; F1: {0.9230}; Sens: {0.9234}; Spec: {0.9996}; AUC: {0.9615}
2024-10-24 17:38:09,158 current best loss 0.07708422467112541, mIoU 0.8572138547897339
2024-10-24 17:38:09,162 cost time: {'day': 1.0, 'hour': 15.0, 'minute': 45.0, 'second': 31}
2024-10-24 17:38:09,162 => Epoch 540, lr 0.00019999578080397008
2024-10-24 17:44:23,750 Train Loss: {0.0721}; IoU: {0.8669}; Prec: {0.9274}; Recall: {0.9300}; F1: {0.9287}; Sens: {0.9300}; Spec: {0.9996}; AUC: {0.9648}
2024-10-24 17:45:22,284 Valid Loss: {0.0801}; IoU: {0.8527}; Prec: {0.9374}; Recall: {0.9042}; F1: {0.9205}; Sens: {0.9042}; Spec: {0.9997}; AUC: {0.9519}
2024-10-24 17:45:22,286 current best loss 0.07708422467112541, mIoU 0.8572138547897339
2024-10-24 17:45:22,289 cost time: {'day': 1.0, 'hour': 15.0, 'minute': 52.0, 'second': 44}
2024-10-24 17:45:22,290 => Epoch 541, lr 0.0001999957652493536
2024-10-24 17:51:40,820 Train Loss: {0.0717}; IoU: {0.8676}; Prec: {0.9280}; Recall: {0.9302}; F1: {0.9291}; Sens: {0.9302}; Spec: {0.9996}; AUC: {0.9649}
2024-10-24 17:52:39,769 Valid Loss: {0.0891}; IoU: {0.8368}; Prec: {0.8846}; Recall: {0.9393}; F1: {0.9111}; Sens: {0.9393}; Spec: {0.9993}; AUC: {0.9693}
2024-10-24 17:52:39,769 current best loss 0.07708422467112541, mIoU 0.8572138547897339
2024-10-24 17:52:39,774 cost time: {'day': 1.0, 'hour': 16.0, 'minute': 0.0, 'second': 1}
2024-10-24 17:52:39,774 => Epoch 542, lr 0.00019999574966611856
2024-10-24 17:58:58,315 Train Loss: {0.0719}; IoU: {0.8672}; Prec: {0.9273}; Recall: {0.9305}; F1: {0.9289}; Sens: {0.9305}; Spec: {0.9996}; AUC: {0.9651}
2024-10-24 17:59:56,264 Valid Loss: {0.0806}; IoU: {0.8516}; Prec: {0.9201}; Recall: {0.9197}; F1: {0.9199}; Sens: {0.9197}; Spec: {0.9995}; AUC: {0.9596}
2024-10-24 17:59:56,265 current best loss 0.07708422467112541, mIoU 0.8572138547897339
2024-10-24 17:59:56,269 cost time: {'day': 1.0, 'hour': 16.0, 'minute': 7.0, 'second': 18}
2024-10-24 17:59:56,269 => Epoch 543, lr 0.00019999573405426506
2024-10-24 18:06:09,357 Train Loss: {0.0718}; IoU: {0.8677}; Prec: {0.9275}; Recall: {0.9309}; F1: {0.9292}; Sens: {0.9309}; Spec: {0.9996}; AUC: {0.9652}
2024-10-24 18:07:07,155 Valid Loss: {0.0789}; IoU: {0.8546}; Prec: {0.9249}; Recall: {0.9184}; F1: {0.9216}; Sens: {0.9184}; Spec: {0.9996}; AUC: {0.9590}
2024-10-24 18:07:07,156 current best loss 0.07708422467112541, mIoU 0.8572138547897339
2024-10-24 18:07:07,160 cost time: {'day': 1.0, 'hour': 16.0, 'minute': 14.0, 'second': 29}
2024-10-24 18:07:07,160 => Epoch 544, lr 0.0001999957184137931
2024-10-24 18:13:24,150 Train Loss: {0.0718}; IoU: {0.8675}; Prec: {0.9277}; Recall: {0.9305}; F1: {0.9291}; Sens: {0.9305}; Spec: {0.9996}; AUC: {0.9650}
2024-10-24 18:14:23,074 Valid Loss: {0.0787}; IoU: {0.8550}; Prec: {0.9316}; Recall: {0.9123}; F1: {0.9218}; Sens: {0.9123}; Spec: {0.9996}; AUC: {0.9559}
2024-10-24 18:14:23,075 current best loss 0.07708422467112541, mIoU 0.8572138547897339
2024-10-24 18:14:23,079 cost time: {'day': 1.0, 'hour': 16.0, 'minute': 21.0, 'second': 45}
2024-10-24 18:14:23,079 => Epoch 545, lr 0.00019999570274470258
2024-10-24 18:20:36,734 Train Loss: {0.0722}; IoU: {0.8668}; Prec: {0.9275}; Recall: {0.9298}; F1: {0.9286}; Sens: {0.9298}; Spec: {0.9996}; AUC: {0.9647}
2024-10-24 18:21:34,284 Valid Loss: {0.0796}; IoU: {0.8535}; Prec: {0.9108}; Recall: {0.9313}; F1: {0.9210}; Sens: {0.9313}; Spec: {0.9995}; AUC: {0.9654}
2024-10-24 18:21:34,286 current best loss 0.07708422467112541, mIoU 0.8572138547897339
2024-10-24 18:21:34,290 cost time: {'day': 1.0, 'hour': 16.0, 'minute': 28.0, 'second': 56}
2024-10-24 18:21:34,290 => Epoch 546, lr 0.00019999568704699364
2024-10-24 18:27:48,690 Train Loss: {0.0722}; IoU: {0.8668}; Prec: {0.9269}; Recall: {0.9304}; F1: {0.9287}; Sens: {0.9304}; Spec: {0.9996}; AUC: {0.9650}
2024-10-24 18:28:46,641 Valid Loss: {0.0788}; IoU: {0.8548}; Prec: {0.9161}; Recall: {0.9274}; F1: {0.9217}; Sens: {0.9274}; Spec: {0.9995}; AUC: {0.9635}
2024-10-24 18:28:46,642 current best loss 0.07708422467112541, mIoU 0.8572138547897339
2024-10-24 18:28:46,646 cost time: {'day': 1.0, 'hour': 16.0, 'minute': 36.0, 'second': 8}
2024-10-24 18:28:46,647 => Epoch 547, lr 0.00019999567132066622
2024-10-24 18:35:04,297 Train Loss: {0.0715}; IoU: {0.8676}; Prec: {0.9280}; Recall: {0.9303}; F1: {0.9291}; Sens: {0.9303}; Spec: {0.9996}; AUC: {0.9649}
2024-10-24 18:36:01,957 Valid Loss: {0.0783}; IoU: {0.8557}; Prec: {0.9258}; Recall: {0.9187}; F1: {0.9222}; Sens: {0.9187}; Spec: {0.9996}; AUC: {0.9592}
2024-10-24 18:36:01,957 current best loss 0.07708422467112541, mIoU 0.8572138547897339
2024-10-24 18:36:01,962 cost time: {'day': 1.0, 'hour': 16.0, 'minute': 43.0, 'second': 24}
2024-10-24 18:36:01,962 => Epoch 548, lr 0.00019999565556572035
2024-10-24 18:42:14,869 Train Loss: {0.0719}; IoU: {0.8672}; Prec: {0.9280}; Recall: {0.9297}; F1: {0.9289}; Sens: {0.9297}; Spec: {0.9996}; AUC: {0.9647}
2024-10-24 18:43:12,704 Valid Loss: {0.0786}; IoU: {0.8554}; Prec: {0.9240}; Recall: {0.9201}; F1: {0.9221}; Sens: {0.9201}; Spec: {0.9996}; AUC: {0.9599}
2024-10-24 18:43:12,705 current best loss 0.07708422467112541, mIoU 0.8572138547897339
2024-10-24 18:43:12,710 cost time: {'day': 1.0, 'hour': 16.0, 'minute': 50.0, 'second': 34}
2024-10-24 18:43:12,710 => Epoch 549, lr 0.000199995639782156
2024-10-24 18:49:27,143 Train Loss: {0.0721}; IoU: {0.8670}; Prec: {0.9273}; Recall: {0.9303}; F1: {0.9288}; Sens: {0.9303}; Spec: {0.9996}; AUC: {0.9649}
2024-10-24 18:50:24,815 Valid Loss: {0.0793}; IoU: {0.8539}; Prec: {0.9296}; Recall: {0.9130}; F1: {0.9212}; Sens: {0.9130}; Spec: {0.9996}; AUC: {0.9563}
2024-10-24 18:50:24,816 current best loss 0.07708422467112541, mIoU 0.8572138547897339
2024-10-24 18:50:24,820 cost time: {'day': 1.0, 'hour': 16.0, 'minute': 57.0, 'second': 46}
2024-10-24 18:50:24,820 => Epoch 550, lr 0.0001999956239699732
2024-10-24 18:56:43,823 Train Loss: {0.0718}; IoU: {0.8671}; Prec: {0.9266}; Recall: {0.9311}; F1: {0.9288}; Sens: {0.9311}; Spec: {0.9996}; AUC: {0.9653}
2024-10-24 18:57:41,910 Valid Loss: {0.0812}; IoU: {0.8506}; Prec: {0.9250}; Recall: {0.9135}; F1: {0.9193}; Sens: {0.9135}; Spec: {0.9996}; AUC: {0.9566}
2024-10-24 18:58:50,501 Test Loss: {0.0809}; IoU: {0.8496}; Prec: {0.9197}; Recall: {0.9177}; F1: {0.9187}; Sens: {0.9177}; Spec: {0.9995}; AUC: {0.9586}
2024-10-24 18:58:50,502 current best loss 0.07708422467112541, mIoU 0.8572138547897339
2024-10-24 18:58:50,507 cost time: {'day': 1.0, 'hour': 17.0, 'minute': 6.0, 'second': 12}
2024-10-24 18:58:50,507 => Epoch 551, lr 0.0001999956081291719
2024-10-24 19:05:08,821 Train Loss: {0.0722}; IoU: {0.8669}; Prec: {0.9271}; Recall: {0.9304}; F1: {0.9287}; Sens: {0.9304}; Spec: {0.9996}; AUC: {0.9650}
2024-10-24 19:06:06,955 Valid Loss: {0.0784}; IoU: {0.8554}; Prec: {0.9280}; Recall: {0.9162}; F1: {0.9221}; Sens: {0.9162}; Spec: {0.9996}; AUC: {0.9579}
2024-10-24 19:06:06,956 current best loss 0.07708422467112541, mIoU 0.8572138547897339
2024-10-24 19:06:06,960 cost time: {'day': 1.0, 'hour': 17.0, 'minute': 13.0, 'second': 29}
2024-10-24 19:06:06,961 => Epoch 552, lr 0.00019999559225975216
2024-10-24 19:12:25,520 Train Loss: {0.0718}; IoU: {0.8673}; Prec: {0.9276}; Recall: {0.9303}; F1: {0.9290}; Sens: {0.9303}; Spec: {0.9996}; AUC: {0.9649}
2024-10-24 19:13:23,665 Valid Loss: {0.0785}; IoU: {0.8555}; Prec: {0.9320}; Recall: {0.9124}; F1: {0.9221}; Sens: {0.9124}; Spec: {0.9996}; AUC: {0.9560}
2024-10-24 19:13:23,666 current best loss 0.07708422467112541, mIoU 0.8572138547897339
2024-10-24 19:13:23,671 cost time: {'day': 1.0, 'hour': 17.0, 'minute': 20.0, 'second': 45}
2024-10-24 19:13:23,671 => Epoch 553, lr 0.00019999557636171404
2024-10-24 19:19:36,214 Train Loss: {0.0719}; IoU: {0.8673}; Prec: {0.9271}; Recall: {0.9308}; F1: {0.9290}; Sens: {0.9308}; Spec: {0.9996}; AUC: {0.9652}
2024-10-24 19:20:33,569 Valid Loss: {0.0788}; IoU: {0.8550}; Prec: {0.9326}; Recall: {0.9113}; F1: {0.9218}; Sens: {0.9113}; Spec: {0.9996}; AUC: {0.9555}
2024-10-24 19:20:33,570 current best loss 0.07708422467112541, mIoU 0.8572138547897339
2024-10-24 19:20:33,574 cost time: {'day': 1.0, 'hour': 17.0, 'minute': 27.0, 'second': 55}
2024-10-24 19:20:33,575 => Epoch 554, lr 0.0001999955604350574
2024-10-24 19:26:46,408 Train Loss: {0.0712}; IoU: {0.8681}; Prec: {0.9285}; Recall: {0.9302}; F1: {0.9294}; Sens: {0.9302}; Spec: {0.9996}; AUC: {0.9649}
2024-10-24 19:27:43,737 Valid Loss: {0.0796}; IoU: {0.8535}; Prec: {0.9314}; Recall: {0.9108}; F1: {0.9210}; Sens: {0.9108}; Spec: {0.9996}; AUC: {0.9552}
2024-10-24 19:27:43,738 current best loss 0.07708422467112541, mIoU 0.8572138547897339
2024-10-24 19:27:43,742 cost time: {'day': 1.0, 'hour': 17.0, 'minute': 35.0, 'second': 5}
2024-10-24 19:27:43,742 => Epoch 555, lr 0.0001999955444797824
2024-10-24 19:34:04,728 Train Loss: {0.0720}; IoU: {0.8671}; Prec: {0.9270}; Recall: {0.9306}; F1: {0.9288}; Sens: {0.9306}; Spec: {0.9996}; AUC: {0.9651}
2024-10-24 19:35:03,776 Valid Loss: {0.0791}; IoU: {0.8544}; Prec: {0.9327}; Recall: {0.9105}; F1: {0.9215}; Sens: {0.9105}; Spec: {0.9996}; AUC: {0.9551}
2024-10-24 19:35:03,777 current best loss 0.07708422467112541, mIoU 0.8572138547897339
2024-10-24 19:35:03,781 cost time: {'day': 1.0, 'hour': 17.0, 'minute': 42.0, 'second': 25}
2024-10-24 19:35:03,781 => Epoch 556, lr 0.00019999552849588894
2024-10-24 19:41:21,497 Train Loss: {0.0715}; IoU: {0.8677}; Prec: {0.9274}; Recall: {0.9309}; F1: {0.9291}; Sens: {0.9309}; Spec: {0.9996}; AUC: {0.9652}
2024-10-24 19:42:20,499 Valid Loss: {0.0783}; IoU: {0.8557}; Prec: {0.9314}; Recall: {0.9133}; F1: {0.9223}; Sens: {0.9133}; Spec: {0.9996}; AUC: {0.9564}
2024-10-24 19:42:20,500 current best loss 0.07708422467112541, mIoU 0.8572138547897339
2024-10-24 19:42:20,504 cost time: {'day': 1.0, 'hour': 17.0, 'minute': 49.0, 'second': 42}
2024-10-24 19:42:20,504 => Epoch 557, lr 0.00019999551248337696
2024-10-24 19:48:39,758 Train Loss: {0.0713}; IoU: {0.8681}; Prec: {0.9277}; Recall: {0.9311}; F1: {0.9294}; Sens: {0.9311}; Spec: {0.9996}; AUC: {0.9653}
2024-10-24 19:49:38,547 Valid Loss: {0.0786}; IoU: {0.8553}; Prec: {0.9237}; Recall: {0.9203}; F1: {0.9220}; Sens: {0.9203}; Spec: {0.9996}; AUC: {0.9599}
2024-10-24 19:49:38,548 current best loss 0.07708422467112541, mIoU 0.8572138547897339
2024-10-24 19:49:38,552 cost time: {'day': 1.0, 'hour': 17.0, 'minute': 57.0, 'second': 0}
2024-10-24 19:49:38,552 => Epoch 558, lr 0.00019999549644224673
2024-10-24 19:56:03,324 Train Loss: {0.0716}; IoU: {0.8677}; Prec: {0.9275}; Recall: {0.9309}; F1: {0.9292}; Sens: {0.9309}; Spec: {0.9996}; AUC: {0.9652}
2024-10-24 19:57:01,825 Valid Loss: {0.0783}; IoU: {0.8558}; Prec: {0.9319}; Recall: {0.9128}; F1: {0.9223}; Sens: {0.9128}; Spec: {0.9996}; AUC: {0.9562}
2024-10-24 19:57:01,827 current best loss 0.07708422467112541, mIoU 0.8572138547897339
2024-10-24 19:57:01,831 cost time: {'day': 1.0, 'hour': 18.0, 'minute': 4.0, 'second': 23}
2024-10-24 19:57:01,831 => Epoch 559, lr 0.00019999548037249792
2024-10-24 20:03:21,003 Train Loss: {0.0713}; IoU: {0.8678}; Prec: {0.9279}; Recall: {0.9305}; F1: {0.9292}; Sens: {0.9305}; Spec: {0.9996}; AUC: {0.9650}
2024-10-24 20:04:19,698 Valid Loss: {0.0792}; IoU: {0.8541}; Prec: {0.9311}; Recall: {0.9117}; F1: {0.9213}; Sens: {0.9117}; Spec: {0.9996}; AUC: {0.9557}
2024-10-24 20:04:19,700 current best loss 0.07708422467112541, mIoU 0.8572138547897339
2024-10-24 20:04:19,704 cost time: {'day': 1.0, 'hour': 18.0, 'minute': 11.0, 'second': 41}
2024-10-24 20:04:19,704 => Epoch 560, lr 0.00019999546427413076
2024-10-24 20:10:39,288 Train Loss: {0.0720}; IoU: {0.8674}; Prec: {0.9274}; Recall: {0.9306}; F1: {0.9290}; Sens: {0.9306}; Spec: {0.9996}; AUC: {0.9651}
2024-10-24 20:11:37,815 Valid Loss: {0.0788}; IoU: {0.8550}; Prec: {0.9273}; Recall: {0.9164}; F1: {0.9218}; Sens: {0.9164}; Spec: {0.9996}; AUC: {0.9580}
2024-10-24 20:11:37,816 current best loss 0.07708422467112541, mIoU 0.8572138547897339
2024-10-24 20:11:37,820 cost time: {'day': 1.0, 'hour': 18.0, 'minute': 18.0, 'second': 59}
2024-10-24 20:11:37,821 => Epoch 561, lr 0.00019999544814714522
2024-10-24 20:17:56,811 Train Loss: {0.0713}; IoU: {0.8677}; Prec: {0.9282}; Recall: {0.9302}; F1: {0.9292}; Sens: {0.9302}; Spec: {0.9996}; AUC: {0.9649}
2024-10-24 20:18:55,442 Valid Loss: {0.0791}; IoU: {0.8543}; Prec: {0.9246}; Recall: {0.9184}; F1: {0.9215}; Sens: {0.9184}; Spec: {0.9996}; AUC: {0.9590}
2024-10-24 20:18:55,443 current best loss 0.07708422467112541, mIoU 0.8572138547897339
2024-10-24 20:18:55,447 cost time: {'day': 1.0, 'hour': 18.0, 'minute': 26.0, 'second': 17}
2024-10-24 20:18:55,448 => Epoch 562, lr 0.0001999954319915412
2024-10-24 20:25:12,541 Train Loss: {0.0713}; IoU: {0.8680}; Prec: {0.9275}; Recall: {0.9311}; F1: {0.9293}; Sens: {0.9311}; Spec: {0.9996}; AUC: {0.9654}
2024-10-24 20:26:11,301 Valid Loss: {0.0808}; IoU: {0.8514}; Prec: {0.9359}; Recall: {0.9041}; F1: {0.9197}; Sens: {0.9041}; Spec: {0.9996}; AUC: {0.9519}
2024-10-24 20:26:11,302 current best loss 0.07708422467112541, mIoU 0.8572138547897339
2024-10-24 20:26:11,306 cost time: {'day': 1.0, 'hour': 18.0, 'minute': 33.0, 'second': 33}
2024-10-24 20:26:11,306 => Epoch 563, lr 0.00019999541580731885
2024-10-24 20:32:28,361 Train Loss: {0.0718}; IoU: {0.8671}; Prec: {0.9273}; Recall: {0.9303}; F1: {0.9288}; Sens: {0.9303}; Spec: {0.9996}; AUC: {0.9649}
2024-10-24 20:33:26,724 Valid Loss: {0.0798}; IoU: {0.8530}; Prec: {0.9339}; Recall: {0.9078}; F1: {0.9207}; Sens: {0.9078}; Spec: {0.9996}; AUC: {0.9537}
2024-10-24 20:33:26,725 current best loss 0.07708422467112541, mIoU 0.8572138547897339
2024-10-24 20:33:26,730 cost time: {'day': 1.0, 'hour': 18.0, 'minute': 40.0, 'second': 48}
2024-10-24 20:33:26,730 => Epoch 564, lr 0.0001999953995944781
2024-10-24 20:39:45,535 Train Loss: {0.0719}; IoU: {0.8671}; Prec: {0.9268}; Recall: {0.9309}; F1: {0.9288}; Sens: {0.9309}; Spec: {0.9996}; AUC: {0.9652}
2024-10-24 20:40:44,330 Valid Loss: {0.0782}; IoU: {0.8561}; Prec: {0.9158}; Recall: {0.9292}; F1: {0.9225}; Sens: {0.9292}; Spec: {0.9995}; AUC: {0.9643}
2024-10-24 20:40:44,331 current best loss 0.07708422467112541, mIoU 0.8572138547897339
2024-10-24 20:40:44,335 cost time: {'day': 1.0, 'hour': 18.0, 'minute': 48.0, 'second': 6}
2024-10-24 20:40:44,335 => Epoch 565, lr 0.0001999953833530189
2024-10-24 20:47:00,865 Train Loss: {0.0721}; IoU: {0.8667}; Prec: {0.9264}; Recall: {0.9308}; F1: {0.9286}; Sens: {0.9308}; Spec: {0.9996}; AUC: {0.9652}
2024-10-24 20:47:59,838 Valid Loss: {0.0797}; IoU: {0.8536}; Prec: {0.9211}; Recall: {0.9209}; F1: {0.9210}; Sens: {0.9209}; Spec: {0.9995}; AUC: {0.9602}
2024-10-24 20:47:59,839 current best loss 0.07708422467112541, mIoU 0.8572138547897339
2024-10-24 20:47:59,843 cost time: {'day': 1.0, 'hour': 18.0, 'minute': 55.0, 'second': 21}
2024-10-24 20:47:59,843 => Epoch 566, lr 0.00019999536708294142
2024-10-24 20:54:17,606 Train Loss: {0.0712}; IoU: {0.8687}; Prec: {0.9280}; Recall: {0.9314}; F1: {0.9297}; Sens: {0.9314}; Spec: {0.9996}; AUC: {0.9655}
2024-10-24 20:55:16,723 Valid Loss: {0.0791}; IoU: {0.8543}; Prec: {0.9277}; Recall: {0.9153}; F1: {0.9214}; Sens: {0.9153}; Spec: {0.9996}; AUC: {0.9574}
2024-10-24 20:55:16,725 current best loss 0.07708422467112541, mIoU 0.8572138547897339
2024-10-24 20:55:16,728 cost time: {'day': 1.0, 'hour': 19.0, 'minute': 2.0, 'second': 38}
2024-10-24 20:55:16,729 => Epoch 567, lr 0.00019999535078424552
2024-10-24 21:01:30,874 Train Loss: {0.0717}; IoU: {0.8676}; Prec: {0.9270}; Recall: {0.9311}; F1: {0.9291}; Sens: {0.9311}; Spec: {0.9996}; AUC: {0.9654}
2024-10-24 21:02:29,445 Valid Loss: {0.0786}; IoU: {0.8553}; Prec: {0.9260}; Recall: {0.9180}; F1: {0.9220}; Sens: {0.9180}; Spec: {0.9996}; AUC: {0.9588}
2024-10-24 21:02:29,446 current best loss 0.07708422467112541, mIoU 0.8572138547897339
2024-10-24 21:02:29,450 cost time: {'day': 1.0, 'hour': 19.0, 'minute': 9.0, 'second': 51}
2024-10-24 21:02:29,451 => Epoch 568, lr 0.0001999953344569312
2024-10-24 21:08:43,191 Train Loss: {0.0714}; IoU: {0.8677}; Prec: {0.9270}; Recall: {0.9313}; F1: {0.9292}; Sens: {0.9313}; Spec: {0.9996}; AUC: {0.9654}
2024-10-24 21:09:42,134 Valid Loss: {0.0817}; IoU: {0.8498}; Prec: {0.9407}; Recall: {0.8979}; F1: {0.9188}; Sens: {0.8979}; Spec: {0.9997}; AUC: {0.9488}
2024-10-24 21:09:42,135 current best loss 0.07708422467112541, mIoU 0.8572138547897339
2024-10-24 21:09:42,139 cost time: {'day': 1.0, 'hour': 19.0, 'minute': 17.0, 'second': 4}
2024-10-24 21:09:42,139 => Epoch 569, lr 0.00019999531810099862
2024-10-24 21:16:00,199 Train Loss: {0.0714}; IoU: {0.8682}; Prec: {0.9287}; Recall: {0.9303}; F1: {0.9295}; Sens: {0.9303}; Spec: {0.9996}; AUC: {0.9649}
2024-10-24 21:16:58,845 Valid Loss: {0.0795}; IoU: {0.8540}; Prec: {0.9186}; Recall: {0.9239}; F1: {0.9212}; Sens: {0.9239}; Spec: {0.9995}; AUC: {0.9617}
2024-10-24 21:16:58,846 current best loss 0.07708422467112541, mIoU 0.8572138547897339
2024-10-24 21:16:58,850 cost time: {'day': 1.0, 'hour': 19.0, 'minute': 24.0, 'second': 20}
2024-10-24 21:16:58,850 => Epoch 570, lr 0.0001999953017164476
2024-10-24 21:23:13,249 Train Loss: {0.0711}; IoU: {0.8684}; Prec: {0.9278}; Recall: {0.9312}; F1: {0.9295}; Sens: {0.9312}; Spec: {0.9996}; AUC: {0.9654}
2024-10-24 21:24:10,900 Valid Loss: {0.0789}; IoU: {0.8547}; Prec: {0.9354}; Recall: {0.9083}; F1: {0.9217}; Sens: {0.9083}; Spec: {0.9996}; AUC: {0.9540}
2024-10-24 21:24:10,901 current best loss 0.07708422467112541, mIoU 0.8572138547897339
2024-10-24 21:24:10,905 cost time: {'day': 1.0, 'hour': 19.0, 'minute': 31.0, 'second': 32}
2024-10-24 21:24:10,905 => Epoch 571, lr 0.0001999952853032782
2024-10-24 21:30:28,487 Train Loss: {0.0714}; IoU: {0.8683}; Prec: {0.9286}; Recall: {0.9303}; F1: {0.9295}; Sens: {0.9303}; Spec: {0.9996}; AUC: {0.9650}
2024-10-24 21:31:27,046 Valid Loss: {0.0795}; IoU: {0.8536}; Prec: {0.9225}; Recall: {0.9196}; F1: {0.9210}; Sens: {0.9196}; Spec: {0.9996}; AUC: {0.9596}
2024-10-24 21:31:27,047 current best loss 0.07708422467112541, mIoU 0.8572138547897339
2024-10-24 21:31:27,051 cost time: {'day': 1.0, 'hour': 19.0, 'minute': 38.0, 'second': 49}
2024-10-24 21:31:27,052 => Epoch 572, lr 0.00019999526886149048
2024-10-24 21:37:43,212 Train Loss: {0.0708}; IoU: {0.8689}; Prec: {0.9282}; Recall: {0.9315}; F1: {0.9299}; Sens: {0.9315}; Spec: {0.9996}; AUC: {0.9656}
2024-10-24 21:38:41,234 Valid Loss: {0.0801}; IoU: {0.8526}; Prec: {0.9287}; Recall: {0.9124}; F1: {0.9205}; Sens: {0.9124}; Spec: {0.9996}; AUC: {0.9560}
2024-10-24 21:38:41,235 current best loss 0.07708422467112541, mIoU 0.8572138547897339
2024-10-24 21:38:41,239 cost time: {'day': 1.0, 'hour': 19.0, 'minute': 46.0, 'second': 3}
2024-10-24 21:38:41,240 => Epoch 573, lr 0.00019999525239108442
2024-10-24 21:44:57,467 Train Loss: {0.0723}; IoU: {0.8670}; Prec: {0.9278}; Recall: {0.9298}; F1: {0.9288}; Sens: {0.9298}; Spec: {0.9996}; AUC: {0.9647}
2024-10-24 21:45:55,149 Valid Loss: {0.0819}; IoU: {0.8495}; Prec: {0.9223}; Recall: {0.9150}; F1: {0.9186}; Sens: {0.9150}; Spec: {0.9996}; AUC: {0.9573}
2024-10-24 21:45:55,150 current best loss 0.07708422467112541, mIoU 0.8572138547897339
2024-10-24 21:45:55,154 cost time: {'day': 1.0, 'hour': 19.0, 'minute': 53.0, 'second': 17}
2024-10-24 21:45:55,154 => Epoch 574, lr 0.00019999523589206
2024-10-24 21:52:08,587 Train Loss: {0.0714}; IoU: {0.8671}; Prec: {0.9271}; Recall: {0.9306}; F1: {0.9288}; Sens: {0.9306}; Spec: {0.9996}; AUC: {0.9651}
2024-10-24 21:53:06,000 Valid Loss: {0.0788}; IoU: {0.8549}; Prec: {0.9238}; Recall: {0.9198}; F1: {0.9218}; Sens: {0.9198}; Spec: {0.9996}; AUC: {0.9597}
2024-10-24 21:53:06,001 current best loss 0.07708422467112541, mIoU 0.8572138547897339
2024-10-24 21:53:06,005 cost time: {'day': 1.0, 'hour': 20.0, 'minute': 0.0, 'second': 28}
2024-10-24 21:53:06,005 => Epoch 575, lr 0.00019999521936441724
2024-10-24 21:59:21,924 Train Loss: {0.0711}; IoU: {0.8683}; Prec: {0.9284}; Recall: {0.9306}; F1: {0.9295}; Sens: {0.9306}; Spec: {0.9996}; AUC: {0.9651}
2024-10-24 22:00:19,324 Valid Loss: {0.0790}; IoU: {0.8546}; Prec: {0.9360}; Recall: {0.9077}; F1: {0.9216}; Sens: {0.9077}; Spec: {0.9996}; AUC: {0.9537}
2024-10-24 22:00:19,325 current best loss 0.07708422467112541, mIoU 0.8572138547897339
2024-10-24 22:00:19,329 cost time: {'day': 1.0, 'hour': 20.0, 'minute': 7.0, 'second': 41}
2024-10-24 22:00:19,330 => Epoch 576, lr 0.00019999520280815616
2024-10-24 22:06:31,382 Train Loss: {0.0713}; IoU: {0.8679}; Prec: {0.9284}; Recall: {0.9301}; F1: {0.9293}; Sens: {0.9301}; Spec: {0.9996}; AUC: {0.9648}
2024-10-24 22:07:28,565 Valid Loss: {0.0779}; IoU: {0.8565}; Prec: {0.9250}; Recall: {0.9204}; F1: {0.9227}; Sens: {0.9204}; Spec: {0.9996}; AUC: {0.9600}
2024-10-24 22:07:28,566 current best loss 0.07708422467112541, mIoU 0.8572138547897339
2024-10-24 22:07:28,570 cost time: {'day': 1.0, 'hour': 20.0, 'minute': 14.0, 'second': 50}
2024-10-24 22:07:28,571 => Epoch 577, lr 0.00019999518622327672
2024-10-24 22:13:42,543 Train Loss: {0.0715}; IoU: {0.8682}; Prec: {0.9289}; Recall: {0.9299}; F1: {0.9294}; Sens: {0.9299}; Spec: {0.9996}; AUC: {0.9648}
2024-10-24 22:14:40,379 Valid Loss: {0.0787}; IoU: {0.8551}; Prec: {0.9179}; Recall: {0.9259}; F1: {0.9219}; Sens: {0.9259}; Spec: {0.9995}; AUC: {0.9627}
2024-10-24 22:14:40,380 current best loss 0.07708422467112541, mIoU 0.8572138547897339
2024-10-24 22:14:40,384 cost time: {'day': 1.0, 'hour': 20.0, 'minute': 22.0, 'second': 2}
2024-10-24 22:14:40,384 => Epoch 578, lr 0.00019999516960977895
2024-10-24 22:20:52,746 Train Loss: {0.0711}; IoU: {0.8686}; Prec: {0.9284}; Recall: {0.9309}; F1: {0.9297}; Sens: {0.9309}; Spec: {0.9996}; AUC: {0.9652}
2024-10-24 22:21:50,273 Valid Loss: {0.0781}; IoU: {0.8560}; Prec: {0.9269}; Recall: {0.9180}; F1: {0.9224}; Sens: {0.9180}; Spec: {0.9996}; AUC: {0.9588}
2024-10-24 22:21:50,274 current best loss 0.07708422467112541, mIoU 0.8572138547897339
2024-10-24 22:21:50,278 cost time: {'day': 1.0, 'hour': 20.0, 'minute': 29.0, 'second': 12}
2024-10-24 22:21:50,278 => Epoch 579, lr 0.00019999515296766294
2024-10-24 22:28:04,490 Train Loss: {0.0708}; IoU: {0.8691}; Prec: {0.9283}; Recall: {0.9316}; F1: {0.9300}; Sens: {0.9316}; Spec: {0.9996}; AUC: {0.9656}
2024-10-24 22:29:02,250 Valid Loss: {0.0794}; IoU: {0.8538}; Prec: {0.9320}; Recall: {0.9105}; F1: {0.9211}; Sens: {0.9105}; Spec: {0.9996}; AUC: {0.9551}
2024-10-24 22:29:02,251 current best loss 0.07708422467112541, mIoU 0.8572138547897339
2024-10-24 22:29:02,255 cost time: {'day': 1.0, 'hour': 20.0, 'minute': 36.0, 'second': 24}
2024-10-24 22:29:02,255 => Epoch 580, lr 0.00019999513629692854
2024-10-24 22:35:15,987 Train Loss: {0.0712}; IoU: {0.8685}; Prec: {0.9274}; Recall: {0.9318}; F1: {0.9296}; Sens: {0.9318}; Spec: {0.9996}; AUC: {0.9657}
2024-10-24 22:36:13,580 Valid Loss: {0.0788}; IoU: {0.8546}; Prec: {0.9210}; Recall: {0.9222}; F1: {0.9216}; Sens: {0.9222}; Spec: {0.9995}; AUC: {0.9609}
2024-10-24 22:36:13,581 current best loss 0.07708422467112541, mIoU 0.8572138547897339
2024-10-24 22:36:13,585 cost time: {'day': 1.0, 'hour': 20.0, 'minute': 43.0, 'second': 35}
2024-10-24 22:36:13,585 => Epoch 581, lr 0.0001999951195975758
2024-10-24 22:42:26,068 Train Loss: {0.0715}; IoU: {0.8675}; Prec: {0.9279}; Recall: {0.9302}; F1: {0.9290}; Sens: {0.9302}; Spec: {0.9996}; AUC: {0.9649}
2024-10-24 22:43:24,412 Valid Loss: {0.0778}; IoU: {0.8566}; Prec: {0.9245}; Recall: {0.9210}; F1: {0.9228}; Sens: {0.9210}; Spec: {0.9996}; AUC: {0.9603}
2024-10-24 22:43:24,412 current best loss 0.07708422467112541, mIoU 0.8572138547897339
2024-10-24 22:43:24,417 cost time: {'day': 1.0, 'hour': 20.0, 'minute': 50.0, 'second': 46}
2024-10-24 22:43:24,417 => Epoch 582, lr 0.00019999510286960486
2024-10-24 22:49:38,581 Train Loss: {0.0712}; IoU: {0.8685}; Prec: {0.9280}; Recall: {0.9312}; F1: {0.9296}; Sens: {0.9312}; Spec: {0.9996}; AUC: {0.9654}
2024-10-24 22:50:36,149 Valid Loss: {0.0781}; IoU: {0.8558}; Prec: {0.9295}; Recall: {0.9151}; F1: {0.9223}; Sens: {0.9151}; Spec: {0.9996}; AUC: {0.9574}
2024-10-24 22:50:36,150 current best loss 0.07708422467112541, mIoU 0.8572138547897339
2024-10-24 22:50:36,154 cost time: {'day': 1.0, 'hour': 20.0, 'minute': 57.0, 'second': 58}
2024-10-24 22:50:36,154 => Epoch 583, lr 0.0001999950861130156
2024-10-24 22:56:54,551 Train Loss: {0.0710}; IoU: {0.8686}; Prec: {0.9279}; Recall: {0.9314}; F1: {0.9297}; Sens: {0.9314}; Spec: {0.9996}; AUC: {0.9655}
2024-10-24 22:57:52,770 Valid Loss: {0.0778}; IoU: {0.8562}; Prec: {0.9243}; Recall: {0.9207}; F1: {0.9225}; Sens: {0.9207}; Spec: {0.9996}; AUC: {0.9602}
2024-10-24 22:57:52,771 current best loss 0.07708422467112541, mIoU 0.8572138547897339
2024-10-24 22:57:52,775 cost time: {'day': 1.0, 'hour': 21.0, 'minute': 5.0, 'second': 14}
2024-10-24 22:57:52,776 => Epoch 584, lr 0.00019999506932780797
2024-10-24 23:04:11,001 Train Loss: {0.0712}; IoU: {0.8687}; Prec: {0.9287}; Recall: {0.9307}; F1: {0.9297}; Sens: {0.9307}; Spec: {0.9996}; AUC: {0.9651}
2024-10-24 23:05:09,588 Valid Loss: {0.0789}; IoU: {0.8542}; Prec: {0.9317}; Recall: {0.9112}; F1: {0.9213}; Sens: {0.9112}; Spec: {0.9996}; AUC: {0.9554}
2024-10-24 23:05:09,589 current best loss 0.07708422467112541, mIoU 0.8572138547897339
2024-10-24 23:05:09,593 cost time: {'day': 1.0, 'hour': 21.0, 'minute': 12.0, 'second': 31}
2024-10-24 23:05:09,593 => Epoch 585, lr 0.00019999505251398208
2024-10-24 23:11:33,967 Train Loss: {0.0712}; IoU: {0.8682}; Prec: {0.9274}; Recall: {0.9316}; F1: {0.9295}; Sens: {0.9316}; Spec: {0.9996}; AUC: {0.9656}
2024-10-24 23:12:31,773 Valid Loss: {0.0791}; IoU: {0.8538}; Prec: {0.9284}; Recall: {0.9139}; F1: {0.9211}; Sens: {0.9139}; Spec: {0.9996}; AUC: {0.9567}
2024-10-24 23:12:31,774 current best loss 0.07708422467112541, mIoU 0.8572138547897339
2024-10-24 23:12:31,778 cost time: {'day': 1.0, 'hour': 21.0, 'minute': 19.0, 'second': 53}
2024-10-24 23:12:31,778 => Epoch 586, lr 0.00019999503567153797
2024-10-24 23:18:57,006 Train Loss: {0.0709}; IoU: {0.8690}; Prec: {0.9280}; Recall: {0.9318}; F1: {0.9299}; Sens: {0.9318}; Spec: {0.9996}; AUC: {0.9657}
2024-10-24 23:19:55,270 Valid Loss: {0.0796}; IoU: {0.8532}; Prec: {0.9303}; Recall: {0.9115}; F1: {0.9208}; Sens: {0.9115}; Spec: {0.9996}; AUC: {0.9556}
2024-10-24 23:19:55,271 current best loss 0.07708422467112541, mIoU 0.8572138547897339
2024-10-24 23:19:55,275 cost time: {'day': 1.0, 'hour': 21.0, 'minute': 27.0, 'second': 17}
2024-10-24 23:19:55,275 => Epoch 587, lr 0.0001999950188004755
2024-10-24 23:26:16,790 Train Loss: {0.0713}; IoU: {0.8684}; Prec: {0.9280}; Recall: {0.9311}; F1: {0.9296}; Sens: {0.9311}; Spec: {0.9996}; AUC: {0.9653}
2024-10-24 23:27:14,729 Valid Loss: {0.0814}; IoU: {0.8501}; Prec: {0.9361}; Recall: {0.9026}; F1: {0.9190}; Sens: {0.9026}; Spec: {0.9996}; AUC: {0.9511}
2024-10-24 23:27:14,731 current best loss 0.07708422467112541, mIoU 0.8572138547897339
2024-10-24 23:27:14,735 cost time: {'day': 1.0, 'hour': 21.0, 'minute': 34.0, 'second': 36}
2024-10-24 23:27:14,735 => Epoch 588, lr 0.00019999500190079477
2024-10-24 23:33:34,177 Train Loss: {0.0708}; IoU: {0.8692}; Prec: {0.9286}; Recall: {0.9314}; F1: {0.9300}; Sens: {0.9314}; Spec: {0.9996}; AUC: {0.9655}
2024-10-24 23:34:33,085 Valid Loss: {0.0795}; IoU: {0.8531}; Prec: {0.9149}; Recall: {0.9266}; F1: {0.9207}; Sens: {0.9266}; Spec: {0.9995}; AUC: {0.9630}
2024-10-24 23:34:33,086 current best loss 0.07708422467112541, mIoU 0.8572138547897339
2024-10-24 23:34:33,091 cost time: {'day': 1.0, 'hour': 21.0, 'minute': 41.0, 'second': 55}
2024-10-24 23:34:33,091 => Epoch 589, lr 0.00019999498497249581
2024-10-24 23:40:52,938 Train Loss: {0.0711}; IoU: {0.8690}; Prec: {0.9282}; Recall: {0.9317}; F1: {0.9299}; Sens: {0.9317}; Spec: {0.9996}; AUC: {0.9656}
2024-10-24 23:41:51,386 Valid Loss: {0.0786}; IoU: {0.8550}; Prec: {0.9197}; Recall: {0.9239}; F1: {0.9218}; Sens: {0.9239}; Spec: {0.9995}; AUC: {0.9617}
2024-10-24 23:41:51,387 current best loss 0.07708422467112541, mIoU 0.8572138547897339
2024-10-24 23:41:51,391 cost time: {'day': 1.0, 'hour': 21.0, 'minute': 49.0, 'second': 13}
2024-10-24 23:41:51,392 => Epoch 590, lr 0.0001999949680155786
2024-10-24 23:48:12,132 Train Loss: {0.0709}; IoU: {0.8691}; Prec: {0.9276}; Recall: {0.9323}; F1: {0.9299}; Sens: {0.9323}; Spec: {0.9996}; AUC: {0.9659}
2024-10-24 23:49:10,574 Valid Loss: {0.0781}; IoU: {0.8561}; Prec: {0.9208}; Recall: {0.9241}; F1: {0.9225}; Sens: {0.9241}; Spec: {0.9995}; AUC: {0.9618}
2024-10-24 23:49:10,575 current best loss 0.07708422467112541, mIoU 0.8572138547897339
2024-10-24 23:49:10,579 cost time: {'day': 1.0, 'hour': 21.0, 'minute': 56.0, 'second': 32}
2024-10-24 23:49:10,579 => Epoch 591, lr 0.00019999495103004304
2024-10-24 23:55:29,571 Train Loss: {0.0712}; IoU: {0.8692}; Prec: {0.9279}; Recall: {0.9321}; F1: {0.9300}; Sens: {0.9321}; Spec: {0.9996}; AUC: {0.9659}
2024-10-24 23:56:27,217 Valid Loss: {0.0795}; IoU: {0.8535}; Prec: {0.9236}; Recall: {0.9184}; F1: {0.9210}; Sens: {0.9184}; Spec: {0.9996}; AUC: {0.9590}
2024-10-24 23:56:27,218 current best loss 0.07708422467112541, mIoU 0.8572138547897339
2024-10-24 23:56:27,222 cost time: {'day': 1.0, 'hour': 22.0, 'minute': 3.0, 'second': 49}
2024-10-24 23:56:27,223 => Epoch 592, lr 0.00019999493401588934
2024-10-25 00:02:46,529 Train Loss: {0.0712}; IoU: {0.8687}; Prec: {0.9289}; Recall: {0.9306}; F1: {0.9297}; Sens: {0.9306}; Spec: {0.9996}; AUC: {0.9651}
2024-10-25 00:03:44,288 Valid Loss: {0.0783}; IoU: {0.8555}; Prec: {0.9260}; Recall: {0.9183}; F1: {0.9221}; Sens: {0.9183}; Spec: {0.9996}; AUC: {0.9589}
2024-10-25 00:03:44,289 current best loss 0.07708422467112541, mIoU 0.8572138547897339
2024-10-25 00:03:44,293 cost time: {'day': 1.0, 'hour': 22.0, 'minute': 11.0, 'second': 6}
2024-10-25 00:03:44,294 => Epoch 593, lr 0.00019999491697311736
2024-10-25 00:10:03,241 Train Loss: {0.0709}; IoU: {0.8689}; Prec: {0.9292}; Recall: {0.9304}; F1: {0.9298}; Sens: {0.9304}; Spec: {0.9996}; AUC: {0.9650}
2024-10-25 00:11:01,293 Valid Loss: {0.0784}; IoU: {0.8556}; Prec: {0.9223}; Recall: {0.9220}; F1: {0.9222}; Sens: {0.9220}; Spec: {0.9996}; AUC: {0.9608}
2024-10-25 00:11:01,295 current best loss 0.07708422467112541, mIoU 0.8572138547897339
2024-10-25 00:11:01,299 cost time: {'day': 1.0, 'hour': 22.0, 'minute': 18.0, 'second': 23}
2024-10-25 00:11:01,299 => Epoch 594, lr 0.0001999948999017271
2024-10-25 00:17:21,035 Train Loss: {0.0709}; IoU: {0.8693}; Prec: {0.9295}; Recall: {0.9307}; F1: {0.9301}; Sens: {0.9307}; Spec: {0.9996}; AUC: {0.9651}
2024-10-25 00:18:19,197 Valid Loss: {0.0784}; IoU: {0.8556}; Prec: {0.9224}; Recall: {0.9220}; F1: {0.9222}; Sens: {0.9220}; Spec: {0.9996}; AUC: {0.9608}
2024-10-25 00:18:19,198 current best loss 0.07708422467112541, mIoU 0.8572138547897339
2024-10-25 00:18:19,202 cost time: {'day': 1.0, 'hour': 22.0, 'minute': 25.0, 'second': 41}
2024-10-25 00:18:19,203 => Epoch 595, lr 0.00019999488280171863
2024-10-25 00:24:42,224 Train Loss: {0.0712}; IoU: {0.8688}; Prec: {0.9277}; Recall: {0.9319}; F1: {0.9298}; Sens: {0.9319}; Spec: {0.9996}; AUC: {0.9657}
2024-10-25 00:25:41,137 Valid Loss: {0.0792}; IoU: {0.8539}; Prec: {0.9213}; Recall: {0.9212}; F1: {0.9212}; Sens: {0.9212}; Spec: {0.9995}; AUC: {0.9604}
2024-10-25 00:25:41,138 current best loss 0.07708422467112541, mIoU 0.8572138547897339
2024-10-25 00:25:41,143 cost time: {'day': 1.0, 'hour': 22.0, 'minute': 33.0, 'second': 3}
2024-10-25 00:25:41,143 => Epoch 596, lr 0.00019999486567309188
2024-10-25 00:32:01,687 Train Loss: {0.0705}; IoU: {0.8696}; Prec: {0.9292}; Recall: {0.9313}; F1: {0.9302}; Sens: {0.9313}; Spec: {0.9996}; AUC: {0.9655}
2024-10-25 00:33:00,647 Valid Loss: {0.0785}; IoU: {0.8552}; Prec: {0.9308}; Recall: {0.9133}; F1: {0.9220}; Sens: {0.9133}; Spec: {0.9996}; AUC: {0.9565}
2024-10-25 00:33:00,649 current best loss 0.07708422467112541, mIoU 0.8572138547897339
2024-10-25 00:33:00,653 cost time: {'day': 1.0, 'hour': 22.0, 'minute': 40.0, 'second': 22}
2024-10-25 00:33:00,654 => Epoch 597, lr 0.000199994848515847
2024-10-25 00:39:20,426 Train Loss: {0.0709}; IoU: {0.8686}; Prec: {0.9277}; Recall: {0.9316}; F1: {0.9297}; Sens: {0.9316}; Spec: {0.9996}; AUC: {0.9656}
2024-10-25 00:40:18,835 Valid Loss: {0.0797}; IoU: {0.8531}; Prec: {0.9321}; Recall: {0.9096}; F1: {0.9207}; Sens: {0.9096}; Spec: {0.9996}; AUC: {0.9546}
2024-10-25 00:40:18,836 current best loss 0.07708422467112541, mIoU 0.8572138547897339
2024-10-25 00:40:18,840 cost time: {'day': 1.0, 'hour': 22.0, 'minute': 47.0, 'second': 40}
2024-10-25 00:40:18,840 => Epoch 598, lr 0.0001999948313299838
2024-10-25 00:46:38,390 Train Loss: {0.0711}; IoU: {0.8689}; Prec: {0.9283}; Recall: {0.9314}; F1: {0.9298}; Sens: {0.9314}; Spec: {0.9996}; AUC: {0.9655}
2024-10-25 00:47:36,844 Valid Loss: {0.0798}; IoU: {0.8533}; Prec: {0.9140}; Recall: {0.9278}; F1: {0.9208}; Sens: {0.9278}; Spec: {0.9995}; AUC: {0.9636}
2024-10-25 00:47:36,845 current best loss 0.07708422467112541, mIoU 0.8572138547897339
2024-10-25 00:47:36,850 cost time: {'day': 1.0, 'hour': 22.0, 'minute': 54.0, 'second': 58}
2024-10-25 00:47:36,850 => Epoch 599, lr 0.0001999948141155024
2024-10-25 00:54:00,231 Train Loss: {0.0708}; IoU: {0.8693}; Prec: {0.9291}; Recall: {0.9311}; F1: {0.9301}; Sens: {0.9311}; Spec: {0.9996}; AUC: {0.9653}
2024-10-25 00:54:59,737 Valid Loss: {0.0806}; IoU: {0.8513}; Prec: {0.9250}; Recall: {0.9144}; F1: {0.9197}; Sens: {0.9144}; Spec: {0.9996}; AUC: {0.9570}
2024-10-25 00:54:59,739 current best loss 0.07708422467112541, mIoU 0.8572138547897339
2024-10-25 00:54:59,742 cost time: {'day': 1.0, 'hour': 23.0, 'minute': 2.0, 'second': 21}
2024-10-25 00:54:59,743 => Epoch 600, lr 0.00019999479687240286
2024-10-25 01:01:23,980 Train Loss: {0.0708}; IoU: {0.8697}; Prec: {0.9292}; Recall: {0.9313}; F1: {0.9303}; Sens: {0.9313}; Spec: {0.9996}; AUC: {0.9655}
2024-10-25 01:02:23,441 Valid Loss: {0.0806}; IoU: {0.8520}; Prec: {0.9054}; Recall: {0.9352}; F1: {0.9201}; Sens: {0.9352}; Spec: {0.9994}; AUC: {0.9673}
2024-10-25 01:03:33,752 Test Loss: {0.0809}; IoU: {0.8509}; Prec: {0.9035}; Recall: {0.9359}; F1: {0.9194}; Sens: {0.9359}; Spec: {0.9994}; AUC: {0.9677}
2024-10-25 01:03:33,754 current best loss 0.07708422467112541, mIoU 0.8572138547897339
2024-10-25 01:03:33,758 cost time: {'day': 1.0, 'hour': 23.0, 'minute': 10.0, 'second': 55}
2024-10-25 01:03:33,759 => Epoch 601, lr 0.00019999477960068508
2024-10-25 01:09:57,781 Train Loss: {0.0705}; IoU: {0.8693}; Prec: {0.9288}; Recall: {0.9314}; F1: {0.9301}; Sens: {0.9314}; Spec: {0.9996}; AUC: {0.9655}
2024-10-25 01:10:56,268 Valid Loss: {0.0793}; IoU: {0.8538}; Prec: {0.9318}; Recall: {0.9108}; F1: {0.9211}; Sens: {0.9108}; Spec: {0.9996}; AUC: {0.9552}
2024-10-25 01:10:56,269 current best loss 0.07708422467112541, mIoU 0.8572138547897339
2024-10-25 01:10:56,274 cost time: {'day': 1.0, 'hour': 23.0, 'minute': 18.0, 'second': 18}
2024-10-25 01:10:56,275 => Epoch 602, lr 0.00019999476230034906
2024-10-25 01:17:19,593 Train Loss: {0.0711}; IoU: {0.8684}; Prec: {0.9285}; Recall: {0.9307}; F1: {0.9296}; Sens: {0.9307}; Spec: {0.9996}; AUC: {0.9651}
2024-10-25 01:18:18,248 Valid Loss: {0.0782}; IoU: {0.8560}; Prec: {0.9228}; Recall: {0.9220}; F1: {0.9224}; Sens: {0.9220}; Spec: {0.9996}; AUC: {0.9608}
2024-10-25 01:18:18,249 current best loss 0.07708422467112541, mIoU 0.8572138547897339
2024-10-25 01:18:18,254 cost time: {'day': 1.0, 'hour': 23.0, 'minute': 25.0, 'second': 40}
2024-10-25 01:18:18,254 => Epoch 603, lr 0.00019999474497139487
2024-10-25 01:24:45,743 Train Loss: {0.0710}; IoU: {0.8687}; Prec: {0.9277}; Recall: {0.9317}; F1: {0.9297}; Sens: {0.9317}; Spec: {0.9996}; AUC: {0.9656}
2024-10-25 01:25:44,993 Valid Loss: {0.0783}; IoU: {0.8553}; Prec: {0.9276}; Recall: {0.9165}; F1: {0.9220}; Sens: {0.9165}; Spec: {0.9996}; AUC: {0.9580}
2024-10-25 01:25:44,995 current best loss 0.07708422467112541, mIoU 0.8572138547897339
2024-10-25 01:25:44,999 cost time: {'day': 1.0, 'hour': 23.0, 'minute': 33.0, 'second': 7}
2024-10-25 01:25:44,999 => Epoch 604, lr 0.0001999947276138225
2024-10-25 01:32:12,678 Train Loss: {0.0709}; IoU: {0.8684}; Prec: {0.9290}; Recall: {0.9301}; F1: {0.9295}; Sens: {0.9301}; Spec: {0.9996}; AUC: {0.9648}
2024-10-25 01:33:12,013 Valid Loss: {0.0819}; IoU: {0.8496}; Prec: {0.9059}; Recall: {0.9318}; F1: {0.9187}; Sens: {0.9318}; Spec: {0.9994}; AUC: {0.9656}
2024-10-25 01:33:12,015 current best loss 0.07708422467112541, mIoU 0.8572138547897339
2024-10-25 01:33:12,019 cost time: {'day': 1.0, 'hour': 23.0, 'minute': 40.0, 'second': 34}
2024-10-25 01:33:12,019 => Epoch 605, lr 0.00019999471022763196
2024-10-25 01:39:35,403 Train Loss: {0.0708}; IoU: {0.8688}; Prec: {0.9284}; Recall: {0.9313}; F1: {0.9298}; Sens: {0.9313}; Spec: {0.9996}; AUC: {0.9654}
2024-10-25 01:40:33,632 Valid Loss: {0.0787}; IoU: {0.8550}; Prec: {0.9239}; Recall: {0.9197}; F1: {0.9218}; Sens: {0.9197}; Spec: {0.9996}; AUC: {0.9597}
2024-10-25 01:40:33,633 current best loss 0.07708422467112541, mIoU 0.8572138547897339
2024-10-25 01:40:33,637 cost time: {'day': 1.0, 'hour': 23.0, 'minute': 47.0, 'second': 55}
2024-10-25 01:40:33,637 => Epoch 606, lr 0.0001999946928128232
2024-10-25 01:46:52,261 Train Loss: {0.0705}; IoU: {0.8693}; Prec: {0.9284}; Recall: {0.9317}; F1: {0.9301}; Sens: {0.9317}; Spec: {0.9996}; AUC: {0.9656}
2024-10-25 01:47:49,975 Valid Loss: {0.0793}; IoU: {0.8539}; Prec: {0.9255}; Recall: {0.9170}; F1: {0.9212}; Sens: {0.9170}; Spec: {0.9996}; AUC: {0.9583}
2024-10-25 01:47:49,977 current best loss 0.07708422467112541, mIoU 0.8572138547897339
2024-10-25 01:47:49,981 cost time: {'day': 1.0, 'hour': 23.0, 'minute': 55.0, 'second': 12}
2024-10-25 01:47:49,981 => Epoch 607, lr 0.00019999467536939628
2024-10-25 01:54:06,156 Train Loss: {0.0714}; IoU: {0.8682}; Prec: {0.9288}; Recall: {0.9302}; F1: {0.9295}; Sens: {0.9302}; Spec: {0.9996}; AUC: {0.9649}
2024-10-25 01:55:03,907 Valid Loss: {0.0782}; IoU: {0.8558}; Prec: {0.9273}; Recall: {0.9174}; F1: {0.9223}; Sens: {0.9174}; Spec: {0.9996}; AUC: {0.9585}
2024-10-25 01:55:03,908 current best loss 0.07708422467112541, mIoU 0.8572138547897339
2024-10-25 01:55:03,913 cost time: {'day': 2.0, 'hour': 0.0, 'minute': 2.0, 'second': 25}
2024-10-25 01:55:03,913 => Epoch 608, lr 0.0001999946578973512
2024-10-25 02:01:22,621 Train Loss: {0.0705}; IoU: {0.8694}; Prec: {0.9296}; Recall: {0.9308}; F1: {0.9302}; Sens: {0.9308}; Spec: {0.9996}; AUC: {0.9652}
2024-10-25 02:02:20,312 Valid Loss: {0.0793}; IoU: {0.8537}; Prec: {0.9140}; Recall: {0.9283}; F1: {0.9211}; Sens: {0.9283}; Spec: {0.9995}; AUC: {0.9639}
2024-10-25 02:02:20,313 current best loss 0.07708422467112541, mIoU 0.8572138547897339
2024-10-25 02:02:20,317 cost time: {'day': 2.0, 'hour': 0.0, 'minute': 9.0, 'second': 42}
2024-10-25 02:02:20,317 => Epoch 609, lr 0.00019999464039668796
2024-10-25 02:08:39,311 Train Loss: {0.0710}; IoU: {0.8690}; Prec: {0.9286}; Recall: {0.9312}; F1: {0.9299}; Sens: {0.9312}; Spec: {0.9996}; AUC: {0.9654}
2024-10-25 02:09:37,650 Valid Loss: {0.0777}; IoU: {0.8568}; Prec: {0.9210}; Recall: {0.9247}; F1: {0.9229}; Sens: {0.9247}; Spec: {0.9995}; AUC: {0.9621}
2024-10-25 02:09:37,651 current best loss 0.07708422467112541, mIoU 0.8572138547897339
2024-10-25 02:09:37,655 cost time: {'day': 2.0, 'hour': 0.0, 'minute': 16.0, 'second': 59}
2024-10-25 02:09:37,656 => Epoch 610, lr 0.00019999462286740652
2024-10-25 02:15:59,983 Train Loss: {0.0708}; IoU: {0.8692}; Prec: {0.9278}; Recall: {0.9323}; F1: {0.9300}; Sens: {0.9323}; Spec: {0.9996}; AUC: {0.9659}
2024-10-25 02:16:58,295 Valid Loss: {0.0802}; IoU: {0.8523}; Prec: {0.9272}; Recall: {0.9134}; F1: {0.9202}; Sens: {0.9134}; Spec: {0.9996}; AUC: {0.9565}
2024-10-25 02:16:58,296 current best loss 0.07708422467112541, mIoU 0.8572138547897339
2024-10-25 02:16:58,300 cost time: {'day': 2.0, 'hour': 0.0, 'minute': 24.0, 'second': 20}
2024-10-25 02:16:58,300 => Epoch 611, lr 0.00019999460530950697
2024-10-25 02:23:20,202 Train Loss: {0.0706}; IoU: {0.8698}; Prec: {0.9293}; Recall: {0.9314}; F1: {0.9303}; Sens: {0.9314}; Spec: {0.9996}; AUC: {0.9655}
2024-10-25 02:24:18,472 Valid Loss: {0.0794}; IoU: {0.8536}; Prec: {0.9171}; Recall: {0.9249}; F1: {0.9210}; Sens: {0.9249}; Spec: {0.9995}; AUC: {0.9622}
2024-10-25 02:24:18,473 current best loss 0.07708422467112541, mIoU 0.8572138547897339
2024-10-25 02:24:18,477 cost time: {'day': 2.0, 'hour': 0.0, 'minute': 31.0, 'second': 40}
2024-10-25 02:24:18,477 => Epoch 612, lr 0.00019999458772298917
2024-10-25 02:30:40,612 Train Loss: {0.0704}; IoU: {0.8697}; Prec: {0.9294}; Recall: {0.9313}; F1: {0.9303}; Sens: {0.9313}; Spec: {0.9996}; AUC: {0.9654}
2024-10-25 02:31:38,983 Valid Loss: {0.0803}; IoU: {0.8520}; Prec: {0.9372}; Recall: {0.9036}; F1: {0.9201}; Sens: {0.9036}; Spec: {0.9997}; AUC: {0.9516}
2024-10-25 02:31:38,983 current best loss 0.07708422467112541, mIoU 0.8572138547897339
2024-10-25 02:31:38,988 cost time: {'day': 2.0, 'hour': 0.0, 'minute': 39.0, 'second': 1}
2024-10-25 02:31:38,989 => Epoch 613, lr 0.0001999945701078534
2024-10-25 02:38:01,362 Train Loss: {0.0706}; IoU: {0.8694}; Prec: {0.9285}; Recall: {0.9317}; F1: {0.9301}; Sens: {0.9317}; Spec: {0.9996}; AUC: {0.9657}
2024-10-25 02:38:59,733 Valid Loss: {0.0787}; IoU: {0.8548}; Prec: {0.9237}; Recall: {0.9197}; F1: {0.9217}; Sens: {0.9197}; Spec: {0.9996}; AUC: {0.9596}
2024-10-25 02:38:59,734 current best loss 0.07708422467112541, mIoU 0.8572138547897339
2024-10-25 02:38:59,738 cost time: {'day': 2.0, 'hour': 0.0, 'minute': 46.0, 'second': 21}
2024-10-25 02:38:59,739 => Epoch 614, lr 0.00019999455246409937
2024-10-25 02:45:28,205 Train Loss: {0.0705}; IoU: {0.8696}; Prec: {0.9290}; Recall: {0.9315}; F1: {0.9302}; Sens: {0.9315}; Spec: {0.9996}; AUC: {0.9655}
2024-10-25 02:46:27,455 Valid Loss: {0.0787}; IoU: {0.8550}; Prec: {0.9303}; Recall: {0.9135}; F1: {0.9218}; Sens: {0.9135}; Spec: {0.9996}; AUC: {0.9566}
2024-10-25 02:46:27,456 current best loss 0.07708422467112541, mIoU 0.8572138547897339
2024-10-25 02:46:27,461 cost time: {'day': 2.0, 'hour': 0.0, 'minute': 53.0, 'second': 49}
2024-10-25 02:46:27,461 => Epoch 615, lr 0.00019999453479172728
2024-10-25 02:52:51,210 Train Loss: {0.0708}; IoU: {0.8701}; Prec: {0.9293}; Recall: {0.9318}; F1: {0.9305}; Sens: {0.9318}; Spec: {0.9996}; AUC: {0.9657}
2024-10-25 02:53:49,292 Valid Loss: {0.0798}; IoU: {0.8529}; Prec: {0.9324}; Recall: {0.9091}; F1: {0.9206}; Sens: {0.9091}; Spec: {0.9996}; AUC: {0.9544}
2024-10-25 02:53:49,292 current best loss 0.07708422467112541, mIoU 0.8572138547897339
2024-10-25 02:53:49,298 cost time: {'day': 2.0, 'hour': 1.0, 'minute': 1.0, 'second': 11}
2024-10-25 02:53:49,298 => Epoch 616, lr 0.000199994517090737
2024-10-25 03:00:11,071 Train Loss: {0.0713}; IoU: {0.8682}; Prec: {0.9284}; Recall: {0.9304}; F1: {0.9294}; Sens: {0.9304}; Spec: {0.9996}; AUC: {0.9650}
2024-10-25 03:01:09,381 Valid Loss: {0.0795}; IoU: {0.8533}; Prec: {0.9230}; Recall: {0.9187}; F1: {0.9208}; Sens: {0.9187}; Spec: {0.9996}; AUC: {0.9591}
2024-10-25 03:01:09,382 current best loss 0.07708422467112541, mIoU 0.8572138547897339
2024-10-25 03:01:09,386 cost time: {'day': 2.0, 'hour': 1.0, 'minute': 8.0, 'second': 31}
2024-10-25 03:01:09,386 => Epoch 617, lr 0.0001999944993611286
2024-10-25 03:07:34,183 Train Loss: {0.0707}; IoU: {0.8692}; Prec: {0.9285}; Recall: {0.9315}; F1: {0.9300}; Sens: {0.9315}; Spec: {0.9996}; AUC: {0.9656}
2024-10-25 03:08:32,510 Valid Loss: {0.0800}; IoU: {0.8525}; Prec: {0.9296}; Recall: {0.9113}; F1: {0.9204}; Sens: {0.9113}; Spec: {0.9996}; AUC: {0.9555}
2024-10-25 03:08:32,511 current best loss 0.07708422467112541, mIoU 0.8572138547897339
2024-10-25 03:08:32,515 cost time: {'day': 2.0, 'hour': 1.0, 'minute': 15.0, 'second': 54}
2024-10-25 03:08:32,515 => Epoch 618, lr 0.00019999448160290214
2024-10-25 03:14:59,925 Train Loss: {0.0705}; IoU: {0.8701}; Prec: {0.9299}; Recall: {0.9312}; F1: {0.9305}; Sens: {0.9312}; Spec: {0.9996}; AUC: {0.9654}
2024-10-25 03:15:58,943 Valid Loss: {0.0789}; IoU: {0.8545}; Prec: {0.9255}; Recall: {0.9176}; F1: {0.9216}; Sens: {0.9176}; Spec: {0.9996}; AUC: {0.9586}
2024-10-25 03:15:58,944 current best loss 0.07708422467112541, mIoU 0.8572138547897339
2024-10-25 03:15:58,948 cost time: {'day': 2.0, 'hour': 1.0, 'minute': 23.0, 'second': 21}
2024-10-25 03:15:58,948 => Epoch 619, lr 0.0001999944638160575
2024-10-25 03:22:20,841 Train Loss: {0.0699}; IoU: {0.8702}; Prec: {0.9281}; Recall: {0.9331}; F1: {0.9306}; Sens: {0.9331}; Spec: {0.9996}; AUC: {0.9663}
2024-10-25 03:23:19,864 Valid Loss: {0.0798}; IoU: {0.8529}; Prec: {0.9344}; Recall: {0.9073}; F1: {0.9206}; Sens: {0.9073}; Spec: {0.9996}; AUC: {0.9535}
2024-10-25 03:23:19,865 current best loss 0.07708422467112541, mIoU 0.8572138547897339
2024-10-25 03:23:19,868 cost time: {'day': 2.0, 'hour': 1.0, 'minute': 30.0, 'second': 41}
2024-10-25 03:23:19,869 => Epoch 620, lr 0.00019999444600059482
2024-10-25 03:29:41,486 Train Loss: {0.0704}; IoU: {0.8698}; Prec: {0.9293}; Recall: {0.9314}; F1: {0.9304}; Sens: {0.9314}; Spec: {0.9996}; AUC: {0.9655}
2024-10-25 03:30:40,609 Valid Loss: {0.0785}; IoU: {0.8553}; Prec: {0.9278}; Recall: {0.9163}; F1: {0.9220}; Sens: {0.9163}; Spec: {0.9996}; AUC: {0.9580}
2024-10-25 03:30:40,611 current best loss 0.07708422467112541, mIoU 0.8572138547897339
2024-10-25 03:30:40,614 cost time: {'day': 2.0, 'hour': 1.0, 'minute': 38.0, 'second': 2}
2024-10-25 03:30:40,615 => Epoch 621, lr 0.00019999442815651396
2024-10-25 03:36:58,591 Train Loss: {0.0705}; IoU: {0.8691}; Prec: {0.9288}; Recall: {0.9312}; F1: {0.9300}; Sens: {0.9312}; Spec: {0.9996}; AUC: {0.9654}
2024-10-25 03:37:57,696 Valid Loss: {0.0792}; IoU: {0.8542}; Prec: {0.9304}; Recall: {0.9125}; F1: {0.9213}; Sens: {0.9125}; Spec: {0.9996}; AUC: {0.9561}
2024-10-25 03:37:57,697 current best loss 0.07708422467112541, mIoU 0.8572138547897339
2024-10-25 03:37:57,701 cost time: {'day': 2.0, 'hour': 1.0, 'minute': 45.0, 'second': 19}
2024-10-25 03:37:57,701 => Epoch 622, lr 0.00019999441028381508
2024-10-25 03:44:14,850 Train Loss: {0.0702}; IoU: {0.8697}; Prec: {0.9289}; Recall: {0.9317}; F1: {0.9303}; Sens: {0.9317}; Spec: {0.9996}; AUC: {0.9657}
2024-10-25 03:45:13,296 Valid Loss: {0.0791}; IoU: {0.8545}; Prec: {0.9339}; Recall: {0.9095}; F1: {0.9216}; Sens: {0.9095}; Spec: {0.9996}; AUC: {0.9546}
2024-10-25 03:45:13,296 current best loss 0.07708422467112541, mIoU 0.8572138547897339
2024-10-25 03:45:13,301 cost time: {'day': 2.0, 'hour': 1.0, 'minute': 52.0, 'second': 35}
2024-10-25 03:45:13,302 => Epoch 623, lr 0.00019999439238249804
2024-10-25 03:51:31,936 Train Loss: {0.0703}; IoU: {0.8700}; Prec: {0.9290}; Recall: {0.9320}; F1: {0.9305}; Sens: {0.9320}; Spec: {0.9996}; AUC: {0.9658}
2024-10-25 03:52:30,615 Valid Loss: {0.0790}; IoU: {0.8545}; Prec: {0.9122}; Recall: {0.9311}; F1: {0.9216}; Sens: {0.9311}; Spec: {0.9995}; AUC: {0.9653}
2024-10-25 03:52:30,615 current best loss 0.07708422467112541, mIoU 0.8572138547897339
2024-10-25 03:52:30,621 cost time: {'day': 2.0, 'hour': 1.0, 'minute': 59.0, 'second': 52}
2024-10-25 03:52:30,621 => Epoch 624, lr 0.00019999437445256297
2024-10-25 03:58:47,600 Train Loss: {0.0709}; IoU: {0.8690}; Prec: {0.9284}; Recall: {0.9314}; F1: {0.9299}; Sens: {0.9314}; Spec: {0.9996}; AUC: {0.9655}
2024-10-25 03:59:46,154 Valid Loss: {0.0797}; IoU: {0.8533}; Prec: {0.9181}; Recall: {0.9235}; F1: {0.9208}; Sens: {0.9235}; Spec: {0.9995}; AUC: {0.9615}
2024-10-25 03:59:46,154 current best loss 0.07708422467112541, mIoU 0.8572138547897339
2024-10-25 03:59:46,158 cost time: {'day': 2.0, 'hour': 2.0, 'minute': 7.0, 'second': 8}
2024-10-25 03:59:46,158 => Epoch 625, lr 0.00019999435649400982
2024-10-25 04:06:04,780 Train Loss: {0.0705}; IoU: {0.8695}; Prec: {0.9286}; Recall: {0.9318}; F1: {0.9302}; Sens: {0.9318}; Spec: {0.9996}; AUC: {0.9657}
2024-10-25 04:07:03,357 Valid Loss: {0.0798}; IoU: {0.8530}; Prec: {0.9293}; Recall: {0.9123}; F1: {0.9207}; Sens: {0.9123}; Spec: {0.9996}; AUC: {0.9559}
2024-10-25 04:07:03,358 current best loss 0.07708422467112541, mIoU 0.8572138547897339
2024-10-25 04:07:03,362 cost time: {'day': 2.0, 'hour': 2.0, 'minute': 14.0, 'second': 25}
2024-10-25 04:07:03,362 => Epoch 626, lr 0.00019999433850683852
2024-10-25 04:13:16,847 Train Loss: {0.0702}; IoU: {0.8701}; Prec: {0.9287}; Recall: {0.9324}; F1: {0.9305}; Sens: {0.9324}; Spec: {0.9996}; AUC: {0.9660}
2024-10-25 04:14:15,411 Valid Loss: {0.0790}; IoU: {0.8544}; Prec: {0.9349}; Recall: {0.9085}; F1: {0.9215}; Sens: {0.9085}; Spec: {0.9996}; AUC: {0.9541}
2024-10-25 04:14:15,412 current best loss 0.07708422467112541, mIoU 0.8572138547897339
2024-10-25 04:14:15,416 cost time: {'day': 2.0, 'hour': 2.0, 'minute': 21.0, 'second': 37}
2024-10-25 04:14:15,416 => Epoch 627, lr 0.00019999432049104925
2024-10-25 04:20:28,609 Train Loss: {0.0700}; IoU: {0.8700}; Prec: {0.9282}; Recall: {0.9328}; F1: {0.9305}; Sens: {0.9328}; Spec: {0.9996}; AUC: {0.9662}
2024-10-25 04:21:27,032 Valid Loss: {0.0794}; IoU: {0.8537}; Prec: {0.9253}; Recall: {0.9170}; F1: {0.9211}; Sens: {0.9170}; Spec: {0.9996}; AUC: {0.9583}
2024-10-25 04:21:27,033 current best loss 0.07708422467112541, mIoU 0.8572138547897339
2024-10-25 04:21:27,037 cost time: {'day': 2.0, 'hour': 2.0, 'minute': 28.0, 'second': 49}
2024-10-25 04:21:27,038 => Epoch 628, lr 0.00019999430244664184
2024-10-25 04:27:45,642 Train Loss: {0.0701}; IoU: {0.8703}; Prec: {0.9297}; Recall: {0.9316}; F1: {0.9306}; Sens: {0.9316}; Spec: {0.9996}; AUC: {0.9656}
2024-10-25 04:28:44,557 Valid Loss: {0.0807}; IoU: {0.8511}; Prec: {0.9129}; Recall: {0.9263}; F1: {0.9195}; Sens: {0.9263}; Spec: {0.9995}; AUC: {0.9629}
2024-10-25 04:28:44,558 current best loss 0.07708422467112541, mIoU 0.8572138547897339
2024-10-25 04:28:44,563 cost time: {'day': 2.0, 'hour': 2.0, 'minute': 36.0, 'second': 6}
2024-10-25 04:28:44,563 => Epoch 629, lr 0.00019999428437361645
2024-10-25 04:34:58,160 Train Loss: {0.0705}; IoU: {0.8696}; Prec: {0.9279}; Recall: {0.9326}; F1: {0.9302}; Sens: {0.9326}; Spec: {0.9996}; AUC: {0.9661}
2024-10-25 04:35:56,773 Valid Loss: {0.0786}; IoU: {0.8551}; Prec: {0.9314}; Recall: {0.9126}; F1: {0.9219}; Sens: {0.9126}; Spec: {0.9996}; AUC: {0.9561}
2024-10-25 04:35:56,774 current best loss 0.07708422467112541, mIoU 0.8572138547897339
2024-10-25 04:35:56,778 cost time: {'day': 2.0, 'hour': 2.0, 'minute': 43.0, 'second': 18}
2024-10-25 04:35:56,778 => Epoch 630, lr 0.00019999426627197297
2024-10-25 04:42:11,940 Train Loss: {0.0703}; IoU: {0.8698}; Prec: {0.9288}; Recall: {0.9319}; F1: {0.9304}; Sens: {0.9319}; Spec: {0.9996}; AUC: {0.9658}
2024-10-25 04:43:10,211 Valid Loss: {0.0782}; IoU: {0.8556}; Prec: {0.9204}; Recall: {0.9239}; F1: {0.9222}; Sens: {0.9239}; Spec: {0.9995}; AUC: {0.9617}
2024-10-25 04:43:10,211 current best loss 0.07708422467112541, mIoU 0.8572138547897339
2024-10-25 04:43:10,216 cost time: {'day': 2.0, 'hour': 2.0, 'minute': 50.0, 'second': 32}
2024-10-25 04:43:10,216 => Epoch 631, lr 0.0001999942481417114
2024-10-25 04:49:22,612 Train Loss: {0.0704}; IoU: {0.8699}; Prec: {0.9284}; Recall: {0.9325}; F1: {0.9304}; Sens: {0.9325}; Spec: {0.9996}; AUC: {0.9660}
2024-10-25 04:50:21,020 Valid Loss: {0.0803}; IoU: {0.8520}; Prec: {0.9389}; Recall: {0.9020}; F1: {0.9201}; Sens: {0.9020}; Spec: {0.9997}; AUC: {0.9508}
2024-10-25 04:50:21,022 current best loss 0.07708422467112541, mIoU 0.8572138547897339
2024-10-25 04:50:21,025 cost time: {'day': 2.0, 'hour': 2.0, 'minute': 57.0, 'second': 43}
2024-10-25 04:50:21,026 => Epoch 632, lr 0.00019999422998283185
2024-10-25 04:56:33,180 Train Loss: {0.0702}; IoU: {0.8699}; Prec: {0.9284}; Recall: {0.9325}; F1: {0.9304}; Sens: {0.9325}; Spec: {0.9996}; AUC: {0.9660}
2024-10-25 04:57:30,551 Valid Loss: {0.0824}; IoU: {0.8487}; Prec: {0.9005}; Recall: {0.9364}; F1: {0.9181}; Sens: {0.9364}; Spec: {0.9994}; AUC: {0.9679}
2024-10-25 04:57:30,551 current best loss 0.07708422467112541, mIoU 0.8572138547897339
2024-10-25 04:57:30,555 cost time: {'day': 2.0, 'hour': 3.0, 'minute': 4.0, 'second': 52}
2024-10-25 04:57:30,556 => Epoch 633, lr 0.00019999421179533425
2024-10-25 05:03:47,874 Train Loss: {0.0706}; IoU: {0.8697}; Prec: {0.9292}; Recall: {0.9314}; F1: {0.9303}; Sens: {0.9314}; Spec: {0.9996}; AUC: {0.9655}
2024-10-25 05:04:47,137 Valid Loss: {0.0789}; IoU: {0.8543}; Prec: {0.9193}; Recall: {0.9236}; F1: {0.9214}; Sens: {0.9236}; Spec: {0.9995}; AUC: {0.9616}
2024-10-25 05:04:47,138 current best loss 0.07708422467112541, mIoU 0.8572138547897339
2024-10-25 05:04:47,143 cost time: {'day': 2.0, 'hour': 3.0, 'minute': 12.0, 'second': 9}
2024-10-25 05:04:47,143 => Epoch 634, lr 0.00019999419357921862
2024-10-25 05:11:02,612 Train Loss: {0.0707}; IoU: {0.8695}; Prec: {0.9289}; Recall: {0.9314}; F1: {0.9302}; Sens: {0.9314}; Spec: {0.9996}; AUC: {0.9655}
2024-10-25 05:12:01,607 Valid Loss: {0.0795}; IoU: {0.8533}; Prec: {0.9177}; Recall: {0.9241}; F1: {0.9209}; Sens: {0.9241}; Spec: {0.9995}; AUC: {0.9618}
2024-10-25 05:12:01,608 current best loss 0.07708422467112541, mIoU 0.8572138547897339
2024-10-25 05:12:01,612 cost time: {'day': 2.0, 'hour': 3.0, 'minute': 19.0, 'second': 23}
2024-10-25 05:12:01,612 => Epoch 635, lr 0.00019999417533448494
2024-10-25 05:18:16,644 Train Loss: {0.0708}; IoU: {0.8697}; Prec: {0.9293}; Recall: {0.9313}; F1: {0.9303}; Sens: {0.9313}; Spec: {0.9996}; AUC: {0.9654}
2024-10-25 05:19:14,521 Valid Loss: {0.0788}; IoU: {0.8546}; Prec: {0.9226}; Recall: {0.9206}; F1: {0.9216}; Sens: {0.9206}; Spec: {0.9996}; AUC: {0.9601}
2024-10-25 05:19:14,522 current best loss 0.07708422467112541, mIoU 0.8572138547897339
2024-10-25 05:19:14,527 cost time: {'day': 2.0, 'hour': 3.0, 'minute': 26.0, 'second': 36}
2024-10-25 05:19:14,527 => Epoch 636, lr 0.00019999415706113325
2024-10-25 05:25:30,273 Train Loss: {0.0703}; IoU: {0.8700}; Prec: {0.9291}; Recall: {0.9319}; F1: {0.9305}; Sens: {0.9319}; Spec: {0.9996}; AUC: {0.9657}
2024-10-25 05:26:28,519 Valid Loss: {0.0782}; IoU: {0.8558}; Prec: {0.9271}; Recall: {0.9175}; F1: {0.9223}; Sens: {0.9175}; Spec: {0.9996}; AUC: {0.9586}
2024-10-25 05:26:28,520 current best loss 0.07708422467112541, mIoU 0.8572138547897339
2024-10-25 05:26:28,524 cost time: {'day': 2.0, 'hour': 3.0, 'minute': 33.0, 'second': 50}
2024-10-25 05:26:28,524 => Epoch 637, lr 0.00019999413875916355
2024-10-25 05:32:43,115 Train Loss: {0.0703}; IoU: {0.8698}; Prec: {0.9292}; Recall: {0.9315}; F1: {0.9303}; Sens: {0.9315}; Spec: {0.9996}; AUC: {0.9656}
2024-10-25 05:33:40,914 Valid Loss: {0.0782}; IoU: {0.8557}; Prec: {0.9279}; Recall: {0.9167}; F1: {0.9222}; Sens: {0.9167}; Spec: {0.9996}; AUC: {0.9581}
2024-10-25 05:33:40,916 current best loss 0.07708422467112541, mIoU 0.8572138547897339
2024-10-25 05:33:40,920 cost time: {'day': 2.0, 'hour': 3.0, 'minute': 41.0, 'second': 2}
2024-10-25 05:33:40,920 => Epoch 638, lr 0.00019999412042857585
2024-10-25 05:40:01,474 Train Loss: {0.0702}; IoU: {0.8704}; Prec: {0.9288}; Recall: {0.9326}; F1: {0.9307}; Sens: {0.9326}; Spec: {0.9996}; AUC: {0.9661}
2024-10-25 05:40:59,230 Valid Loss: {0.0783}; IoU: {0.8556}; Prec: {0.9318}; Recall: {0.9128}; F1: {0.9222}; Sens: {0.9128}; Spec: {0.9996}; AUC: {0.9562}
2024-10-25 05:40:59,230 current best loss 0.07708422467112541, mIoU 0.8572138547897339
2024-10-25 05:40:59,234 cost time: {'day': 2.0, 'hour': 3.0, 'minute': 48.0, 'second': 21}
2024-10-25 05:40:59,235 => Epoch 639, lr 0.00019999410206937012
2024-10-25 05:47:13,475 Train Loss: {0.0700}; IoU: {0.8706}; Prec: {0.9292}; Recall: {0.9325}; F1: {0.9309}; Sens: {0.9325}; Spec: {0.9996}; AUC: {0.9661}
2024-10-25 05:48:11,149 Valid Loss: {0.0801}; IoU: {0.8524}; Prec: {0.9191}; Recall: {0.9215}; F1: {0.9203}; Sens: {0.9215}; Spec: {0.9995}; AUC: {0.9605}
2024-10-25 05:48:11,150 current best loss 0.07708422467112541, mIoU 0.8572138547897339
2024-10-25 05:48:11,155 cost time: {'day': 2.0, 'hour': 3.0, 'minute': 55.0, 'second': 33}
2024-10-25 05:48:11,155 => Epoch 640, lr 0.00019999408368154642
2024-10-25 05:54:24,237 Train Loss: {0.0702}; IoU: {0.8703}; Prec: {0.9288}; Recall: {0.9326}; F1: {0.9307}; Sens: {0.9326}; Spec: {0.9996}; AUC: {0.9661}
2024-10-25 05:55:22,026 Valid Loss: {0.0799}; IoU: {0.8529}; Prec: {0.9309}; Recall: {0.9106}; F1: {0.9206}; Sens: {0.9106}; Spec: {0.9996}; AUC: {0.9551}
2024-10-25 05:55:22,027 current best loss 0.07708422467112541, mIoU 0.8572138547897339
2024-10-25 05:55:22,032 cost time: {'day': 2.0, 'hour': 4.0, 'minute': 2.0, 'second': 44}
2024-10-25 05:55:22,032 => Epoch 641, lr 0.00019999406526510473
2024-10-25 06:01:34,241 Train Loss: {0.0704}; IoU: {0.8697}; Prec: {0.9290}; Recall: {0.9316}; F1: {0.9303}; Sens: {0.9316}; Spec: {0.9996}; AUC: {0.9656}
2024-10-25 06:02:32,040 Valid Loss: {0.0784}; IoU: {0.8553}; Prec: {0.9204}; Recall: {0.9236}; F1: {0.9220}; Sens: {0.9236}; Spec: {0.9995}; AUC: {0.9616}
2024-10-25 06:02:32,042 current best loss 0.07708422467112541, mIoU 0.8572138547897339
2024-10-25 06:02:32,046 cost time: {'day': 2.0, 'hour': 4.0, 'minute': 9.0, 'second': 54}
2024-10-25 06:02:32,046 => Epoch 642, lr 0.00019999404682004507
2024-10-25 06:08:44,430 Train Loss: {0.0707}; IoU: {0.8692}; Prec: {0.9286}; Recall: {0.9315}; F1: {0.9300}; Sens: {0.9315}; Spec: {0.9996}; AUC: {0.9655}
2024-10-25 06:09:41,745 Valid Loss: {0.0787}; IoU: {0.8551}; Prec: {0.9384}; Recall: {0.9059}; F1: {0.9219}; Sens: {0.9059}; Spec: {0.9997}; AUC: {0.9528}
2024-10-25 06:09:41,746 current best loss 0.07708422467112541, mIoU 0.8572138547897339
2024-10-25 06:09:41,750 cost time: {'day': 2.0, 'hour': 4.0, 'minute': 17.0, 'second': 3}
2024-10-25 06:09:41,750 => Epoch 643, lr 0.00019999402834636738
2024-10-25 06:15:54,507 Train Loss: {0.0701}; IoU: {0.8704}; Prec: {0.9290}; Recall: {0.9324}; F1: {0.9307}; Sens: {0.9324}; Spec: {0.9996}; AUC: {0.9660}
2024-10-25 06:16:52,086 Valid Loss: {0.0793}; IoU: {0.8537}; Prec: {0.9186}; Recall: {0.9236}; F1: {0.9211}; Sens: {0.9236}; Spec: {0.9995}; AUC: {0.9616}
2024-10-25 06:16:52,087 current best loss 0.07708422467112541, mIoU 0.8572138547897339
2024-10-25 06:16:52,091 cost time: {'day': 2.0, 'hour': 4.0, 'minute': 24.0, 'second': 14}
2024-10-25 06:16:52,092 => Epoch 644, lr 0.00019999400984407173
2024-10-25 06:23:04,476 Train Loss: {0.0700}; IoU: {0.8706}; Prec: {0.9293}; Recall: {0.9324}; F1: {0.9308}; Sens: {0.9324}; Spec: {0.9996}; AUC: {0.9660}
2024-10-25 06:24:02,838 Valid Loss: {0.0781}; IoU: {0.8558}; Prec: {0.9300}; Recall: {0.9147}; F1: {0.9223}; Sens: {0.9147}; Spec: {0.9996}; AUC: {0.9572}
2024-10-25 06:24:02,839 current best loss 0.07708422467112541, mIoU 0.8572138547897339
2024-10-25 06:24:02,843 cost time: {'day': 2.0, 'hour': 4.0, 'minute': 31.0, 'second': 24}
2024-10-25 06:24:02,844 => Epoch 645, lr 0.00019999399131315814
2024-10-25 06:30:21,738 Train Loss: {0.0701}; IoU: {0.8704}; Prec: {0.9287}; Recall: {0.9327}; F1: {0.9307}; Sens: {0.9327}; Spec: {0.9996}; AUC: {0.9661}
2024-10-25 06:31:20,296 Valid Loss: {0.0801}; IoU: {0.8522}; Prec: {0.9253}; Recall: {0.9152}; F1: {0.9202}; Sens: {0.9152}; Spec: {0.9996}; AUC: {0.9574}
2024-10-25 06:31:20,298 current best loss 0.07708422467112541, mIoU 0.8572138547897339
2024-10-25 06:31:20,302 cost time: {'day': 2.0, 'hour': 4.0, 'minute': 38.0, 'second': 42}
2024-10-25 06:31:20,302 => Epoch 646, lr 0.00019999397275362654
2024-10-25 06:37:35,622 Train Loss: {0.0698}; IoU: {0.8705}; Prec: {0.9294}; Recall: {0.9321}; F1: {0.9308}; Sens: {0.9321}; Spec: {0.9996}; AUC: {0.9659}
2024-10-25 06:38:33,966 Valid Loss: {0.0790}; IoU: {0.8541}; Prec: {0.9371}; Recall: {0.9061}; F1: {0.9213}; Sens: {0.9061}; Spec: {0.9997}; AUC: {0.9529}
2024-10-25 06:38:33,968 current best loss 0.07708422467112541, mIoU 0.8572138547897339
2024-10-25 06:38:33,971 cost time: {'day': 2.0, 'hour': 4.0, 'minute': 45.0, 'second': 56}
2024-10-25 06:38:33,972 => Epoch 647, lr 0.00019999395416547697
2024-10-25 06:44:52,452 Train Loss: {0.0700}; IoU: {0.8705}; Prec: {0.9299}; Recall: {0.9317}; F1: {0.9308}; Sens: {0.9317}; Spec: {0.9996}; AUC: {0.9656}
2024-10-25 06:45:50,428 Valid Loss: {0.0802}; IoU: {0.8521}; Prec: {0.9143}; Recall: {0.9262}; F1: {0.9202}; Sens: {0.9262}; Spec: {0.9995}; AUC: {0.9628}
2024-10-25 06:45:50,430 current best loss 0.07708422467112541, mIoU 0.8572138547897339
2024-10-25 06:45:50,434 cost time: {'day': 2.0, 'hour': 4.0, 'minute': 53.0, 'second': 12}
2024-10-25 06:45:50,434 => Epoch 648, lr 0.00019999393554870953
2024-10-25 06:52:04,654 Train Loss: {0.0698}; IoU: {0.8709}; Prec: {0.9298}; Recall: {0.9323}; F1: {0.9310}; Sens: {0.9323}; Spec: {0.9996}; AUC: {0.9659}
2024-10-25 06:53:02,705 Valid Loss: {0.0811}; IoU: {0.8506}; Prec: {0.9136}; Recall: {0.9250}; F1: {0.9193}; Sens: {0.9250}; Spec: {0.9995}; AUC: {0.9622}
2024-10-25 06:53:02,706 current best loss 0.07708422467112541, mIoU 0.8572138547897339
2024-10-25 06:53:02,710 cost time: {'day': 2.0, 'hour': 5.0, 'minute': 0.0, 'second': 24}
2024-10-25 06:53:02,711 => Epoch 649, lr 0.0001999939169033241
2024-10-25 06:59:16,553 Train Loss: {0.0697}; IoU: {0.8708}; Prec: {0.9284}; Recall: {0.9335}; F1: {0.9309}; Sens: {0.9335}; Spec: {0.9996}; AUC: {0.9665}
2024-10-25 07:00:14,370 Valid Loss: {0.0783}; IoU: {0.8554}; Prec: {0.9217}; Recall: {0.9224}; F1: {0.9221}; Sens: {0.9224}; Spec: {0.9996}; AUC: {0.9610}
2024-10-25 07:00:14,372 current best loss 0.07708422467112541, mIoU 0.8572138547897339
2024-10-25 07:00:14,376 cost time: {'day': 2.0, 'hour': 5.0, 'minute': 7.0, 'second': 36}
2024-10-25 07:00:14,376 => Epoch 650, lr 0.0001999938982293207
2024-10-25 07:06:28,732 Train Loss: {0.0703}; IoU: {0.8704}; Prec: {0.9291}; Recall: {0.9323}; F1: {0.9307}; Sens: {0.9323}; Spec: {0.9996}; AUC: {0.9660}
2024-10-25 07:07:26,565 Valid Loss: {0.0777}; IoU: {0.8565}; Prec: {0.9233}; Recall: {0.9221}; F1: {0.9227}; Sens: {0.9221}; Spec: {0.9996}; AUC: {0.9608}
2024-10-25 07:08:34,766 Test Loss: {0.0803}; IoU: {0.8549}; Prec: {0.9200}; Recall: {0.9236}; F1: {0.9218}; Sens: {0.9236}; Spec: {0.9995}; AUC: {0.9615}
2024-10-25 07:08:34,767 current best loss 0.07708422467112541, mIoU 0.8572138547897339
2024-10-25 07:08:34,772 cost time: {'day': 2.0, 'hour': 5.0, 'minute': 15.0, 'second': 56}
2024-10-25 07:08:34,772 => Epoch 651, lr 0.00019999387952669942
2024-10-25 07:14:53,912 Train Loss: {0.0703}; IoU: {0.8702}; Prec: {0.9290}; Recall: {0.9322}; F1: {0.9306}; Sens: {0.9322}; Spec: {0.9996}; AUC: {0.9659}
2024-10-25 07:15:52,134 Valid Loss: {0.0782}; IoU: {0.8557}; Prec: {0.9273}; Recall: {0.9172}; F1: {0.9222}; Sens: {0.9172}; Spec: {0.9996}; AUC: {0.9584}
2024-10-25 07:15:52,135 current best loss 0.07708422467112541, mIoU 0.8572138547897339
2024-10-25 07:15:52,140 cost time: {'day': 2.0, 'hour': 5.0, 'minute': 23.0, 'second': 14}
2024-10-25 07:15:52,140 => Epoch 652, lr 0.00019999386079546015
2024-10-25 07:22:11,393 Train Loss: {0.0705}; IoU: {0.8699}; Prec: {0.9281}; Recall: {0.9327}; F1: {0.9304}; Sens: {0.9327}; Spec: {0.9996}; AUC: {0.9661}
2024-10-25 07:23:09,891 Valid Loss: {0.0796}; IoU: {0.8532}; Prec: {0.9302}; Recall: {0.9116}; F1: {0.9208}; Sens: {0.9116}; Spec: {0.9996}; AUC: {0.9556}
2024-10-25 07:23:09,892 current best loss 0.07708422467112541, mIoU 0.8572138547897339
2024-10-25 07:23:09,896 cost time: {'day': 2.0, 'hour': 5.0, 'minute': 30.0, 'second': 31}
2024-10-25 07:23:09,896 => Epoch 653, lr 0.00019999384203560298
2024-10-25 07:29:24,021 Train Loss: {0.0701}; IoU: {0.8705}; Prec: {0.9289}; Recall: {0.9327}; F1: {0.9308}; Sens: {0.9327}; Spec: {0.9996}; AUC: {0.9661}
2024-10-25 07:30:22,376 Valid Loss: {0.0785}; IoU: {0.8553}; Prec: {0.9219}; Recall: {0.9221}; F1: {0.9220}; Sens: {0.9221}; Spec: {0.9996}; AUC: {0.9608}
2024-10-25 07:30:22,378 current best loss 0.07708422467112541, mIoU 0.8572138547897339
2024-10-25 07:30:22,382 cost time: {'day': 2.0, 'hour': 5.0, 'minute': 37.0, 'second': 44}
2024-10-25 07:30:22,382 => Epoch 654, lr 0.00019999382324712792
2024-10-25 07:36:41,478 Train Loss: {0.0701}; IoU: {0.8702}; Prec: {0.9285}; Recall: {0.9327}; F1: {0.9306}; Sens: {0.9327}; Spec: {0.9996}; AUC: {0.9661}
2024-10-25 07:37:39,159 Valid Loss: {0.0785}; IoU: {0.8552}; Prec: {0.9226}; Recall: {0.9213}; F1: {0.9220}; Sens: {0.9213}; Spec: {0.9996}; AUC: {0.9604}
2024-10-25 07:37:39,160 current best loss 0.07708422467112541, mIoU 0.8572138547897339
2024-10-25 07:37:39,164 cost time: {'day': 2.0, 'hour': 5.0, 'minute': 45.0, 'second': 1}
2024-10-25 07:37:39,164 => Epoch 655, lr 0.0001999938044300349
2024-10-25 07:43:53,598 Train Loss: {0.0698}; IoU: {0.8705}; Prec: {0.9291}; Recall: {0.9324}; F1: {0.9308}; Sens: {0.9324}; Spec: {0.9996}; AUC: {0.9660}
2024-10-25 07:44:52,214 Valid Loss: {0.0782}; IoU: {0.8557}; Prec: {0.9169}; Recall: {0.9276}; F1: {0.9222}; Sens: {0.9276}; Spec: {0.9995}; AUC: {0.9635}
2024-10-25 07:44:52,215 current best loss 0.07708422467112541, mIoU 0.8572138547897339
2024-10-25 07:44:52,219 cost time: {'day': 2.0, 'hour': 5.0, 'minute': 52.0, 'second': 14}
2024-10-25 07:44:52,219 => Epoch 656, lr 0.000199993785584324
2024-10-25 07:51:09,657 Train Loss: {0.0701}; IoU: {0.8704}; Prec: {0.9298}; Recall: {0.9316}; F1: {0.9307}; Sens: {0.9316}; Spec: {0.9996}; AUC: {0.9656}
2024-10-25 07:52:08,760 Valid Loss: {0.0789}; IoU: {0.8544}; Prec: {0.9267}; Recall: {0.9162}; F1: {0.9215}; Sens: {0.9162}; Spec: {0.9996}; AUC: {0.9579}
2024-10-25 07:52:08,761 current best loss 0.07708422467112541, mIoU 0.8572138547897339
2024-10-25 07:52:08,765 cost time: {'day': 2.0, 'hour': 5.0, 'minute': 59.0, 'second': 30}
2024-10-25 07:52:08,765 => Epoch 657, lr 0.0001999937667099952
2024-10-25 07:58:23,314 Train Loss: {0.0703}; IoU: {0.8702}; Prec: {0.9293}; Recall: {0.9320}; F1: {0.9306}; Sens: {0.9320}; Spec: {0.9996}; AUC: {0.9658}
2024-10-25 07:59:21,740 Valid Loss: {0.0785}; IoU: {0.8552}; Prec: {0.9342}; Recall: {0.9100}; F1: {0.9220}; Sens: {0.9100}; Spec: {0.9996}; AUC: {0.9548}
2024-10-25 07:59:21,741 current best loss 0.07708422467112541, mIoU 0.8572138547897339
2024-10-25 07:59:21,745 cost time: {'day': 2.0, 'hour': 6.0, 'minute': 6.0, 'second': 43}
2024-10-25 07:59:21,745 => Epoch 658, lr 0.00019999374780704855
2024-10-25 08:05:41,181 Train Loss: {0.0702}; IoU: {0.8701}; Prec: {0.9295}; Recall: {0.9316}; F1: {0.9305}; Sens: {0.9316}; Spec: {0.9996}; AUC: {0.9656}
2024-10-25 08:06:39,881 Valid Loss: {0.0781}; IoU: {0.8559}; Prec: {0.9191}; Recall: {0.9257}; F1: {0.9224}; Sens: {0.9257}; Spec: {0.9995}; AUC: {0.9626}
2024-10-25 08:06:39,882 current best loss 0.07708422467112541, mIoU 0.8572138547897339
2024-10-25 08:06:39,886 cost time: {'day': 2.0, 'hour': 6.0, 'minute': 14.0, 'second': 1}
2024-10-25 08:06:39,887 => Epoch 659, lr 0.0001999937288754839
2024-10-25 08:12:54,739 Train Loss: {0.0695}; IoU: {0.8713}; Prec: {0.9291}; Recall: {0.9334}; F1: {0.9312}; Sens: {0.9334}; Spec: {0.9996}; AUC: {0.9665}
2024-10-25 08:13:53,085 Valid Loss: {0.0779}; IoU: {0.8562}; Prec: {0.9272}; Recall: {0.9179}; F1: {0.9225}; Sens: {0.9179}; Spec: {0.9996}; AUC: {0.9588}
2024-10-25 08:13:53,086 current best loss 0.07708422467112541, mIoU 0.8572138547897339
2024-10-25 08:13:53,090 cost time: {'day': 2.0, 'hour': 6.0, 'minute': 21.0, 'second': 15}
2024-10-25 08:13:53,091 => Epoch 660, lr 0.00019999370991530147
2024-10-25 08:20:10,333 Train Loss: {0.0700}; IoU: {0.8704}; Prec: {0.9297}; Recall: {0.9317}; F1: {0.9307}; Sens: {0.9317}; Spec: {0.9996}; AUC: {0.9656}
2024-10-25 08:21:08,751 Valid Loss: {0.0777}; IoU: {0.8565}; Prec: {0.9292}; Recall: {0.9163}; F1: {0.9227}; Sens: {0.9163}; Spec: {0.9996}; AUC: {0.9580}
2024-10-25 08:21:08,751 current best loss 0.07708422467112541, mIoU 0.8572138547897339
2024-10-25 08:21:08,757 cost time: {'day': 2.0, 'hour': 6.0, 'minute': 28.0, 'second': 30}
2024-10-25 08:21:08,757 => Epoch 661, lr 0.00019999369092650108
2024-10-25 08:27:22,827 Train Loss: {0.0704}; IoU: {0.8703}; Prec: {0.9294}; Recall: {0.9319}; F1: {0.9306}; Sens: {0.9319}; Spec: {0.9996}; AUC: {0.9657}
2024-10-25 08:28:21,194 Valid Loss: {0.0789}; IoU: {0.8545}; Prec: {0.9272}; Recall: {0.9159}; F1: {0.9215}; Sens: {0.9159}; Spec: {0.9996}; AUC: {0.9578}
2024-10-25 08:28:21,195 current best loss 0.07708422467112541, mIoU 0.8572138547897339
2024-10-25 08:28:21,199 cost time: {'day': 2.0, 'hour': 6.0, 'minute': 35.0, 'second': 43}
2024-10-25 08:28:21,199 => Epoch 662, lr 0.00019999367190908282
2024-10-25 08:34:38,765 Train Loss: {0.0700}; IoU: {0.8704}; Prec: {0.9295}; Recall: {0.9320}; F1: {0.9307}; Sens: {0.9320}; Spec: {0.9996}; AUC: {0.9658}
2024-10-25 08:35:37,378 Valid Loss: {0.0788}; IoU: {0.8545}; Prec: {0.9331}; Recall: {0.9103}; F1: {0.9215}; Sens: {0.9103}; Spec: {0.9996}; AUC: {0.9549}
2024-10-25 08:35:37,379 current best loss 0.07708422467112541, mIoU 0.8572138547897339
2024-10-25 08:35:37,382 cost time: {'day': 2.0, 'hour': 6.0, 'minute': 42.0, 'second': 59}
2024-10-25 08:35:37,383 => Epoch 663, lr 0.00019999365286304673
2024-10-25 08:41:54,923 Train Loss: {0.0696}; IoU: {0.8709}; Prec: {0.9290}; Recall: {0.9330}; F1: {0.9310}; Sens: {0.9330}; Spec: {0.9996}; AUC: {0.9663}
2024-10-25 08:42:53,617 Valid Loss: {0.0783}; IoU: {0.8555}; Prec: {0.9294}; Recall: {0.9150}; F1: {0.9221}; Sens: {0.9150}; Spec: {0.9996}; AUC: {0.9573}
2024-10-25 08:42:53,618 current best loss 0.07708422467112541, mIoU 0.8572138547897339
2024-10-25 08:42:53,622 cost time: {'day': 2.0, 'hour': 6.0, 'minute': 50.0, 'second': 15}
2024-10-25 08:42:53,623 => Epoch 664, lr 0.00019999363378839276
2024-10-25 08:49:14,433 Train Loss: {0.0698}; IoU: {0.8709}; Prec: {0.9298}; Recall: {0.9322}; F1: {0.9310}; Sens: {0.9322}; Spec: {0.9996}; AUC: {0.9659}
2024-10-25 08:50:12,406 Valid Loss: {0.0798}; IoU: {0.8529}; Prec: {0.9136}; Recall: {0.9278}; F1: {0.9206}; Sens: {0.9278}; Spec: {0.9995}; AUC: {0.9636}
2024-10-25 08:50:12,407 current best loss 0.07708422467112541, mIoU 0.8572138547897339
2024-10-25 08:50:12,412 cost time: {'day': 2.0, 'hour': 6.0, 'minute': 57.0, 'second': 34}
2024-10-25 08:50:12,412 => Epoch 665, lr 0.00019999361468512095
2024-10-25 08:56:25,916 Train Loss: {0.0700}; IoU: {0.8707}; Prec: {0.9285}; Recall: {0.9334}; F1: {0.9309}; Sens: {0.9334}; Spec: {0.9996}; AUC: {0.9665}
2024-10-25 08:57:24,219 Valid Loss: {0.0783}; IoU: {0.8554}; Prec: {0.9287}; Recall: {0.9155}; F1: {0.9221}; Sens: {0.9155}; Spec: {0.9996}; AUC: {0.9576}
2024-10-25 08:57:24,220 current best loss 0.07708422467112541, mIoU 0.8572138547897339
2024-10-25 08:57:24,224 cost time: {'day': 2.0, 'hour': 7.0, 'minute': 4.0, 'second': 46}
2024-10-25 08:57:24,225 => Epoch 666, lr 0.00019999359555323125
2024-10-25 09:03:45,840 Train Loss: {0.0695}; IoU: {0.8709}; Prec: {0.9296}; Recall: {0.9324}; F1: {0.9310}; Sens: {0.9324}; Spec: {0.9996}; AUC: {0.9660}
2024-10-25 09:04:44,100 Valid Loss: {0.0792}; IoU: {0.8540}; Prec: {0.9209}; Recall: {0.9216}; F1: {0.9212}; Sens: {0.9216}; Spec: {0.9995}; AUC: {0.9606}
2024-10-25 09:04:44,101 current best loss 0.07708422467112541, mIoU 0.8572138547897339
2024-10-25 09:04:44,105 cost time: {'day': 2.0, 'hour': 7.0, 'minute': 12.0, 'second': 6}
2024-10-25 09:04:44,106 => Epoch 667, lr 0.00019999357639272373
2024-10-25 09:11:03,658 Train Loss: {0.0695}; IoU: {0.8712}; Prec: {0.9292}; Recall: {0.9332}; F1: {0.9312}; Sens: {0.9332}; Spec: {0.9996}; AUC: {0.9664}
2024-10-25 09:12:01,776 Valid Loss: {0.0783}; IoU: {0.8556}; Prec: {0.9311}; Recall: {0.9135}; F1: {0.9222}; Sens: {0.9135}; Spec: {0.9996}; AUC: {0.9565}
2024-10-25 09:12:01,777 current best loss 0.07708422467112541, mIoU 0.8572138547897339
2024-10-25 09:12:01,781 cost time: {'day': 2.0, 'hour': 7.0, 'minute': 19.0, 'second': 23}
2024-10-25 09:12:01,782 => Epoch 668, lr 0.00019999355720359843
2024-10-25 09:18:23,742 Train Loss: {0.0701}; IoU: {0.8702}; Prec: {0.9296}; Recall: {0.9316}; F1: {0.9306}; Sens: {0.9316}; Spec: {0.9996}; AUC: {0.9656}
2024-10-25 09:19:22,528 Valid Loss: {0.0788}; IoU: {0.8547}; Prec: {0.9328}; Recall: {0.9108}; F1: {0.9216}; Sens: {0.9108}; Spec: {0.9996}; AUC: {0.9552}
2024-10-25 09:19:22,528 current best loss 0.07708422467112541, mIoU 0.8572138547897339
2024-10-25 09:19:22,533 cost time: {'day': 2.0, 'hour': 7.0, 'minute': 26.0, 'second': 44}
2024-10-25 09:19:22,533 => Epoch 669, lr 0.00019999353798585528
2024-10-25 09:25:40,519 Train Loss: {0.0698}; IoU: {0.8705}; Prec: {0.9296}; Recall: {0.9319}; F1: {0.9308}; Sens: {0.9319}; Spec: {0.9996}; AUC: {0.9658}
2024-10-25 09:26:39,446 Valid Loss: {0.0785}; IoU: {0.8553}; Prec: {0.9126}; Recall: {0.9316}; F1: {0.9220}; Sens: {0.9316}; Spec: {0.9995}; AUC: {0.9656}
2024-10-25 09:26:39,448 current best loss 0.07708422467112541, mIoU 0.8572138547897339
2024-10-25 09:26:39,452 cost time: {'day': 2.0, 'hour': 7.0, 'minute': 34.0, 'second': 1}
2024-10-25 09:26:39,452 => Epoch 670, lr 0.00019999351873949424
2024-10-25 09:32:55,068 Train Loss: {0.0698}; IoU: {0.8712}; Prec: {0.9293}; Recall: {0.9331}; F1: {0.9312}; Sens: {0.9331}; Spec: {0.9996}; AUC: {0.9663}
2024-10-25 09:33:53,107 Valid Loss: {0.0789}; IoU: {0.8545}; Prec: {0.9251}; Recall: {0.9179}; F1: {0.9215}; Sens: {0.9179}; Spec: {0.9996}; AUC: {0.9588}
2024-10-25 09:33:53,108 current best loss 0.07708422467112541, mIoU 0.8572138547897339
2024-10-25 09:33:53,112 cost time: {'day': 2.0, 'hour': 7.0, 'minute': 41.0, 'second': 15}
2024-10-25 09:33:53,112 => Epoch 671, lr 0.0001999934994645154
2024-10-25 09:40:10,907 Train Loss: {0.0694}; IoU: {0.8713}; Prec: {0.9294}; Recall: {0.9330}; F1: {0.9312}; Sens: {0.9330}; Spec: {0.9996}; AUC: {0.9663}
2024-10-25 09:41:09,112 Valid Loss: {0.0796}; IoU: {0.8533}; Prec: {0.9330}; Recall: {0.9090}; F1: {0.9209}; Sens: {0.9090}; Spec: {0.9996}; AUC: {0.9543}
2024-10-25 09:41:09,113 current best loss 0.07708422467112541, mIoU 0.8572138547897339
2024-10-25 09:41:09,117 cost time: {'day': 2.0, 'hour': 7.0, 'minute': 48.0, 'second': 31}
2024-10-25 09:41:09,117 => Epoch 672, lr 0.00019999348016091882
2024-10-25 09:47:28,380 Train Loss: {0.0696}; IoU: {0.8710}; Prec: {0.9298}; Recall: {0.9322}; F1: {0.9310}; Sens: {0.9322}; Spec: {0.9996}; AUC: {0.9659}
2024-10-25 09:48:26,597 Valid Loss: {0.0800}; IoU: {0.8526}; Prec: {0.9201}; Recall: {0.9208}; F1: {0.9204}; Sens: {0.9208}; Spec: {0.9995}; AUC: {0.9602}
2024-10-25 09:48:26,597 current best loss 0.07708422467112541, mIoU 0.8572138547897339
2024-10-25 09:48:26,602 cost time: {'day': 2.0, 'hour': 7.0, 'minute': 55.0, 'second': 48}
2024-10-25 09:48:26,603 => Epoch 673, lr 0.00019999346082870433
2024-10-25 09:54:43,639 Train Loss: {0.0697}; IoU: {0.8709}; Prec: {0.9295}; Recall: {0.9325}; F1: {0.9310}; Sens: {0.9325}; Spec: {0.9996}; AUC: {0.9661}
2024-10-25 09:55:41,685 Valid Loss: {0.0788}; IoU: {0.8549}; Prec: {0.9195}; Recall: {0.9240}; F1: {0.9218}; Sens: {0.9240}; Spec: {0.9995}; AUC: {0.9618}
2024-10-25 09:55:41,685 current best loss 0.07708422467112541, mIoU 0.8572138547897339
2024-10-25 09:55:41,690 cost time: {'day': 2.0, 'hour': 8.0, 'minute': 3.0, 'second': 3}
2024-10-25 09:55:41,691 => Epoch 674, lr 0.00019999344146787209
2024-10-25 10:02:03,069 Train Loss: {0.0693}; IoU: {0.8714}; Prec: {0.9294}; Recall: {0.9332}; F1: {0.9313}; Sens: {0.9332}; Spec: {0.9996}; AUC: {0.9664}
2024-10-25 10:03:01,967 Valid Loss: {0.0785}; IoU: {0.8555}; Prec: {0.9329}; Recall: {0.9116}; F1: {0.9221}; Sens: {0.9116}; Spec: {0.9996}; AUC: {0.9556}
2024-10-25 10:03:01,968 current best loss 0.07708422467112541, mIoU 0.8572138547897339
2024-10-25 10:03:01,972 cost time: {'day': 2.0, 'hour': 8.0, 'minute': 10.0, 'second': 24}
2024-10-25 10:03:01,973 => Epoch 675, lr 0.000199993422078422
2024-10-25 10:09:17,600 Train Loss: {0.0699}; IoU: {0.8708}; Prec: {0.9295}; Recall: {0.9324}; F1: {0.9309}; Sens: {0.9324}; Spec: {0.9996}; AUC: {0.9660}
2024-10-25 10:10:15,620 Valid Loss: {0.0801}; IoU: {0.8526}; Prec: {0.9145}; Recall: {0.9264}; F1: {0.9204}; Sens: {0.9264}; Spec: {0.9995}; AUC: {0.9629}
2024-10-25 10:10:15,621 current best loss 0.07708422467112541, mIoU 0.8572138547897339
2024-10-25 10:10:15,625 cost time: {'day': 2.0, 'hour': 8.0, 'minute': 17.0, 'second': 37}
2024-10-25 10:10:15,626 => Epoch 676, lr 0.00019999340266035415
2024-10-25 10:16:28,262 Train Loss: {0.0696}; IoU: {0.8713}; Prec: {0.9303}; Recall: {0.9321}; F1: {0.9312}; Sens: {0.9321}; Spec: {0.9996}; AUC: {0.9659}
2024-10-25 10:17:26,819 Valid Loss: {0.0800}; IoU: {0.8527}; Prec: {0.9215}; Recall: {0.9195}; F1: {0.9205}; Sens: {0.9195}; Spec: {0.9996}; AUC: {0.9595}
2024-10-25 10:17:26,820 current best loss 0.07708422467112541, mIoU 0.8572138547897339
2024-10-25 10:17:26,824 cost time: {'day': 2.0, 'hour': 8.0, 'minute': 24.0, 'second': 48}
2024-10-25 10:17:26,824 => Epoch 677, lr 0.00019999338321366852
2024-10-25 10:23:43,009 Train Loss: {0.0697}; IoU: {0.8709}; Prec: {0.9294}; Recall: {0.9326}; F1: {0.9310}; Sens: {0.9326}; Spec: {0.9996}; AUC: {0.9661}
2024-10-25 10:24:41,681 Valid Loss: {0.0788}; IoU: {0.8547}; Prec: {0.9137}; Recall: {0.9297}; F1: {0.9216}; Sens: {0.9297}; Spec: {0.9995}; AUC: {0.9646}
2024-10-25 10:24:41,682 current best loss 0.07708422467112541, mIoU 0.8572138547897339
2024-10-25 10:24:41,686 cost time: {'day': 2.0, 'hour': 8.0, 'minute': 32.0, 'second': 3}
2024-10-25 10:24:41,686 => Epoch 678, lr 0.00019999336373836512
2024-10-25 10:31:03,881 Train Loss: {0.0696}; IoU: {0.8716}; Prec: {0.9294}; Recall: {0.9334}; F1: {0.9314}; Sens: {0.9334}; Spec: {0.9996}; AUC: {0.9665}
2024-10-25 10:32:02,270 Valid Loss: {0.0794}; IoU: {0.8536}; Prec: {0.9366}; Recall: {0.9060}; F1: {0.9210}; Sens: {0.9060}; Spec: {0.9996}; AUC: {0.9528}
2024-10-25 10:32:02,271 current best loss 0.07708422467112541, mIoU 0.8572138547897339
2024-10-25 10:32:02,275 cost time: {'day': 2.0, 'hour': 8.0, 'minute': 39.0, 'second': 24}
2024-10-25 10:32:02,276 => Epoch 679, lr 0.00019999334423444388
2024-10-25 10:38:20,263 Train Loss: {0.0706}; IoU: {0.8695}; Prec: {0.9294}; Recall: {0.9310}; F1: {0.9302}; Sens: {0.9310}; Spec: {0.9996}; AUC: {0.9653}
2024-10-25 10:39:18,578 Valid Loss: {0.0808}; IoU: {0.8512}; Prec: {0.9217}; Recall: {0.9175}; F1: {0.9196}; Sens: {0.9175}; Spec: {0.9996}; AUC: {0.9585}
2024-10-25 10:39:18,579 current best loss 0.07708422467112541, mIoU 0.8572138547897339
2024-10-25 10:39:18,584 cost time: {'day': 2.0, 'hour': 8.0, 'minute': 46.0, 'second': 40}
2024-10-25 10:39:18,584 => Epoch 680, lr 0.00019999332470190497
2024-10-25 10:45:33,183 Train Loss: {0.0710}; IoU: {0.8684}; Prec: {0.9286}; Recall: {0.9305}; F1: {0.9296}; Sens: {0.9305}; Spec: {0.9996}; AUC: {0.9651}
2024-10-25 10:46:31,027 Valid Loss: {0.0796}; IoU: {0.8533}; Prec: {0.9272}; Recall: {0.9146}; F1: {0.9208}; Sens: {0.9146}; Spec: {0.9996}; AUC: {0.9571}
2024-10-25 10:46:31,028 current best loss 0.07708422467112541, mIoU 0.8572138547897339
2024-10-25 10:46:31,032 cost time: {'day': 2.0, 'hour': 8.0, 'minute': 53.0, 'second': 53}
2024-10-25 10:46:31,033 => Epoch 681, lr 0.0001999933051407482
2024-10-25 10:52:46,141 Train Loss: {0.0700}; IoU: {0.8707}; Prec: {0.9295}; Recall: {0.9322}; F1: {0.9309}; Sens: {0.9322}; Spec: {0.9996}; AUC: {0.9659}
2024-10-25 10:53:44,430 Valid Loss: {0.0794}; IoU: {0.8539}; Prec: {0.9234}; Recall: {0.9189}; F1: {0.9212}; Sens: {0.9189}; Spec: {0.9996}; AUC: {0.9592}
2024-10-25 10:53:44,431 current best loss 0.07708422467112541, mIoU 0.8572138547897339
2024-10-25 10:53:44,435 cost time: {'day': 2.0, 'hour': 9.0, 'minute': 1.0, 'second': 6}
2024-10-25 10:53:44,435 => Epoch 682, lr 0.00019999328555097374
2024-10-25 10:59:57,496 Train Loss: {0.0699}; IoU: {0.8713}; Prec: {0.9297}; Recall: {0.9327}; F1: {0.9312}; Sens: {0.9327}; Spec: {0.9996}; AUC: {0.9662}
2024-10-25 11:00:55,709 Valid Loss: {0.0780}; IoU: {0.8559}; Prec: {0.9218}; Recall: {0.9229}; F1: {0.9224}; Sens: {0.9229}; Spec: {0.9996}; AUC: {0.9612}
2024-10-25 11:00:55,710 current best loss 0.07708422467112541, mIoU 0.8572138547897339
2024-10-25 11:00:55,714 cost time: {'day': 2.0, 'hour': 9.0, 'minute': 8.0, 'second': 17}
2024-10-25 11:00:55,714 => Epoch 683, lr 0.00019999326593258152
2024-10-25 11:07:13,358 Train Loss: {0.0695}; IoU: {0.8715}; Prec: {0.9305}; Recall: {0.9322}; F1: {0.9313}; Sens: {0.9322}; Spec: {0.9996}; AUC: {0.9659}
2024-10-25 11:08:11,766 Valid Loss: {0.0790}; IoU: {0.8541}; Prec: {0.9331}; Recall: {0.9099}; F1: {0.9213}; Sens: {0.9099}; Spec: {0.9996}; AUC: {0.9547}
2024-10-25 11:08:11,767 current best loss 0.07708422467112541, mIoU 0.8572138547897339
2024-10-25 11:08:11,771 cost time: {'day': 2.0, 'hour': 9.0, 'minute': 15.0, 'second': 33}
2024-10-25 11:08:11,771 => Epoch 684, lr 0.00019999324628557156
2024-10-25 11:14:26,888 Train Loss: {0.0696}; IoU: {0.8711}; Prec: {0.9299}; Recall: {0.9324}; F1: {0.9311}; Sens: {0.9324}; Spec: {0.9996}; AUC: {0.9660}
2024-10-25 11:15:24,644 Valid Loss: {0.0779}; IoU: {0.8562}; Prec: {0.9291}; Recall: {0.9161}; F1: {0.9225}; Sens: {0.9161}; Spec: {0.9996}; AUC: {0.9578}
2024-10-25 11:15:24,645 current best loss 0.07708422467112541, mIoU 0.8572138547897339
2024-10-25 11:15:24,649 cost time: {'day': 2.0, 'hour': 9.0, 'minute': 22.0, 'second': 46}
2024-10-25 11:15:24,650 => Epoch 685, lr 0.00019999322660994387
2024-10-25 11:21:37,077 Train Loss: {0.0693}; IoU: {0.8716}; Prec: {0.9307}; Recall: {0.9321}; F1: {0.9314}; Sens: {0.9321}; Spec: {0.9996}; AUC: {0.9658}
2024-10-25 11:22:35,472 Valid Loss: {0.0783}; IoU: {0.8555}; Prec: {0.9241}; Recall: {0.9202}; F1: {0.9221}; Sens: {0.9202}; Spec: {0.9996}; AUC: {0.9599}
2024-10-25 11:22:35,473 current best loss 0.07708422467112541, mIoU 0.8572138547897339
2024-10-25 11:22:35,477 cost time: {'day': 2.0, 'hour': 9.0, 'minute': 29.0, 'second': 57}
2024-10-25 11:22:35,477 => Epoch 686, lr 0.0001999932069056984
2024-10-25 11:28:52,221 Train Loss: {0.0699}; IoU: {0.8706}; Prec: {0.9293}; Recall: {0.9323}; F1: {0.9308}; Sens: {0.9323}; Spec: {0.9996}; AUC: {0.9660}
2024-10-25 11:29:50,463 Valid Loss: {0.0779}; IoU: {0.8561}; Prec: {0.9247}; Recall: {0.9202}; F1: {0.9225}; Sens: {0.9202}; Spec: {0.9996}; AUC: {0.9599}
2024-10-25 11:29:50,464 current best loss 0.07708422467112541, mIoU 0.8572138547897339
2024-10-25 11:29:50,468 cost time: {'day': 2.0, 'hour': 9.0, 'minute': 37.0, 'second': 12}
2024-10-25 11:29:50,468 => Epoch 687, lr 0.0001999931871728352
2024-10-25 11:36:01,406 Train Loss: {0.0702}; IoU: {0.8706}; Prec: {0.9301}; Recall: {0.9316}; F1: {0.9308}; Sens: {0.9316}; Spec: {0.9996}; AUC: {0.9656}
2024-10-25 11:36:58,763 Valid Loss: {0.0786}; IoU: {0.8550}; Prec: {0.9275}; Recall: {0.9162}; F1: {0.9218}; Sens: {0.9162}; Spec: {0.9996}; AUC: {0.9579}
2024-10-25 11:36:58,764 current best loss 0.07708422467112541, mIoU 0.8572138547897339
2024-10-25 11:36:58,768 cost time: {'day': 2.0, 'hour': 9.0, 'minute': 44.0, 'second': 20}
2024-10-25 11:36:58,769 => Epoch 688, lr 0.00019999316741135432
2024-10-25 11:43:20,390 Train Loss: {0.0693}; IoU: {0.8717}; Prec: {0.9299}; Recall: {0.9330}; F1: {0.9314}; Sens: {0.9330}; Spec: {0.9996}; AUC: {0.9663}
2024-10-25 11:44:19,711 Valid Loss: {0.0783}; IoU: {0.8557}; Prec: {0.9244}; Recall: {0.9201}; F1: {0.9222}; Sens: {0.9201}; Spec: {0.9996}; AUC: {0.9598}
2024-10-25 11:44:19,712 current best loss 0.07708422467112541, mIoU 0.8572138547897339
2024-10-25 11:44:19,716 cost time: {'day': 2.0, 'hour': 9.0, 'minute': 51.0, 'second': 41}
2024-10-25 11:44:19,716 => Epoch 689, lr 0.00019999314762125567
2024-10-25 11:50:35,559 Train Loss: {0.0693}; IoU: {0.8714}; Prec: {0.9296}; Recall: {0.9330}; F1: {0.9313}; Sens: {0.9330}; Spec: {0.9996}; AUC: {0.9663}
2024-10-25 11:51:34,139 Valid Loss: {0.0795}; IoU: {0.8533}; Prec: {0.9207}; Recall: {0.9211}; F1: {0.9209}; Sens: {0.9211}; Spec: {0.9995}; AUC: {0.9603}
2024-10-25 11:51:34,141 current best loss 0.07708422467112541, mIoU 0.8572138547897339
2024-10-25 11:51:34,144 cost time: {'day': 2.0, 'hour': 9.0, 'minute': 58.0, 'second': 56}
2024-10-25 11:51:34,145 => Epoch 690, lr 0.0001999931278025394
2024-10-25 11:57:48,473 Train Loss: {0.0694}; IoU: {0.8718}; Prec: {0.9300}; Recall: {0.9330}; F1: {0.9315}; Sens: {0.9330}; Spec: {0.9996}; AUC: {0.9663}
2024-10-25 11:58:45,798 Valid Loss: {0.0779}; IoU: {0.8564}; Prec: {0.9287}; Recall: {0.9166}; F1: {0.9226}; Sens: {0.9166}; Spec: {0.9996}; AUC: {0.9581}
2024-10-25 11:58:45,799 current best loss 0.07708422467112541, mIoU 0.8572138547897339
2024-10-25 11:58:45,803 cost time: {'day': 2.0, 'hour': 10.0, 'minute': 6.0, 'second': 7}
2024-10-25 11:58:45,803 => Epoch 691, lr 0.00019999310795520533
2024-10-25 12:04:58,694 Train Loss: {0.0698}; IoU: {0.8708}; Prec: {0.9294}; Recall: {0.9325}; F1: {0.9310}; Sens: {0.9325}; Spec: {0.9996}; AUC: {0.9661}
2024-10-25 12:05:56,923 Valid Loss: {0.0795}; IoU: {0.8536}; Prec: {0.9327}; Recall: {0.9096}; F1: {0.9210}; Sens: {0.9096}; Spec: {0.9996}; AUC: {0.9546}
2024-10-25 12:05:56,924 current best loss 0.07708422467112541, mIoU 0.8572138547897339
2024-10-25 12:05:56,928 cost time: {'day': 2.0, 'hour': 10.0, 'minute': 13.0, 'second': 19}
2024-10-25 12:05:56,929 => Epoch 692, lr 0.0001999930880792536
2024-10-25 12:12:12,933 Train Loss: {0.0692}; IoU: {0.8719}; Prec: {0.9299}; Recall: {0.9332}; F1: {0.9316}; Sens: {0.9332}; Spec: {0.9996}; AUC: {0.9664}
2024-10-25 12:13:10,629 Valid Loss: {0.0785}; IoU: {0.8553}; Prec: {0.9226}; Recall: {0.9214}; F1: {0.9220}; Sens: {0.9214}; Spec: {0.9996}; AUC: {0.9605}
2024-10-25 12:13:10,631 current best loss 0.07708422467112541, mIoU 0.8572138547897339
2024-10-25 12:13:10,635 cost time: {'day': 2.0, 'hour': 10.0, 'minute': 20.0, 'second': 32}
2024-10-25 12:13:10,635 => Epoch 693, lr 0.00019999306817468422
2024-10-25 12:19:24,460 Train Loss: {0.0692}; IoU: {0.8717}; Prec: {0.9294}; Recall: {0.9334}; F1: {0.9314}; Sens: {0.9334}; Spec: {0.9996}; AUC: {0.9665}
2024-10-25 12:20:22,197 Valid Loss: {0.0785}; IoU: {0.8554}; Prec: {0.9202}; Recall: {0.9240}; F1: {0.9221}; Sens: {0.9240}; Spec: {0.9995}; AUC: {0.9618}
2024-10-25 12:20:22,199 current best loss 0.07708422467112541, mIoU 0.8572138547897339
2024-10-25 12:20:22,203 cost time: {'day': 2.0, 'hour': 10.0, 'minute': 27.0, 'second': 44}
2024-10-25 12:20:22,203 => Epoch 694, lr 0.0001999930482414971
2024-10-25 12:26:41,906 Train Loss: {0.0697}; IoU: {0.8712}; Prec: {0.9303}; Recall: {0.9320}; F1: {0.9312}; Sens: {0.9320}; Spec: {0.9996}; AUC: {0.9658}
2024-10-25 12:27:40,536 Valid Loss: {0.0786}; IoU: {0.8551}; Prec: {0.9209}; Recall: {0.9229}; F1: {0.9219}; Sens: {0.9229}; Spec: {0.9995}; AUC: {0.9612}
2024-10-25 12:27:40,537 current best loss 0.07708422467112541, mIoU 0.8572138547897339
2024-10-25 12:27:40,541 cost time: {'day': 2.0, 'hour': 10.0, 'minute': 35.0, 'second': 2}
2024-10-25 12:27:40,541 => Epoch 695, lr 0.00019999302827969232
2024-10-25 12:33:54,206 Train Loss: {0.0694}; IoU: {0.8714}; Prec: {0.9299}; Recall: {0.9327}; F1: {0.9313}; Sens: {0.9327}; Spec: {0.9996}; AUC: {0.9661}
2024-10-25 12:34:52,122 Valid Loss: {0.0788}; IoU: {0.8547}; Prec: {0.9174}; Recall: {0.9259}; F1: {0.9216}; Sens: {0.9259}; Spec: {0.9995}; AUC: {0.9627}
2024-10-25 12:34:52,123 current best loss 0.07708422467112541, mIoU 0.8572138547897339
2024-10-25 12:34:52,128 cost time: {'day': 2.0, 'hour': 10.0, 'minute': 42.0, 'second': 14}
2024-10-25 12:34:52,128 => Epoch 696, lr 0.0001999930082892699
2024-10-25 12:41:10,740 Train Loss: {0.0695}; IoU: {0.8713}; Prec: {0.9294}; Recall: {0.9330}; F1: {0.9312}; Sens: {0.9330}; Spec: {0.9996}; AUC: {0.9663}
2024-10-25 12:42:08,522 Valid Loss: {0.0801}; IoU: {0.8526}; Prec: {0.9399}; Recall: {0.9018}; F1: {0.9204}; Sens: {0.9018}; Spec: {0.9997}; AUC: {0.9507}
2024-10-25 12:42:08,523 current best loss 0.07708422467112541, mIoU 0.8572138547897339
2024-10-25 12:42:08,527 cost time: {'day': 2.0, 'hour': 10.0, 'minute': 49.0, 'second': 30}
2024-10-25 12:42:08,528 => Epoch 697, lr 0.00019999298827022972
2024-10-25 12:48:21,698 Train Loss: {0.0692}; IoU: {0.8713}; Prec: {0.9300}; Recall: {0.9325}; F1: {0.9312}; Sens: {0.9325}; Spec: {0.9996}; AUC: {0.9660}
2024-10-25 12:49:19,067 Valid Loss: {0.0784}; IoU: {0.8556}; Prec: {0.9273}; Recall: {0.9171}; F1: {0.9222}; Sens: {0.9171}; Spec: {0.9996}; AUC: {0.9584}
2024-10-25 12:49:19,068 current best loss 0.07708422467112541, mIoU 0.8572138547897339
2024-10-25 12:49:19,072 cost time: {'day': 2.0, 'hour': 10.0, 'minute': 56.0, 'second': 41}
2024-10-25 12:49:19,073 => Epoch 698, lr 0.00019999296822257193
2024-10-25 12:55:31,670 Train Loss: {0.0690}; IoU: {0.8719}; Prec: {0.9300}; Recall: {0.9332}; F1: {0.9316}; Sens: {0.9332}; Spec: {0.9996}; AUC: {0.9664}
2024-10-25 12:56:29,243 Valid Loss: {0.0789}; IoU: {0.8545}; Prec: {0.9347}; Recall: {0.9088}; F1: {0.9215}; Sens: {0.9088}; Spec: {0.9996}; AUC: {0.9542}
2024-10-25 12:56:29,244 current best loss 0.07708422467112541, mIoU 0.8572138547897339
2024-10-25 12:56:29,248 cost time: {'day': 2.0, 'hour': 11.0, 'minute': 3.0, 'second': 51}
2024-10-25 12:56:29,248 => Epoch 699, lr 0.00019999294814629655
2024-10-25 13:02:42,435 Train Loss: {0.0699}; IoU: {0.8708}; Prec: {0.9295}; Recall: {0.9323}; F1: {0.9309}; Sens: {0.9323}; Spec: {0.9996}; AUC: {0.9660}
2024-10-25 13:03:40,204 Valid Loss: {0.0786}; IoU: {0.8550}; Prec: {0.9243}; Recall: {0.9195}; F1: {0.9219}; Sens: {0.9195}; Spec: {0.9996}; AUC: {0.9595}
2024-10-25 13:03:40,206 current best loss 0.07708422467112541, mIoU 0.8572138547897339
2024-10-25 13:03:40,210 cost time: {'day': 2.0, 'hour': 11.0, 'minute': 11.0, 'second': 2}
2024-10-25 13:03:40,210 => Epoch 700, lr 0.00019999292804140337
2024-10-25 13:09:52,912 Train Loss: {0.0693}; IoU: {0.8718}; Prec: {0.9299}; Recall: {0.9330}; F1: {0.9315}; Sens: {0.9330}; Spec: {0.9996}; AUC: {0.9663}
2024-10-25 13:10:50,264 Valid Loss: {0.0787}; IoU: {0.8548}; Prec: {0.9284}; Recall: {0.9151}; F1: {0.9217}; Sens: {0.9151}; Spec: {0.9996}; AUC: {0.9574}
2024-10-25 13:11:58,190 Test Loss: {0.0802}; IoU: {0.8535}; Prec: {0.9254}; Recall: {0.9165}; F1: {0.9209}; Sens: {0.9165}; Spec: {0.9996}; AUC: {0.9580}
2024-10-25 13:11:58,190 current best loss 0.07708422467112541, mIoU 0.8572138547897339
2024-10-25 13:11:58,196 cost time: {'day': 2.0, 'hour': 11.0, 'minute': 19.0, 'second': 20}
2024-10-25 13:11:58,196 => Epoch 701, lr 0.00019999290790789266
2024-10-25 13:18:11,076 Train Loss: {0.0693}; IoU: {0.8717}; Prec: {0.9301}; Recall: {0.9328}; F1: {0.9314}; Sens: {0.9328}; Spec: {0.9996}; AUC: {0.9662}
2024-10-25 13:19:08,828 Valid Loss: {0.0786}; IoU: {0.8550}; Prec: {0.9241}; Recall: {0.9195}; F1: {0.9218}; Sens: {0.9195}; Spec: {0.9996}; AUC: {0.9596}
2024-10-25 13:19:08,828 current best loss 0.07708422467112541, mIoU 0.8572138547897339
2024-10-25 13:19:08,832 cost time: {'day': 2.0, 'hour': 11.0, 'minute': 26.0, 'second': 30}
2024-10-25 13:19:08,833 => Epoch 702, lr 0.00019999288774576434
2024-10-25 13:25:24,756 Train Loss: {0.0690}; IoU: {0.8719}; Prec: {0.9304}; Recall: {0.9327}; F1: {0.9316}; Sens: {0.9327}; Spec: {0.9996}; AUC: {0.9661}
2024-10-25 13:26:22,301 Valid Loss: {0.0790}; IoU: {0.8544}; Prec: {0.9121}; Recall: {0.9310}; F1: {0.9215}; Sens: {0.9310}; Spec: {0.9995}; AUC: {0.9652}
2024-10-25 13:26:22,302 current best loss 0.07708422467112541, mIoU 0.8572138547897339
2024-10-25 13:26:22,306 cost time: {'day': 2.0, 'hour': 11.0, 'minute': 33.0, 'second': 44}
2024-10-25 13:26:22,306 => Epoch 703, lr 0.00019999286755501827
2024-10-25 13:32:35,047 Train Loss: {0.0692}; IoU: {0.8712}; Prec: {0.9297}; Recall: {0.9326}; F1: {0.9311}; Sens: {0.9326}; Spec: {0.9996}; AUC: {0.9661}
2024-10-25 13:33:32,805 Valid Loss: {0.0776}; IoU: {0.8569}; Prec: {0.9230}; Recall: {0.9228}; F1: {0.9229}; Sens: {0.9228}; Spec: {0.9996}; AUC: {0.9612}
2024-10-25 13:33:32,807 current best loss 0.07708422467112541, mIoU 0.8572138547897339
2024-10-25 13:33:32,810 cost time: {'day': 2.0, 'hour': 11.0, 'minute': 40.0, 'second': 54}
2024-10-25 13:33:32,811 => Epoch 704, lr 0.00019999284733565468
2024-10-25 13:39:50,413 Train Loss: {0.0692}; IoU: {0.8720}; Prec: {0.9300}; Recall: {0.9332}; F1: {0.9316}; Sens: {0.9332}; Spec: {0.9996}; AUC: {0.9664}
2024-10-25 13:40:48,537 Valid Loss: {0.0784}; IoU: {0.8556}; Prec: {0.9335}; Recall: {0.9111}; F1: {0.9222}; Sens: {0.9111}; Spec: {0.9996}; AUC: {0.9554}
2024-10-25 13:40:48,538 current best loss 0.07708422467112541, mIoU 0.8572138547897339
2024-10-25 13:40:48,542 cost time: {'day': 2.0, 'hour': 11.0, 'minute': 48.0, 'second': 10}
2024-10-25 13:40:48,543 => Epoch 705, lr 0.0001999928270876734
2024-10-25 13:47:00,909 Train Loss: {0.0694}; IoU: {0.8715}; Prec: {0.9292}; Recall: {0.9335}; F1: {0.9313}; Sens: {0.9335}; Spec: {0.9996}; AUC: {0.9665}
2024-10-25 13:47:58,338 Valid Loss: {0.0799}; IoU: {0.8529}; Prec: {0.9325}; Recall: {0.9090}; F1: {0.9206}; Sens: {0.9090}; Spec: {0.9996}; AUC: {0.9543}
2024-10-25 13:47:58,339 current best loss 0.07708422467112541, mIoU 0.8572138547897339
2024-10-25 13:47:58,342 cost time: {'day': 2.0, 'hour': 11.0, 'minute': 55.0, 'second': 20}
2024-10-25 13:47:58,343 => Epoch 706, lr 0.0001999928068110745
2024-10-25 13:54:11,552 Train Loss: {0.0695}; IoU: {0.8716}; Prec: {0.9308}; Recall: {0.9320}; F1: {0.9314}; Sens: {0.9320}; Spec: {0.9996}; AUC: {0.9658}
2024-10-25 13:55:08,908 Valid Loss: {0.0793}; IoU: {0.8539}; Prec: {0.9211}; Recall: {0.9213}; F1: {0.9212}; Sens: {0.9213}; Spec: {0.9995}; AUC: {0.9604}
2024-10-25 13:55:08,910 current best loss 0.07708422467112541, mIoU 0.8572138547897339
2024-10-25 13:55:08,914 cost time: {'day': 2.0, 'hour': 12.0, 'minute': 2.0, 'second': 30}
2024-10-25 13:55:08,914 => Epoch 707, lr 0.0001999927865058581
2024-10-25 14:01:22,312 Train Loss: {0.0687}; IoU: {0.8724}; Prec: {0.9306}; Recall: {0.9331}; F1: {0.9319}; Sens: {0.9331}; Spec: {0.9996}; AUC: {0.9664}
2024-10-25 14:02:19,864 Valid Loss: {0.0785}; IoU: {0.8552}; Prec: {0.9207}; Recall: {0.9233}; F1: {0.9220}; Sens: {0.9233}; Spec: {0.9995}; AUC: {0.9614}
2024-10-25 14:02:19,865 current best loss 0.07708422467112541, mIoU 0.8572138547897339
2024-10-25 14:02:19,869 cost time: {'day': 2.0, 'hour': 12.0, 'minute': 9.0, 'second': 41}
2024-10-25 14:02:19,870 => Epoch 708, lr 0.000199992766172024
2024-10-25 14:08:32,043 Train Loss: {0.0693}; IoU: {0.8715}; Prec: {0.9295}; Recall: {0.9331}; F1: {0.9313}; Sens: {0.9331}; Spec: {0.9996}; AUC: {0.9664}
2024-10-25 14:09:30,336 Valid Loss: {0.0774}; IoU: {0.8571}; Prec: {0.9242}; Recall: {0.9218}; F1: {0.9230}; Sens: {0.9218}; Spec: {0.9996}; AUC: {0.9607}
2024-10-25 14:09:30,337 current best loss 0.07708422467112541, mIoU 0.8572138547897339
2024-10-25 14:09:30,341 cost time: {'day': 2.0, 'hour': 12.0, 'minute': 16.0, 'second': 52}
2024-10-25 14:09:30,342 => Epoch 709, lr 0.00019999274580957235
2024-10-25 14:15:45,277 Train Loss: {0.0686}; IoU: {0.8727}; Prec: {0.9304}; Recall: {0.9337}; F1: {0.9320}; Sens: {0.9337}; Spec: {0.9996}; AUC: {0.9667}
2024-10-25 14:16:43,939 Valid Loss: {0.0787}; IoU: {0.8548}; Prec: {0.9238}; Recall: {0.9196}; F1: {0.9217}; Sens: {0.9196}; Spec: {0.9996}; AUC: {0.9596}
2024-10-25 14:16:43,940 current best loss 0.07708422467112541, mIoU 0.8572138547897339
2024-10-25 14:16:43,944 cost time: {'day': 2.0, 'hour': 12.0, 'minute': 24.0, 'second': 6}
2024-10-25 14:16:43,944 => Epoch 710, lr 0.00019999272541850306
2024-10-25 14:23:01,300 Train Loss: {0.0693}; IoU: {0.8714}; Prec: {0.9298}; Recall: {0.9328}; F1: {0.9313}; Sens: {0.9328}; Spec: {0.9996}; AUC: {0.9662}
2024-10-25 14:23:59,502 Valid Loss: {0.0795}; IoU: {0.8535}; Prec: {0.9251}; Recall: {0.9168}; F1: {0.9209}; Sens: {0.9168}; Spec: {0.9996}; AUC: {0.9582}
2024-10-25 14:23:59,503 current best loss 0.07708422467112541, mIoU 0.8572138547897339
2024-10-25 14:23:59,507 cost time: {'day': 2.0, 'hour': 12.0, 'minute': 31.0, 'second': 21}
2024-10-25 14:23:59,507 => Epoch 711, lr 0.00019999270499881623
2024-10-25 14:30:16,150 Train Loss: {0.0694}; IoU: {0.8714}; Prec: {0.9298}; Recall: {0.9328}; F1: {0.9313}; Sens: {0.9328}; Spec: {0.9996}; AUC: {0.9662}
2024-10-25 14:31:15,632 Valid Loss: {0.0790}; IoU: {0.8542}; Prec: {0.9360}; Recall: {0.9072}; F1: {0.9214}; Sens: {0.9072}; Spec: {0.9996}; AUC: {0.9534}
2024-10-25 14:31:15,632 current best loss 0.07708422467112541, mIoU 0.8572138547897339
2024-10-25 14:31:15,637 cost time: {'day': 2.0, 'hour': 12.0, 'minute': 38.0, 'second': 37}
2024-10-25 14:31:15,638 => Epoch 712, lr 0.00019999268455051184
2024-10-25 14:37:37,828 Train Loss: {0.0692}; IoU: {0.8715}; Prec: {0.9301}; Recall: {0.9326}; F1: {0.9313}; Sens: {0.9326}; Spec: {0.9996}; AUC: {0.9661}
2024-10-25 14:38:36,930 Valid Loss: {0.0792}; IoU: {0.8541}; Prec: {0.9187}; Recall: {0.9239}; F1: {0.9213}; Sens: {0.9239}; Spec: {0.9995}; AUC: {0.9617}
2024-10-25 14:38:36,931 current best loss 0.07708422467112541, mIoU 0.8572138547897339
2024-10-25 14:38:36,934 cost time: {'day': 2.0, 'hour': 12.0, 'minute': 45.0, 'second': 59}
2024-10-25 14:38:36,935 => Epoch 713, lr 0.00019999266407358984
2024-10-25 14:44:56,989 Train Loss: {0.0696}; IoU: {0.8715}; Prec: {0.9294}; Recall: {0.9332}; F1: {0.9313}; Sens: {0.9332}; Spec: {0.9996}; AUC: {0.9664}
2024-10-25 14:45:56,007 Valid Loss: {0.0790}; IoU: {0.8544}; Prec: {0.9220}; Recall: {0.9210}; F1: {0.9215}; Sens: {0.9210}; Spec: {0.9996}; AUC: {0.9603}
2024-10-25 14:45:56,008 current best loss 0.07708422467112541, mIoU 0.8572138547897339
2024-10-25 14:45:56,011 cost time: {'day': 2.0, 'hour': 12.0, 'minute': 53.0, 'second': 18}
2024-10-25 14:45:56,012 => Epoch 714, lr 0.00019999264356805032
2024-10-25 14:52:13,089 Train Loss: {0.0695}; IoU: {0.8717}; Prec: {0.9298}; Recall: {0.9331}; F1: {0.9314}; Sens: {0.9331}; Spec: {0.9996}; AUC: {0.9663}
2024-10-25 14:53:11,226 Valid Loss: {0.0782}; IoU: {0.8556}; Prec: {0.9282}; Recall: {0.9162}; F1: {0.9222}; Sens: {0.9162}; Spec: {0.9996}; AUC: {0.9579}
2024-10-25 14:53:11,227 current best loss 0.07708422467112541, mIoU 0.8572138547897339
2024-10-25 14:53:11,232 cost time: {'day': 2.0, 'hour': 13.0, 'minute': 0.0, 'second': 33}
2024-10-25 14:53:11,232 => Epoch 715, lr 0.00019999262303389316
2024-10-25 14:59:27,909 Train Loss: {0.0695}; IoU: {0.8715}; Prec: {0.9295}; Recall: {0.9331}; F1: {0.9313}; Sens: {0.9331}; Spec: {0.9996}; AUC: {0.9664}
2024-10-25 15:00:26,080 Valid Loss: {0.0785}; IoU: {0.8551}; Prec: {0.9296}; Recall: {0.9144}; F1: {0.9219}; Sens: {0.9144}; Spec: {0.9996}; AUC: {0.9570}
2024-10-25 15:00:26,081 current best loss 0.07708422467112541, mIoU 0.8572138547897339
2024-10-25 15:00:26,085 cost time: {'day': 2.0, 'hour': 13.0, 'minute': 7.0, 'second': 48}
2024-10-25 15:00:26,085 => Epoch 716, lr 0.0001999926024711185
2024-10-25 15:06:41,513 Train Loss: {0.0689}; IoU: {0.8722}; Prec: {0.9306}; Recall: {0.9329}; F1: {0.9317}; Sens: {0.9329}; Spec: {0.9996}; AUC: {0.9662}
2024-10-25 15:07:39,183 Valid Loss: {0.0781}; IoU: {0.8560}; Prec: {0.9201}; Recall: {0.9248}; F1: {0.9224}; Sens: {0.9248}; Spec: {0.9995}; AUC: {0.9622}
2024-10-25 15:07:39,184 current best loss 0.07708422467112541, mIoU 0.8572138547897339
2024-10-25 15:07:39,189 cost time: {'day': 2.0, 'hour': 13.0, 'minute': 15.0, 'second': 1}
2024-10-25 15:07:39,189 => Epoch 717, lr 0.0001999925818797263
2024-10-25 15:13:54,370 Train Loss: {0.0692}; IoU: {0.8718}; Prec: {0.9310}; Recall: {0.9320}; F1: {0.9315}; Sens: {0.9320}; Spec: {0.9996}; AUC: {0.9658}
2024-10-25 15:14:52,241 Valid Loss: {0.0778}; IoU: {0.8565}; Prec: {0.9292}; Recall: {0.9164}; F1: {0.9227}; Sens: {0.9164}; Spec: {0.9996}; AUC: {0.9580}
2024-10-25 15:14:52,242 current best loss 0.07708422467112541, mIoU 0.8572138547897339
2024-10-25 15:14:52,245 cost time: {'day': 2.0, 'hour': 13.0, 'minute': 22.0, 'second': 14}
2024-10-25 15:14:52,246 => Epoch 718, lr 0.00019999256125971654
2024-10-25 15:21:07,487 Train Loss: {0.0691}; IoU: {0.8720}; Prec: {0.9302}; Recall: {0.9330}; F1: {0.9316}; Sens: {0.9330}; Spec: {0.9996}; AUC: {0.9663}
2024-10-25 15:22:05,339 Valid Loss: {0.0785}; IoU: {0.8553}; Prec: {0.9393}; Recall: {0.9053}; F1: {0.9220}; Sens: {0.9053}; Spec: {0.9997}; AUC: {0.9525}
2024-10-25 15:22:05,340 current best loss 0.07708422467112541, mIoU 0.8572138547897339
2024-10-25 15:22:05,345 cost time: {'day': 2.0, 'hour': 13.0, 'minute': 29.0, 'second': 27}
2024-10-25 15:22:05,345 => Epoch 719, lr 0.00019999254061108928
2024-10-25 15:28:21,788 Train Loss: {0.0691}; IoU: {0.8720}; Prec: {0.9302}; Recall: {0.9330}; F1: {0.9316}; Sens: {0.9330}; Spec: {0.9996}; AUC: {0.9663}
2024-10-25 15:29:20,379 Valid Loss: {0.0783}; IoU: {0.8556}; Prec: {0.9263}; Recall: {0.9181}; F1: {0.9222}; Sens: {0.9181}; Spec: {0.9996}; AUC: {0.9588}
2024-10-25 15:29:20,380 current best loss 0.07708422467112541, mIoU 0.8572138547897339
2024-10-25 15:29:20,384 cost time: {'day': 2.0, 'hour': 13.0, 'minute': 36.0, 'second': 42}
2024-10-25 15:29:20,385 => Epoch 720, lr 0.00019999251993384445
2024-10-25 15:35:41,017 Train Loss: {0.0687}; IoU: {0.8726}; Prec: {0.9311}; Recall: {0.9328}; F1: {0.9320}; Sens: {0.9328}; Spec: {0.9996}; AUC: {0.9662}
2024-10-25 15:36:40,564 Valid Loss: {0.0790}; IoU: {0.8545}; Prec: {0.9221}; Recall: {0.9210}; F1: {0.9215}; Sens: {0.9210}; Spec: {0.9996}; AUC: {0.9603}
2024-10-25 15:36:40,565 current best loss 0.07708422467112541, mIoU 0.8572138547897339
2024-10-25 15:36:40,570 cost time: {'day': 2.0, 'hour': 13.0, 'minute': 44.0, 'second': 2}
2024-10-25 15:36:40,570 => Epoch 721, lr 0.00019999249922798208
2024-10-25 15:43:01,183 Train Loss: {0.0690}; IoU: {0.8719}; Prec: {0.9305}; Recall: {0.9327}; F1: {0.9316}; Sens: {0.9327}; Spec: {0.9996}; AUC: {0.9662}
2024-10-25 15:43:59,846 Valid Loss: {0.0782}; IoU: {0.8558}; Prec: {0.9281}; Recall: {0.9166}; F1: {0.9223}; Sens: {0.9166}; Spec: {0.9996}; AUC: {0.9581}
2024-10-25 15:43:59,848 current best loss 0.07708422467112541, mIoU 0.8572138547897339
2024-10-25 15:43:59,851 cost time: {'day': 2.0, 'hour': 13.0, 'minute': 51.0, 'second': 21}
2024-10-25 15:43:59,851 => Epoch 722, lr 0.00019999247849350227
2024-10-25 15:50:19,574 Train Loss: {0.0693}; IoU: {0.8715}; Prec: {0.9291}; Recall: {0.9335}; F1: {0.9313}; Sens: {0.9335}; Spec: {0.9996}; AUC: {0.9666}
2024-10-25 15:51:19,281 Valid Loss: {0.0785}; IoU: {0.8552}; Prec: {0.9246}; Recall: {0.9192}; F1: {0.9219}; Sens: {0.9192}; Spec: {0.9996}; AUC: {0.9594}
2024-10-25 15:51:19,282 current best loss 0.07708422467112541, mIoU 0.8572138547897339
2024-10-25 15:51:19,286 cost time: {'day': 2.0, 'hour': 13.0, 'minute': 58.0, 'second': 41}
2024-10-25 15:51:19,286 => Epoch 723, lr 0.00019999245773040492
2024-10-25 15:57:38,984 Train Loss: {0.0691}; IoU: {0.8720}; Prec: {0.9292}; Recall: {0.9340}; F1: {0.9316}; Sens: {0.9340}; Spec: {0.9996}; AUC: {0.9668}
2024-10-25 15:58:37,534 Valid Loss: {0.0799}; IoU: {0.8526}; Prec: {0.9133}; Recall: {0.9277}; F1: {0.9204}; Sens: {0.9277}; Spec: {0.9995}; AUC: {0.9636}
2024-10-25 15:58:37,534 current best loss 0.07708422467112541, mIoU 0.8572138547897339
2024-10-25 15:58:37,539 cost time: {'day': 2.0, 'hour': 14.0, 'minute': 5.0, 'second': 59}
2024-10-25 15:58:37,540 => Epoch 724, lr 0.00019999243693869008
2024-10-25 16:04:57,496 Train Loss: {0.0686}; IoU: {0.8727}; Prec: {0.9304}; Recall: {0.9337}; F1: {0.9320}; Sens: {0.9337}; Spec: {0.9996}; AUC: {0.9666}
2024-10-25 16:05:57,139 Valid Loss: {0.0805}; IoU: {0.8517}; Prec: {0.9393}; Recall: {0.9013}; F1: {0.9199}; Sens: {0.9013}; Spec: {0.9997}; AUC: {0.9505}
2024-10-25 16:05:57,140 current best loss 0.07708422467112541, mIoU 0.8572138547897339
2024-10-25 16:05:57,145 cost time: {'day': 2.0, 'hour': 14.0, 'minute': 13.0, 'second': 19}
2024-10-25 16:05:57,145 => Epoch 725, lr 0.00019999241611835775
2024-10-25 16:12:17,066 Train Loss: {0.0693}; IoU: {0.8714}; Prec: {0.9299}; Recall: {0.9326}; F1: {0.9313}; Sens: {0.9326}; Spec: {0.9996}; AUC: {0.9661}
2024-10-25 16:13:16,605 Valid Loss: {0.0781}; IoU: {0.8562}; Prec: {0.9260}; Recall: {0.9190}; F1: {0.9225}; Sens: {0.9190}; Spec: {0.9996}; AUC: {0.9593}
2024-10-25 16:13:16,605 current best loss 0.07708422467112541, mIoU 0.8572138547897339
2024-10-25 16:13:16,610 cost time: {'day': 2.0, 'hour': 14.0, 'minute': 20.0, 'second': 38}
2024-10-25 16:13:16,610 => Epoch 726, lr 0.00019999239526940794
2024-10-25 16:19:38,772 Train Loss: {0.0693}; IoU: {0.8720}; Prec: {0.9299}; Recall: {0.9334}; F1: {0.9317}; Sens: {0.9334}; Spec: {0.9996}; AUC: {0.9665}
2024-10-25 16:20:37,906 Valid Loss: {0.0773}; IoU: {0.8573}; Prec: {0.9247}; Recall: {0.9217}; F1: {0.9232}; Sens: {0.9217}; Spec: {0.9996}; AUC: {0.9606}
2024-10-25 16:20:37,907 current best loss 0.07708422467112541, mIoU 0.857306182384491
2024-10-25 16:20:38,135 save checkpoint (epoch 726) in logs/nasunet/train/flame1/20241024-092318  dur_time: {'day': 2.0, 'hour': 14.0, 'minute': 28.0, 'second': 0}
2024-10-25 16:20:38,138 cost time: {'day': 2.0, 'hour': 14.0, 'minute': 28.0, 'second': 0}
2024-10-25 16:20:38,138 => Epoch 727, lr 0.0001999923743918406
2024-10-25 16:27:01,429 Train Loss: {0.0688}; IoU: {0.8724}; Prec: {0.9302}; Recall: {0.9335}; F1: {0.9318}; Sens: {0.9335}; Spec: {0.9996}; AUC: {0.9665}
2024-10-25 16:28:00,541 Valid Loss: {0.0787}; IoU: {0.8552}; Prec: {0.9306}; Recall: {0.9135}; F1: {0.9219}; Sens: {0.9135}; Spec: {0.9996}; AUC: {0.9565}
2024-10-25 16:28:00,543 current best loss 0.07708422467112541, mIoU 0.857306182384491
2024-10-25 16:28:00,547 cost time: {'day': 2.0, 'hour': 14.0, 'minute': 35.0, 'second': 22}
2024-10-25 16:28:00,547 => Epoch 728, lr 0.00019999235348565578
2024-10-25 16:34:17,357 Train Loss: {0.0693}; IoU: {0.8719}; Prec: {0.9297}; Recall: {0.9334}; F1: {0.9316}; Sens: {0.9334}; Spec: {0.9996}; AUC: {0.9665}
2024-10-25 16:35:15,612 Valid Loss: {0.0787}; IoU: {0.8550}; Prec: {0.9324}; Recall: {0.9115}; F1: {0.9218}; Sens: {0.9115}; Spec: {0.9996}; AUC: {0.9556}
2024-10-25 16:35:15,613 current best loss 0.07708422467112541, mIoU 0.857306182384491
2024-10-25 16:35:15,617 cost time: {'day': 2.0, 'hour': 14.0, 'minute': 42.0, 'second': 37}
2024-10-25 16:35:15,617 => Epoch 729, lr 0.00019999233255085352
2024-10-25 16:41:30,351 Train Loss: {0.0691}; IoU: {0.8720}; Prec: {0.9305}; Recall: {0.9328}; F1: {0.9316}; Sens: {0.9328}; Spec: {0.9996}; AUC: {0.9662}
2024-10-25 16:42:27,935 Valid Loss: {0.0782}; IoU: {0.8557}; Prec: {0.9257}; Recall: {0.9188}; F1: {0.9223}; Sens: {0.9188}; Spec: {0.9996}; AUC: {0.9592}
2024-10-25 16:42:27,935 current best loss 0.07708422467112541, mIoU 0.857306182384491
2024-10-25 16:42:27,940 cost time: {'day': 2.0, 'hour': 14.0, 'minute': 49.0, 'second': 50}
2024-10-25 16:42:27,941 => Epoch 730, lr 0.0001999923115874338
2024-10-25 16:48:42,258 Train Loss: {0.0688}; IoU: {0.8722}; Prec: {0.9296}; Recall: {0.9339}; F1: {0.9317}; Sens: {0.9339}; Spec: {0.9996}; AUC: {0.9667}
2024-10-25 16:49:39,984 Valid Loss: {0.0790}; IoU: {0.8544}; Prec: {0.9371}; Recall: {0.9064}; F1: {0.9215}; Sens: {0.9064}; Spec: {0.9997}; AUC: {0.9530}
2024-10-25 16:49:39,985 current best loss 0.07708422467112541, mIoU 0.857306182384491
2024-10-25 16:49:39,989 cost time: {'day': 2.0, 'hour': 14.0, 'minute': 57.0, 'second': 2}
2024-10-25 16:49:39,989 => Epoch 731, lr 0.00019999229059539661
2024-10-25 16:55:53,301 Train Loss: {0.0687}; IoU: {0.8722}; Prec: {0.9303}; Recall: {0.9331}; F1: {0.9317}; Sens: {0.9331}; Spec: {0.9996}; AUC: {0.9664}
2024-10-25 16:56:51,236 Valid Loss: {0.0774}; IoU: {0.8570}; Prec: {0.9286}; Recall: {0.9175}; F1: {0.9230}; Sens: {0.9175}; Spec: {0.9996}; AUC: {0.9585}
2024-10-25 16:56:51,237 current best loss 0.07708422467112541, mIoU 0.857306182384491
2024-10-25 16:56:51,241 cost time: {'day': 2.0, 'hour': 15.0, 'minute': 4.0, 'second': 13}
2024-10-25 16:56:51,242 => Epoch 732, lr 0.00019999226957474205
2024-10-25 17:03:07,451 Train Loss: {0.0695}; IoU: {0.8713}; Prec: {0.9291}; Recall: {0.9333}; F1: {0.9312}; Sens: {0.9333}; Spec: {0.9996}; AUC: {0.9665}
2024-10-25 17:04:05,316 Valid Loss: {0.0789}; IoU: {0.8547}; Prec: {0.9293}; Recall: {0.9141}; F1: {0.9216}; Sens: {0.9141}; Spec: {0.9996}; AUC: {0.9569}
2024-10-25 17:04:05,318 current best loss 0.07708422467112541, mIoU 0.857306182384491
2024-10-25 17:04:05,322 cost time: {'day': 2.0, 'hour': 15.0, 'minute': 11.0, 'second': 27}
2024-10-25 17:04:05,322 => Epoch 733, lr 0.00019999224852546992
2024-10-25 17:10:22,489 Train Loss: {0.0692}; IoU: {0.8719}; Prec: {0.9296}; Recall: {0.9336}; F1: {0.9316}; Sens: {0.9336}; Spec: {0.9996}; AUC: {0.9666}
2024-10-25 17:11:20,880 Valid Loss: {0.0793}; IoU: {0.8541}; Prec: {0.9188}; Recall: {0.9239}; F1: {0.9213}; Sens: {0.9239}; Spec: {0.9995}; AUC: {0.9617}
2024-10-25 17:11:20,881 current best loss 0.07708422467112541, mIoU 0.857306182384491
2024-10-25 17:11:20,885 cost time: {'day': 2.0, 'hour': 15.0, 'minute': 18.0, 'second': 42}
2024-10-25 17:11:20,886 => Epoch 734, lr 0.0001999922274475804
2024-10-25 17:17:35,255 Train Loss: {0.0694}; IoU: {0.8717}; Prec: {0.9295}; Recall: {0.9334}; F1: {0.9314}; Sens: {0.9334}; Spec: {0.9996}; AUC: {0.9665}
2024-10-25 17:18:33,679 Valid Loss: {0.0785}; IoU: {0.8552}; Prec: {0.9372}; Recall: {0.9072}; F1: {0.9219}; Sens: {0.9072}; Spec: {0.9997}; AUC: {0.9534}
2024-10-25 17:18:33,681 current best loss 0.07708422467112541, mIoU 0.857306182384491
2024-10-25 17:18:33,685 cost time: {'day': 2.0, 'hour': 15.0, 'minute': 25.0, 'second': 55}
2024-10-25 17:18:33,685 => Epoch 735, lr 0.00019999220634107345
2024-10-25 17:24:48,073 Train Loss: {0.0687}; IoU: {0.8728}; Prec: {0.9306}; Recall: {0.9335}; F1: {0.9321}; Sens: {0.9335}; Spec: {0.9996}; AUC: {0.9666}
2024-10-25 17:25:46,469 Valid Loss: {0.0789}; IoU: {0.8546}; Prec: {0.9134}; Recall: {0.9299}; F1: {0.9216}; Sens: {0.9299}; Spec: {0.9995}; AUC: {0.9647}
2024-10-25 17:25:46,470 current best loss 0.07708422467112541, mIoU 0.857306182384491
2024-10-25 17:25:46,474 cost time: {'day': 2.0, 'hour': 15.0, 'minute': 33.0, 'second': 8}
2024-10-25 17:25:46,474 => Epoch 736, lr 0.000199992185205949
2024-10-25 17:32:04,564 Train Loss: {0.0687}; IoU: {0.8726}; Prec: {0.9307}; Recall: {0.9332}; F1: {0.9320}; Sens: {0.9332}; Spec: {0.9996}; AUC: {0.9664}
2024-10-25 17:33:03,410 Valid Loss: {0.0779}; IoU: {0.8566}; Prec: {0.9269}; Recall: {0.9187}; F1: {0.9227}; Sens: {0.9187}; Spec: {0.9996}; AUC: {0.9591}
2024-10-25 17:33:03,411 current best loss 0.07708422467112541, mIoU 0.857306182384491
2024-10-25 17:33:03,415 cost time: {'day': 2.0, 'hour': 15.0, 'minute': 40.0, 'second': 25}
2024-10-25 17:33:03,415 => Epoch 737, lr 0.00019999216404220725
2024-10-25 17:39:22,010 Train Loss: {0.0692}; IoU: {0.8719}; Prec: {0.9302}; Recall: {0.9329}; F1: {0.9316}; Sens: {0.9329}; Spec: {0.9996}; AUC: {0.9663}
2024-10-25 17:40:20,315 Valid Loss: {0.0783}; IoU: {0.8557}; Prec: {0.9203}; Recall: {0.9243}; F1: {0.9223}; Sens: {0.9243}; Spec: {0.9995}; AUC: {0.9619}
2024-10-25 17:40:20,316 current best loss 0.07708422467112541, mIoU 0.857306182384491
2024-10-25 17:40:20,321 cost time: {'day': 2.0, 'hour': 15.0, 'minute': 47.0, 'second': 42}
2024-10-25 17:40:20,321 => Epoch 738, lr 0.00019999214284984804
2024-10-25 17:46:39,234 Train Loss: {0.0689}; IoU: {0.8723}; Prec: {0.9298}; Recall: {0.9337}; F1: {0.9318}; Sens: {0.9337}; Spec: {0.9996}; AUC: {0.9667}
2024-10-25 17:47:38,597 Valid Loss: {0.0773}; IoU: {0.8572}; Prec: {0.9260}; Recall: {0.9202}; F1: {0.9231}; Sens: {0.9202}; Spec: {0.9996}; AUC: {0.9599}
2024-10-25 17:47:38,597 current best loss 0.07708422467112541, mIoU 0.857306182384491
2024-10-25 17:47:38,603 cost time: {'day': 2.0, 'hour': 15.0, 'minute': 55.0, 'second': 0}
2024-10-25 17:47:38,603 => Epoch 739, lr 0.00019999212162887138
2024-10-25 17:54:03,541 Train Loss: {0.0684}; IoU: {0.8729}; Prec: {0.9300}; Recall: {0.9343}; F1: {0.9321}; Sens: {0.9343}; Spec: {0.9996}; AUC: {0.9669}
2024-10-25 17:55:02,492 Valid Loss: {0.0784}; IoU: {0.8557}; Prec: {0.9250}; Recall: {0.9195}; F1: {0.9222}; Sens: {0.9195}; Spec: {0.9996}; AUC: {0.9595}
2024-10-25 17:55:02,493 current best loss 0.07708422467112541, mIoU 0.857306182384491
2024-10-25 17:55:02,497 cost time: {'day': 2.0, 'hour': 16.0, 'minute': 2.0, 'second': 24}
2024-10-25 17:55:02,497 => Epoch 740, lr 0.0001999921003792774
2024-10-25 18:01:24,052 Train Loss: {0.0688}; IoU: {0.8726}; Prec: {0.9304}; Recall: {0.9336}; F1: {0.9320}; Sens: {0.9336}; Spec: {0.9996}; AUC: {0.9666}
2024-10-25 18:02:22,766 Valid Loss: {0.0787}; IoU: {0.8549}; Prec: {0.9184}; Recall: {0.9252}; F1: {0.9218}; Sens: {0.9252}; Spec: {0.9995}; AUC: {0.9624}
2024-10-25 18:02:22,768 current best loss 0.07708422467112541, mIoU 0.857306182384491
2024-10-25 18:02:22,771 cost time: {'day': 2.0, 'hour': 16.0, 'minute': 9.0, 'second': 44}
2024-10-25 18:02:22,772 => Epoch 741, lr 0.00019999207910106597
2024-10-25 18:08:38,811 Train Loss: {0.0691}; IoU: {0.8720}; Prec: {0.9305}; Recall: {0.9327}; F1: {0.9316}; Sens: {0.9327}; Spec: {0.9996}; AUC: {0.9662}
2024-10-25 18:09:37,714 Valid Loss: {0.0779}; IoU: {0.8562}; Prec: {0.9186}; Recall: {0.9266}; F1: {0.9225}; Sens: {0.9266}; Spec: {0.9995}; AUC: {0.9630}
2024-10-25 18:09:37,715 current best loss 0.07708422467112541, mIoU 0.857306182384491
2024-10-25 18:09:37,719 cost time: {'day': 2.0, 'hour': 16.0, 'minute': 16.0, 'second': 59}
2024-10-25 18:09:37,719 => Epoch 742, lr 0.00019999205779423722
2024-10-25 18:15:51,685 Train Loss: {0.0687}; IoU: {0.8725}; Prec: {0.9305}; Recall: {0.9333}; F1: {0.9319}; Sens: {0.9333}; Spec: {0.9996}; AUC: {0.9664}
2024-10-25 18:16:50,055 Valid Loss: {0.0784}; IoU: {0.8555}; Prec: {0.9260}; Recall: {0.9182}; F1: {0.9221}; Sens: {0.9182}; Spec: {0.9996}; AUC: {0.9589}
2024-10-25 18:16:50,057 current best loss 0.07708422467112541, mIoU 0.857306182384491
2024-10-25 18:16:50,061 cost time: {'day': 2.0, 'hour': 16.0, 'minute': 24.0, 'second': 12}
2024-10-25 18:16:50,062 => Epoch 743, lr 0.00019999203645879106
2024-10-25 18:23:06,819 Train Loss: {0.0688}; IoU: {0.8723}; Prec: {0.9301}; Recall: {0.9335}; F1: {0.9318}; Sens: {0.9335}; Spec: {0.9996}; AUC: {0.9666}
2024-10-25 18:24:04,386 Valid Loss: {0.0777}; IoU: {0.8566}; Prec: {0.9264}; Recall: {0.9192}; F1: {0.9228}; Sens: {0.9192}; Spec: {0.9996}; AUC: {0.9594}
2024-10-25 18:24:04,387 current best loss 0.07708422467112541, mIoU 0.857306182384491
2024-10-25 18:24:04,391 cost time: {'day': 2.0, 'hour': 16.0, 'minute': 31.0, 'second': 26}
2024-10-25 18:24:04,391 => Epoch 744, lr 0.00019999201509472746
2024-10-25 18:30:17,070 Train Loss: {0.0694}; IoU: {0.8724}; Prec: {0.9302}; Recall: {0.9334}; F1: {0.9318}; Sens: {0.9334}; Spec: {0.9996}; AUC: {0.9665}
2024-10-25 18:31:15,141 Valid Loss: {0.0780}; IoU: {0.8558}; Prec: {0.9265}; Recall: {0.9182}; F1: {0.9223}; Sens: {0.9182}; Spec: {0.9996}; AUC: {0.9589}
2024-10-25 18:31:15,142 current best loss 0.07708422467112541, mIoU 0.857306182384491
2024-10-25 18:31:15,146 cost time: {'day': 2.0, 'hour': 16.0, 'minute': 38.0, 'second': 37}
2024-10-25 18:31:15,147 => Epoch 745, lr 0.00019999199370204657
2024-10-25 18:37:27,270 Train Loss: {0.0686}; IoU: {0.8727}; Prec: {0.9308}; Recall: {0.9333}; F1: {0.9320}; Sens: {0.9333}; Spec: {0.9996}; AUC: {0.9665}
2024-10-25 18:38:24,702 Valid Loss: {0.0790}; IoU: {0.8542}; Prec: {0.9218}; Recall: {0.9210}; F1: {0.9214}; Sens: {0.9210}; Spec: {0.9996}; AUC: {0.9603}
2024-10-25 18:38:24,702 current best loss 0.07708422467112541, mIoU 0.857306182384491
2024-10-25 18:38:24,706 cost time: {'day': 2.0, 'hour': 16.0, 'minute': 45.0, 'second': 46}
2024-10-25 18:38:24,706 => Epoch 746, lr 0.0001999919722807483
2024-10-25 18:44:43,509 Train Loss: {0.0684}; IoU: {0.8732}; Prec: {0.9306}; Recall: {0.9340}; F1: {0.9323}; Sens: {0.9340}; Spec: {0.9996}; AUC: {0.9668}
2024-10-25 18:45:42,862 Valid Loss: {0.0779}; IoU: {0.8563}; Prec: {0.9254}; Recall: {0.9198}; F1: {0.9226}; Sens: {0.9198}; Spec: {0.9996}; AUC: {0.9597}
2024-10-25 18:45:42,863 current best loss 0.07708422467112541, mIoU 0.857306182384491
2024-10-25 18:45:42,868 cost time: {'day': 2.0, 'hour': 16.0, 'minute': 53.0, 'second': 4}
2024-10-25 18:45:42,868 => Epoch 747, lr 0.00019999195083083266
2024-10-25 18:52:04,046 Train Loss: {0.0687}; IoU: {0.8731}; Prec: {0.9301}; Recall: {0.9345}; F1: {0.9323}; Sens: {0.9345}; Spec: {0.9996}; AUC: {0.9670}
2024-10-25 18:53:02,727 Valid Loss: {0.0779}; IoU: {0.8563}; Prec: {0.9225}; Recall: {0.9227}; F1: {0.9226}; Sens: {0.9227}; Spec: {0.9996}; AUC: {0.9612}
2024-10-25 18:53:02,728 current best loss 0.07708422467112541, mIoU 0.857306182384491
2024-10-25 18:53:02,733 cost time: {'day': 2.0, 'hour': 17.0, 'minute': 0.0, 'second': 24}
2024-10-25 18:53:02,733 => Epoch 748, lr 0.00019999192935229963
2024-10-25 18:59:21,454 Train Loss: {0.0685}; IoU: {0.8731}; Prec: {0.9302}; Recall: {0.9343}; F1: {0.9322}; Sens: {0.9343}; Spec: {0.9996}; AUC: {0.9670}
2024-10-25 19:00:20,629 Valid Loss: {0.0776}; IoU: {0.8567}; Prec: {0.9216}; Recall: {0.9240}; F1: {0.9228}; Sens: {0.9240}; Spec: {0.9996}; AUC: {0.9618}
2024-10-25 19:00:20,630 current best loss 0.07708422467112541, mIoU 0.857306182384491
2024-10-25 19:00:20,633 cost time: {'day': 2.0, 'hour': 17.0, 'minute': 7.0, 'second': 42}
2024-10-25 19:00:20,634 => Epoch 749, lr 0.00019999190784514932
2024-10-25 19:06:42,733 Train Loss: {0.0686}; IoU: {0.8730}; Prec: {0.9309}; Recall: {0.9335}; F1: {0.9322}; Sens: {0.9335}; Spec: {0.9996}; AUC: {0.9665}
2024-10-25 19:07:41,710 Valid Loss: {0.0782}; IoU: {0.8556}; Prec: {0.9189}; Recall: {0.9255}; F1: {0.9222}; Sens: {0.9255}; Spec: {0.9995}; AUC: {0.9625}
2024-10-25 19:07:41,712 current best loss 0.07708422467112541, mIoU 0.857306182384491
2024-10-25 19:07:41,716 cost time: {'day': 2.0, 'hour': 17.0, 'minute': 15.0, 'second': 3}
2024-10-25 19:07:41,716 => Epoch 750, lr 0.00019999188630938166
2024-10-25 19:14:00,345 Train Loss: {0.0686}; IoU: {0.8730}; Prec: {0.9305}; Recall: {0.9339}; F1: {0.9322}; Sens: {0.9339}; Spec: {0.9996}; AUC: {0.9668}
2024-10-25 19:14:58,614 Valid Loss: {0.0777}; IoU: {0.8564}; Prec: {0.9286}; Recall: {0.9168}; F1: {0.9227}; Sens: {0.9168}; Spec: {0.9996}; AUC: {0.9582}
2024-10-25 19:16:07,447 Test Loss: {0.0800}; IoU: {0.8543}; Prec: {0.9241}; Recall: {0.9188}; F1: {0.9214}; Sens: {0.9188}; Spec: {0.9996}; AUC: {0.9592}
2024-10-25 19:16:07,448 current best loss 0.07708422467112541, mIoU 0.857306182384491
2024-10-25 19:16:07,453 cost time: {'day': 2.0, 'hour': 17.0, 'minute': 23.0, 'second': 29}
2024-10-25 19:16:07,453 => Epoch 751, lr 0.00019999186474499661
2024-10-25 19:22:26,704 Train Loss: {0.0687}; IoU: {0.8728}; Prec: {0.9299}; Recall: {0.9342}; F1: {0.9321}; Sens: {0.9342}; Spec: {0.9996}; AUC: {0.9669}
2024-10-25 19:23:25,836 Valid Loss: {0.0783}; IoU: {0.8555}; Prec: {0.9293}; Recall: {0.9151}; F1: {0.9221}; Sens: {0.9151}; Spec: {0.9996}; AUC: {0.9573}
2024-10-25 19:23:25,837 current best loss 0.07708422467112541, mIoU 0.857306182384491
2024-10-25 19:23:25,842 cost time: {'day': 2.0, 'hour': 17.0, 'minute': 30.0, 'second': 47}
2024-10-25 19:23:25,843 => Epoch 752, lr 0.00019999184315199433
2024-10-25 19:29:44,972 Train Loss: {0.0688}; IoU: {0.8725}; Prec: {0.9305}; Recall: {0.9333}; F1: {0.9319}; Sens: {0.9333}; Spec: {0.9996}; AUC: {0.9664}
2024-10-25 19:30:43,293 Valid Loss: {0.0779}; IoU: {0.8563}; Prec: {0.9189}; Recall: {0.9263}; F1: {0.9226}; Sens: {0.9263}; Spec: {0.9995}; AUC: {0.9629}
2024-10-25 19:30:43,294 current best loss 0.07708422467112541, mIoU 0.857306182384491
2024-10-25 19:30:43,299 cost time: {'day': 2.0, 'hour': 17.0, 'minute': 38.0, 'second': 5}
2024-10-25 19:30:43,299 => Epoch 753, lr 0.00019999182153037468
2024-10-25 19:36:57,623 Train Loss: {0.0694}; IoU: {0.8720}; Prec: {0.9301}; Recall: {0.9331}; F1: {0.9316}; Sens: {0.9331}; Spec: {0.9996}; AUC: {0.9664}
2024-10-25 19:37:56,020 Valid Loss: {0.0785}; IoU: {0.8553}; Prec: {0.9341}; Recall: {0.9101}; F1: {0.9220}; Sens: {0.9101}; Spec: {0.9996}; AUC: {0.9549}
2024-10-25 19:37:56,021 current best loss 0.07708422467112541, mIoU 0.857306182384491
2024-10-25 19:37:56,025 cost time: {'day': 2.0, 'hour': 17.0, 'minute': 45.0, 'second': 18}
2024-10-25 19:37:56,026 => Epoch 754, lr 0.00019999179988013774
2024-10-25 19:44:14,850 Train Loss: {0.0684}; IoU: {0.8733}; Prec: {0.9308}; Recall: {0.9339}; F1: {0.9324}; Sens: {0.9339}; Spec: {0.9996}; AUC: {0.9668}
2024-10-25 19:45:14,093 Valid Loss: {0.0790}; IoU: {0.8543}; Prec: {0.9344}; Recall: {0.9089}; F1: {0.9214}; Sens: {0.9089}; Spec: {0.9996}; AUC: {0.9543}
2024-10-25 19:45:14,093 current best loss 0.07708422467112541, mIoU 0.857306182384491
2024-10-25 19:45:14,097 cost time: {'day': 2.0, 'hour': 17.0, 'minute': 52.0, 'second': 36}
2024-10-25 19:45:14,098 => Epoch 755, lr 0.00019999177820128355
2024-10-25 19:51:30,813 Train Loss: {0.0687}; IoU: {0.8729}; Prec: {0.9302}; Recall: {0.9341}; F1: {0.9321}; Sens: {0.9341}; Spec: {0.9996}; AUC: {0.9668}
2024-10-25 19:52:28,742 Valid Loss: {0.0772}; IoU: {0.8575}; Prec: {0.9258}; Recall: {0.9207}; F1: {0.9233}; Sens: {0.9207}; Spec: {0.9996}; AUC: {0.9602}
2024-10-25 19:52:28,744 current best loss 0.07708422467112541, mIoU 0.8574531674385071
2024-10-25 19:52:28,857 save checkpoint (epoch 755) in logs/nasunet/train/flame1/20241024-092318  dur_time: {'day': 2.0, 'hour': 17.0, 'minute': 59.0, 'second': 50}
2024-10-25 19:52:28,860 cost time: {'day': 2.0, 'hour': 17.0, 'minute': 59.0, 'second': 50}
2024-10-25 19:52:28,861 => Epoch 756, lr 0.00019999175649381193
2024-10-25 19:58:44,877 Train Loss: {0.0687}; IoU: {0.8728}; Prec: {0.9305}; Recall: {0.9336}; F1: {0.9321}; Sens: {0.9336}; Spec: {0.9996}; AUC: {0.9666}
2024-10-25 19:59:43,028 Valid Loss: {0.0790}; IoU: {0.8542}; Prec: {0.9145}; Recall: {0.9284}; F1: {0.9214}; Sens: {0.9284}; Spec: {0.9995}; AUC: {0.9639}
2024-10-25 19:59:43,029 current best loss 0.07708422467112541, mIoU 0.8574531674385071
2024-10-25 19:59:43,033 cost time: {'day': 2.0, 'hour': 18.0, 'minute': 7.0, 'second': 5}
2024-10-25 19:59:43,033 => Epoch 757, lr 0.00019999173475772312
2024-10-25 20:05:59,782 Train Loss: {0.0686}; IoU: {0.8727}; Prec: {0.9308}; Recall: {0.9333}; F1: {0.9320}; Sens: {0.9333}; Spec: {0.9996}; AUC: {0.9665}
2024-10-25 20:06:57,904 Valid Loss: {0.0780}; IoU: {0.8561}; Prec: {0.9314}; Recall: {0.9137}; F1: {0.9225}; Sens: {0.9137}; Spec: {0.9996}; AUC: {0.9567}
2024-10-25 20:06:57,905 current best loss 0.07708422467112541, mIoU 0.8574531674385071
2024-10-25 20:06:57,910 cost time: {'day': 2.0, 'hour': 18.0, 'minute': 14.0, 'second': 19}
2024-10-25 20:06:57,910 => Epoch 758, lr 0.000199991712993017
2024-10-25 20:13:14,548 Train Loss: {0.0689}; IoU: {0.8722}; Prec: {0.9298}; Recall: {0.9337}; F1: {0.9318}; Sens: {0.9337}; Spec: {0.9996}; AUC: {0.9667}
2024-10-25 20:14:12,673 Valid Loss: {0.0802}; IoU: {0.8523}; Prec: {0.9367}; Recall: {0.9044}; F1: {0.9202}; Sens: {0.9044}; Spec: {0.9997}; AUC: {0.9520}
2024-10-25 20:14:12,674 current best loss 0.07708422467112541, mIoU 0.8574531674385071
2024-10-25 20:14:12,679 cost time: {'day': 2.0, 'hour': 18.0, 'minute': 21.0, 'second': 34}
2024-10-25 20:14:12,679 => Epoch 759, lr 0.00019999169119969362
2024-10-25 20:20:35,145 Train Loss: {0.0692}; IoU: {0.8720}; Prec: {0.9310}; Recall: {0.9322}; F1: {0.9316}; Sens: {0.9322}; Spec: {0.9996}; AUC: {0.9659}
2024-10-25 20:21:33,156 Valid Loss: {0.0781}; IoU: {0.8559}; Prec: {0.9195}; Recall: {0.9252}; F1: {0.9223}; Sens: {0.9252}; Spec: {0.9995}; AUC: {0.9624}
2024-10-25 20:21:33,157 current best loss 0.07708422467112541, mIoU 0.8574531674385071
2024-10-25 20:21:33,161 cost time: {'day': 2.0, 'hour': 18.0, 'minute': 28.0, 'second': 55}
2024-10-25 20:21:33,161 => Epoch 760, lr 0.00019999166937775296
2024-10-25 20:27:50,368 Train Loss: {0.0684}; IoU: {0.8733}; Prec: {0.9307}; Recall: {0.9340}; F1: {0.9323}; Sens: {0.9340}; Spec: {0.9996}; AUC: {0.9668}
2024-10-25 20:28:48,399 Valid Loss: {0.0795}; IoU: {0.8532}; Prec: {0.9263}; Recall: {0.9153}; F1: {0.9208}; Sens: {0.9153}; Spec: {0.9996}; AUC: {0.9575}
2024-10-25 20:28:48,400 current best loss 0.07708422467112541, mIoU 0.8574531674385071
2024-10-25 20:28:48,404 cost time: {'day': 2.0, 'hour': 18.0, 'minute': 36.0, 'second': 10}
2024-10-25 20:28:48,405 => Epoch 761, lr 0.00019999164752719498
2024-10-25 20:35:05,151 Train Loss: {0.0684}; IoU: {0.8731}; Prec: {0.9306}; Recall: {0.9340}; F1: {0.9323}; Sens: {0.9340}; Spec: {0.9996}; AUC: {0.9668}
2024-10-25 20:36:03,725 Valid Loss: {0.0790}; IoU: {0.8543}; Prec: {0.9076}; Recall: {0.9356}; F1: {0.9214}; Sens: {0.9356}; Spec: {0.9995}; AUC: {0.9675}
2024-10-25 20:36:03,726 current best loss 0.07708422467112541, mIoU 0.8574531674385071
2024-10-25 20:36:03,729 cost time: {'day': 2.0, 'hour': 18.0, 'minute': 43.0, 'second': 25}
2024-10-25 20:36:03,729 => Epoch 762, lr 0.00019999162564801978
2024-10-25 20:42:23,350 Train Loss: {0.0692}; IoU: {0.8725}; Prec: {0.9303}; Recall: {0.9335}; F1: {0.9319}; Sens: {0.9335}; Spec: {0.9996}; AUC: {0.9666}
2024-10-25 20:43:22,198 Valid Loss: {0.0783}; IoU: {0.8553}; Prec: {0.9213}; Recall: {0.9227}; F1: {0.9220}; Sens: {0.9227}; Spec: {0.9995}; AUC: {0.9611}
2024-10-25 20:43:22,199 current best loss 0.07708422467112541, mIoU 0.8574531674385071
2024-10-25 20:43:22,202 cost time: {'day': 2.0, 'hour': 18.0, 'minute': 50.0, 'second': 44}
2024-10-25 20:43:22,203 => Epoch 763, lr 0.00019999160374022738
2024-10-25 20:49:45,410 Train Loss: {0.0688}; IoU: {0.8721}; Prec: {0.9304}; Recall: {0.9330}; F1: {0.9317}; Sens: {0.9330}; Spec: {0.9996}; AUC: {0.9663}
2024-10-25 20:50:44,355 Valid Loss: {0.0779}; IoU: {0.8562}; Prec: {0.9244}; Recall: {0.9208}; F1: {0.9226}; Sens: {0.9208}; Spec: {0.9996}; AUC: {0.9602}
2024-10-25 20:50:44,356 current best loss 0.07708422467112541, mIoU 0.8574531674385071
2024-10-25 20:50:44,360 cost time: {'day': 2.0, 'hour': 18.0, 'minute': 58.0, 'second': 6}
2024-10-25 20:50:44,360 => Epoch 764, lr 0.0001999915818038176
2024-10-25 20:57:04,564 Train Loss: {0.0685}; IoU: {0.8731}; Prec: {0.9303}; Recall: {0.9342}; F1: {0.9323}; Sens: {0.9342}; Spec: {0.9996}; AUC: {0.9669}
2024-10-25 20:58:03,145 Valid Loss: {0.0783}; IoU: {0.8554}; Prec: {0.9319}; Recall: {0.9124}; F1: {0.9221}; Sens: {0.9124}; Spec: {0.9996}; AUC: {0.9560}
2024-10-25 20:58:03,145 current best loss 0.07708422467112541, mIoU 0.8574531674385071
2024-10-25 20:58:03,150 cost time: {'day': 2.0, 'hour': 19.0, 'minute': 5.0, 'second': 25}
2024-10-25 20:58:03,150 => Epoch 765, lr 0.00019999155983879078
2024-10-25 21:04:17,345 Train Loss: {0.0688}; IoU: {0.8729}; Prec: {0.9303}; Recall: {0.9340}; F1: {0.9321}; Sens: {0.9340}; Spec: {0.9996}; AUC: {0.9668}
2024-10-25 21:05:15,120 Valid Loss: {0.0786}; IoU: {0.8550}; Prec: {0.9155}; Recall: {0.9283}; F1: {0.9218}; Sens: {0.9283}; Spec: {0.9995}; AUC: {0.9639}
2024-10-25 21:05:15,136 current best loss 0.07708422467112541, mIoU 0.8574531674385071
2024-10-25 21:05:15,140 cost time: {'day': 2.0, 'hour': 19.0, 'minute': 12.0, 'second': 37}
2024-10-25 21:05:15,140 => Epoch 766, lr 0.00019999153784514652
2024-10-25 21:11:32,907 Train Loss: {0.0680}; IoU: {0.8737}; Prec: {0.9311}; Recall: {0.9341}; F1: {0.9326}; Sens: {0.9341}; Spec: {0.9996}; AUC: {0.9669}
2024-10-25 21:12:31,157 Valid Loss: {0.0776}; IoU: {0.8566}; Prec: {0.9253}; Recall: {0.9203}; F1: {0.9228}; Sens: {0.9203}; Spec: {0.9996}; AUC: {0.9599}
2024-10-25 21:12:31,159 current best loss 0.07708422467112541, mIoU 0.8574531674385071
2024-10-25 21:12:31,163 cost time: {'day': 2.0, 'hour': 19.0, 'minute': 19.0, 'second': 53}
2024-10-25 21:12:31,163 => Epoch 767, lr 0.00019999151582288517
2024-10-25 21:18:47,723 Train Loss: {0.0688}; IoU: {0.8726}; Prec: {0.9303}; Recall: {0.9337}; F1: {0.9320}; Sens: {0.9337}; Spec: {0.9996}; AUC: {0.9666}
2024-10-25 21:19:45,538 Valid Loss: {0.0789}; IoU: {0.8543}; Prec: {0.9335}; Recall: {0.9097}; F1: {0.9214}; Sens: {0.9097}; Spec: {0.9996}; AUC: {0.9546}
2024-10-25 21:19:45,539 current best loss 0.07708422467112541, mIoU 0.8574531674385071
2024-10-25 21:19:45,543 cost time: {'day': 2.0, 'hour': 19.0, 'minute': 27.0, 'second': 7}
2024-10-25 21:19:45,543 => Epoch 768, lr 0.00019999149377200658
2024-10-25 21:26:00,058 Train Loss: {0.0687}; IoU: {0.8729}; Prec: {0.9304}; Recall: {0.9339}; F1: {0.9321}; Sens: {0.9339}; Spec: {0.9996}; AUC: {0.9667}
2024-10-25 21:26:58,547 Valid Loss: {0.0786}; IoU: {0.8550}; Prec: {0.9254}; Recall: {0.9183}; F1: {0.9218}; Sens: {0.9183}; Spec: {0.9996}; AUC: {0.9590}
2024-10-25 21:26:58,548 current best loss 0.07708422467112541, mIoU 0.8574531674385071
2024-10-25 21:26:58,552 cost time: {'day': 2.0, 'hour': 19.0, 'minute': 34.0, 'second': 20}
2024-10-25 21:26:58,552 => Epoch 769, lr 0.00019999147169251076
2024-10-25 21:33:15,311 Train Loss: {0.0686}; IoU: {0.8724}; Prec: {0.9306}; Recall: {0.9331}; F1: {0.9319}; Sens: {0.9331}; Spec: {0.9996}; AUC: {0.9663}
2024-10-25 21:34:13,031 Valid Loss: {0.0778}; IoU: {0.8565}; Prec: {0.9211}; Recall: {0.9243}; F1: {0.9227}; Sens: {0.9243}; Spec: {0.9995}; AUC: {0.9619}
2024-10-25 21:34:13,033 current best loss 0.07708422467112541, mIoU 0.8574531674385071
2024-10-25 21:34:13,036 cost time: {'day': 2.0, 'hour': 19.0, 'minute': 41.0, 'second': 35}
2024-10-25 21:34:13,037 => Epoch 770, lr 0.0001999914495843977
2024-10-25 21:40:27,593 Train Loss: {0.0685}; IoU: {0.8731}; Prec: {0.9315}; Recall: {0.9329}; F1: {0.9322}; Sens: {0.9329}; Spec: {0.9996}; AUC: {0.9663}
2024-10-25 21:41:26,113 Valid Loss: {0.0785}; IoU: {0.8553}; Prec: {0.9201}; Recall: {0.9239}; F1: {0.9220}; Sens: {0.9239}; Spec: {0.9995}; AUC: {0.9617}
2024-10-25 21:41:26,114 current best loss 0.07708422467112541, mIoU 0.8574531674385071
2024-10-25 21:41:26,118 cost time: {'day': 2.0, 'hour': 19.0, 'minute': 48.0, 'second': 48}
2024-10-25 21:41:26,118 => Epoch 771, lr 0.00019999142744766754
2024-10-25 21:47:40,325 Train Loss: {0.0687}; IoU: {0.8729}; Prec: {0.9308}; Recall: {0.9335}; F1: {0.9321}; Sens: {0.9335}; Spec: {0.9996}; AUC: {0.9666}
2024-10-25 21:48:38,197 Valid Loss: {0.0797}; IoU: {0.8531}; Prec: {0.9185}; Recall: {0.9229}; F1: {0.9207}; Sens: {0.9229}; Spec: {0.9995}; AUC: {0.9612}
2024-10-25 21:48:38,199 current best loss 0.07708422467112541, mIoU 0.8574531674385071
2024-10-25 21:48:38,202 cost time: {'day': 2.0, 'hour': 19.0, 'minute': 56.0, 'second': 0}
2024-10-25 21:48:38,203 => Epoch 772, lr 0.0001999914052823201
2024-10-25 21:54:52,135 Train Loss: {0.0682}; IoU: {0.8736}; Prec: {0.9308}; Recall: {0.9343}; F1: {0.9326}; Sens: {0.9343}; Spec: {0.9996}; AUC: {0.9670}
2024-10-25 21:55:49,675 Valid Loss: {0.0786}; IoU: {0.8552}; Prec: {0.9278}; Recall: {0.9162}; F1: {0.9219}; Sens: {0.9162}; Spec: {0.9996}; AUC: {0.9579}
2024-10-25 21:55:49,676 current best loss 0.07708422467112541, mIoU 0.8574531674385071
2024-10-25 21:55:49,680 cost time: {'day': 2.0, 'hour': 20.0, 'minute': 3.0, 'second': 11}
2024-10-25 21:55:49,680 => Epoch 773, lr 0.0001999913830883555
2024-10-25 22:02:08,279 Train Loss: {0.0682}; IoU: {0.8732}; Prec: {0.9308}; Recall: {0.9337}; F1: {0.9323}; Sens: {0.9337}; Spec: {0.9996}; AUC: {0.9667}
2024-10-25 22:03:06,800 Valid Loss: {0.0778}; IoU: {0.8565}; Prec: {0.9310}; Recall: {0.9145}; F1: {0.9227}; Sens: {0.9145}; Spec: {0.9996}; AUC: {0.9571}
2024-10-25 22:03:06,801 current best loss 0.07708422467112541, mIoU 0.8574531674385071
2024-10-25 22:03:06,805 cost time: {'day': 2.0, 'hour': 20.0, 'minute': 10.0, 'second': 28}
2024-10-25 22:03:06,805 => Epoch 774, lr 0.0001999913608657737
2024-10-25 22:09:27,611 Train Loss: {0.0686}; IoU: {0.8729}; Prec: {0.9304}; Recall: {0.9339}; F1: {0.9321}; Sens: {0.9339}; Spec: {0.9996}; AUC: {0.9667}
2024-10-25 22:10:26,495 Valid Loss: {0.0787}; IoU: {0.8546}; Prec: {0.9347}; Recall: {0.9088}; F1: {0.9216}; Sens: {0.9088}; Spec: {0.9996}; AUC: {0.9542}
2024-10-25 22:10:26,496 current best loss 0.07708422467112541, mIoU 0.8574531674385071
2024-10-25 22:10:26,500 cost time: {'day': 2.0, 'hour': 20.0, 'minute': 17.0, 'second': 48}
2024-10-25 22:10:26,500 => Epoch 775, lr 0.0001999913386145748
2024-10-25 22:16:44,559 Train Loss: {0.0688}; IoU: {0.8727}; Prec: {0.9307}; Recall: {0.9333}; F1: {0.9320}; Sens: {0.9333}; Spec: {0.9996}; AUC: {0.9664}
2024-10-25 22:17:43,709 Valid Loss: {0.0779}; IoU: {0.8562}; Prec: {0.9191}; Recall: {0.9261}; F1: {0.9226}; Sens: {0.9261}; Spec: {0.9995}; AUC: {0.9628}
2024-10-25 22:17:43,710 current best loss 0.07708422467112541, mIoU 0.8574531674385071
2024-10-25 22:17:43,715 cost time: {'day': 2.0, 'hour': 20.0, 'minute': 25.0, 'second': 5}
2024-10-25 22:17:43,715 => Epoch 776, lr 0.0001999913163347587
2024-10-25 22:24:05,080 Train Loss: {0.0686}; IoU: {0.8730}; Prec: {0.9309}; Recall: {0.9335}; F1: {0.9322}; Sens: {0.9335}; Spec: {0.9996}; AUC: {0.9665}
2024-10-25 22:25:04,215 Valid Loss: {0.0785}; IoU: {0.8553}; Prec: {0.9290}; Recall: {0.9151}; F1: {0.9220}; Sens: {0.9151}; Spec: {0.9996}; AUC: {0.9574}
2024-10-25 22:25:04,216 current best loss 0.07708422467112541, mIoU 0.8574531674385071
2024-10-25 22:25:04,219 cost time: {'day': 2.0, 'hour': 20.0, 'minute': 32.0, 'second': 26}
2024-10-25 22:25:04,220 => Epoch 777, lr 0.0001999912940263254
2024-10-25 22:31:24,081 Train Loss: {0.0683}; IoU: {0.8730}; Prec: {0.9305}; Recall: {0.9339}; F1: {0.9322}; Sens: {0.9339}; Spec: {0.9996}; AUC: {0.9667}
2024-10-25 22:32:22,664 Valid Loss: {0.0785}; IoU: {0.8553}; Prec: {0.9222}; Recall: {0.9217}; F1: {0.9220}; Sens: {0.9217}; Spec: {0.9996}; AUC: {0.9606}
2024-10-25 22:32:22,665 current best loss 0.07708422467112541, mIoU 0.8574531674385071
2024-10-25 22:32:22,669 cost time: {'day': 2.0, 'hour': 20.0, 'minute': 39.0, 'second': 44}
2024-10-25 22:32:22,669 => Epoch 778, lr 0.00019999127168927498
2024-10-25 22:38:39,588 Train Loss: {0.0681}; IoU: {0.8738}; Prec: {0.9309}; Recall: {0.9343}; F1: {0.9326}; Sens: {0.9343}; Spec: {0.9996}; AUC: {0.9670}
2024-10-25 22:39:38,353 Valid Loss: {0.0779}; IoU: {0.8562}; Prec: {0.9255}; Recall: {0.9196}; F1: {0.9226}; Sens: {0.9196}; Spec: {0.9996}; AUC: {0.9596}
2024-10-25 22:39:38,354 current best loss 0.07708422467112541, mIoU 0.8574531674385071
2024-10-25 22:39:38,358 cost time: {'day': 2.0, 'hour': 20.0, 'minute': 47.0, 'second': 0}
2024-10-25 22:39:38,358 => Epoch 779, lr 0.00019999124932360742
2024-10-25 22:45:51,106 Train Loss: {0.0681}; IoU: {0.8735}; Prec: {0.9312}; Recall: {0.9337}; F1: {0.9325}; Sens: {0.9337}; Spec: {0.9996}; AUC: {0.9667}
2024-10-25 22:46:48,721 Valid Loss: {0.0803}; IoU: {0.8522}; Prec: {0.9403}; Recall: {0.9009}; F1: {0.9202}; Sens: {0.9009}; Spec: {0.9997}; AUC: {0.9503}
2024-10-25 22:46:48,722 current best loss 0.07708422467112541, mIoU 0.8574531674385071
2024-10-25 22:46:48,726 cost time: {'day': 2.0, 'hour': 20.0, 'minute': 54.0, 'second': 10}
2024-10-25 22:46:48,726 => Epoch 780, lr 0.00019999122692932267
2024-10-25 22:53:04,687 Train Loss: {0.0686}; IoU: {0.8728}; Prec: {0.9301}; Recall: {0.9341}; F1: {0.9321}; Sens: {0.9341}; Spec: {0.9996}; AUC: {0.9668}
2024-10-25 22:54:02,231 Valid Loss: {0.0783}; IoU: {0.8555}; Prec: {0.9183}; Recall: {0.9259}; F1: {0.9221}; Sens: {0.9259}; Spec: {0.9995}; AUC: {0.9627}
2024-10-25 22:54:02,232 current best loss 0.07708422467112541, mIoU 0.8574531674385071
2024-10-25 22:54:02,236 cost time: {'day': 2.0, 'hour': 21.0, 'minute': 1.0, 'second': 24}
2024-10-25 22:54:02,236 => Epoch 781, lr 0.0001999912045064209
2024-10-25 23:00:15,621 Train Loss: {0.0682}; IoU: {0.8738}; Prec: {0.9315}; Recall: {0.9338}; F1: {0.9326}; Sens: {0.9338}; Spec: {0.9996}; AUC: {0.9667}
2024-10-25 23:01:13,000 Valid Loss: {0.0775}; IoU: {0.8568}; Prec: {0.9211}; Recall: {0.9247}; F1: {0.9229}; Sens: {0.9247}; Spec: {0.9995}; AUC: {0.9621}
2024-10-25 23:01:13,001 current best loss 0.07708422467112541, mIoU 0.8574531674385071
2024-10-25 23:01:13,005 cost time: {'day': 2.0, 'hour': 21.0, 'minute': 8.0, 'second': 35}
2024-10-25 23:01:13,005 => Epoch 782, lr 0.00019999118205490192
2024-10-25 23:07:28,399 Train Loss: {0.0687}; IoU: {0.8729}; Prec: {0.9305}; Recall: {0.9339}; F1: {0.9322}; Sens: {0.9339}; Spec: {0.9996}; AUC: {0.9667}
2024-10-25 23:08:26,095 Valid Loss: {0.0787}; IoU: {0.8550}; Prec: {0.9259}; Recall: {0.9179}; F1: {0.9219}; Sens: {0.9179}; Spec: {0.9996}; AUC: {0.9587}
2024-10-25 23:08:26,097 current best loss 0.07708422467112541, mIoU 0.8574531674385071
2024-10-25 23:08:26,101 cost time: {'day': 2.0, 'hour': 21.0, 'minute': 15.0, 'second': 48}
2024-10-25 23:08:26,101 => Epoch 783, lr 0.00019999115957476587
2024-10-25 23:14:44,084 Train Loss: {0.0683}; IoU: {0.8734}; Prec: {0.9312}; Recall: {0.9337}; F1: {0.9324}; Sens: {0.9337}; Spec: {0.9996}; AUC: {0.9666}
2024-10-25 23:15:41,938 Valid Loss: {0.0788}; IoU: {0.8547}; Prec: {0.9311}; Recall: {0.9124}; F1: {0.9217}; Sens: {0.9124}; Spec: {0.9996}; AUC: {0.9560}
2024-10-25 23:15:41,940 current best loss 0.07708422467112541, mIoU 0.8574531674385071
2024-10-25 23:15:41,944 cost time: {'day': 2.0, 'hour': 21.0, 'minute': 23.0, 'second': 4}
2024-10-25 23:15:41,944 => Epoch 784, lr 0.00019999113706601265
2024-10-25 23:21:59,437 Train Loss: {0.0682}; IoU: {0.8735}; Prec: {0.9306}; Recall: {0.9344}; F1: {0.9325}; Sens: {0.9344}; Spec: {0.9996}; AUC: {0.9670}
2024-10-25 23:22:57,821 Valid Loss: {0.0777}; IoU: {0.8568}; Prec: {0.9178}; Recall: {0.9280}; F1: {0.9229}; Sens: {0.9280}; Spec: {0.9995}; AUC: {0.9638}
2024-10-25 23:22:57,821 current best loss 0.07708422467112541, mIoU 0.8574531674385071
2024-10-25 23:22:57,826 cost time: {'day': 2.0, 'hour': 21.0, 'minute': 30.0, 'second': 19}
2024-10-25 23:22:57,826 => Epoch 785, lr 0.00019999111452864235
2024-10-25 23:29:13,558 Train Loss: {0.0684}; IoU: {0.8732}; Prec: {0.9309}; Recall: {0.9338}; F1: {0.9323}; Sens: {0.9338}; Spec: {0.9996}; AUC: {0.9667}
2024-10-25 23:30:11,388 Valid Loss: {0.0783}; IoU: {0.8558}; Prec: {0.9358}; Recall: {0.9091}; F1: {0.9223}; Sens: {0.9091}; Spec: {0.9996}; AUC: {0.9544}
2024-10-25 23:30:11,390 current best loss 0.07708422467112541, mIoU 0.8574531674385071
2024-10-25 23:30:11,393 cost time: {'day': 2.0, 'hour': 21.0, 'minute': 37.0, 'second': 33}
2024-10-25 23:30:11,393 => Epoch 786, lr 0.000199991091962655
2024-10-25 23:36:26,152 Train Loss: {0.0683}; IoU: {0.8737}; Prec: {0.9314}; Recall: {0.9338}; F1: {0.9326}; Sens: {0.9338}; Spec: {0.9996}; AUC: {0.9667}
2024-10-25 23:37:23,936 Valid Loss: {0.0780}; IoU: {0.8560}; Prec: {0.9299}; Recall: {0.9150}; F1: {0.9224}; Sens: {0.9150}; Spec: {0.9996}; AUC: {0.9573}
2024-10-25 23:37:23,937 current best loss 0.07708422467112541, mIoU 0.8574531674385071
2024-10-25 23:37:23,941 cost time: {'day': 2.0, 'hour': 21.0, 'minute': 44.0, 'second': 46}
2024-10-25 23:37:23,942 => Epoch 787, lr 0.0001999910693680505
2024-10-25 23:43:40,911 Train Loss: {0.0685}; IoU: {0.8732}; Prec: {0.9311}; Recall: {0.9335}; F1: {0.9323}; Sens: {0.9335}; Spec: {0.9996}; AUC: {0.9665}
2024-10-25 23:44:38,943 Valid Loss: {0.0784}; IoU: {0.8554}; Prec: {0.9338}; Recall: {0.9107}; F1: {0.9221}; Sens: {0.9107}; Spec: {0.9996}; AUC: {0.9552}
2024-10-25 23:44:38,944 current best loss 0.07708422467112541, mIoU 0.8574531674385071
2024-10-25 23:44:38,947 cost time: {'day': 2.0, 'hour': 21.0, 'minute': 52.0, 'second': 1}
2024-10-25 23:44:38,948 => Epoch 788, lr 0.00019999104674482899
2024-10-25 23:50:54,182 Train Loss: {0.0685}; IoU: {0.8732}; Prec: {0.9310}; Recall: {0.9336}; F1: {0.9323}; Sens: {0.9336}; Spec: {0.9996}; AUC: {0.9666}
2024-10-25 23:51:51,958 Valid Loss: {0.0792}; IoU: {0.8540}; Prec: {0.9255}; Recall: {0.9170}; F1: {0.9213}; Sens: {0.9170}; Spec: {0.9996}; AUC: {0.9583}
2024-10-25 23:51:51,959 current best loss 0.07708422467112541, mIoU 0.8574531674385071
2024-10-25 23:51:51,963 cost time: {'day': 2.0, 'hour': 21.0, 'minute': 59.0, 'second': 14}
2024-10-25 23:51:51,963 => Epoch 789, lr 0.00019999102409299036
2024-10-25 23:58:04,649 Train Loss: {0.0683}; IoU: {0.8735}; Prec: {0.9313}; Recall: {0.9337}; F1: {0.9325}; Sens: {0.9337}; Spec: {0.9996}; AUC: {0.9666}
2024-10-25 23:59:03,068 Valid Loss: {0.0788}; IoU: {0.8547}; Prec: {0.9343}; Recall: {0.9093}; F1: {0.9216}; Sens: {0.9093}; Spec: {0.9996}; AUC: {0.9545}
2024-10-25 23:59:03,069 current best loss 0.07708422467112541, mIoU 0.8574531674385071
2024-10-25 23:59:03,073 cost time: {'day': 2.0, 'hour': 22.0, 'minute': 6.0, 'second': 25}
2024-10-25 23:59:03,073 => Epoch 790, lr 0.00019999100141253462
2024-10-26 00:05:19,139 Train Loss: {0.0683}; IoU: {0.8730}; Prec: {0.9307}; Recall: {0.9337}; F1: {0.9322}; Sens: {0.9337}; Spec: {0.9996}; AUC: {0.9666}
2024-10-26 00:06:18,342 Valid Loss: {0.0782}; IoU: {0.8556}; Prec: {0.9247}; Recall: {0.9197}; F1: {0.9222}; Sens: {0.9197}; Spec: {0.9996}; AUC: {0.9596}
2024-10-26 00:06:18,343 current best loss 0.07708422467112541, mIoU 0.8574531674385071
2024-10-26 00:06:18,347 cost time: {'day': 2.0, 'hour': 22.0, 'minute': 13.0, 'second': 40}
2024-10-26 00:06:18,347 => Epoch 791, lr 0.00019999097870346185
2024-10-26 00:12:41,110 Train Loss: {0.0678}; IoU: {0.8740}; Prec: {0.9315}; Recall: {0.9340}; F1: {0.9327}; Sens: {0.9340}; Spec: {0.9996}; AUC: {0.9668}
2024-10-26 00:13:39,643 Valid Loss: {0.0780}; IoU: {0.8560}; Prec: {0.9195}; Recall: {0.9253}; F1: {0.9224}; Sens: {0.9253}; Spec: {0.9995}; AUC: {0.9624}
2024-10-26 00:13:39,645 current best loss 0.07708422467112541, mIoU 0.8574531674385071
2024-10-26 00:13:39,649 cost time: {'day': 2.0, 'hour': 22.0, 'minute': 21.0, 'second': 1}
2024-10-26 00:13:39,649 => Epoch 792, lr 0.00019999095596577203
2024-10-26 00:19:56,689 Train Loss: {0.0683}; IoU: {0.8736}; Prec: {0.9311}; Recall: {0.9340}; F1: {0.9325}; Sens: {0.9340}; Spec: {0.9996}; AUC: {0.9668}
2024-10-26 00:20:54,687 Valid Loss: {0.0787}; IoU: {0.8552}; Prec: {0.9272}; Recall: {0.9167}; F1: {0.9219}; Sens: {0.9167}; Spec: {0.9996}; AUC: {0.9581}
2024-10-26 00:20:54,688 current best loss 0.07708422467112541, mIoU 0.8574531674385071
2024-10-26 00:20:54,692 cost time: {'day': 2.0, 'hour': 22.0, 'minute': 28.0, 'second': 16}
2024-10-26 00:20:54,693 => Epoch 793, lr 0.0001999909331994652
2024-10-26 00:27:11,460 Train Loss: {0.0678}; IoU: {0.8749}; Prec: {0.9309}; Recall: {0.9357}; F1: {0.9333}; Sens: {0.9357}; Spec: {0.9996}; AUC: {0.9676}
2024-10-26 00:28:09,378 Valid Loss: {0.0795}; IoU: {0.8536}; Prec: {0.9299}; Recall: {0.9123}; F1: {0.9210}; Sens: {0.9123}; Spec: {0.9996}; AUC: {0.9560}
2024-10-26 00:28:09,380 current best loss 0.07708422467112541, mIoU 0.8574531674385071
2024-10-26 00:28:09,384 cost time: {'day': 2.0, 'hour': 22.0, 'minute': 35.0, 'second': 31}
2024-10-26 00:28:09,384 => Epoch 794, lr 0.00019999091040454127
2024-10-26 00:34:25,898 Train Loss: {0.0681}; IoU: {0.8736}; Prec: {0.9315}; Recall: {0.9335}; F1: {0.9325}; Sens: {0.9335}; Spec: {0.9996}; AUC: {0.9666}
2024-10-26 00:35:23,860 Valid Loss: {0.0793}; IoU: {0.8538}; Prec: {0.9353}; Recall: {0.9074}; F1: {0.9211}; Sens: {0.9074}; Spec: {0.9996}; AUC: {0.9535}
2024-10-26 00:35:23,861 current best loss 0.07708422467112541, mIoU 0.8574531674385071
2024-10-26 00:35:23,865 cost time: {'day': 2.0, 'hour': 22.0, 'minute': 42.0, 'second': 45}
2024-10-26 00:35:23,865 => Epoch 795, lr 0.00019999088758100033
2024-10-26 00:41:41,020 Train Loss: {0.0681}; IoU: {0.8737}; Prec: {0.9307}; Recall: {0.9345}; F1: {0.9326}; Sens: {0.9345}; Spec: {0.9996}; AUC: {0.9671}
2024-10-26 00:42:39,362 Valid Loss: {0.0778}; IoU: {0.8563}; Prec: {0.9275}; Recall: {0.9178}; F1: {0.9226}; Sens: {0.9178}; Spec: {0.9996}; AUC: {0.9587}
2024-10-26 00:42:39,363 current best loss 0.07708422467112541, mIoU 0.8574531674385071
2024-10-26 00:42:39,367 cost time: {'day': 2.0, 'hour': 22.0, 'minute': 50.0, 'second': 1}
2024-10-26 00:42:39,367 => Epoch 796, lr 0.00019999086472884228
2024-10-26 00:48:58,222 Train Loss: {0.0680}; IoU: {0.8737}; Prec: {0.9309}; Recall: {0.9343}; F1: {0.9326}; Sens: {0.9343}; Spec: {0.9996}; AUC: {0.9670}
2024-10-26 00:49:56,614 Valid Loss: {0.0788}; IoU: {0.8547}; Prec: {0.9325}; Recall: {0.9111}; F1: {0.9217}; Sens: {0.9111}; Spec: {0.9996}; AUC: {0.9554}
2024-10-26 00:49:56,615 current best loss 0.07708422467112541, mIoU 0.8574531674385071
2024-10-26 00:49:56,619 cost time: {'day': 2.0, 'hour': 22.0, 'minute': 57.0, 'second': 18}
2024-10-26 00:49:56,619 => Epoch 797, lr 0.0001999908418480673
2024-10-26 00:56:16,213 Train Loss: {0.0680}; IoU: {0.8735}; Prec: {0.9316}; Recall: {0.9334}; F1: {0.9325}; Sens: {0.9334}; Spec: {0.9996}; AUC: {0.9665}
2024-10-26 00:57:15,141 Valid Loss: {0.0786}; IoU: {0.8551}; Prec: {0.9278}; Recall: {0.9160}; F1: {0.9219}; Sens: {0.9160}; Spec: {0.9996}; AUC: {0.9578}
2024-10-26 00:57:15,142 current best loss 0.07708422467112541, mIoU 0.8574531674385071
2024-10-26 00:57:15,146 cost time: {'day': 2.0, 'hour': 23.0, 'minute': 4.0, 'second': 37}
2024-10-26 00:57:15,146 => Epoch 798, lr 0.00019999081893867524
2024-10-26 01:03:32,141 Train Loss: {0.0682}; IoU: {0.8735}; Prec: {0.9308}; Recall: {0.9342}; F1: {0.9325}; Sens: {0.9342}; Spec: {0.9996}; AUC: {0.9669}
2024-10-26 01:04:30,455 Valid Loss: {0.0781}; IoU: {0.8560}; Prec: {0.9298}; Recall: {0.9151}; F1: {0.9224}; Sens: {0.9151}; Spec: {0.9996}; AUC: {0.9574}
2024-10-26 01:04:30,456 current best loss 0.07708422467112541, mIoU 0.8574531674385071
2024-10-26 01:04:30,460 cost time: {'day': 2.0, 'hour': 23.0, 'minute': 11.0, 'second': 52}
2024-10-26 01:04:30,460 => Epoch 799, lr 0.00019999079600066622
2024-10-26 01:10:45,965 Train Loss: {0.0679}; IoU: {0.8738}; Prec: {0.9307}; Recall: {0.9346}; F1: {0.9326}; Sens: {0.9346}; Spec: {0.9996}; AUC: {0.9671}
2024-10-26 01:11:44,952 Valid Loss: {0.0774}; IoU: {0.8574}; Prec: {0.9249}; Recall: {0.9215}; F1: {0.9232}; Sens: {0.9215}; Spec: {0.9996}; AUC: {0.9606}
2024-10-26 01:11:44,952 current best loss 0.07708422467112541, mIoU 0.8574531674385071
2024-10-26 01:11:44,957 cost time: {'day': 2.0, 'hour': 23.0, 'minute': 19.0, 'second': 7}
2024-10-26 01:11:44,957 => Epoch 800, lr 0.0001999907730340402
2024-10-26 01:18:04,210 Train Loss: {0.0687}; IoU: {0.8725}; Prec: {0.9302}; Recall: {0.9336}; F1: {0.9319}; Sens: {0.9336}; Spec: {0.9996}; AUC: {0.9666}
2024-10-26 01:19:02,873 Valid Loss: {0.0788}; IoU: {0.8547}; Prec: {0.9243}; Recall: {0.9191}; F1: {0.9217}; Sens: {0.9191}; Spec: {0.9996}; AUC: {0.9593}
2024-10-26 01:20:11,788 Test Loss: {0.0800}; IoU: {0.8522}; Prec: {0.9180}; Recall: {0.9224}; F1: {0.9202}; Sens: {0.9224}; Spec: {0.9995}; AUC: {0.9610}
2024-10-26 01:20:11,789 current best loss 0.07708422467112541, mIoU 0.8574531674385071
2024-10-26 01:20:11,794 cost time: {'day': 2.0, 'hour': 23.0, 'minute': 27.0, 'second': 33}
2024-10-26 01:20:11,794 => Epoch 801, lr 0.00019999075003879717
2024-10-26 01:26:29,142 Train Loss: {0.0688}; IoU: {0.8725}; Prec: {0.9297}; Recall: {0.9342}; F1: {0.9319}; Sens: {0.9342}; Spec: {0.9996}; AUC: {0.9669}
2024-10-26 01:27:27,125 Valid Loss: {0.0786}; IoU: {0.8552}; Prec: {0.9167}; Recall: {0.9273}; F1: {0.9220}; Sens: {0.9273}; Spec: {0.9995}; AUC: {0.9634}
2024-10-26 01:27:27,125 current best loss 0.07708422467112541, mIoU 0.8574531674385071
2024-10-26 01:27:27,130 cost time: {'day': 2.0, 'hour': 23.0, 'minute': 34.0, 'second': 49}
2024-10-26 01:27:27,131 => Epoch 802, lr 0.00019999072701493714
2024-10-26 01:33:43,185 Train Loss: {0.0686}; IoU: {0.8728}; Prec: {0.9306}; Recall: {0.9336}; F1: {0.9321}; Sens: {0.9336}; Spec: {0.9996}; AUC: {0.9666}
2024-10-26 01:34:40,819 Valid Loss: {0.0777}; IoU: {0.8567}; Prec: {0.9243}; Recall: {0.9214}; F1: {0.9228}; Sens: {0.9214}; Spec: {0.9996}; AUC: {0.9605}
2024-10-26 01:34:40,820 current best loss 0.07708422467112541, mIoU 0.8574531674385071
2024-10-26 01:34:40,824 cost time: {'day': 2.0, 'hour': 23.0, 'minute': 42.0, 'second': 2}
2024-10-26 01:34:40,824 => Epoch 803, lr 0.0001999907039624602
2024-10-26 01:40:56,693 Train Loss: {0.0685}; IoU: {0.8734}; Prec: {0.9310}; Recall: {0.9338}; F1: {0.9324}; Sens: {0.9338}; Spec: {0.9996}; AUC: {0.9667}
2024-10-26 01:41:54,946 Valid Loss: {0.0785}; IoU: {0.8553}; Prec: {0.9334}; Recall: {0.9109}; F1: {0.9220}; Sens: {0.9109}; Spec: {0.9996}; AUC: {0.9553}
2024-10-26 01:41:54,946 current best loss 0.07708422467112541, mIoU 0.8574531674385071
2024-10-26 01:41:54,951 cost time: {'day': 2.0, 'hour': 23.0, 'minute': 49.0, 'second': 17}
2024-10-26 01:41:54,952 => Epoch 804, lr 0.00019999068088136625
2024-10-26 01:48:08,441 Train Loss: {0.0685}; IoU: {0.8733}; Prec: {0.9313}; Recall: {0.9334}; F1: {0.9324}; Sens: {0.9334}; Spec: {0.9996}; AUC: {0.9665}
2024-10-26 01:49:06,194 Valid Loss: {0.0783}; IoU: {0.8556}; Prec: {0.9225}; Recall: {0.9219}; F1: {0.9222}; Sens: {0.9219}; Spec: {0.9996}; AUC: {0.9607}
2024-10-26 01:49:06,195 current best loss 0.07708422467112541, mIoU 0.8574531674385071
2024-10-26 01:49:06,199 cost time: {'day': 2.0, 'hour': 23.0, 'minute': 56.0, 'second': 28}
2024-10-26 01:49:06,199 => Epoch 805, lr 0.00019999065777165527
2024-10-26 01:55:27,499 Train Loss: {0.0685}; IoU: {0.8735}; Prec: {0.9311}; Recall: {0.9339}; F1: {0.9325}; Sens: {0.9339}; Spec: {0.9996}; AUC: {0.9668}
2024-10-26 01:56:25,608 Valid Loss: {0.0779}; IoU: {0.8563}; Prec: {0.9316}; Recall: {0.9137}; F1: {0.9226}; Sens: {0.9137}; Spec: {0.9996}; AUC: {0.9567}
2024-10-26 01:56:25,609 current best loss 0.07708422467112541, mIoU 0.8574531674385071
2024-10-26 01:56:25,614 cost time: {'day': 3.0, 'hour': 0.0, 'minute': 3.0, 'second': 47}
2024-10-26 01:56:25,614 => Epoch 806, lr 0.00019999063463332743
2024-10-26 02:02:45,541 Train Loss: {0.0683}; IoU: {0.8736}; Prec: {0.9304}; Recall: {0.9347}; F1: {0.9325}; Sens: {0.9347}; Spec: {0.9996}; AUC: {0.9671}
2024-10-26 02:03:44,039 Valid Loss: {0.0787}; IoU: {0.8549}; Prec: {0.9236}; Recall: {0.9200}; F1: {0.9218}; Sens: {0.9200}; Spec: {0.9996}; AUC: {0.9598}
2024-10-26 02:03:44,040 current best loss 0.07708422467112541, mIoU 0.8574531674385071
2024-10-26 02:03:44,044 cost time: {'day': 3.0, 'hour': 0.0, 'minute': 11.0, 'second': 6}
2024-10-26 02:03:44,044 => Epoch 807, lr 0.00019999061146638256
2024-10-26 02:10:04,450 Train Loss: {0.0683}; IoU: {0.8739}; Prec: {0.9311}; Recall: {0.9343}; F1: {0.9327}; Sens: {0.9343}; Spec: {0.9996}; AUC: {0.9669}
2024-10-26 02:11:02,562 Valid Loss: {0.0782}; IoU: {0.8558}; Prec: {0.9220}; Recall: {0.9227}; F1: {0.9223}; Sens: {0.9227}; Spec: {0.9996}; AUC: {0.9611}
2024-10-26 02:11:02,563 current best loss 0.07708422467112541, mIoU 0.8574531674385071
2024-10-26 02:11:02,568 cost time: {'day': 3.0, 'hour': 0.0, 'minute': 18.0, 'second': 24}
2024-10-26 02:11:02,568 => Epoch 808, lr 0.00019999058827082072
2024-10-26 02:17:22,690 Train Loss: {0.0679}; IoU: {0.8735}; Prec: {0.9308}; Recall: {0.9341}; F1: {0.9325}; Sens: {0.9341}; Spec: {0.9996}; AUC: {0.9669}
2024-10-26 02:18:20,755 Valid Loss: {0.0781}; IoU: {0.8562}; Prec: {0.9139}; Recall: {0.9313}; F1: {0.9225}; Sens: {0.9313}; Spec: {0.9995}; AUC: {0.9654}
2024-10-26 02:18:20,756 current best loss 0.07708422467112541, mIoU 0.8574531674385071
2024-10-26 02:18:20,760 cost time: {'day': 3.0, 'hour': 0.0, 'minute': 25.0, 'second': 42}
2024-10-26 02:18:20,761 => Epoch 809, lr 0.000199990565046642
2024-10-26 02:24:38,785 Train Loss: {0.0683}; IoU: {0.8732}; Prec: {0.9305}; Recall: {0.9340}; F1: {0.9323}; Sens: {0.9340}; Spec: {0.9996}; AUC: {0.9668}
2024-10-26 02:25:36,497 Valid Loss: {0.0787}; IoU: {0.8551}; Prec: {0.9292}; Recall: {0.9147}; F1: {0.9219}; Sens: {0.9147}; Spec: {0.9996}; AUC: {0.9572}
2024-10-26 02:25:36,498 current best loss 0.07708422467112541, mIoU 0.8574531674385071
2024-10-26 02:25:36,502 cost time: {'day': 3.0, 'hour': 0.0, 'minute': 32.0, 'second': 58}
2024-10-26 02:25:36,502 => Epoch 810, lr 0.0001999905417938464
2024-10-26 02:31:56,645 Train Loss: {0.0681}; IoU: {0.8736}; Prec: {0.9313}; Recall: {0.9338}; F1: {0.9325}; Sens: {0.9338}; Spec: {0.9996}; AUC: {0.9667}
2024-10-26 02:32:54,675 Valid Loss: {0.0781}; IoU: {0.8560}; Prec: {0.9340}; Recall: {0.9111}; F1: {0.9224}; Sens: {0.9111}; Spec: {0.9996}; AUC: {0.9554}
2024-10-26 02:32:54,676 current best loss 0.07708422467112541, mIoU 0.8574531674385071
2024-10-26 02:32:54,680 cost time: {'day': 3.0, 'hour': 0.0, 'minute': 40.0, 'second': 16}
2024-10-26 02:32:54,680 => Epoch 811, lr 0.0001999905185124338
2024-10-26 02:39:18,966 Train Loss: {0.0681}; IoU: {0.8739}; Prec: {0.9311}; Recall: {0.9343}; F1: {0.9327}; Sens: {0.9343}; Spec: {0.9996}; AUC: {0.9670}
2024-10-26 02:40:17,574 Valid Loss: {0.0785}; IoU: {0.8553}; Prec: {0.9271}; Recall: {0.9170}; F1: {0.9220}; Sens: {0.9170}; Spec: {0.9996}; AUC: {0.9583}
2024-10-26 02:40:17,575 current best loss 0.07708422467112541, mIoU 0.8574531674385071
2024-10-26 02:40:17,579 cost time: {'day': 3.0, 'hour': 0.0, 'minute': 47.0, 'second': 39}
2024-10-26 02:40:17,580 => Epoch 812, lr 0.0001999904952024043
2024-10-26 02:46:39,417 Train Loss: {0.0684}; IoU: {0.8734}; Prec: {0.9308}; Recall: {0.9341}; F1: {0.9324}; Sens: {0.9341}; Spec: {0.9996}; AUC: {0.9668}
2024-10-26 02:47:37,958 Valid Loss: {0.0779}; IoU: {0.8564}; Prec: {0.9206}; Recall: {0.9247}; F1: {0.9226}; Sens: {0.9247}; Spec: {0.9995}; AUC: {0.9621}
2024-10-26 02:47:37,959 current best loss 0.07708422467112541, mIoU 0.8574531674385071
2024-10-26 02:47:37,963 cost time: {'day': 3.0, 'hour': 0.0, 'minute': 55.0, 'second': 0}
2024-10-26 02:47:37,963 => Epoch 813, lr 0.0001999904718637579
2024-10-26 02:54:05,482 Train Loss: {0.0682}; IoU: {0.8736}; Prec: {0.9302}; Recall: {0.9349}; F1: {0.9325}; Sens: {0.9349}; Spec: {0.9996}; AUC: {0.9672}
2024-10-26 02:55:04,852 Valid Loss: {0.0784}; IoU: {0.8555}; Prec: {0.9251}; Recall: {0.9192}; F1: {0.9221}; Sens: {0.9192}; Spec: {0.9996}; AUC: {0.9594}
2024-10-26 02:55:04,853 current best loss 0.07708422467112541, mIoU 0.8574531674385071
2024-10-26 02:55:04,856 cost time: {'day': 3.0, 'hour': 1.0, 'minute': 2.0, 'second': 26}
2024-10-26 02:55:04,857 => Epoch 814, lr 0.00019999044849649457
2024-10-26 03:01:27,726 Train Loss: {0.0676}; IoU: {0.8744}; Prec: {0.9314}; Recall: {0.9346}; F1: {0.9330}; Sens: {0.9346}; Spec: {0.9996}; AUC: {0.9671}
2024-10-26 03:02:26,730 Valid Loss: {0.0791}; IoU: {0.8543}; Prec: {0.9366}; Recall: {0.9068}; F1: {0.9214}; Sens: {0.9068}; Spec: {0.9996}; AUC: {0.9532}
2024-10-26 03:02:26,731 current best loss 0.07708422467112541, mIoU 0.8574531674385071
2024-10-26 03:02:26,735 cost time: {'day': 3.0, 'hour': 1.0, 'minute': 9.0, 'second': 48}
2024-10-26 03:02:26,736 => Epoch 815, lr 0.00019999042510061437
2024-10-26 03:08:45,083 Train Loss: {0.0677}; IoU: {0.8742}; Prec: {0.9311}; Recall: {0.9347}; F1: {0.9329}; Sens: {0.9347}; Spec: {0.9996}; AUC: {0.9672}
2024-10-26 03:09:43,769 Valid Loss: {0.0776}; IoU: {0.8567}; Prec: {0.9320}; Recall: {0.9138}; F1: {0.9228}; Sens: {0.9138}; Spec: {0.9996}; AUC: {0.9567}
2024-10-26 03:09:43,770 current best loss 0.07708422467112541, mIoU 0.8574531674385071
2024-10-26 03:09:43,774 cost time: {'day': 3.0, 'hour': 1.0, 'minute': 17.0, 'second': 5}
2024-10-26 03:09:43,775 => Epoch 816, lr 0.00019999040167611727
2024-10-26 03:16:04,762 Train Loss: {0.0681}; IoU: {0.8738}; Prec: {0.9312}; Recall: {0.9341}; F1: {0.9327}; Sens: {0.9341}; Spec: {0.9996}; AUC: {0.9669}
2024-10-26 03:17:03,210 Valid Loss: {0.0785}; IoU: {0.8552}; Prec: {0.9319}; Recall: {0.9123}; F1: {0.9220}; Sens: {0.9123}; Spec: {0.9996}; AUC: {0.9559}
2024-10-26 03:17:03,212 current best loss 0.07708422467112541, mIoU 0.8574531674385071
2024-10-26 03:17:03,215 cost time: {'day': 3.0, 'hour': 1.0, 'minute': 24.0, 'second': 25}
2024-10-26 03:17:03,215 => Epoch 817, lr 0.00019999037822300328
2024-10-26 03:23:25,117 Train Loss: {0.0680}; IoU: {0.8737}; Prec: {0.9318}; Recall: {0.9333}; F1: {0.9326}; Sens: {0.9333}; Spec: {0.9996}; AUC: {0.9664}
2024-10-26 03:24:24,155 Valid Loss: {0.0775}; IoU: {0.8570}; Prec: {0.9289}; Recall: {0.9171}; F1: {0.9230}; Sens: {0.9171}; Spec: {0.9996}; AUC: {0.9584}
2024-10-26 03:24:24,157 current best loss 0.07708422467112541, mIoU 0.8574531674385071
2024-10-26 03:24:24,161 cost time: {'day': 3.0, 'hour': 1.0, 'minute': 31.0, 'second': 46}
2024-10-26 03:24:24,162 => Epoch 818, lr 0.00019999035474127242
2024-10-26 03:30:49,029 Train Loss: {0.0677}; IoU: {0.8742}; Prec: {0.9314}; Recall: {0.9344}; F1: {0.9329}; Sens: {0.9344}; Spec: {0.9996}; AUC: {0.9670}
2024-10-26 03:31:48,168 Valid Loss: {0.0781}; IoU: {0.8561}; Prec: {0.9337}; Recall: {0.9116}; F1: {0.9225}; Sens: {0.9116}; Spec: {0.9996}; AUC: {0.9556}
2024-10-26 03:31:48,169 current best loss 0.07708422467112541, mIoU 0.8574531674385071
2024-10-26 03:31:48,173 cost time: {'day': 3.0, 'hour': 1.0, 'minute': 39.0, 'second': 10}
2024-10-26 03:31:48,174 => Epoch 819, lr 0.0001999903312309247
2024-10-26 03:38:11,988 Train Loss: {0.0678}; IoU: {0.8745}; Prec: {0.9313}; Recall: {0.9348}; F1: {0.9331}; Sens: {0.9348}; Spec: {0.9996}; AUC: {0.9672}
2024-10-26 03:39:11,012 Valid Loss: {0.0775}; IoU: {0.8569}; Prec: {0.9225}; Recall: {0.9235}; F1: {0.9230}; Sens: {0.9235}; Spec: {0.9996}; AUC: {0.9615}
2024-10-26 03:39:11,014 current best loss 0.07708422467112541, mIoU 0.8574531674385071
2024-10-26 03:39:11,018 cost time: {'day': 3.0, 'hour': 1.0, 'minute': 46.0, 'second': 33}
2024-10-26 03:39:11,018 => Epoch 820, lr 0.0001999903076919601
2024-10-26 03:45:32,679 Train Loss: {0.0680}; IoU: {0.8739}; Prec: {0.9311}; Recall: {0.9343}; F1: {0.9327}; Sens: {0.9343}; Spec: {0.9996}; AUC: {0.9670}
2024-10-26 03:46:31,609 Valid Loss: {0.0778}; IoU: {0.8563}; Prec: {0.9217}; Recall: {0.9235}; F1: {0.9226}; Sens: {0.9235}; Spec: {0.9996}; AUC: {0.9615}
2024-10-26 03:46:31,610 current best loss 0.07708422467112541, mIoU 0.8574531674385071
2024-10-26 03:46:31,615 cost time: {'day': 3.0, 'hour': 1.0, 'minute': 53.0, 'second': 53}
2024-10-26 03:46:31,615 => Epoch 821, lr 0.00019999028412437866
2024-10-26 03:52:53,378 Train Loss: {0.0682}; IoU: {0.8739}; Prec: {0.9317}; Recall: {0.9337}; F1: {0.9327}; Sens: {0.9337}; Spec: {0.9996}; AUC: {0.9666}
2024-10-26 03:53:51,884 Valid Loss: {0.0791}; IoU: {0.8540}; Prec: {0.9176}; Recall: {0.9249}; F1: {0.9212}; Sens: {0.9249}; Spec: {0.9995}; AUC: {0.9622}
2024-10-26 03:53:51,885 current best loss 0.07708422467112541, mIoU 0.8574531674385071
2024-10-26 03:53:51,889 cost time: {'day': 3.0, 'hour': 2.0, 'minute': 1.0, 'second': 13}
2024-10-26 03:53:51,890 => Epoch 822, lr 0.00019999026052818034
2024-10-26 04:00:14,481 Train Loss: {0.0678}; IoU: {0.8744}; Prec: {0.9304}; Recall: {0.9356}; F1: {0.9330}; Sens: {0.9356}; Spec: {0.9996}; AUC: {0.9676}
2024-10-26 04:01:12,402 Valid Loss: {0.0780}; IoU: {0.8560}; Prec: {0.9279}; Recall: {0.9170}; F1: {0.9224}; Sens: {0.9170}; Spec: {0.9996}; AUC: {0.9583}
2024-10-26 04:01:12,403 current best loss 0.07708422467112541, mIoU 0.8574531674385071
2024-10-26 04:01:12,407 cost time: {'day': 3.0, 'hour': 2.0, 'minute': 8.0, 'second': 34}
2024-10-26 04:01:12,407 => Epoch 823, lr 0.00019999023690336524
2024-10-26 04:07:31,422 Train Loss: {0.0673}; IoU: {0.8749}; Prec: {0.9318}; Recall: {0.9348}; F1: {0.9333}; Sens: {0.9348}; Spec: {0.9996}; AUC: {0.9672}
2024-10-26 04:08:29,170 Valid Loss: {0.0784}; IoU: {0.8553}; Prec: {0.9282}; Recall: {0.9158}; F1: {0.9220}; Sens: {0.9158}; Spec: {0.9996}; AUC: {0.9577}
2024-10-26 04:08:29,171 current best loss 0.07708422467112541, mIoU 0.8574531674385071
2024-10-26 04:08:29,175 cost time: {'day': 3.0, 'hour': 2.0, 'minute': 15.0, 'second': 51}
2024-10-26 04:08:29,176 => Epoch 824, lr 0.0001999902132499333
2024-10-26 04:14:47,012 Train Loss: {0.0677}; IoU: {0.8741}; Prec: {0.9311}; Recall: {0.9345}; F1: {0.9328}; Sens: {0.9345}; Spec: {0.9996}; AUC: {0.9670}
2024-10-26 04:15:44,537 Valid Loss: {0.0777}; IoU: {0.8565}; Prec: {0.9255}; Recall: {0.9199}; F1: {0.9227}; Sens: {0.9199}; Spec: {0.9996}; AUC: {0.9597}
2024-10-26 04:15:44,538 current best loss 0.07708422467112541, mIoU 0.8574531674385071
2024-10-26 04:15:44,542 cost time: {'day': 3.0, 'hour': 2.0, 'minute': 23.0, 'second': 6}
2024-10-26 04:15:44,543 => Epoch 825, lr 0.00019999018956788446
2024-10-26 04:22:02,452 Train Loss: {0.0682}; IoU: {0.8736}; Prec: {0.9312}; Recall: {0.9339}; F1: {0.9325}; Sens: {0.9339}; Spec: {0.9996}; AUC: {0.9667}
2024-10-26 04:23:00,095 Valid Loss: {0.0776}; IoU: {0.8568}; Prec: {0.9318}; Recall: {0.9140}; F1: {0.9228}; Sens: {0.9140}; Spec: {0.9996}; AUC: {0.9568}
2024-10-26 04:23:00,096 current best loss 0.07708422467112541, mIoU 0.8574531674385071
2024-10-26 04:23:00,101 cost time: {'day': 3.0, 'hour': 2.0, 'minute': 30.0, 'second': 22}
2024-10-26 04:23:00,101 => Epoch 826, lr 0.0001999901658572189
2024-10-26 04:29:20,353 Train Loss: {0.0678}; IoU: {0.8742}; Prec: {0.9309}; Recall: {0.9348}; F1: {0.9329}; Sens: {0.9348}; Spec: {0.9996}; AUC: {0.9672}
2024-10-26 04:30:18,468 Valid Loss: {0.0773}; IoU: {0.8571}; Prec: {0.9266}; Recall: {0.9195}; F1: {0.9230}; Sens: {0.9195}; Spec: {0.9996}; AUC: {0.9595}
2024-10-26 04:30:18,469 current best loss 0.07708422467112541, mIoU 0.8574531674385071
2024-10-26 04:30:18,473 cost time: {'day': 3.0, 'hour': 2.0, 'minute': 37.0, 'second': 40}
2024-10-26 04:30:18,473 => Epoch 827, lr 0.0001999901421179365
2024-10-26 04:36:38,250 Train Loss: {0.0675}; IoU: {0.8748}; Prec: {0.9319}; Recall: {0.9346}; F1: {0.9332}; Sens: {0.9346}; Spec: {0.9996}; AUC: {0.9671}
2024-10-26 04:37:36,704 Valid Loss: {0.0787}; IoU: {0.8549}; Prec: {0.9403}; Recall: {0.9040}; F1: {0.9218}; Sens: {0.9040}; Spec: {0.9997}; AUC: {0.9518}
2024-10-26 04:37:36,705 current best loss 0.07708422467112541, mIoU 0.8574531674385071
2024-10-26 04:37:36,709 cost time: {'day': 3.0, 'hour': 2.0, 'minute': 44.0, 'second': 58}
2024-10-26 04:37:36,709 => Epoch 828, lr 0.00019999011835003725
2024-10-26 04:43:53,815 Train Loss: {0.0676}; IoU: {0.8745}; Prec: {0.9315}; Recall: {0.9346}; F1: {0.9330}; Sens: {0.9346}; Spec: {0.9996}; AUC: {0.9671}
2024-10-26 04:44:51,274 Valid Loss: {0.0781}; IoU: {0.8558}; Prec: {0.9266}; Recall: {0.9180}; F1: {0.9223}; Sens: {0.9180}; Spec: {0.9996}; AUC: {0.9588}
2024-10-26 04:44:51,275 current best loss 0.07708422467112541, mIoU 0.8574531674385071
2024-10-26 04:44:51,279 cost time: {'day': 3.0, 'hour': 2.0, 'minute': 52.0, 'second': 13}
2024-10-26 04:44:51,280 => Epoch 829, lr 0.00019999009455352122
2024-10-26 04:51:09,801 Train Loss: {0.0679}; IoU: {0.8741}; Prec: {0.9314}; Recall: {0.9343}; F1: {0.9328}; Sens: {0.9343}; Spec: {0.9996}; AUC: {0.9669}
2024-10-26 04:52:07,347 Valid Loss: {0.0779}; IoU: {0.8564}; Prec: {0.9207}; Recall: {0.9246}; F1: {0.9226}; Sens: {0.9246}; Spec: {0.9995}; AUC: {0.9621}
2024-10-26 04:52:07,348 current best loss 0.07708422467112541, mIoU 0.8574531674385071
2024-10-26 04:52:07,352 cost time: {'day': 3.0, 'hour': 2.0, 'minute': 59.0, 'second': 29}
2024-10-26 04:52:07,352 => Epoch 830, lr 0.00019999007072838847
2024-10-26 04:58:24,978 Train Loss: {0.0678}; IoU: {0.8745}; Prec: {0.9306}; Recall: {0.9355}; F1: {0.9330}; Sens: {0.9355}; Spec: {0.9996}; AUC: {0.9675}
2024-10-26 04:59:22,588 Valid Loss: {0.0782}; IoU: {0.8558}; Prec: {0.9284}; Recall: {0.9163}; F1: {0.9223}; Sens: {0.9163}; Spec: {0.9996}; AUC: {0.9580}
2024-10-26 04:59:22,590 current best loss 0.07708422467112541, mIoU 0.8574531674385071
2024-10-26 04:59:22,593 cost time: {'day': 3.0, 'hour': 3.0, 'minute': 6.0, 'second': 44}
2024-10-26 04:59:22,594 => Epoch 831, lr 0.0001999900468746388
2024-10-26 05:05:42,755 Train Loss: {0.0680}; IoU: {0.8746}; Prec: {0.9321}; Recall: {0.9341}; F1: {0.9331}; Sens: {0.9341}; Spec: {0.9996}; AUC: {0.9669}
2024-10-26 05:06:41,105 Valid Loss: {0.0777}; IoU: {0.8567}; Prec: {0.9264}; Recall: {0.9193}; F1: {0.9228}; Sens: {0.9193}; Spec: {0.9996}; AUC: {0.9594}
2024-10-26 05:06:41,106 current best loss 0.07708422467112541, mIoU 0.8574531674385071
2024-10-26 05:06:41,111 cost time: {'day': 3.0, 'hour': 3.0, 'minute': 14.0, 'second': 3}
2024-10-26 05:06:41,111 => Epoch 832, lr 0.00019999002299227243
2024-10-26 05:13:01,330 Train Loss: {0.0682}; IoU: {0.8736}; Prec: {0.9303}; Recall: {0.9348}; F1: {0.9325}; Sens: {0.9348}; Spec: {0.9996}; AUC: {0.9672}
2024-10-26 05:13:59,694 Valid Loss: {0.0778}; IoU: {0.8565}; Prec: {0.9186}; Recall: {0.9269}; F1: {0.9227}; Sens: {0.9269}; Spec: {0.9995}; AUC: {0.9632}
2024-10-26 05:13:59,695 current best loss 0.07708422467112541, mIoU 0.8574531674385071
2024-10-26 05:13:59,699 cost time: {'day': 3.0, 'hour': 3.0, 'minute': 21.0, 'second': 21}
2024-10-26 05:13:59,700 => Epoch 833, lr 0.00019998999908128932
2024-10-26 05:20:21,014 Train Loss: {0.0682}; IoU: {0.8739}; Prec: {0.9314}; Recall: {0.9341}; F1: {0.9327}; Sens: {0.9341}; Spec: {0.9996}; AUC: {0.9668}
2024-10-26 05:21:19,182 Valid Loss: {0.0785}; IoU: {0.8550}; Prec: {0.9286}; Recall: {0.9151}; F1: {0.9218}; Sens: {0.9151}; Spec: {0.9996}; AUC: {0.9574}
2024-10-26 05:21:19,183 current best loss 0.07708422467112541, mIoU 0.8574531674385071
2024-10-26 05:21:19,187 cost time: {'day': 3.0, 'hour': 3.0, 'minute': 28.0, 'second': 41}
2024-10-26 05:21:19,188 => Epoch 834, lr 0.00019998997514168943
2024-10-26 05:27:45,299 Train Loss: {0.0674}; IoU: {0.8745}; Prec: {0.9314}; Recall: {0.9348}; F1: {0.9331}; Sens: {0.9348}; Spec: {0.9996}; AUC: {0.9672}
2024-10-26 05:28:44,070 Valid Loss: {0.0786}; IoU: {0.8548}; Prec: {0.9367}; Recall: {0.9072}; F1: {0.9217}; Sens: {0.9072}; Spec: {0.9996}; AUC: {0.9534}
2024-10-26 05:28:44,071 current best loss 0.07708422467112541, mIoU 0.8574531674385071
2024-10-26 05:28:44,075 cost time: {'day': 3.0, 'hour': 3.0, 'minute': 36.0, 'second': 6}
2024-10-26 05:28:44,075 => Epoch 835, lr 0.00019998995117347277
2024-10-26 05:35:05,474 Train Loss: {0.0680}; IoU: {0.8739}; Prec: {0.9310}; Recall: {0.9343}; F1: {0.9327}; Sens: {0.9343}; Spec: {0.9996}; AUC: {0.9670}
2024-10-26 05:36:03,960 Valid Loss: {0.0788}; IoU: {0.8548}; Prec: {0.9358}; Recall: {0.9081}; F1: {0.9217}; Sens: {0.9081}; Spec: {0.9996}; AUC: {0.9538}
2024-10-26 05:36:03,961 current best loss 0.07708422467112541, mIoU 0.8574531674385071
2024-10-26 05:36:03,965 cost time: {'day': 3.0, 'hour': 3.0, 'minute': 43.0, 'second': 26}
2024-10-26 05:36:03,966 => Epoch 836, lr 0.00019998992717663936
2024-10-26 05:42:26,167 Train Loss: {0.0681}; IoU: {0.8739}; Prec: {0.9314}; Recall: {0.9339}; F1: {0.9327}; Sens: {0.9339}; Spec: {0.9996}; AUC: {0.9668}
2024-10-26 05:43:24,343 Valid Loss: {0.0785}; IoU: {0.8553}; Prec: {0.9257}; Recall: {0.9183}; F1: {0.9220}; Sens: {0.9183}; Spec: {0.9996}; AUC: {0.9590}
2024-10-26 05:43:24,343 current best loss 0.07708422467112541, mIoU 0.8574531674385071
2024-10-26 05:43:24,348 cost time: {'day': 3.0, 'hour': 3.0, 'minute': 50.0, 'second': 46}
2024-10-26 05:43:24,349 => Epoch 837, lr 0.00019998990315118928
2024-10-26 05:49:42,369 Train Loss: {0.0681}; IoU: {0.8737}; Prec: {0.9312}; Recall: {0.9340}; F1: {0.9326}; Sens: {0.9340}; Spec: {0.9996}; AUC: {0.9668}
2024-10-26 05:50:39,846 Valid Loss: {0.0786}; IoU: {0.8551}; Prec: {0.9342}; Recall: {0.9099}; F1: {0.9219}; Sens: {0.9099}; Spec: {0.9996}; AUC: {0.9547}
2024-10-26 05:50:39,847 current best loss 0.07708422467112541, mIoU 0.8574531674385071
2024-10-26 05:50:39,851 cost time: {'day': 3.0, 'hour': 3.0, 'minute': 58.0, 'second': 1}
2024-10-26 05:50:39,851 => Epoch 838, lr 0.00019998987909712238
2024-10-26 05:57:01,437 Train Loss: {0.0679}; IoU: {0.8744}; Prec: {0.9319}; Recall: {0.9340}; F1: {0.9330}; Sens: {0.9340}; Spec: {0.9996}; AUC: {0.9668}
2024-10-26 05:57:59,703 Valid Loss: {0.0780}; IoU: {0.8561}; Prec: {0.9253}; Recall: {0.9197}; F1: {0.9225}; Sens: {0.9197}; Spec: {0.9996}; AUC: {0.9596}
2024-10-26 05:57:59,704 current best loss 0.07708422467112541, mIoU 0.8574531674385071
2024-10-26 05:57:59,708 cost time: {'day': 3.0, 'hour': 4.0, 'minute': 5.0, 'second': 21}
2024-10-26 05:57:59,708 => Epoch 839, lr 0.00019998985501443878
2024-10-26 06:04:27,555 Train Loss: {0.0681}; IoU: {0.8742}; Prec: {0.9316}; Recall: {0.9341}; F1: {0.9329}; Sens: {0.9341}; Spec: {0.9996}; AUC: {0.9668}
2024-10-26 06:05:26,839 Valid Loss: {0.0781}; IoU: {0.8559}; Prec: {0.9280}; Recall: {0.9167}; F1: {0.9223}; Sens: {0.9167}; Spec: {0.9996}; AUC: {0.9581}
2024-10-26 06:05:26,840 current best loss 0.07708422467112541, mIoU 0.8574531674385071
2024-10-26 06:05:26,844 cost time: {'day': 3.0, 'hour': 4.0, 'minute': 12.0, 'second': 48}
2024-10-26 06:05:26,845 => Epoch 840, lr 0.00019998983090313847
2024-10-26 06:11:48,390 Train Loss: {0.0682}; IoU: {0.8741}; Prec: {0.9322}; Recall: {0.9335}; F1: {0.9328}; Sens: {0.9335}; Spec: {0.9996}; AUC: {0.9666}
2024-10-26 06:12:46,765 Valid Loss: {0.0785}; IoU: {0.8553}; Prec: {0.9346}; Recall: {0.9097}; F1: {0.9220}; Sens: {0.9097}; Spec: {0.9996}; AUC: {0.9547}
2024-10-26 06:12:46,765 current best loss 0.07708422467112541, mIoU 0.8574531674385071
2024-10-26 06:12:46,769 cost time: {'day': 3.0, 'hour': 4.0, 'minute': 20.0, 'second': 8}
2024-10-26 06:12:46,769 => Epoch 841, lr 0.00019998980676322147
2024-10-26 06:19:08,694 Train Loss: {0.0676}; IoU: {0.8745}; Prec: {0.9311}; Recall: {0.9350}; F1: {0.9330}; Sens: {0.9350}; Spec: {0.9996}; AUC: {0.9673}
2024-10-26 06:20:06,995 Valid Loss: {0.0777}; IoU: {0.8567}; Prec: {0.9303}; Recall: {0.9154}; F1: {0.9228}; Sens: {0.9154}; Spec: {0.9996}; AUC: {0.9575}
2024-10-26 06:20:06,996 current best loss 0.07708422467112541, mIoU 0.8574531674385071
2024-10-26 06:20:07,000 cost time: {'day': 3.0, 'hour': 4.0, 'minute': 27.0, 'second': 29}
2024-10-26 06:20:07,000 => Epoch 842, lr 0.0001999897825946877
2024-10-26 06:26:33,140 Train Loss: {0.0676}; IoU: {0.8745}; Prec: {0.9315}; Recall: {0.9346}; F1: {0.9331}; Sens: {0.9346}; Spec: {0.9996}; AUC: {0.9671}
2024-10-26 06:27:31,836 Valid Loss: {0.0791}; IoU: {0.8540}; Prec: {0.9090}; Recall: {0.9338}; F1: {0.9213}; Sens: {0.9338}; Spec: {0.9995}; AUC: {0.9666}
2024-10-26 06:27:31,837 current best loss 0.07708422467112541, mIoU 0.8574531674385071
2024-10-26 06:27:31,841 cost time: {'day': 3.0, 'hour': 4.0, 'minute': 34.0, 'second': 53}
2024-10-26 06:27:31,842 => Epoch 843, lr 0.0001999897583975373
2024-10-26 06:33:52,767 Train Loss: {0.0675}; IoU: {0.8748}; Prec: {0.9310}; Recall: {0.9354}; F1: {0.9332}; Sens: {0.9354}; Spec: {0.9996}; AUC: {0.9675}
2024-10-26 06:34:50,823 Valid Loss: {0.0782}; IoU: {0.8560}; Prec: {0.9199}; Recall: {0.9249}; F1: {0.9224}; Sens: {0.9249}; Spec: {0.9995}; AUC: {0.9622}
2024-10-26 06:34:50,824 current best loss 0.07708422467112541, mIoU 0.8574531674385071
2024-10-26 06:34:50,828 cost time: {'day': 3.0, 'hour': 4.0, 'minute': 42.0, 'second': 12}
2024-10-26 06:34:50,828 => Epoch 844, lr 0.00019998973417177012
2024-10-26 06:41:12,417 Train Loss: {0.0678}; IoU: {0.8746}; Prec: {0.9313}; Recall: {0.9349}; F1: {0.9331}; Sens: {0.9349}; Spec: {0.9996}; AUC: {0.9673}
2024-10-26 06:42:10,660 Valid Loss: {0.0783}; IoU: {0.8557}; Prec: {0.9233}; Recall: {0.9211}; F1: {0.9222}; Sens: {0.9211}; Spec: {0.9996}; AUC: {0.9603}
2024-10-26 06:42:10,662 current best loss 0.07708422467112541, mIoU 0.8574531674385071
2024-10-26 06:42:10,666 cost time: {'day': 3.0, 'hour': 4.0, 'minute': 49.0, 'second': 32}
2024-10-26 06:42:10,666 => Epoch 845, lr 0.0001999897099173864
2024-10-26 06:48:33,111 Train Loss: {0.0679}; IoU: {0.8742}; Prec: {0.9314}; Recall: {0.9343}; F1: {0.9329}; Sens: {0.9343}; Spec: {0.9996}; AUC: {0.9670}
2024-10-26 06:49:31,383 Valid Loss: {0.0776}; IoU: {0.8570}; Prec: {0.9267}; Recall: {0.9193}; F1: {0.9230}; Sens: {0.9193}; Spec: {0.9996}; AUC: {0.9594}
2024-10-26 06:49:31,384 current best loss 0.07708422467112541, mIoU 0.8574531674385071
2024-10-26 06:49:31,388 cost time: {'day': 3.0, 'hour': 4.0, 'minute': 56.0, 'second': 53}
2024-10-26 06:49:31,388 => Epoch 846, lr 0.0001999896856343859
2024-10-26 06:55:51,367 Train Loss: {0.0680}; IoU: {0.8737}; Prec: {0.9313}; Recall: {0.9339}; F1: {0.9326}; Sens: {0.9339}; Spec: {0.9996}; AUC: {0.9667}
2024-10-26 06:56:48,935 Valid Loss: {0.0780}; IoU: {0.8560}; Prec: {0.9319}; Recall: {0.9132}; F1: {0.9224}; Sens: {0.9132}; Spec: {0.9996}; AUC: {0.9564}
2024-10-26 06:56:48,936 current best loss 0.07708422467112541, mIoU 0.8574531674385071
2024-10-26 06:56:48,941 cost time: {'day': 3.0, 'hour': 5.0, 'minute': 4.0, 'second': 11}
2024-10-26 06:56:48,941 => Epoch 847, lr 0.00019998966132276874
2024-10-26 07:03:06,242 Train Loss: {0.0678}; IoU: {0.8746}; Prec: {0.9311}; Recall: {0.9351}; F1: {0.9331}; Sens: {0.9351}; Spec: {0.9996}; AUC: {0.9674}
2024-10-26 07:04:03,593 Valid Loss: {0.0786}; IoU: {0.8550}; Prec: {0.9301}; Recall: {0.9137}; F1: {0.9218}; Sens: {0.9137}; Spec: {0.9996}; AUC: {0.9566}
2024-10-26 07:04:03,594 current best loss 0.07708422467112541, mIoU 0.8574531674385071
2024-10-26 07:04:03,597 cost time: {'day': 3.0, 'hour': 5.0, 'minute': 11.0, 'second': 25}
2024-10-26 07:04:03,598 => Epoch 848, lr 0.00019998963698253494
2024-10-26 07:10:26,909 Train Loss: {0.0676}; IoU: {0.8746}; Prec: {0.9314}; Recall: {0.9348}; F1: {0.9331}; Sens: {0.9348}; Spec: {0.9996}; AUC: {0.9672}
2024-10-26 07:11:25,007 Valid Loss: {0.0775}; IoU: {0.8571}; Prec: {0.9237}; Recall: {0.9224}; F1: {0.9230}; Sens: {0.9224}; Spec: {0.9996}; AUC: {0.9610}
2024-10-26 07:11:25,009 current best loss 0.07708422467112541, mIoU 0.8574531674385071
2024-10-26 07:11:25,013 cost time: {'day': 3.0, 'hour': 5.0, 'minute': 18.0, 'second': 47}
2024-10-26 07:11:25,013 => Epoch 849, lr 0.0001999896126136845
2024-10-26 07:17:49,275 Train Loss: {0.0674}; IoU: {0.8750}; Prec: {0.9319}; Recall: {0.9348}; F1: {0.9333}; Sens: {0.9348}; Spec: {0.9996}; AUC: {0.9672}
2024-10-26 07:18:47,429 Valid Loss: {0.0776}; IoU: {0.8568}; Prec: {0.9229}; Recall: {0.9229}; F1: {0.9229}; Sens: {0.9229}; Spec: {0.9996}; AUC: {0.9612}
2024-10-26 07:18:47,430 current best loss 0.07708422467112541, mIoU 0.8574531674385071
2024-10-26 07:18:47,435 cost time: {'day': 3.0, 'hour': 5.0, 'minute': 26.0, 'second': 9}
2024-10-26 07:18:47,435 => Epoch 850, lr 0.0001999895882162174
2024-10-26 07:25:08,285 Train Loss: {0.0669}; IoU: {0.8755}; Prec: {0.9322}; Recall: {0.9351}; F1: {0.9336}; Sens: {0.9351}; Spec: {0.9996}; AUC: {0.9673}
2024-10-26 07:26:06,052 Valid Loss: {0.0778}; IoU: {0.8564}; Prec: {0.9349}; Recall: {0.9107}; F1: {0.9226}; Sens: {0.9107}; Spec: {0.9996}; AUC: {0.9551}
2024-10-26 07:27:14,606 Test Loss: {0.0800}; IoU: {0.8533}; Prec: {0.9281}; Recall: {0.9137}; F1: {0.9209}; Sens: {0.9137}; Spec: {0.9996}; AUC: {0.9567}
2024-10-26 07:27:14,607 current best loss 0.07708422467112541, mIoU 0.8574531674385071
2024-10-26 07:27:14,611 cost time: {'day': 3.0, 'hour': 5.0, 'minute': 34.0, 'second': 36}
2024-10-26 07:27:14,611 => Epoch 851, lr 0.0001999895637901337
2024-10-26 07:33:37,691 Train Loss: {0.0675}; IoU: {0.8746}; Prec: {0.9316}; Recall: {0.9346}; F1: {0.9331}; Sens: {0.9346}; Spec: {0.9996}; AUC: {0.9671}
2024-10-26 07:34:35,449 Valid Loss: {0.0779}; IoU: {0.8560}; Prec: {0.9250}; Recall: {0.9199}; F1: {0.9224}; Sens: {0.9199}; Spec: {0.9996}; AUC: {0.9597}
2024-10-26 07:34:35,450 current best loss 0.07708422467112541, mIoU 0.8574531674385071
2024-10-26 07:34:35,454 cost time: {'day': 3.0, 'hour': 5.0, 'minute': 41.0, 'second': 57}
2024-10-26 07:34:35,455 => Epoch 852, lr 0.00019998953933543335
2024-10-26 07:40:57,087 Train Loss: {0.0673}; IoU: {0.8751}; Prec: {0.9317}; Recall: {0.9352}; F1: {0.9334}; Sens: {0.9352}; Spec: {0.9996}; AUC: {0.9674}
2024-10-26 07:41:55,572 Valid Loss: {0.0768}; IoU: {0.8579}; Prec: {0.9298}; Recall: {0.9173}; F1: {0.9235}; Sens: {0.9173}; Spec: {0.9996}; AUC: {0.9585}
2024-10-26 07:41:55,573 current best loss 0.07681150920689106, mIoU 0.8579483032226562
2024-10-26 07:41:55,689 save checkpoint (epoch 852) in logs/nasunet/train/flame1/20241024-092318  dur_time: {'day': 3.0, 'hour': 5.0, 'minute': 49.0, 'second': 17}
2024-10-26 07:41:55,692 cost time: {'day': 3.0, 'hour': 5.0, 'minute': 49.0, 'second': 17}
2024-10-26 07:41:55,693 => Epoch 853, lr 0.00019998951485211634
2024-10-26 07:48:15,784 Train Loss: {0.0674}; IoU: {0.8748}; Prec: {0.9320}; Recall: {0.9344}; F1: {0.9332}; Sens: {0.9344}; Spec: {0.9996}; AUC: {0.9670}
2024-10-26 07:49:14,118 Valid Loss: {0.0783}; IoU: {0.8555}; Prec: {0.9267}; Recall: {0.9176}; F1: {0.9221}; Sens: {0.9176}; Spec: {0.9996}; AUC: {0.9586}
2024-10-26 07:49:14,120 current best loss 0.07681150920689106, mIoU 0.8579483032226562
2024-10-26 07:49:14,123 cost time: {'day': 3.0, 'hour': 5.0, 'minute': 56.0, 'second': 36}
2024-10-26 07:49:14,124 => Epoch 854, lr 0.0001999894903401828
2024-10-26 07:55:37,228 Train Loss: {0.0678}; IoU: {0.8743}; Prec: {0.9311}; Recall: {0.9348}; F1: {0.9329}; Sens: {0.9348}; Spec: {0.9996}; AUC: {0.9672}
2024-10-26 07:56:36,299 Valid Loss: {0.0770}; IoU: {0.8577}; Prec: {0.9217}; Recall: {0.9251}; F1: {0.9234}; Sens: {0.9251}; Spec: {0.9996}; AUC: {0.9623}
2024-10-26 07:56:36,300 current best loss 0.07681150920689106, mIoU 0.8579483032226562
2024-10-26 07:56:36,303 cost time: {'day': 3.0, 'hour': 6.0, 'minute': 3.0, 'second': 58}
2024-10-26 07:56:36,304 => Epoch 855, lr 0.00019998946579963256
2024-10-26 08:02:59,637 Train Loss: {0.0674}; IoU: {0.8747}; Prec: {0.9316}; Recall: {0.9347}; F1: {0.9332}; Sens: {0.9347}; Spec: {0.9996}; AUC: {0.9671}
2024-10-26 08:03:57,579 Valid Loss: {0.0784}; IoU: {0.8552}; Prec: {0.9175}; Recall: {0.9264}; F1: {0.9220}; Sens: {0.9264}; Spec: {0.9995}; AUC: {0.9630}
2024-10-26 08:03:57,594 current best loss 0.07681150920689106, mIoU 0.8579483032226562
2024-10-26 08:03:57,599 cost time: {'day': 3.0, 'hour': 6.0, 'minute': 11.0, 'second': 19}
2024-10-26 08:03:57,599 => Epoch 856, lr 0.0001999894412304657
2024-10-26 08:10:17,086 Train Loss: {0.0680}; IoU: {0.8746}; Prec: {0.9319}; Recall: {0.9343}; F1: {0.9331}; Sens: {0.9343}; Spec: {0.9996}; AUC: {0.9670}
2024-10-26 08:11:14,837 Valid Loss: {0.0776}; IoU: {0.8570}; Prec: {0.9246}; Recall: {0.9213}; F1: {0.9230}; Sens: {0.9213}; Spec: {0.9996}; AUC: {0.9604}
2024-10-26 08:11:14,838 current best loss 0.07681150920689106, mIoU 0.8579483032226562
2024-10-26 08:11:14,842 cost time: {'day': 3.0, 'hour': 6.0, 'minute': 18.0, 'second': 36}
2024-10-26 08:11:14,843 => Epoch 857, lr 0.0001999894166326824
2024-10-26 08:17:35,414 Train Loss: {0.0677}; IoU: {0.8745}; Prec: {0.9309}; Recall: {0.9351}; F1: {0.9330}; Sens: {0.9351}; Spec: {0.9996}; AUC: {0.9674}
2024-10-26 08:18:33,598 Valid Loss: {0.0776}; IoU: {0.8567}; Prec: {0.9222}; Recall: {0.9234}; F1: {0.9228}; Sens: {0.9234}; Spec: {0.9996}; AUC: {0.9615}
2024-10-26 08:18:33,598 current best loss 0.07681150920689106, mIoU 0.8579483032226562
2024-10-26 08:18:33,603 cost time: {'day': 3.0, 'hour': 6.0, 'minute': 25.0, 'second': 55}
2024-10-26 08:18:33,604 => Epoch 858, lr 0.0001999893920062824
2024-10-26 08:24:55,483 Train Loss: {0.0680}; IoU: {0.8740}; Prec: {0.9319}; Recall: {0.9336}; F1: {0.9328}; Sens: {0.9336}; Spec: {0.9996}; AUC: {0.9666}
2024-10-26 08:25:53,680 Valid Loss: {0.0780}; IoU: {0.8561}; Prec: {0.9338}; Recall: {0.9114}; F1: {0.9225}; Sens: {0.9114}; Spec: {0.9996}; AUC: {0.9555}
2024-10-26 08:25:53,681 current best loss 0.07681150920689106, mIoU 0.8579483032226562
2024-10-26 08:25:53,685 cost time: {'day': 3.0, 'hour': 6.0, 'minute': 33.0, 'second': 15}
2024-10-26 08:25:53,685 => Epoch 859, lr 0.00019998936735126583
2024-10-26 08:32:10,154 Train Loss: {0.0680}; IoU: {0.8743}; Prec: {0.9315}; Recall: {0.9343}; F1: {0.9329}; Sens: {0.9343}; Spec: {0.9996}; AUC: {0.9670}
2024-10-26 08:33:08,175 Valid Loss: {0.0781}; IoU: {0.8559}; Prec: {0.9330}; Recall: {0.9119}; F1: {0.9223}; Sens: {0.9119}; Spec: {0.9996}; AUC: {0.9558}
2024-10-26 08:33:08,176 current best loss 0.07681150920689106, mIoU 0.8579483032226562
2024-10-26 08:33:08,180 cost time: {'day': 3.0, 'hour': 6.0, 'minute': 40.0, 'second': 30}
2024-10-26 08:33:08,181 => Epoch 860, lr 0.0001999893426676327
2024-10-26 08:39:33,404 Train Loss: {0.0681}; IoU: {0.8741}; Prec: {0.9312}; Recall: {0.9344}; F1: {0.9328}; Sens: {0.9344}; Spec: {0.9996}; AUC: {0.9670}
2024-10-26 08:40:32,301 Valid Loss: {0.0780}; IoU: {0.8559}; Prec: {0.9315}; Recall: {0.9135}; F1: {0.9224}; Sens: {0.9135}; Spec: {0.9996}; AUC: {0.9565}
2024-10-26 08:40:32,302 current best loss 0.07681150920689106, mIoU 0.8579483032226562
2024-10-26 08:40:32,305 cost time: {'day': 3.0, 'hour': 6.0, 'minute': 47.0, 'second': 54}
2024-10-26 08:40:32,306 => Epoch 861, lr 0.000199989317955383
2024-10-26 08:46:52,078 Train Loss: {0.0677}; IoU: {0.8744}; Prec: {0.9312}; Recall: {0.9348}; F1: {0.9330}; Sens: {0.9348}; Spec: {0.9996}; AUC: {0.9672}
2024-10-26 08:47:51,773 Valid Loss: {0.0794}; IoU: {0.8537}; Prec: {0.9360}; Recall: {0.9066}; F1: {0.9211}; Sens: {0.9066}; Spec: {0.9996}; AUC: {0.9531}
2024-10-26 08:47:51,774 current best loss 0.07681150920689106, mIoU 0.8579483032226562
2024-10-26 08:47:51,778 cost time: {'day': 3.0, 'hour': 6.0, 'minute': 55.0, 'second': 13}
2024-10-26 08:47:51,778 => Epoch 862, lr 0.00019998929321451674
2024-10-26 08:54:17,524 Train Loss: {0.0675}; IoU: {0.8747}; Prec: {0.9321}; Recall: {0.9343}; F1: {0.9332}; Sens: {0.9343}; Spec: {0.9996}; AUC: {0.9669}
2024-10-26 08:55:16,160 Valid Loss: {0.0782}; IoU: {0.8557}; Prec: {0.9158}; Recall: {0.9288}; F1: {0.9223}; Sens: {0.9288}; Spec: {0.9995}; AUC: {0.9642}
2024-10-26 08:55:16,161 current best loss 0.07681150920689106, mIoU 0.8579483032226562
2024-10-26 08:55:16,164 cost time: {'day': 3.0, 'hour': 7.0, 'minute': 2.0, 'second': 38}
2024-10-26 08:55:16,165 => Epoch 863, lr 0.00019998926844503394
2024-10-26 09:01:39,316 Train Loss: {0.0671}; IoU: {0.8750}; Prec: {0.9316}; Recall: {0.9351}; F1: {0.9333}; Sens: {0.9351}; Spec: {0.9996}; AUC: {0.9673}
2024-10-26 09:02:37,796 Valid Loss: {0.0793}; IoU: {0.8536}; Prec: {0.9373}; Recall: {0.9053}; F1: {0.9210}; Sens: {0.9053}; Spec: {0.9997}; AUC: {0.9525}
2024-10-26 09:02:37,797 current best loss 0.07681150920689106, mIoU 0.8579483032226562
2024-10-26 09:02:37,801 cost time: {'day': 3.0, 'hour': 7.0, 'minute': 9.0, 'second': 59}
2024-10-26 09:02:37,802 => Epoch 864, lr 0.0001999892436469346
2024-10-26 09:09:02,277 Train Loss: {0.0675}; IoU: {0.8747}; Prec: {0.9312}; Recall: {0.9351}; F1: {0.9332}; Sens: {0.9351}; Spec: {0.9996}; AUC: {0.9674}
2024-10-26 09:10:01,590 Valid Loss: {0.0780}; IoU: {0.8560}; Prec: {0.9232}; Recall: {0.9217}; F1: {0.9224}; Sens: {0.9217}; Spec: {0.9996}; AUC: {0.9606}
2024-10-26 09:10:01,591 current best loss 0.07681150920689106, mIoU 0.8579483032226562
2024-10-26 09:10:01,595 cost time: {'day': 3.0, 'hour': 7.0, 'minute': 17.0, 'second': 23}
2024-10-26 09:10:01,595 => Epoch 865, lr 0.00019998921882021875
2024-10-26 09:16:26,811 Train Loss: {0.0669}; IoU: {0.8754}; Prec: {0.9322}; Recall: {0.9349}; F1: {0.9336}; Sens: {0.9349}; Spec: {0.9996}; AUC: {0.9673}
2024-10-26 09:17:25,277 Valid Loss: {0.0785}; IoU: {0.8553}; Prec: {0.9334}; Recall: {0.9108}; F1: {0.9220}; Sens: {0.9108}; Spec: {0.9996}; AUC: {0.9552}
2024-10-26 09:17:25,278 current best loss 0.07681150920689106, mIoU 0.8579483032226562
2024-10-26 09:17:25,283 cost time: {'day': 3.0, 'hour': 7.0, 'minute': 24.0, 'second': 47}
2024-10-26 09:17:25,283 => Epoch 866, lr 0.00019998919396488633
2024-10-26 09:23:48,229 Train Loss: {0.0674}; IoU: {0.8752}; Prec: {0.9320}; Recall: {0.9349}; F1: {0.9335}; Sens: {0.9349}; Spec: {0.9996}; AUC: {0.9673}
2024-10-26 09:24:46,938 Valid Loss: {0.0776}; IoU: {0.8566}; Prec: {0.9214}; Recall: {0.9242}; F1: {0.9228}; Sens: {0.9242}; Spec: {0.9995}; AUC: {0.9619}
2024-10-26 09:24:46,939 current best loss 0.07681150920689106, mIoU 0.8579483032226562
2024-10-26 09:24:46,943 cost time: {'day': 3.0, 'hour': 7.0, 'minute': 32.0, 'second': 9}
2024-10-26 09:24:46,944 => Epoch 867, lr 0.00019998916908093737
2024-10-26 09:31:10,356 Train Loss: {0.0678}; IoU: {0.8743}; Prec: {0.9324}; Recall: {0.9336}; F1: {0.9330}; Sens: {0.9336}; Spec: {0.9996}; AUC: {0.9666}
2024-10-26 09:32:09,241 Valid Loss: {0.0772}; IoU: {0.8574}; Prec: {0.9231}; Recall: {0.9234}; F1: {0.9232}; Sens: {0.9234}; Spec: {0.9996}; AUC: {0.9615}
2024-10-26 09:32:09,242 current best loss 0.07681150920689106, mIoU 0.8579483032226562
2024-10-26 09:32:09,246 cost time: {'day': 3.0, 'hour': 7.0, 'minute': 39.0, 'second': 31}
2024-10-26 09:32:09,247 => Epoch 868, lr 0.00019998914416837198
2024-10-26 09:38:28,127 Train Loss: {0.0677}; IoU: {0.8741}; Prec: {0.9316}; Recall: {0.9340}; F1: {0.9328}; Sens: {0.9340}; Spec: {0.9996}; AUC: {0.9668}
2024-10-26 09:39:26,532 Valid Loss: {0.0787}; IoU: {0.8547}; Prec: {0.9292}; Recall: {0.9142}; F1: {0.9216}; Sens: {0.9142}; Spec: {0.9996}; AUC: {0.9569}
2024-10-26 09:39:26,533 current best loss 0.07681150920689106, mIoU 0.8579483032226562
2024-10-26 09:39:26,537 cost time: {'day': 3.0, 'hour': 7.0, 'minute': 46.0, 'second': 48}
2024-10-26 09:39:26,538 => Epoch 869, lr 0.00019998911922719002
2024-10-26 09:45:52,239 Train Loss: {0.0675}; IoU: {0.8746}; Prec: {0.9322}; Recall: {0.9340}; F1: {0.9331}; Sens: {0.9340}; Spec: {0.9996}; AUC: {0.9668}
2024-10-26 09:46:50,876 Valid Loss: {0.0777}; IoU: {0.8565}; Prec: {0.9245}; Recall: {0.9209}; F1: {0.9227}; Sens: {0.9209}; Spec: {0.9996}; AUC: {0.9602}
2024-10-26 09:46:50,877 current best loss 0.07681150920689106, mIoU 0.8579483032226562
2024-10-26 09:46:50,881 cost time: {'day': 3.0, 'hour': 7.0, 'minute': 54.0, 'second': 12}
2024-10-26 09:46:50,881 => Epoch 870, lr 0.0001999890942573916
2024-10-26 09:53:09,853 Train Loss: {0.0677}; IoU: {0.8745}; Prec: {0.9314}; Recall: {0.9347}; F1: {0.9331}; Sens: {0.9347}; Spec: {0.9996}; AUC: {0.9672}
2024-10-26 09:54:08,427 Valid Loss: {0.0784}; IoU: {0.8556}; Prec: {0.9167}; Recall: {0.9277}; F1: {0.9222}; Sens: {0.9277}; Spec: {0.9995}; AUC: {0.9636}
2024-10-26 09:54:08,428 current best loss 0.07681150920689106, mIoU 0.8579483032226562
2024-10-26 09:54:08,432 cost time: {'day': 3.0, 'hour': 8.0, 'minute': 1.0, 'second': 30}
2024-10-26 09:54:08,432 => Epoch 871, lr 0.00019998906925897665
2024-10-26 10:00:31,487 Train Loss: {0.0673}; IoU: {0.8751}; Prec: {0.9324}; Recall: {0.9344}; F1: {0.9334}; Sens: {0.9344}; Spec: {0.9996}; AUC: {0.9670}
2024-10-26 10:01:29,584 Valid Loss: {0.0781}; IoU: {0.8558}; Prec: {0.9285}; Recall: {0.9161}; F1: {0.9223}; Sens: {0.9161}; Spec: {0.9996}; AUC: {0.9579}
2024-10-26 10:01:29,585 current best loss 0.07681150920689106, mIoU 0.8579483032226562
2024-10-26 10:01:29,590 cost time: {'day': 3.0, 'hour': 8.0, 'minute': 8.0, 'second': 51}
2024-10-26 10:01:29,590 => Epoch 872, lr 0.00019998904423194528
2024-10-26 10:07:52,745 Train Loss: {0.0673}; IoU: {0.8752}; Prec: {0.9315}; Recall: {0.9354}; F1: {0.9334}; Sens: {0.9354}; Spec: {0.9996}; AUC: {0.9675}
2024-10-26 10:08:50,812 Valid Loss: {0.0783}; IoU: {0.8555}; Prec: {0.9206}; Recall: {0.9237}; F1: {0.9222}; Sens: {0.9237}; Spec: {0.9995}; AUC: {0.9616}
2024-10-26 10:08:50,814 current best loss 0.07681150920689106, mIoU 0.8579483032226562
2024-10-26 10:08:50,818 cost time: {'day': 3.0, 'hour': 8.0, 'minute': 16.0, 'second': 12}
2024-10-26 10:08:50,818 => Epoch 873, lr 0.00019998901917629743
2024-10-26 10:15:16,845 Train Loss: {0.0670}; IoU: {0.8753}; Prec: {0.9320}; Recall: {0.9350}; F1: {0.9335}; Sens: {0.9350}; Spec: {0.9996}; AUC: {0.9673}
2024-10-26 10:16:14,986 Valid Loss: {0.0791}; IoU: {0.8540}; Prec: {0.9169}; Recall: {0.9256}; F1: {0.9212}; Sens: {0.9256}; Spec: {0.9995}; AUC: {0.9625}
2024-10-26 10:16:14,987 current best loss 0.07681150920689106, mIoU 0.8579483032226562
2024-10-26 10:16:14,991 cost time: {'day': 3.0, 'hour': 8.0, 'minute': 23.0, 'second': 37}
2024-10-26 10:16:14,991 => Epoch 874, lr 0.00019998899409203307
2024-10-26 10:22:39,803 Train Loss: {0.0675}; IoU: {0.8749}; Prec: {0.9321}; Recall: {0.9344}; F1: {0.9333}; Sens: {0.9344}; Spec: {0.9996}; AUC: {0.9670}
2024-10-26 10:23:38,400 Valid Loss: {0.0783}; IoU: {0.8557}; Prec: {0.9217}; Recall: {0.9228}; F1: {0.9222}; Sens: {0.9228}; Spec: {0.9996}; AUC: {0.9612}
2024-10-26 10:23:38,401 current best loss 0.07681150920689106, mIoU 0.8579483032226562
2024-10-26 10:23:38,405 cost time: {'day': 3.0, 'hour': 8.0, 'minute': 31.0, 'second': 0}
2024-10-26 10:23:38,406 => Epoch 875, lr 0.00019998896897915227
2024-10-26 10:30:00,421 Train Loss: {0.0671}; IoU: {0.8758}; Prec: {0.9330}; Recall: {0.9346}; F1: {0.9338}; Sens: {0.9346}; Spec: {0.9996}; AUC: {0.9671}
2024-10-26 10:30:59,162 Valid Loss: {0.0776}; IoU: {0.8567}; Prec: {0.9257}; Recall: {0.9200}; F1: {0.9228}; Sens: {0.9200}; Spec: {0.9996}; AUC: {0.9598}
2024-10-26 10:30:59,163 current best loss 0.07681150920689106, mIoU 0.8579483032226562
2024-10-26 10:30:59,167 cost time: {'day': 3.0, 'hour': 8.0, 'minute': 38.0, 'second': 21}
2024-10-26 10:30:59,167 => Epoch 876, lr 0.00019998894383765504
2024-10-26 10:37:18,731 Train Loss: {0.0677}; IoU: {0.8745}; Prec: {0.9311}; Recall: {0.9350}; F1: {0.9330}; Sens: {0.9350}; Spec: {0.9996}; AUC: {0.9673}
2024-10-26 10:38:17,530 Valid Loss: {0.0781}; IoU: {0.8558}; Prec: {0.9298}; Recall: {0.9150}; F1: {0.9223}; Sens: {0.9150}; Spec: {0.9996}; AUC: {0.9573}
2024-10-26 10:38:17,532 current best loss 0.07681150920689106, mIoU 0.8579483032226562
2024-10-26 10:38:17,536 cost time: {'day': 3.0, 'hour': 8.0, 'minute': 45.0, 'second': 39}
2024-10-26 10:38:17,536 => Epoch 877, lr 0.00019998891866754133
2024-10-26 10:44:38,219 Train Loss: {0.0675}; IoU: {0.8749}; Prec: {0.9323}; Recall: {0.9343}; F1: {0.9333}; Sens: {0.9343}; Spec: {0.9996}; AUC: {0.9669}
2024-10-26 10:45:36,765 Valid Loss: {0.0781}; IoU: {0.8557}; Prec: {0.9332}; Recall: {0.9116}; F1: {0.9223}; Sens: {0.9116}; Spec: {0.9996}; AUC: {0.9556}
2024-10-26 10:45:36,765 current best loss 0.07681150920689106, mIoU 0.8579483032226562
2024-10-26 10:45:36,770 cost time: {'day': 3.0, 'hour': 8.0, 'minute': 52.0, 'second': 58}
2024-10-26 10:45:36,771 => Epoch 878, lr 0.0001999888934688112
2024-10-26 10:52:00,155 Train Loss: {0.0676}; IoU: {0.8746}; Prec: {0.9316}; Recall: {0.9346}; F1: {0.9331}; Sens: {0.9346}; Spec: {0.9996}; AUC: {0.9671}
2024-10-26 10:52:58,382 Valid Loss: {0.0775}; IoU: {0.8570}; Prec: {0.9274}; Recall: {0.9186}; F1: {0.9230}; Sens: {0.9186}; Spec: {0.9996}; AUC: {0.9591}
2024-10-26 10:52:58,383 current best loss 0.07681150920689106, mIoU 0.8579483032226562
2024-10-26 10:52:58,387 cost time: {'day': 3.0, 'hour': 9.0, 'minute': 0.0, 'second': 20}
2024-10-26 10:52:58,387 => Epoch 879, lr 0.00019998886824146466
2024-10-26 10:59:18,185 Train Loss: {0.0677}; IoU: {0.8744}; Prec: {0.9318}; Recall: {0.9342}; F1: {0.9330}; Sens: {0.9342}; Spec: {0.9996}; AUC: {0.9669}
2024-10-26 11:00:16,107 Valid Loss: {0.0788}; IoU: {0.8547}; Prec: {0.9269}; Recall: {0.9165}; F1: {0.9217}; Sens: {0.9165}; Spec: {0.9996}; AUC: {0.9581}
2024-10-26 11:00:16,108 current best loss 0.07681150920689106, mIoU 0.8579483032226562
2024-10-26 11:00:16,112 cost time: {'day': 3.0, 'hour': 9.0, 'minute': 7.0, 'second': 38}
2024-10-26 11:00:16,112 => Epoch 880, lr 0.00019998884298550167
2024-10-26 11:06:36,355 Train Loss: {0.0672}; IoU: {0.8750}; Prec: {0.9315}; Recall: {0.9352}; F1: {0.9333}; Sens: {0.9352}; Spec: {0.9996}; AUC: {0.9674}
2024-10-26 11:07:34,446 Valid Loss: {0.0783}; IoU: {0.8554}; Prec: {0.9266}; Recall: {0.9176}; F1: {0.9221}; Sens: {0.9176}; Spec: {0.9996}; AUC: {0.9586}
2024-10-26 11:07:34,447 current best loss 0.07681150920689106, mIoU 0.8579483032226562
2024-10-26 11:07:34,451 cost time: {'day': 3.0, 'hour': 9.0, 'minute': 14.0, 'second': 56}
2024-10-26 11:07:34,452 => Epoch 881, lr 0.0001999888177009224
2024-10-26 11:13:55,067 Train Loss: {0.0670}; IoU: {0.8754}; Prec: {0.9316}; Recall: {0.9355}; F1: {0.9335}; Sens: {0.9355}; Spec: {0.9996}; AUC: {0.9676}
2024-10-26 11:14:52,927 Valid Loss: {0.0781}; IoU: {0.8558}; Prec: {0.9356}; Recall: {0.9094}; F1: {0.9223}; Sens: {0.9094}; Spec: {0.9996}; AUC: {0.9545}
2024-10-26 11:14:52,929 current best loss 0.07681150920689106, mIoU 0.8579483032226562
2024-10-26 11:14:52,933 cost time: {'day': 3.0, 'hour': 9.0, 'minute': 22.0, 'second': 15}
2024-10-26 11:14:52,933 => Epoch 882, lr 0.00019998879238772654
2024-10-26 11:21:13,314 Train Loss: {0.0670}; IoU: {0.8757}; Prec: {0.9325}; Recall: {0.9349}; F1: {0.9337}; Sens: {0.9349}; Spec: {0.9996}; AUC: {0.9673}
2024-10-26 11:22:11,205 Valid Loss: {0.0780}; IoU: {0.8560}; Prec: {0.9291}; Recall: {0.9158}; F1: {0.9224}; Sens: {0.9158}; Spec: {0.9996}; AUC: {0.9577}
2024-10-26 11:22:11,206 current best loss 0.07681150920689106, mIoU 0.8579483032226562
2024-10-26 11:22:11,210 cost time: {'day': 3.0, 'hour': 9.0, 'minute': 29.0, 'second': 33}
2024-10-26 11:22:11,211 => Epoch 883, lr 0.00019998876704591434
2024-10-26 11:28:33,547 Train Loss: {0.0673}; IoU: {0.8748}; Prec: {0.9312}; Recall: {0.9352}; F1: {0.9332}; Sens: {0.9352}; Spec: {0.9996}; AUC: {0.9674}
2024-10-26 11:29:32,005 Valid Loss: {0.0788}; IoU: {0.8546}; Prec: {0.9313}; Recall: {0.9121}; F1: {0.9216}; Sens: {0.9121}; Spec: {0.9996}; AUC: {0.9559}
2024-10-26 11:29:32,006 current best loss 0.07681150920689106, mIoU 0.8579483032226562
2024-10-26 11:29:32,009 cost time: {'day': 3.0, 'hour': 9.0, 'minute': 36.0, 'second': 54}
2024-10-26 11:29:32,010 => Epoch 884, lr 0.0001999887416754857
2024-10-26 11:35:48,339 Train Loss: {0.0673}; IoU: {0.8752}; Prec: {0.9319}; Recall: {0.9351}; F1: {0.9335}; Sens: {0.9351}; Spec: {0.9996}; AUC: {0.9673}
2024-10-26 11:36:46,315 Valid Loss: {0.0796}; IoU: {0.8531}; Prec: {0.9411}; Recall: {0.9013}; F1: {0.9207}; Sens: {0.9013}; Spec: {0.9997}; AUC: {0.9505}
2024-10-26 11:36:46,316 current best loss 0.07681150920689106, mIoU 0.8579483032226562
2024-10-26 11:36:46,320 cost time: {'day': 3.0, 'hour': 9.0, 'minute': 44.0, 'second': 8}
2024-10-26 11:36:46,320 => Epoch 885, lr 0.00019998871627644079
2024-10-26 11:43:09,813 Train Loss: {0.0674}; IoU: {0.8747}; Prec: {0.9317}; Recall: {0.9346}; F1: {0.9332}; Sens: {0.9346}; Spec: {0.9996}; AUC: {0.9671}
2024-10-26 11:44:08,511 Valid Loss: {0.0786}; IoU: {0.8549}; Prec: {0.9292}; Recall: {0.9144}; F1: {0.9218}; Sens: {0.9144}; Spec: {0.9996}; AUC: {0.9570}
2024-10-26 11:44:08,513 current best loss 0.07681150920689106, mIoU 0.8579483032226562
2024-10-26 11:44:08,517 cost time: {'day': 3.0, 'hour': 9.0, 'minute': 51.0, 'second': 30}
2024-10-26 11:44:08,517 => Epoch 886, lr 0.00019998869084877943
2024-10-26 11:50:29,065 Train Loss: {0.0671}; IoU: {0.8752}; Prec: {0.9310}; Recall: {0.9360}; F1: {0.9335}; Sens: {0.9360}; Spec: {0.9996}; AUC: {0.9678}
2024-10-26 11:51:27,236 Valid Loss: {0.0788}; IoU: {0.8546}; Prec: {0.9313}; Recall: {0.9121}; F1: {0.9216}; Sens: {0.9121}; Spec: {0.9996}; AUC: {0.9559}
2024-10-26 11:51:27,238 current best loss 0.07681150920689106, mIoU 0.8579483032226562
2024-10-26 11:51:27,242 cost time: {'day': 3.0, 'hour': 9.0, 'minute': 58.0, 'second': 49}
2024-10-26 11:51:27,242 => Epoch 887, lr 0.00019998866539250171
2024-10-26 11:57:51,174 Train Loss: {0.0676}; IoU: {0.8744}; Prec: {0.9314}; Recall: {0.9347}; F1: {0.9330}; Sens: {0.9347}; Spec: {0.9996}; AUC: {0.9671}
2024-10-26 11:58:49,846 Valid Loss: {0.0788}; IoU: {0.8545}; Prec: {0.9196}; Recall: {0.9234}; F1: {0.9215}; Sens: {0.9234}; Spec: {0.9995}; AUC: {0.9615}
2024-10-26 11:58:49,846 current best loss 0.07681150920689106, mIoU 0.8579483032226562
2024-10-26 11:58:49,851 cost time: {'day': 3.0, 'hour': 10.0, 'minute': 6.0, 'second': 11}
2024-10-26 11:58:49,852 => Epoch 888, lr 0.00019998863990760765
2024-10-26 12:05:13,124 Train Loss: {0.0675}; IoU: {0.8750}; Prec: {0.9319}; Recall: {0.9348}; F1: {0.9333}; Sens: {0.9348}; Spec: {0.9996}; AUC: {0.9672}
2024-10-26 12:06:11,567 Valid Loss: {0.0786}; IoU: {0.8549}; Prec: {0.9333}; Recall: {0.9105}; F1: {0.9218}; Sens: {0.9105}; Spec: {0.9996}; AUC: {0.9551}
2024-10-26 12:06:11,568 current best loss 0.07681150920689106, mIoU 0.8579483032226562
2024-10-26 12:06:11,571 cost time: {'day': 3.0, 'hour': 10.0, 'minute': 13.0, 'second': 33}
2024-10-26 12:06:11,572 => Epoch 889, lr 0.00019998861439409724
2024-10-26 12:12:35,309 Train Loss: {0.0674}; IoU: {0.8752}; Prec: {0.9318}; Recall: {0.9352}; F1: {0.9335}; Sens: {0.9352}; Spec: {0.9996}; AUC: {0.9674}
2024-10-26 12:13:34,071 Valid Loss: {0.0777}; IoU: {0.8566}; Prec: {0.9192}; Recall: {0.9263}; F1: {0.9228}; Sens: {0.9263}; Spec: {0.9995}; AUC: {0.9629}
2024-10-26 12:13:34,072 current best loss 0.07681150920689106, mIoU 0.8579483032226562
2024-10-26 12:13:34,076 cost time: {'day': 3.0, 'hour': 10.0, 'minute': 20.0, 'second': 56}
2024-10-26 12:13:34,076 => Epoch 890, lr 0.00019998858885197045
2024-10-26 12:19:56,355 Train Loss: {0.0673}; IoU: {0.8747}; Prec: {0.9321}; Recall: {0.9342}; F1: {0.9331}; Sens: {0.9342}; Spec: {0.9996}; AUC: {0.9669}
2024-10-26 12:20:54,900 Valid Loss: {0.0790}; IoU: {0.8544}; Prec: {0.9187}; Recall: {0.9243}; F1: {0.9215}; Sens: {0.9243}; Spec: {0.9995}; AUC: {0.9619}
2024-10-26 12:20:54,901 current best loss 0.07681150920689106, mIoU 0.8579483032226562
2024-10-26 12:20:54,905 cost time: {'day': 3.0, 'hour': 10.0, 'minute': 28.0, 'second': 16}
2024-10-26 12:20:54,906 => Epoch 891, lr 0.00019998856328122736
2024-10-26 12:27:15,044 Train Loss: {0.0675}; IoU: {0.8750}; Prec: {0.9318}; Recall: {0.9348}; F1: {0.9333}; Sens: {0.9348}; Spec: {0.9996}; AUC: {0.9672}
2024-10-26 12:28:13,375 Valid Loss: {0.0779}; IoU: {0.8562}; Prec: {0.9201}; Recall: {0.9250}; F1: {0.9225}; Sens: {0.9250}; Spec: {0.9995}; AUC: {0.9622}
2024-10-26 12:28:13,376 current best loss 0.07681150920689106, mIoU 0.8579483032226562
2024-10-26 12:28:13,381 cost time: {'day': 3.0, 'hour': 10.0, 'minute': 35.0, 'second': 35}
2024-10-26 12:28:13,381 => Epoch 892, lr 0.0001999885376818679
2024-10-26 12:34:36,463 Train Loss: {0.0674}; IoU: {0.8748}; Prec: {0.9316}; Recall: {0.9349}; F1: {0.9332}; Sens: {0.9349}; Spec: {0.9996}; AUC: {0.9672}
2024-10-26 12:35:34,362 Valid Loss: {0.0777}; IoU: {0.8567}; Prec: {0.9216}; Recall: {0.9240}; F1: {0.9228}; Sens: {0.9240}; Spec: {0.9996}; AUC: {0.9618}
2024-10-26 12:35:34,364 current best loss 0.07681150920689106, mIoU 0.8579483032226562
2024-10-26 12:35:34,367 cost time: {'day': 3.0, 'hour': 10.0, 'minute': 42.0, 'second': 56}
2024-10-26 12:35:34,368 => Epoch 893, lr 0.00019998851205389216
2024-10-26 12:41:52,979 Train Loss: {0.0674}; IoU: {0.8751}; Prec: {0.9319}; Recall: {0.9350}; F1: {0.9334}; Sens: {0.9350}; Spec: {0.9996}; AUC: {0.9673}
2024-10-26 12:42:50,618 Valid Loss: {0.0790}; IoU: {0.8544}; Prec: {0.9067}; Recall: {0.9368}; F1: {0.9215}; Sens: {0.9368}; Spec: {0.9994}; AUC: {0.9681}
2024-10-26 12:42:50,619 current best loss 0.07681150920689106, mIoU 0.8579483032226562
2024-10-26 12:42:50,623 cost time: {'day': 3.0, 'hour': 10.0, 'minute': 50.0, 'second': 12}
2024-10-26 12:42:50,624 => Epoch 894, lr 0.0001999884863973001
2024-10-26 12:49:08,219 Train Loss: {0.0669}; IoU: {0.8756}; Prec: {0.9316}; Recall: {0.9357}; F1: {0.9337}; Sens: {0.9357}; Spec: {0.9996}; AUC: {0.9677}
2024-10-26 12:50:05,726 Valid Loss: {0.0790}; IoU: {0.8541}; Prec: {0.9171}; Recall: {0.9255}; F1: {0.9213}; Sens: {0.9255}; Spec: {0.9995}; AUC: {0.9625}
2024-10-26 12:50:05,728 current best loss 0.07681150920689106, mIoU 0.8579483032226562
2024-10-26 12:50:05,732 cost time: {'day': 3.0, 'hour': 10.0, 'minute': 57.0, 'second': 27}
2024-10-26 12:50:05,732 => Epoch 895, lr 0.00019998846071209175
2024-10-26 12:56:26,187 Train Loss: {0.0675}; IoU: {0.8753}; Prec: {0.9320}; Recall: {0.9350}; F1: {0.9335}; Sens: {0.9350}; Spec: {0.9996}; AUC: {0.9673}
2024-10-26 12:57:23,617 Valid Loss: {0.0794}; IoU: {0.8536}; Prec: {0.9294}; Recall: {0.9128}; F1: {0.9210}; Sens: {0.9128}; Spec: {0.9996}; AUC: {0.9562}
2024-10-26 12:57:23,618 current best loss 0.07681150920689106, mIoU 0.8579483032226562
2024-10-26 12:57:23,623 cost time: {'day': 3.0, 'hour': 11.0, 'minute': 4.0, 'second': 45}
2024-10-26 12:57:23,623 => Epoch 896, lr 0.00019998843499826705
2024-10-26 13:03:41,482 Train Loss: {0.0674}; IoU: {0.8747}; Prec: {0.9315}; Recall: {0.9349}; F1: {0.9332}; Sens: {0.9349}; Spec: {0.9996}; AUC: {0.9672}
2024-10-26 13:04:38,876 Valid Loss: {0.0805}; IoU: {0.8517}; Prec: {0.9432}; Recall: {0.8977}; F1: {0.9199}; Sens: {0.8977}; Spec: {0.9997}; AUC: {0.9487}
2024-10-26 13:04:38,877 current best loss 0.07681150920689106, mIoU 0.8579483032226562
2024-10-26 13:04:38,880 cost time: {'day': 3.0, 'hour': 11.0, 'minute': 12.0, 'second': 0}
2024-10-26 13:04:38,881 => Epoch 897, lr 0.00019998840925582612
2024-10-26 13:10:58,938 Train Loss: {0.0674}; IoU: {0.8751}; Prec: {0.9324}; Recall: {0.9344}; F1: {0.9334}; Sens: {0.9344}; Spec: {0.9996}; AUC: {0.9670}
2024-10-26 13:11:56,373 Valid Loss: {0.0785}; IoU: {0.8553}; Prec: {0.9236}; Recall: {0.9204}; F1: {0.9220}; Sens: {0.9204}; Spec: {0.9996}; AUC: {0.9600}
2024-10-26 13:11:56,374 current best loss 0.07681150920689106, mIoU 0.8579483032226562
2024-10-26 13:11:56,378 cost time: {'day': 3.0, 'hour': 11.0, 'minute': 19.0, 'second': 18}
2024-10-26 13:11:56,378 => Epoch 898, lr 0.00019998838348476888
2024-10-26 13:18:21,241 Train Loss: {0.0675}; IoU: {0.8750}; Prec: {0.9318}; Recall: {0.9348}; F1: {0.9333}; Sens: {0.9348}; Spec: {0.9996}; AUC: {0.9672}
2024-10-26 13:19:20,364 Valid Loss: {0.0779}; IoU: {0.8561}; Prec: {0.9174}; Recall: {0.9277}; F1: {0.9225}; Sens: {0.9277}; Spec: {0.9995}; AUC: {0.9636}
2024-10-26 13:19:20,365 current best loss 0.07681150920689106, mIoU 0.8579483032226562
2024-10-26 13:19:20,369 cost time: {'day': 3.0, 'hour': 11.0, 'minute': 26.0, 'second': 42}
2024-10-26 13:19:20,369 => Epoch 899, lr 0.00019998835768509542
2024-10-26 13:25:37,101 Train Loss: {0.0676}; IoU: {0.8751}; Prec: {0.9306}; Recall: {0.9361}; F1: {0.9334}; Sens: {0.9361}; Spec: {0.9996}; AUC: {0.9679}
2024-10-26 13:26:35,031 Valid Loss: {0.0773}; IoU: {0.8573}; Prec: {0.9269}; Recall: {0.9195}; F1: {0.9232}; Sens: {0.9195}; Spec: {0.9996}; AUC: {0.9596}
2024-10-26 13:26:35,032 current best loss 0.07681150920689106, mIoU 0.8579483032226562
2024-10-26 13:26:35,036 cost time: {'day': 3.0, 'hour': 11.0, 'minute': 33.0, 'second': 57}
2024-10-26 13:26:35,036 => Epoch 900, lr 0.00019998833185680558
2024-10-26 13:32:47,857 Train Loss: {0.0670}; IoU: {0.8753}; Prec: {0.9321}; Recall: {0.9350}; F1: {0.9335}; Sens: {0.9350}; Spec: {0.9996}; AUC: {0.9673}
2024-10-26 13:33:45,289 Valid Loss: {0.0784}; IoU: {0.8552}; Prec: {0.9256}; Recall: {0.9184}; F1: {0.9220}; Sens: {0.9184}; Spec: {0.9996}; AUC: {0.9590}
2024-10-26 13:34:54,058 Test Loss: {0.0799}; IoU: {0.8546}; Prec: {0.9220}; Recall: {0.9213}; F1: {0.9216}; Sens: {0.9213}; Spec: {0.9995}; AUC: {0.9604}
2024-10-26 13:34:54,060 current best loss 0.07681150920689106, mIoU 0.8579483032226562
2024-10-26 13:34:54,064 cost time: {'day': 3.0, 'hour': 11.0, 'minute': 42.0, 'second': 16}
2024-10-26 13:34:54,065 => Epoch 901, lr 0.00019998830599989956
2024-10-26 13:41:07,165 Train Loss: {0.0670}; IoU: {0.8757}; Prec: {0.9316}; Recall: {0.9359}; F1: {0.9337}; Sens: {0.9359}; Spec: {0.9996}; AUC: {0.9677}
2024-10-26 13:42:05,224 Valid Loss: {0.0777}; IoU: {0.8564}; Prec: {0.9233}; Recall: {0.9221}; F1: {0.9227}; Sens: {0.9221}; Spec: {0.9996}; AUC: {0.9608}
2024-10-26 13:42:05,226 current best loss 0.07681150920689106, mIoU 0.8579483032226562
2024-10-26 13:42:05,230 cost time: {'day': 3.0, 'hour': 11.0, 'minute': 49.0, 'second': 27}
2024-10-26 13:42:05,230 => Epoch 902, lr 0.00019998828011437726
2024-10-26 13:48:22,984 Train Loss: {0.0670}; IoU: {0.8753}; Prec: {0.9324}; Recall: {0.9346}; F1: {0.9335}; Sens: {0.9346}; Spec: {0.9996}; AUC: {0.9671}
2024-10-26 13:49:21,146 Valid Loss: {0.0786}; IoU: {0.8549}; Prec: {0.9292}; Recall: {0.9145}; F1: {0.9218}; Sens: {0.9145}; Spec: {0.9996}; AUC: {0.9571}
2024-10-26 13:49:21,147 current best loss 0.07681150920689106, mIoU 0.8579483032226562
2024-10-26 13:49:21,151 cost time: {'day': 3.0, 'hour': 11.0, 'minute': 56.0, 'second': 43}
2024-10-26 13:49:21,151 => Epoch 903, lr 0.00019998825420023872
2024-10-26 13:55:33,996 Train Loss: {0.0675}; IoU: {0.8750}; Prec: {0.9322}; Recall: {0.9344}; F1: {0.9333}; Sens: {0.9344}; Spec: {0.9996}; AUC: {0.9670}
2024-10-26 13:56:31,688 Valid Loss: {0.0776}; IoU: {0.8567}; Prec: {0.9236}; Recall: {0.9220}; F1: {0.9228}; Sens: {0.9220}; Spec: {0.9996}; AUC: {0.9608}
2024-10-26 13:56:31,690 current best loss 0.07681150920689106, mIoU 0.8579483032226562
2024-10-26 13:56:31,693 cost time: {'day': 3.0, 'hour': 12.0, 'minute': 3.0, 'second': 53}
2024-10-26 13:56:31,694 => Epoch 904, lr 0.00019998822825748394
2024-10-26 14:02:46,821 Train Loss: {0.0673}; IoU: {0.8751}; Prec: {0.9318}; Recall: {0.9350}; F1: {0.9334}; Sens: {0.9350}; Spec: {0.9996}; AUC: {0.9673}
2024-10-26 14:03:44,643 Valid Loss: {0.0774}; IoU: {0.8570}; Prec: {0.9209}; Recall: {0.9251}; F1: {0.9230}; Sens: {0.9251}; Spec: {0.9995}; AUC: {0.9623}
2024-10-26 14:03:44,643 current best loss 0.07681150920689106, mIoU 0.8579483032226562
2024-10-26 14:03:44,647 cost time: {'day': 3.0, 'hour': 12.0, 'minute': 11.0, 'second': 6}
2024-10-26 14:03:44,648 => Epoch 905, lr 0.000199988202286113
2024-10-26 14:10:00,007 Train Loss: {0.0672}; IoU: {0.8753}; Prec: {0.9319}; Recall: {0.9351}; F1: {0.9335}; Sens: {0.9351}; Spec: {0.9996}; AUC: {0.9674}
2024-10-26 14:10:57,744 Valid Loss: {0.0782}; IoU: {0.8556}; Prec: {0.9266}; Recall: {0.9178}; F1: {0.9222}; Sens: {0.9178}; Spec: {0.9996}; AUC: {0.9587}
2024-10-26 14:10:57,744 current best loss 0.07681150920689106, mIoU 0.8579483032226562
2024-10-26 14:10:57,748 cost time: {'day': 3.0, 'hour': 12.0, 'minute': 18.0, 'second': 19}
2024-10-26 14:10:57,748 => Epoch 906, lr 0.00019998817628612576
2024-10-26 14:17:15,069 Train Loss: {0.0671}; IoU: {0.8756}; Prec: {0.9317}; Recall: {0.9357}; F1: {0.9337}; Sens: {0.9357}; Spec: {0.9996}; AUC: {0.9676}
2024-10-26 14:18:13,108 Valid Loss: {0.0784}; IoU: {0.8555}; Prec: {0.9226}; Recall: {0.9216}; F1: {0.9221}; Sens: {0.9216}; Spec: {0.9996}; AUC: {0.9606}
2024-10-26 14:18:13,108 current best loss 0.07681150920689106, mIoU 0.8579483032226562
2024-10-26 14:18:13,112 cost time: {'day': 3.0, 'hour': 12.0, 'minute': 25.0, 'second': 35}
2024-10-26 14:18:13,112 => Epoch 907, lr 0.00019998815025752234
2024-10-26 14:24:27,798 Train Loss: {0.0675}; IoU: {0.8749}; Prec: {0.9322}; Recall: {0.9343}; F1: {0.9333}; Sens: {0.9343}; Spec: {0.9996}; AUC: {0.9670}
2024-10-26 14:25:25,894 Valid Loss: {0.0778}; IoU: {0.8564}; Prec: {0.9297}; Recall: {0.9157}; F1: {0.9227}; Sens: {0.9157}; Spec: {0.9996}; AUC: {0.9577}
2024-10-26 14:25:25,895 current best loss 0.07681150920689106, mIoU 0.8579483032226562
2024-10-26 14:25:25,899 cost time: {'day': 3.0, 'hour': 12.0, 'minute': 32.0, 'second': 47}
2024-10-26 14:25:25,899 => Epoch 908, lr 0.0001999881242003027
2024-10-26 14:31:35,502 Train Loss: {0.0669}; IoU: {0.8759}; Prec: {0.9325}; Recall: {0.9352}; F1: {0.9338}; Sens: {0.9352}; Spec: {0.9996}; AUC: {0.9674}
2024-10-26 14:32:33,939 Valid Loss: {0.0781}; IoU: {0.8558}; Prec: {0.9346}; Recall: {0.9103}; F1: {0.9223}; Sens: {0.9103}; Spec: {0.9996}; AUC: {0.9550}
2024-10-26 14:32:33,940 current best loss 0.07681150920689106, mIoU 0.8579483032226562
2024-10-26 14:32:33,943 cost time: {'day': 3.0, 'hour': 12.0, 'minute': 39.0, 'second': 56}
2024-10-26 14:32:33,944 => Epoch 909, lr 0.00019998809811446687
2024-10-26 14:38:48,945 Train Loss: {0.0670}; IoU: {0.8759}; Prec: {0.9323}; Recall: {0.9354}; F1: {0.9338}; Sens: {0.9354}; Spec: {0.9996}; AUC: {0.9675}
2024-10-26 14:39:47,034 Valid Loss: {0.0781}; IoU: {0.8558}; Prec: {0.9168}; Recall: {0.9278}; F1: {0.9223}; Sens: {0.9278}; Spec: {0.9995}; AUC: {0.9637}
2024-10-26 14:39:47,036 current best loss 0.07681150920689106, mIoU 0.8579483032226562
2024-10-26 14:39:47,039 cost time: {'day': 3.0, 'hour': 12.0, 'minute': 47.0, 'second': 9}
2024-10-26 14:39:47,039 => Epoch 910, lr 0.00019998807200001485
2024-10-26 14:46:03,653 Train Loss: {0.0671}; IoU: {0.8755}; Prec: {0.9321}; Recall: {0.9352}; F1: {0.9336}; Sens: {0.9352}; Spec: {0.9996}; AUC: {0.9674}
2024-10-26 14:47:00,411 Valid Loss: {0.0783}; IoU: {0.8557}; Prec: {0.9314}; Recall: {0.9132}; F1: {0.9222}; Sens: {0.9132}; Spec: {0.9996}; AUC: {0.9564}
2024-10-26 14:47:00,412 current best loss 0.07681150920689106, mIoU 0.8579483032226562
2024-10-26 14:47:00,416 cost time: {'day': 3.0, 'hour': 12.0, 'minute': 54.0, 'second': 22}
2024-10-26 14:47:00,416 => Epoch 911, lr 0.00019998804585694667
2024-10-26 14:53:14,056 Train Loss: {0.0670}; IoU: {0.8758}; Prec: {0.9320}; Recall: {0.9356}; F1: {0.9338}; Sens: {0.9356}; Spec: {0.9996}; AUC: {0.9676}
2024-10-26 14:54:11,833 Valid Loss: {0.0794}; IoU: {0.8536}; Prec: {0.9319}; Recall: {0.9103}; F1: {0.9210}; Sens: {0.9103}; Spec: {0.9996}; AUC: {0.9550}
2024-10-26 14:54:11,834 current best loss 0.07681150920689106, mIoU 0.8579483032226562
2024-10-26 14:54:11,837 cost time: {'day': 3.0, 'hour': 13.0, 'minute': 1.0, 'second': 33}
2024-10-26 14:54:11,837 => Epoch 912, lr 0.00019998801968526227
2024-10-26 15:00:21,857 Train Loss: {0.0671}; IoU: {0.8755}; Prec: {0.9323}; Recall: {0.9349}; F1: {0.9336}; Sens: {0.9349}; Spec: {0.9996}; AUC: {0.9673}
2024-10-26 15:01:19,338 Valid Loss: {0.0785}; IoU: {0.8552}; Prec: {0.9145}; Recall: {0.9295}; F1: {0.9219}; Sens: {0.9295}; Spec: {0.9995}; AUC: {0.9645}
2024-10-26 15:01:19,339 current best loss 0.07681150920689106, mIoU 0.8579483032226562
2024-10-26 15:01:19,342 cost time: {'day': 3.0, 'hour': 13.0, 'minute': 8.0, 'second': 41}
2024-10-26 15:01:19,343 => Epoch 913, lr 0.0001999879934849617
2024-10-26 15:07:34,592 Train Loss: {0.0670}; IoU: {0.8757}; Prec: {0.9321}; Recall: {0.9353}; F1: {0.9337}; Sens: {0.9353}; Spec: {0.9996}; AUC: {0.9675}
2024-10-26 15:08:32,907 Valid Loss: {0.0789}; IoU: {0.8547}; Prec: {0.9286}; Recall: {0.9148}; F1: {0.9216}; Sens: {0.9148}; Spec: {0.9996}; AUC: {0.9572}
2024-10-26 15:08:32,908 current best loss 0.07681150920689106, mIoU 0.8579483032226562
2024-10-26 15:08:32,911 cost time: {'day': 3.0, 'hour': 13.0, 'minute': 15.0, 'second': 54}
2024-10-26 15:08:32,912 => Epoch 914, lr 0.00019998796725604503
2024-10-26 15:14:46,817 Train Loss: {0.0665}; IoU: {0.8762}; Prec: {0.9325}; Recall: {0.9355}; F1: {0.9340}; Sens: {0.9355}; Spec: {0.9996}; AUC: {0.9676}
2024-10-26 15:15:44,121 Valid Loss: {0.0797}; IoU: {0.8533}; Prec: {0.9217}; Recall: {0.9200}; F1: {0.9208}; Sens: {0.9200}; Spec: {0.9996}; AUC: {0.9598}
2024-10-26 15:15:44,122 current best loss 0.07681150920689106, mIoU 0.8579483032226562
2024-10-26 15:15:44,125 cost time: {'day': 3.0, 'hour': 13.0, 'minute': 23.0, 'second': 6}
2024-10-26 15:15:44,125 => Epoch 915, lr 0.00019998794099851223
2024-10-26 15:21:53,414 Train Loss: {0.0669}; IoU: {0.8758}; Prec: {0.9321}; Recall: {0.9355}; F1: {0.9338}; Sens: {0.9355}; Spec: {0.9996}; AUC: {0.9676}
2024-10-26 15:22:50,823 Valid Loss: {0.0774}; IoU: {0.8572}; Prec: {0.9204}; Recall: {0.9258}; F1: {0.9231}; Sens: {0.9258}; Spec: {0.9995}; AUC: {0.9627}
2024-10-26 15:22:50,824 current best loss 0.07681150920689106, mIoU 0.8579483032226562
2024-10-26 15:22:50,828 cost time: {'day': 3.0, 'hour': 13.0, 'minute': 30.0, 'second': 12}
2024-10-26 15:22:50,828 => Epoch 916, lr 0.00019998791471236322
2024-10-26 15:29:00,323 Train Loss: {0.0673}; IoU: {0.8751}; Prec: {0.9313}; Recall: {0.9354}; F1: {0.9334}; Sens: {0.9354}; Spec: {0.9996}; AUC: {0.9675}
2024-10-26 15:29:57,281 Valid Loss: {0.0778}; IoU: {0.8565}; Prec: {0.9265}; Recall: {0.9190}; F1: {0.9227}; Sens: {0.9190}; Spec: {0.9996}; AUC: {0.9593}
2024-10-26 15:29:57,282 current best loss 0.07681150920689106, mIoU 0.8579483032226562
2024-10-26 15:29:57,286 cost time: {'day': 3.0, 'hour': 13.0, 'minute': 37.0, 'second': 19}
2024-10-26 15:29:57,286 => Epoch 917, lr 0.00019998788839759813
2024-10-26 15:36:11,411 Train Loss: {0.0668}; IoU: {0.8758}; Prec: {0.9323}; Recall: {0.9353}; F1: {0.9338}; Sens: {0.9353}; Spec: {0.9996}; AUC: {0.9675}
2024-10-26 15:37:08,858 Valid Loss: {0.0787}; IoU: {0.8550}; Prec: {0.9391}; Recall: {0.9052}; F1: {0.9218}; Sens: {0.9052}; Spec: {0.9997}; AUC: {0.9524}
2024-10-26 15:37:08,859 current best loss 0.07681150920689106, mIoU 0.8579483032226562
2024-10-26 15:37:08,862 cost time: {'day': 3.0, 'hour': 13.0, 'minute': 44.0, 'second': 30}
2024-10-26 15:37:08,863 => Epoch 918, lr 0.0001999878620542169
2024-10-26 15:43:20,641 Train Loss: {0.0672}; IoU: {0.8754}; Prec: {0.9319}; Recall: {0.9352}; F1: {0.9336}; Sens: {0.9352}; Spec: {0.9996}; AUC: {0.9674}
2024-10-26 15:44:17,836 Valid Loss: {0.0785}; IoU: {0.8552}; Prec: {0.9353}; Recall: {0.9090}; F1: {0.9220}; Sens: {0.9090}; Spec: {0.9996}; AUC: {0.9543}
2024-10-26 15:44:17,836 current best loss 0.07681150920689106, mIoU 0.8579483032226562
2024-10-26 15:44:17,840 cost time: {'day': 3.0, 'hour': 13.0, 'minute': 51.0, 'second': 39}
2024-10-26 15:44:17,841 => Epoch 919, lr 0.0001999878356822195
2024-10-26 15:50:26,816 Train Loss: {0.0669}; IoU: {0.8759}; Prec: {0.9323}; Recall: {0.9354}; F1: {0.9339}; Sens: {0.9354}; Spec: {0.9996}; AUC: {0.9675}
2024-10-26 15:51:23,760 Valid Loss: {0.0780}; IoU: {0.8561}; Prec: {0.9309}; Recall: {0.9141}; F1: {0.9225}; Sens: {0.9141}; Spec: {0.9996}; AUC: {0.9569}
2024-10-26 15:51:23,760 current best loss 0.07681150920689106, mIoU 0.8579483032226562
2024-10-26 15:51:23,764 cost time: {'day': 3.0, 'hour': 13.0, 'minute': 58.0, 'second': 45}
2024-10-26 15:51:23,764 => Epoch 920, lr 0.0001999878092816061
2024-10-26 15:57:41,350 Train Loss: {0.0674}; IoU: {0.8754}; Prec: {0.9321}; Recall: {0.9350}; F1: {0.9336}; Sens: {0.9350}; Spec: {0.9996}; AUC: {0.9673}
2024-10-26 15:58:39,303 Valid Loss: {0.0785}; IoU: {0.8553}; Prec: {0.9348}; Recall: {0.9095}; F1: {0.9220}; Sens: {0.9095}; Spec: {0.9996}; AUC: {0.9546}
2024-10-26 15:58:39,304 current best loss 0.07681150920689106, mIoU 0.8579483032226562
2024-10-26 15:58:39,308 cost time: {'day': 3.0, 'hour': 14.0, 'minute': 6.0, 'second': 1}
2024-10-26 15:58:39,308 => Epoch 921, lr 0.0001999877828523765
2024-10-26 16:04:56,883 Train Loss: {0.0672}; IoU: {0.8753}; Prec: {0.9321}; Recall: {0.9350}; F1: {0.9335}; Sens: {0.9350}; Spec: {0.9996}; AUC: {0.9673}
2024-10-26 16:05:55,087 Valid Loss: {0.0776}; IoU: {0.8567}; Prec: {0.9250}; Recall: {0.9206}; F1: {0.9228}; Sens: {0.9206}; Spec: {0.9996}; AUC: {0.9601}
2024-10-26 16:05:55,088 current best loss 0.07681150920689106, mIoU 0.8579483032226562
2024-10-26 16:05:55,091 cost time: {'day': 3.0, 'hour': 14.0, 'minute': 13.0, 'second': 17}
2024-10-26 16:05:55,092 => Epoch 922, lr 0.00019998775639453088
2024-10-26 16:12:08,897 Train Loss: {0.0670}; IoU: {0.8758}; Prec: {0.9322}; Recall: {0.9354}; F1: {0.9338}; Sens: {0.9354}; Spec: {0.9996}; AUC: {0.9675}
2024-10-26 16:13:06,350 Valid Loss: {0.0779}; IoU: {0.8563}; Prec: {0.9325}; Recall: {0.9129}; F1: {0.9226}; Sens: {0.9129}; Spec: {0.9996}; AUC: {0.9563}
2024-10-26 16:13:06,351 current best loss 0.07681150920689106, mIoU 0.8579483032226562
2024-10-26 16:13:06,354 cost time: {'day': 3.0, 'hour': 14.0, 'minute': 20.0, 'second': 28}
2024-10-26 16:13:06,355 => Epoch 923, lr 0.0001999877299080691
2024-10-26 16:19:15,502 Train Loss: {0.0672}; IoU: {0.8755}; Prec: {0.9323}; Recall: {0.9350}; F1: {0.9336}; Sens: {0.9350}; Spec: {0.9996}; AUC: {0.9673}
2024-10-26 16:20:12,789 Valid Loss: {0.0777}; IoU: {0.8569}; Prec: {0.9295}; Recall: {0.9164}; F1: {0.9229}; Sens: {0.9164}; Spec: {0.9996}; AUC: {0.9580}
2024-10-26 16:20:12,791 current best loss 0.07681150920689106, mIoU 0.8579483032226562
2024-10-26 16:20:12,794 cost time: {'day': 3.0, 'hour': 14.0, 'minute': 27.0, 'second': 34}
2024-10-26 16:20:12,794 => Epoch 924, lr 0.00019998770339299128
2024-10-26 16:26:25,826 Train Loss: {0.0673}; IoU: {0.8759}; Prec: {0.9328}; Recall: {0.9349}; F1: {0.9339}; Sens: {0.9349}; Spec: {0.9996}; AUC: {0.9673}
2024-10-26 16:27:23,108 Valid Loss: {0.0773}; IoU: {0.8573}; Prec: {0.9289}; Recall: {0.9175}; F1: {0.9232}; Sens: {0.9175}; Spec: {0.9996}; AUC: {0.9585}
2024-10-26 16:27:23,109 current best loss 0.07681150920689106, mIoU 0.8579483032226562
2024-10-26 16:27:23,112 cost time: {'day': 3.0, 'hour': 14.0, 'minute': 34.0, 'second': 45}
2024-10-26 16:27:23,113 => Epoch 925, lr 0.0001999876768492974
2024-10-26 16:33:36,734 Train Loss: {0.0671}; IoU: {0.8749}; Prec: {0.9317}; Recall: {0.9349}; F1: {0.9333}; Sens: {0.9349}; Spec: {0.9996}; AUC: {0.9672}
2024-10-26 16:34:33,969 Valid Loss: {0.0782}; IoU: {0.8558}; Prec: {0.9220}; Recall: {0.9226}; F1: {0.9223}; Sens: {0.9226}; Spec: {0.9996}; AUC: {0.9611}
2024-10-26 16:34:33,969 current best loss 0.07681150920689106, mIoU 0.8579483032226562
2024-10-26 16:34:33,973 cost time: {'day': 3.0, 'hour': 14.0, 'minute': 41.0, 'second': 56}
2024-10-26 16:34:33,973 => Epoch 926, lr 0.00019998765027698744
2024-10-26 16:40:48,592 Train Loss: {0.0670}; IoU: {0.8756}; Prec: {0.9317}; Recall: {0.9356}; F1: {0.9337}; Sens: {0.9356}; Spec: {0.9996}; AUC: {0.9676}
2024-10-26 16:41:46,137 Valid Loss: {0.0789}; IoU: {0.8546}; Prec: {0.9297}; Recall: {0.9136}; F1: {0.9216}; Sens: {0.9136}; Spec: {0.9996}; AUC: {0.9566}
2024-10-26 16:41:46,138 current best loss 0.07681150920689106, mIoU 0.8579483032226562
2024-10-26 16:41:46,142 cost time: {'day': 3.0, 'hour': 14.0, 'minute': 49.0, 'second': 8}
2024-10-26 16:41:46,142 => Epoch 927, lr 0.00019998762367606137
2024-10-26 16:48:03,384 Train Loss: {0.0671}; IoU: {0.8756}; Prec: {0.9321}; Recall: {0.9353}; F1: {0.9337}; Sens: {0.9353}; Spec: {0.9996}; AUC: {0.9674}
2024-10-26 16:49:00,968 Valid Loss: {0.0784}; IoU: {0.8552}; Prec: {0.9182}; Recall: {0.9258}; F1: {0.9220}; Sens: {0.9258}; Spec: {0.9995}; AUC: {0.9627}
2024-10-26 16:49:00,968 current best loss 0.07681150920689106, mIoU 0.8579483032226562
2024-10-26 16:49:00,971 cost time: {'day': 3.0, 'hour': 14.0, 'minute': 56.0, 'second': 23}
2024-10-26 16:49:00,972 => Epoch 928, lr 0.00019998759704651934
2024-10-26 16:55:12,908 Train Loss: {0.0668}; IoU: {0.8759}; Prec: {0.9319}; Recall: {0.9358}; F1: {0.9339}; Sens: {0.9358}; Spec: {0.9996}; AUC: {0.9677}
2024-10-26 16:56:10,282 Valid Loss: {0.0780}; IoU: {0.8562}; Prec: {0.9250}; Recall: {0.9201}; F1: {0.9225}; Sens: {0.9201}; Spec: {0.9996}; AUC: {0.9598}
2024-10-26 16:56:10,283 current best loss 0.07681150920689106, mIoU 0.8579483032226562
2024-10-26 16:56:10,286 cost time: {'day': 3.0, 'hour': 15.0, 'minute': 3.0, 'second': 32}
2024-10-26 16:56:10,287 => Epoch 929, lr 0.00019998757038836127
2024-10-26 17:02:27,373 Train Loss: {0.0671}; IoU: {0.8758}; Prec: {0.9327}; Recall: {0.9349}; F1: {0.9338}; Sens: {0.9349}; Spec: {0.9996}; AUC: {0.9673}
2024-10-26 17:03:24,997 Valid Loss: {0.0776}; IoU: {0.8568}; Prec: {0.9286}; Recall: {0.9172}; F1: {0.9229}; Sens: {0.9172}; Spec: {0.9996}; AUC: {0.9584}
2024-10-26 17:03:24,997 current best loss 0.07681150920689106, mIoU 0.8579483032226562
2024-10-26 17:03:25,001 cost time: {'day': 3.0, 'hour': 15.0, 'minute': 10.0, 'second': 47}
2024-10-26 17:03:25,001 => Epoch 930, lr 0.0001999875437015871
2024-10-26 17:09:38,865 Train Loss: {0.0666}; IoU: {0.8763}; Prec: {0.9320}; Recall: {0.9362}; F1: {0.9341}; Sens: {0.9362}; Spec: {0.9996}; AUC: {0.9679}
2024-10-26 17:10:36,720 Valid Loss: {0.0776}; IoU: {0.8568}; Prec: {0.9301}; Recall: {0.9158}; F1: {0.9229}; Sens: {0.9158}; Spec: {0.9996}; AUC: {0.9577}
2024-10-26 17:10:36,721 current best loss 0.07681150920689106, mIoU 0.8579483032226562
2024-10-26 17:10:36,724 cost time: {'day': 3.0, 'hour': 15.0, 'minute': 17.0, 'second': 58}
2024-10-26 17:10:36,725 => Epoch 931, lr 0.00019998751698619696
2024-10-26 17:16:52,215 Train Loss: {0.0669}; IoU: {0.8759}; Prec: {0.9323}; Recall: {0.9354}; F1: {0.9338}; Sens: {0.9354}; Spec: {0.9996}; AUC: {0.9675}
2024-10-26 17:17:50,204 Valid Loss: {0.0786}; IoU: {0.8553}; Prec: {0.9357}; Recall: {0.9087}; F1: {0.9220}; Sens: {0.9087}; Spec: {0.9996}; AUC: {0.9542}
2024-10-26 17:17:50,205 current best loss 0.07681150920689106, mIoU 0.8579483032226562
2024-10-26 17:17:50,208 cost time: {'day': 3.0, 'hour': 15.0, 'minute': 25.0, 'second': 12}
2024-10-26 17:17:50,208 => Epoch 932, lr 0.00019998749024219086
2024-10-26 17:24:00,240 Train Loss: {0.0670}; IoU: {0.8758}; Prec: {0.9327}; Recall: {0.9348}; F1: {0.9338}; Sens: {0.9348}; Spec: {0.9996}; AUC: {0.9672}
2024-10-26 17:24:58,019 Valid Loss: {0.0778}; IoU: {0.8566}; Prec: {0.9261}; Recall: {0.9195}; F1: {0.9228}; Sens: {0.9195}; Spec: {0.9996}; AUC: {0.9595}
2024-10-26 17:24:58,020 current best loss 0.07681150920689106, mIoU 0.8579483032226562
2024-10-26 17:24:58,023 cost time: {'day': 3.0, 'hour': 15.0, 'minute': 32.0, 'second': 20}
2024-10-26 17:24:58,023 => Epoch 933, lr 0.00019998746346956868
2024-10-26 17:31:15,813 Train Loss: {0.0669}; IoU: {0.8753}; Prec: {0.9318}; Recall: {0.9352}; F1: {0.9335}; Sens: {0.9352}; Spec: {0.9996}; AUC: {0.9674}
2024-10-26 17:32:13,268 Valid Loss: {0.0787}; IoU: {0.8549}; Prec: {0.9252}; Recall: {0.9184}; F1: {0.9218}; Sens: {0.9184}; Spec: {0.9996}; AUC: {0.9590}
2024-10-26 17:32:13,269 current best loss 0.07681150920689106, mIoU 0.8579483032226562
2024-10-26 17:32:13,272 cost time: {'day': 3.0, 'hour': 15.0, 'minute': 39.0, 'second': 35}
2024-10-26 17:32:13,272 => Epoch 934, lr 0.00019998743666833056
2024-10-26 17:38:25,744 Train Loss: {0.0670}; IoU: {0.8762}; Prec: {0.9325}; Recall: {0.9356}; F1: {0.9340}; Sens: {0.9356}; Spec: {0.9996}; AUC: {0.9676}
2024-10-26 17:39:23,860 Valid Loss: {0.0782}; IoU: {0.8557}; Prec: {0.9235}; Recall: {0.9211}; F1: {0.9223}; Sens: {0.9211}; Spec: {0.9996}; AUC: {0.9603}
2024-10-26 17:39:23,861 current best loss 0.07681150920689106, mIoU 0.8579483032226562
2024-10-26 17:39:23,864 cost time: {'day': 3.0, 'hour': 15.0, 'minute': 46.0, 'second': 45}
2024-10-26 17:39:23,864 => Epoch 935, lr 0.00019998740983847636
2024-10-26 17:45:40,140 Train Loss: {0.0672}; IoU: {0.8755}; Prec: {0.9319}; Recall: {0.9354}; F1: {0.9336}; Sens: {0.9354}; Spec: {0.9996}; AUC: {0.9675}
2024-10-26 17:46:37,740 Valid Loss: {0.0795}; IoU: {0.8536}; Prec: {0.9386}; Recall: {0.9041}; F1: {0.9210}; Sens: {0.9041}; Spec: {0.9997}; AUC: {0.9519}
2024-10-26 17:46:37,741 current best loss 0.07681150920689106, mIoU 0.8579483032226562
2024-10-26 17:46:37,744 cost time: {'day': 3.0, 'hour': 15.0, 'minute': 53.0, 'second': 59}
2024-10-26 17:46:37,744 => Epoch 936, lr 0.00019998738298000624
2024-10-26 17:52:51,979 Train Loss: {0.0671}; IoU: {0.8756}; Prec: {0.9321}; Recall: {0.9353}; F1: {0.9337}; Sens: {0.9353}; Spec: {0.9996}; AUC: {0.9674}
2024-10-26 17:53:49,693 Valid Loss: {0.0789}; IoU: {0.8546}; Prec: {0.9373}; Recall: {0.9064}; F1: {0.9216}; Sens: {0.9064}; Spec: {0.9997}; AUC: {0.9530}
2024-10-26 17:53:49,694 current best loss 0.07681150920689106, mIoU 0.8579483032226562
2024-10-26 17:53:49,697 cost time: {'day': 3.0, 'hour': 16.0, 'minute': 1.0, 'second': 11}
2024-10-26 17:53:49,697 => Epoch 937, lr 0.00019998735609292015
2024-10-26 18:00:02,817 Train Loss: {0.0666}; IoU: {0.8760}; Prec: {0.9323}; Recall: {0.9355}; F1: {0.9339}; Sens: {0.9355}; Spec: {0.9996}; AUC: {0.9676}
2024-10-26 18:01:00,893 Valid Loss: {0.0776}; IoU: {0.8568}; Prec: {0.9320}; Recall: {0.9139}; F1: {0.9229}; Sens: {0.9139}; Spec: {0.9996}; AUC: {0.9568}
2024-10-26 18:01:00,895 current best loss 0.07681150920689106, mIoU 0.8579483032226562
2024-10-26 18:01:00,898 cost time: {'day': 3.0, 'hour': 16.0, 'minute': 8.0, 'second': 22}
2024-10-26 18:01:00,898 => Epoch 938, lr 0.00019998732917721808
2024-10-26 18:07:15,525 Train Loss: {0.0671}; IoU: {0.8760}; Prec: {0.9317}; Recall: {0.9362}; F1: {0.9339}; Sens: {0.9362}; Spec: {0.9996}; AUC: {0.9679}
2024-10-26 18:08:13,377 Valid Loss: {0.0770}; IoU: {0.8577}; Prec: {0.9202}; Recall: {0.9266}; F1: {0.9234}; Sens: {0.9266}; Spec: {0.9995}; AUC: {0.9631}
2024-10-26 18:08:13,378 current best loss 0.07681150920689106, mIoU 0.8579483032226562
2024-10-26 18:08:13,381 cost time: {'day': 3.0, 'hour': 16.0, 'minute': 15.0, 'second': 35}
2024-10-26 18:08:13,382 => Epoch 939, lr 0.00019998730223290008
2024-10-26 18:14:26,948 Train Loss: {0.0672}; IoU: {0.8755}; Prec: {0.9321}; Recall: {0.9351}; F1: {0.9336}; Sens: {0.9351}; Spec: {0.9996}; AUC: {0.9674}
2024-10-26 18:15:24,840 Valid Loss: {0.0772}; IoU: {0.8575}; Prec: {0.9308}; Recall: {0.9158}; F1: {0.9233}; Sens: {0.9158}; Spec: {0.9996}; AUC: {0.9577}
2024-10-26 18:15:24,841 current best loss 0.07681150920689106, mIoU 0.8579483032226562
2024-10-26 18:15:24,844 cost time: {'day': 3.0, 'hour': 16.0, 'minute': 22.0, 'second': 46}
2024-10-26 18:15:24,844 => Epoch 940, lr 0.00019998727525996607
2024-10-26 18:21:36,972 Train Loss: {0.0663}; IoU: {0.8767}; Prec: {0.9323}; Recall: {0.9364}; F1: {0.9343}; Sens: {0.9364}; Spec: {0.9996}; AUC: {0.9680}
2024-10-26 18:22:34,634 Valid Loss: {0.0776}; IoU: {0.8571}; Prec: {0.9268}; Recall: {0.9193}; F1: {0.9230}; Sens: {0.9193}; Spec: {0.9996}; AUC: {0.9594}
2024-10-26 18:22:34,635 current best loss 0.07681150920689106, mIoU 0.8579483032226562
2024-10-26 18:22:34,638 cost time: {'day': 3.0, 'hour': 16.0, 'minute': 29.0, 'second': 56}
2024-10-26 18:22:34,638 => Epoch 941, lr 0.00019998724825841615
2024-10-26 18:28:50,020 Train Loss: {0.0670}; IoU: {0.8761}; Prec: {0.9320}; Recall: {0.9359}; F1: {0.9339}; Sens: {0.9359}; Spec: {0.9996}; AUC: {0.9677}
2024-10-26 18:29:47,759 Valid Loss: {0.0782}; IoU: {0.8556}; Prec: {0.9356}; Recall: {0.9092}; F1: {0.9222}; Sens: {0.9092}; Spec: {0.9996}; AUC: {0.9544}
2024-10-26 18:29:47,760 current best loss 0.07681150920689106, mIoU 0.8579483032226562
2024-10-26 18:29:47,763 cost time: {'day': 3.0, 'hour': 16.0, 'minute': 37.0, 'second': 9}
2024-10-26 18:29:47,764 => Epoch 942, lr 0.00019998722122825034
2024-10-26 18:36:03,079 Train Loss: {0.0667}; IoU: {0.8761}; Prec: {0.9317}; Recall: {0.9362}; F1: {0.9340}; Sens: {0.9362}; Spec: {0.9996}; AUC: {0.9679}
2024-10-26 18:37:00,311 Valid Loss: {0.0775}; IoU: {0.8570}; Prec: {0.9209}; Recall: {0.9251}; F1: {0.9230}; Sens: {0.9251}; Spec: {0.9995}; AUC: {0.9623}
2024-10-26 18:37:00,313 current best loss 0.07681150920689106, mIoU 0.8579483032226562
2024-10-26 18:37:00,316 cost time: {'day': 3.0, 'hour': 16.0, 'minute': 44.0, 'second': 22}
2024-10-26 18:37:00,316 => Epoch 943, lr 0.00019998719416946864
2024-10-26 18:43:13,605 Train Loss: {0.0668}; IoU: {0.8758}; Prec: {0.9325}; Recall: {0.9351}; F1: {0.9338}; Sens: {0.9351}; Spec: {0.9996}; AUC: {0.9674}
2024-10-26 18:44:11,883 Valid Loss: {0.0792}; IoU: {0.8536}; Prec: {0.9176}; Recall: {0.9245}; F1: {0.9210}; Sens: {0.9245}; Spec: {0.9995}; AUC: {0.9620}
2024-10-26 18:44:11,884 current best loss 0.07681150920689106, mIoU 0.8579483032226562
2024-10-26 18:44:11,887 cost time: {'day': 3.0, 'hour': 16.0, 'minute': 51.0, 'second': 33}
2024-10-26 18:44:11,887 => Epoch 944, lr 0.00019998716708207094
2024-10-26 18:50:27,577 Train Loss: {0.0663}; IoU: {0.8769}; Prec: {0.9330}; Recall: {0.9358}; F1: {0.9344}; Sens: {0.9358}; Spec: {0.9996}; AUC: {0.9677}
2024-10-26 18:51:25,498 Valid Loss: {0.0777}; IoU: {0.8565}; Prec: {0.9229}; Recall: {0.9225}; F1: {0.9227}; Sens: {0.9225}; Spec: {0.9996}; AUC: {0.9610}
2024-10-26 18:51:25,500 current best loss 0.07681150920689106, mIoU 0.8579483032226562
2024-10-26 18:51:25,503 cost time: {'day': 3.0, 'hour': 16.0, 'minute': 58.0, 'second': 47}
2024-10-26 18:51:25,503 => Epoch 945, lr 0.00019998713996605735
2024-10-26 18:57:38,006 Train Loss: {0.0667}; IoU: {0.8766}; Prec: {0.9320}; Recall: {0.9365}; F1: {0.9342}; Sens: {0.9365}; Spec: {0.9996}; AUC: {0.9680}
2024-10-26 18:58:35,564 Valid Loss: {0.0776}; IoU: {0.8566}; Prec: {0.9270}; Recall: {0.9186}; F1: {0.9227}; Sens: {0.9186}; Spec: {0.9996}; AUC: {0.9591}
2024-10-26 18:58:35,565 current best loss 0.07681150920689106, mIoU 0.8579483032226562
2024-10-26 18:58:35,567 cost time: {'day': 3.0, 'hour': 17.0, 'minute': 5.0, 'second': 57}
2024-10-26 18:58:35,568 => Epoch 946, lr 0.0001999871128214278
2024-10-26 19:04:55,706 Train Loss: {0.0670}; IoU: {0.8755}; Prec: {0.9325}; Recall: {0.9347}; F1: {0.9336}; Sens: {0.9347}; Spec: {0.9996}; AUC: {0.9672}
2024-10-26 19:05:53,524 Valid Loss: {0.0774}; IoU: {0.8571}; Prec: {0.9186}; Recall: {0.9276}; F1: {0.9231}; Sens: {0.9276}; Spec: {0.9995}; AUC: {0.9636}
2024-10-26 19:05:53,525 current best loss 0.07681150920689106, mIoU 0.8579483032226562
2024-10-26 19:05:53,528 cost time: {'day': 3.0, 'hour': 17.0, 'minute': 13.0, 'second': 15}
2024-10-26 19:05:53,528 => Epoch 947, lr 0.00019998708564818247
2024-10-26 19:12:05,913 Train Loss: {0.0668}; IoU: {0.8762}; Prec: {0.9328}; Recall: {0.9353}; F1: {0.9340}; Sens: {0.9353}; Spec: {0.9996}; AUC: {0.9674}
2024-10-26 19:13:04,370 Valid Loss: {0.0772}; IoU: {0.8574}; Prec: {0.9270}; Recall: {0.9195}; F1: {0.9232}; Sens: {0.9195}; Spec: {0.9996}; AUC: {0.9595}
2024-10-26 19:13:04,371 current best loss 0.07681150920689106, mIoU 0.8579483032226562
2024-10-26 19:13:04,375 cost time: {'day': 3.0, 'hour': 17.0, 'minute': 20.0, 'second': 26}
2024-10-26 19:13:04,375 => Epoch 948, lr 0.0001999870584463212
2024-10-26 19:19:22,650 Train Loss: {0.0670}; IoU: {0.8758}; Prec: {0.9323}; Recall: {0.9353}; F1: {0.9338}; Sens: {0.9353}; Spec: {0.9996}; AUC: {0.9675}
2024-10-26 19:20:20,856 Valid Loss: {0.0779}; IoU: {0.8563}; Prec: {0.9207}; Recall: {0.9245}; F1: {0.9226}; Sens: {0.9245}; Spec: {0.9995}; AUC: {0.9620}
2024-10-26 19:20:20,857 current best loss 0.07681150920689106, mIoU 0.8579483032226562
2024-10-26 19:20:20,860 cost time: {'day': 3.0, 'hour': 17.0, 'minute': 27.0, 'second': 42}
2024-10-26 19:20:20,860 => Epoch 949, lr 0.00019998703121584409
2024-10-26 19:26:37,340 Train Loss: {0.0664}; IoU: {0.8766}; Prec: {0.9323}; Recall: {0.9363}; F1: {0.9343}; Sens: {0.9363}; Spec: {0.9996}; AUC: {0.9679}
2024-10-26 19:27:35,898 Valid Loss: {0.0779}; IoU: {0.8561}; Prec: {0.9331}; Recall: {0.9121}; F1: {0.9225}; Sens: {0.9121}; Spec: {0.9996}; AUC: {0.9559}
2024-10-26 19:27:35,899 current best loss 0.07681150920689106, mIoU 0.8579483032226562
2024-10-26 19:27:35,902 cost time: {'day': 3.0, 'hour': 17.0, 'minute': 34.0, 'second': 57}
2024-10-26 19:27:35,903 => Epoch 950, lr 0.00019998700395675105
2024-10-26 19:33:52,538 Train Loss: {0.0669}; IoU: {0.8762}; Prec: {0.9328}; Recall: {0.9352}; F1: {0.9340}; Sens: {0.9352}; Spec: {0.9996}; AUC: {0.9674}
2024-10-26 19:34:50,226 Valid Loss: {0.0781}; IoU: {0.8559}; Prec: {0.9180}; Recall: {0.9267}; F1: {0.9224}; Sens: {0.9267}; Spec: {0.9995}; AUC: {0.9631}
2024-10-26 19:35:58,006 Test Loss: {0.0798}; IoU: {0.8533}; Prec: {0.9135}; Recall: {0.9284}; F1: {0.9209}; Sens: {0.9284}; Spec: {0.9995}; AUC: {0.9639}
2024-10-26 19:35:58,008 current best loss 0.07681150920689106, mIoU 0.8579483032226562
2024-10-26 19:35:58,012 cost time: {'day': 3.0, 'hour': 17.0, 'minute': 43.0, 'second': 20}
2024-10-26 19:35:58,012 => Epoch 951, lr 0.00019998697666904217
2024-10-26 19:42:10,722 Train Loss: {0.0667}; IoU: {0.8766}; Prec: {0.9322}; Recall: {0.9363}; F1: {0.9342}; Sens: {0.9363}; Spec: {0.9996}; AUC: {0.9679}
2024-10-26 19:43:09,013 Valid Loss: {0.0777}; IoU: {0.8563}; Prec: {0.9241}; Recall: {0.9212}; F1: {0.9226}; Sens: {0.9212}; Spec: {0.9996}; AUC: {0.9604}
2024-10-26 19:43:09,013 current best loss 0.07681150920689106, mIoU 0.8579483032226562
2024-10-26 19:43:09,017 cost time: {'day': 3.0, 'hour': 17.0, 'minute': 50.0, 'second': 31}
2024-10-26 19:43:09,017 => Epoch 952, lr 0.00019998694935271746
2024-10-26 19:49:21,051 Train Loss: {0.0666}; IoU: {0.8765}; Prec: {0.9330}; Recall: {0.9353}; F1: {0.9342}; Sens: {0.9353}; Spec: {0.9996}; AUC: {0.9675}
2024-10-26 19:50:17,962 Valid Loss: {0.0777}; IoU: {0.8564}; Prec: {0.9286}; Recall: {0.9168}; F1: {0.9227}; Sens: {0.9168}; Spec: {0.9996}; AUC: {0.9582}
2024-10-26 19:50:17,964 current best loss 0.07681150920689106, mIoU 0.8579483032226562
2024-10-26 19:50:17,967 cost time: {'day': 3.0, 'hour': 17.0, 'minute': 57.0, 'second': 40}
2024-10-26 19:50:17,967 => Epoch 953, lr 0.0001999869220077769
2024-10-26 19:56:31,375 Train Loss: {0.0668}; IoU: {0.8763}; Prec: {0.9326}; Recall: {0.9355}; F1: {0.9341}; Sens: {0.9355}; Spec: {0.9996}; AUC: {0.9676}
2024-10-26 19:57:28,632 Valid Loss: {0.0780}; IoU: {0.8560}; Prec: {0.9256}; Recall: {0.9192}; F1: {0.9224}; Sens: {0.9192}; Spec: {0.9996}; AUC: {0.9594}
2024-10-26 19:57:28,633 current best loss 0.07681150920689106, mIoU 0.8579483032226562
2024-10-26 19:57:28,637 cost time: {'day': 3.0, 'hour': 18.0, 'minute': 4.0, 'second': 50}
2024-10-26 19:57:28,637 => Epoch 954, lr 0.0001999868946342205
2024-10-26 20:03:45,727 Train Loss: {0.0669}; IoU: {0.8761}; Prec: {0.9328}; Recall: {0.9351}; F1: {0.9339}; Sens: {0.9351}; Spec: {0.9996}; AUC: {0.9674}
2024-10-26 20:04:43,613 Valid Loss: {0.0779}; IoU: {0.8561}; Prec: {0.9268}; Recall: {0.9182}; F1: {0.9225}; Sens: {0.9182}; Spec: {0.9996}; AUC: {0.9589}
2024-10-26 20:04:43,614 current best loss 0.07681150920689106, mIoU 0.8579483032226562
2024-10-26 20:04:43,618 cost time: {'day': 3.0, 'hour': 18.0, 'minute': 12.0, 'second': 5}
2024-10-26 20:04:43,618 => Epoch 955, lr 0.00019998686723204822
2024-10-26 20:11:01,012 Train Loss: {0.0668}; IoU: {0.8761}; Prec: {0.9331}; Recall: {0.9348}; F1: {0.9340}; Sens: {0.9348}; Spec: {0.9996}; AUC: {0.9672}
2024-10-26 20:11:58,488 Valid Loss: {0.0782}; IoU: {0.8556}; Prec: {0.9223}; Recall: {0.9221}; F1: {0.9222}; Sens: {0.9221}; Spec: {0.9996}; AUC: {0.9608}
2024-10-26 20:11:58,489 current best loss 0.07681150920689106, mIoU 0.8579483032226562
2024-10-26 20:11:58,493 cost time: {'day': 3.0, 'hour': 18.0, 'minute': 19.0, 'second': 20}
2024-10-26 20:11:58,493 => Epoch 956, lr 0.00019998683980126022
2024-10-26 20:18:14,038 Train Loss: {0.0670}; IoU: {0.8758}; Prec: {0.9326}; Recall: {0.9351}; F1: {0.9338}; Sens: {0.9351}; Spec: {0.9996}; AUC: {0.9673}
2024-10-26 20:19:12,356 Valid Loss: {0.0779}; IoU: {0.8563}; Prec: {0.9317}; Recall: {0.9136}; F1: {0.9226}; Sens: {0.9136}; Spec: {0.9996}; AUC: {0.9566}
2024-10-26 20:19:12,356 current best loss 0.07681150920689106, mIoU 0.8579483032226562
2024-10-26 20:19:12,360 cost time: {'day': 3.0, 'hour': 18.0, 'minute': 26.0, 'second': 34}
2024-10-26 20:19:12,360 => Epoch 957, lr 0.00019998681234185636
2024-10-26 20:25:27,748 Train Loss: {0.0664}; IoU: {0.8766}; Prec: {0.9328}; Recall: {0.9357}; F1: {0.9342}; Sens: {0.9357}; Spec: {0.9996}; AUC: {0.9676}
2024-10-26 20:26:25,501 Valid Loss: {0.0782}; IoU: {0.8559}; Prec: {0.9282}; Recall: {0.9166}; F1: {0.9224}; Sens: {0.9166}; Spec: {0.9996}; AUC: {0.9581}
2024-10-26 20:26:25,502 current best loss 0.07681150920689106, mIoU 0.8579483032226562
2024-10-26 20:26:25,505 cost time: {'day': 3.0, 'hour': 18.0, 'minute': 33.0, 'second': 47}
2024-10-26 20:26:25,506 => Epoch 958, lr 0.00019998678485383669
2024-10-26 20:32:40,335 Train Loss: {0.0667}; IoU: {0.8760}; Prec: {0.9326}; Recall: {0.9352}; F1: {0.9339}; Sens: {0.9352}; Spec: {0.9996}; AUC: {0.9674}
2024-10-26 20:33:37,090 Valid Loss: {0.0785}; IoU: {0.8552}; Prec: {0.9279}; Recall: {0.9160}; F1: {0.9219}; Sens: {0.9160}; Spec: {0.9996}; AUC: {0.9578}
2024-10-26 20:33:37,091 current best loss 0.07681150920689106, mIoU 0.8579483032226562
2024-10-26 20:33:37,094 cost time: {'day': 3.0, 'hour': 18.0, 'minute': 40.0, 'second': 59}
2024-10-26 20:33:37,095 => Epoch 959, lr 0.00019998675733720126
2024-10-26 20:39:52,456 Train Loss: {0.0670}; IoU: {0.8757}; Prec: {0.9317}; Recall: {0.9358}; F1: {0.9337}; Sens: {0.9358}; Spec: {0.9996}; AUC: {0.9677}
2024-10-26 20:40:50,336 Valid Loss: {0.0781}; IoU: {0.8559}; Prec: {0.9206}; Recall: {0.9241}; F1: {0.9223}; Sens: {0.9241}; Spec: {0.9995}; AUC: {0.9618}
2024-10-26 20:40:50,338 current best loss 0.07681150920689106, mIoU 0.8579483032226562
2024-10-26 20:40:50,341 cost time: {'day': 3.0, 'hour': 18.0, 'minute': 48.0, 'second': 12}
2024-10-26 20:40:50,342 => Epoch 960, lr 0.00019998672979195005
2024-10-26 20:47:05,213 Train Loss: {0.0667}; IoU: {0.8764}; Prec: {0.9327}; Recall: {0.9355}; F1: {0.9341}; Sens: {0.9355}; Spec: {0.9996}; AUC: {0.9676}
2024-10-26 20:48:03,194 Valid Loss: {0.0779}; IoU: {0.8562}; Prec: {0.9302}; Recall: {0.9150}; F1: {0.9225}; Sens: {0.9150}; Spec: {0.9996}; AUC: {0.9573}
2024-10-26 20:48:03,195 current best loss 0.07681150920689106, mIoU 0.8579483032226562
2024-10-26 20:48:03,198 cost time: {'day': 3.0, 'hour': 18.0, 'minute': 55.0, 'second': 25}
2024-10-26 20:48:03,199 => Epoch 961, lr 0.00019998670221808303
2024-10-26 20:54:18,571 Train Loss: {0.0665}; IoU: {0.8763}; Prec: {0.9322}; Recall: {0.9360}; F1: {0.9341}; Sens: {0.9360}; Spec: {0.9996}; AUC: {0.9678}
2024-10-26 20:55:16,866 Valid Loss: {0.0775}; IoU: {0.8569}; Prec: {0.9271}; Recall: {0.9189}; F1: {0.9230}; Sens: {0.9189}; Spec: {0.9996}; AUC: {0.9592}
2024-10-26 20:55:16,867 current best loss 0.07681150920689106, mIoU 0.8579483032226562
2024-10-26 20:55:16,870 cost time: {'day': 3.0, 'hour': 19.0, 'minute': 2.0, 'second': 38}
2024-10-26 20:55:16,871 => Epoch 962, lr 0.00019998667461560023
2024-10-26 21:01:31,886 Train Loss: {0.0666}; IoU: {0.8762}; Prec: {0.9328}; Recall: {0.9352}; F1: {0.9340}; Sens: {0.9352}; Spec: {0.9996}; AUC: {0.9674}
2024-10-26 21:02:30,172 Valid Loss: {0.0779}; IoU: {0.8561}; Prec: {0.9243}; Recall: {0.9206}; F1: {0.9225}; Sens: {0.9206}; Spec: {0.9996}; AUC: {0.9601}
2024-10-26 21:02:30,173 current best loss 0.07681150920689106, mIoU 0.8579483032226562
2024-10-26 21:02:30,176 cost time: {'day': 3.0, 'hour': 19.0, 'minute': 9.0, 'second': 52}
2024-10-26 21:02:30,177 => Epoch 963, lr 0.0001999866469845017
2024-10-26 21:08:46,411 Train Loss: {0.0664}; IoU: {0.8766}; Prec: {0.9332}; Recall: {0.9353}; F1: {0.9342}; Sens: {0.9353}; Spec: {0.9996}; AUC: {0.9675}
2024-10-26 21:09:44,387 Valid Loss: {0.0797}; IoU: {0.8531}; Prec: {0.9097}; Recall: {0.9320}; F1: {0.9207}; Sens: {0.9320}; Spec: {0.9995}; AUC: {0.9658}
2024-10-26 21:09:44,388 current best loss 0.07681150920689106, mIoU 0.8579483032226562
2024-10-26 21:09:44,391 cost time: {'day': 3.0, 'hour': 19.0, 'minute': 17.0, 'second': 6}
2024-10-26 21:09:44,392 => Epoch 964, lr 0.00019998661932478742
2024-10-26 21:16:01,497 Train Loss: {0.0671}; IoU: {0.8760}; Prec: {0.9322}; Recall: {0.9357}; F1: {0.9339}; Sens: {0.9357}; Spec: {0.9996}; AUC: {0.9676}
2024-10-26 21:16:59,741 Valid Loss: {0.0789}; IoU: {0.8546}; Prec: {0.9192}; Recall: {0.9240}; F1: {0.9216}; Sens: {0.9240}; Spec: {0.9995}; AUC: {0.9617}
2024-10-26 21:16:59,742 current best loss 0.07681150920689106, mIoU 0.8579483032226562
2024-10-26 21:16:59,746 cost time: {'day': 3.0, 'hour': 19.0, 'minute': 24.0, 'second': 21}
2024-10-26 21:16:59,746 => Epoch 965, lr 0.00019998659163645736
2024-10-26 21:23:17,294 Train Loss: {0.0664}; IoU: {0.8767}; Prec: {0.9329}; Recall: {0.9357}; F1: {0.9343}; Sens: {0.9357}; Spec: {0.9996}; AUC: {0.9677}
2024-10-26 21:24:15,354 Valid Loss: {0.0777}; IoU: {0.8568}; Prec: {0.9269}; Recall: {0.9189}; F1: {0.9229}; Sens: {0.9189}; Spec: {0.9996}; AUC: {0.9592}
2024-10-26 21:24:15,355 current best loss 0.07681150920689106, mIoU 0.8579483032226562
2024-10-26 21:24:15,358 cost time: {'day': 3.0, 'hour': 19.0, 'minute': 31.0, 'second': 37}
2024-10-26 21:24:15,358 => Epoch 966, lr 0.00019998656391951165
2024-10-26 21:30:33,784 Train Loss: {0.0666}; IoU: {0.8763}; Prec: {0.9325}; Recall: {0.9356}; F1: {0.9341}; Sens: {0.9356}; Spec: {0.9996}; AUC: {0.9676}
2024-10-26 21:31:32,285 Valid Loss: {0.0778}; IoU: {0.8565}; Prec: {0.9196}; Recall: {0.9259}; F1: {0.9227}; Sens: {0.9259}; Spec: {0.9995}; AUC: {0.9627}
2024-10-26 21:31:32,286 current best loss 0.07681150920689106, mIoU 0.8579483032226562
2024-10-26 21:31:32,289 cost time: {'day': 3.0, 'hour': 19.0, 'minute': 38.0, 'second': 54}
2024-10-26 21:31:32,290 => Epoch 967, lr 0.0001999865361739502
2024-10-26 21:37:45,654 Train Loss: {0.0666}; IoU: {0.8765}; Prec: {0.9324}; Recall: {0.9359}; F1: {0.9342}; Sens: {0.9359}; Spec: {0.9996}; AUC: {0.9678}
2024-10-26 21:38:44,172 Valid Loss: {0.0785}; IoU: {0.8553}; Prec: {0.9222}; Recall: {0.9218}; F1: {0.9220}; Sens: {0.9218}; Spec: {0.9996}; AUC: {0.9607}
2024-10-26 21:38:44,172 current best loss 0.07681150920689106, mIoU 0.8579483032226562
2024-10-26 21:38:44,176 cost time: {'day': 3.0, 'hour': 19.0, 'minute': 46.0, 'second': 6}
2024-10-26 21:38:44,176 => Epoch 968, lr 0.00019998650839977292
2024-10-26 21:44:59,333 Train Loss: {0.0669}; IoU: {0.8759}; Prec: {0.9321}; Recall: {0.9356}; F1: {0.9338}; Sens: {0.9356}; Spec: {0.9996}; AUC: {0.9676}
2024-10-26 21:45:57,059 Valid Loss: {0.0775}; IoU: {0.8568}; Prec: {0.9286}; Recall: {0.9173}; F1: {0.9229}; Sens: {0.9173}; Spec: {0.9996}; AUC: {0.9585}
2024-10-26 21:45:57,060 current best loss 0.07681150920689106, mIoU 0.8579483032226562
2024-10-26 21:45:57,063 cost time: {'day': 3.0, 'hour': 19.0, 'minute': 53.0, 'second': 19}
2024-10-26 21:45:57,064 => Epoch 969, lr 0.00019998648059698005
2024-10-26 21:52:14,192 Train Loss: {0.0669}; IoU: {0.8758}; Prec: {0.9327}; Recall: {0.9349}; F1: {0.9338}; Sens: {0.9349}; Spec: {0.9996}; AUC: {0.9673}
2024-10-26 21:53:11,953 Valid Loss: {0.0785}; IoU: {0.8552}; Prec: {0.9348}; Recall: {0.9095}; F1: {0.9220}; Sens: {0.9095}; Spec: {0.9996}; AUC: {0.9546}
2024-10-26 21:53:11,954 current best loss 0.07681150920689106, mIoU 0.8579483032226562
2024-10-26 21:53:11,957 cost time: {'day': 3.0, 'hour': 20.0, 'minute': 0.0, 'second': 34}
2024-10-26 21:53:11,958 => Epoch 970, lr 0.0001999864527655714
2024-10-26 21:59:27,389 Train Loss: {0.0663}; IoU: {0.8770}; Prec: {0.9330}; Recall: {0.9360}; F1: {0.9345}; Sens: {0.9360}; Spec: {0.9996}; AUC: {0.9678}
2024-10-26 22:00:25,891 Valid Loss: {0.0781}; IoU: {0.8559}; Prec: {0.9340}; Recall: {0.9109}; F1: {0.9223}; Sens: {0.9109}; Spec: {0.9996}; AUC: {0.9553}
2024-10-26 22:00:25,891 current best loss 0.07681150920689106, mIoU 0.8579483032226562
2024-10-26 22:00:25,895 cost time: {'day': 3.0, 'hour': 20.0, 'minute': 7.0, 'second': 47}
2024-10-26 22:00:25,895 => Epoch 971, lr 0.00019998642490554714
2024-10-26 22:06:39,189 Train Loss: {0.0667}; IoU: {0.8760}; Prec: {0.9327}; Recall: {0.9351}; F1: {0.9339}; Sens: {0.9351}; Spec: {0.9996}; AUC: {0.9673}
2024-10-26 22:07:37,243 Valid Loss: {0.0774}; IoU: {0.8570}; Prec: {0.9293}; Recall: {0.9168}; F1: {0.9230}; Sens: {0.9168}; Spec: {0.9996}; AUC: {0.9582}
2024-10-26 22:07:37,244 current best loss 0.07681150920689106, mIoU 0.8579483032226562
2024-10-26 22:07:37,248 cost time: {'day': 3.0, 'hour': 20.0, 'minute': 14.0, 'second': 59}
2024-10-26 22:07:37,248 => Epoch 972, lr 0.00019998639701690715
2024-10-26 22:13:54,693 Train Loss: {0.0663}; IoU: {0.8768}; Prec: {0.9334}; Recall: {0.9352}; F1: {0.9343}; Sens: {0.9352}; Spec: {0.9996}; AUC: {0.9674}
2024-10-26 22:14:52,498 Valid Loss: {0.0784}; IoU: {0.8555}; Prec: {0.9280}; Recall: {0.9163}; F1: {0.9221}; Sens: {0.9163}; Spec: {0.9996}; AUC: {0.9579}
2024-10-26 22:14:52,499 current best loss 0.07681150920689106, mIoU 0.8579483032226562
2024-10-26 22:14:52,502 cost time: {'day': 3.0, 'hour': 20.0, 'minute': 22.0, 'second': 14}
2024-10-26 22:14:52,503 => Epoch 973, lr 0.00019998636909965148
2024-10-26 22:21:10,281 Train Loss: {0.0665}; IoU: {0.8766}; Prec: {0.9327}; Recall: {0.9358}; F1: {0.9342}; Sens: {0.9358}; Spec: {0.9996}; AUC: {0.9677}
2024-10-26 22:22:07,681 Valid Loss: {0.0783}; IoU: {0.8555}; Prec: {0.9225}; Recall: {0.9217}; F1: {0.9221}; Sens: {0.9217}; Spec: {0.9996}; AUC: {0.9606}
2024-10-26 22:22:07,683 current best loss 0.07681150920689106, mIoU 0.8579483032226562
2024-10-26 22:22:07,686 cost time: {'day': 3.0, 'hour': 20.0, 'minute': 29.0, 'second': 29}
2024-10-26 22:22:07,686 => Epoch 974, lr 0.00019998634115378014
2024-10-26 22:28:24,935 Train Loss: {0.0662}; IoU: {0.8770}; Prec: {0.9329}; Recall: {0.9360}; F1: {0.9345}; Sens: {0.9360}; Spec: {0.9996}; AUC: {0.9678}
2024-10-26 22:29:22,811 Valid Loss: {0.0777}; IoU: {0.8566}; Prec: {0.9292}; Recall: {0.9163}; F1: {0.9227}; Sens: {0.9163}; Spec: {0.9996}; AUC: {0.9580}
2024-10-26 22:29:22,812 current best loss 0.07681150920689106, mIoU 0.8579483032226562
2024-10-26 22:29:22,815 cost time: {'day': 3.0, 'hour': 20.0, 'minute': 36.0, 'second': 44}
2024-10-26 22:29:22,815 => Epoch 975, lr 0.00019998631317929316
2024-10-26 22:35:42,036 Train Loss: {0.0664}; IoU: {0.8767}; Prec: {0.9329}; Recall: {0.9357}; F1: {0.9343}; Sens: {0.9357}; Spec: {0.9996}; AUC: {0.9677}
2024-10-26 22:36:40,218 Valid Loss: {0.0779}; IoU: {0.8563}; Prec: {0.9207}; Recall: {0.9245}; F1: {0.9226}; Sens: {0.9245}; Spec: {0.9995}; AUC: {0.9620}
2024-10-26 22:36:40,219 current best loss 0.07681150920689106, mIoU 0.8579483032226562
2024-10-26 22:36:40,223 cost time: {'day': 3.0, 'hour': 20.0, 'minute': 44.0, 'second': 2}
2024-10-26 22:36:40,223 => Epoch 976, lr 0.00019998628517619053
2024-10-26 22:42:56,921 Train Loss: {0.0666}; IoU: {0.8764}; Prec: {0.9326}; Recall: {0.9357}; F1: {0.9341}; Sens: {0.9357}; Spec: {0.9996}; AUC: {0.9677}
2024-10-26 22:43:54,503 Valid Loss: {0.0778}; IoU: {0.8563}; Prec: {0.9277}; Recall: {0.9176}; F1: {0.9226}; Sens: {0.9176}; Spec: {0.9996}; AUC: {0.9586}
2024-10-26 22:43:54,504 current best loss 0.07681150920689106, mIoU 0.8579483032226562
2024-10-26 22:43:54,507 cost time: {'day': 3.0, 'hour': 20.0, 'minute': 51.0, 'second': 16}
2024-10-26 22:43:54,507 => Epoch 977, lr 0.00019998625714447225
2024-10-26 22:50:11,976 Train Loss: {0.0660}; IoU: {0.8775}; Prec: {0.9333}; Recall: {0.9362}; F1: {0.9347}; Sens: {0.9362}; Spec: {0.9996}; AUC: {0.9679}
2024-10-26 22:51:09,549 Valid Loss: {0.0775}; IoU: {0.8570}; Prec: {0.9244}; Recall: {0.9217}; F1: {0.9230}; Sens: {0.9217}; Spec: {0.9996}; AUC: {0.9606}
2024-10-26 22:51:09,550 current best loss 0.07681150920689106, mIoU 0.8579483032226562
2024-10-26 22:51:09,554 cost time: {'day': 3.0, 'hour': 20.0, 'minute': 58.0, 'second': 31}
2024-10-26 22:51:09,554 => Epoch 978, lr 0.00019998622908413833
2024-10-26 22:57:29,232 Train Loss: {0.0664}; IoU: {0.8763}; Prec: {0.9325}; Recall: {0.9357}; F1: {0.9341}; Sens: {0.9357}; Spec: {0.9996}; AUC: {0.9676}
2024-10-26 22:58:27,390 Valid Loss: {0.0794}; IoU: {0.8535}; Prec: {0.9113}; Recall: {0.9309}; F1: {0.9210}; Sens: {0.9309}; Spec: {0.9995}; AUC: {0.9652}
2024-10-26 22:58:27,391 current best loss 0.07681150920689106, mIoU 0.8579483032226562
2024-10-26 22:58:27,395 cost time: {'day': 3.0, 'hour': 21.0, 'minute': 5.0, 'second': 49}
2024-10-26 22:58:27,395 => Epoch 979, lr 0.0001999862009951888
2024-10-26 23:04:46,806 Train Loss: {0.0661}; IoU: {0.8771}; Prec: {0.9328}; Recall: {0.9362}; F1: {0.9345}; Sens: {0.9362}; Spec: {0.9996}; AUC: {0.9679}
2024-10-26 23:05:44,567 Valid Loss: {0.0788}; IoU: {0.8547}; Prec: {0.9334}; Recall: {0.9102}; F1: {0.9216}; Sens: {0.9102}; Spec: {0.9996}; AUC: {0.9549}
2024-10-26 23:05:44,568 current best loss 0.07681150920689106, mIoU 0.8579483032226562
2024-10-26 23:05:44,571 cost time: {'day': 3.0, 'hour': 21.0, 'minute': 13.0, 'second': 6}
2024-10-26 23:05:44,572 => Epoch 980, lr 0.0001999861728776236
2024-10-26 23:12:01,426 Train Loss: {0.0661}; IoU: {0.8770}; Prec: {0.9327}; Recall: {0.9363}; F1: {0.9345}; Sens: {0.9363}; Spec: {0.9996}; AUC: {0.9680}
2024-10-26 23:12:59,260 Valid Loss: {0.0782}; IoU: {0.8556}; Prec: {0.9274}; Recall: {0.9171}; F1: {0.9222}; Sens: {0.9171}; Spec: {0.9996}; AUC: {0.9583}
2024-10-26 23:12:59,262 current best loss 0.07681150920689106, mIoU 0.8579483032226562
2024-10-26 23:12:59,265 cost time: {'day': 3.0, 'hour': 21.0, 'minute': 20.0, 'second': 21}
2024-10-26 23:12:59,265 => Epoch 981, lr 0.00019998614473144285
2024-10-26 23:19:17,097 Train Loss: {0.0663}; IoU: {0.8767}; Prec: {0.9327}; Recall: {0.9358}; F1: {0.9343}; Sens: {0.9358}; Spec: {0.9996}; AUC: {0.9677}
2024-10-26 23:20:15,225 Valid Loss: {0.0785}; IoU: {0.8552}; Prec: {0.9265}; Recall: {0.9174}; F1: {0.9219}; Sens: {0.9174}; Spec: {0.9996}; AUC: {0.9585}
2024-10-26 23:20:15,226 current best loss 0.07681150920689106, mIoU 0.8579483032226562
2024-10-26 23:20:15,230 cost time: {'day': 3.0, 'hour': 21.0, 'minute': 27.0, 'second': 37}
2024-10-26 23:20:15,230 => Epoch 982, lr 0.00019998611655664642
2024-10-26 23:26:30,478 Train Loss: {0.0665}; IoU: {0.8766}; Prec: {0.9328}; Recall: {0.9357}; F1: {0.9342}; Sens: {0.9357}; Spec: {0.9996}; AUC: {0.9677}
2024-10-26 23:27:28,449 Valid Loss: {0.0777}; IoU: {0.8567}; Prec: {0.9217}; Recall: {0.9239}; F1: {0.9228}; Sens: {0.9239}; Spec: {0.9996}; AUC: {0.9617}
2024-10-26 23:27:28,450 current best loss 0.07681150920689106, mIoU 0.8579483032226562
2024-10-26 23:27:28,454 cost time: {'day': 3.0, 'hour': 21.0, 'minute': 34.0, 'second': 50}
2024-10-26 23:27:28,454 => Epoch 983, lr 0.00019998608835323448
2024-10-26 23:33:40,764 Train Loss: {0.0663}; IoU: {0.8765}; Prec: {0.9326}; Recall: {0.9358}; F1: {0.9342}; Sens: {0.9358}; Spec: {0.9996}; AUC: {0.9677}
2024-10-26 23:34:38,667 Valid Loss: {0.0787}; IoU: {0.8549}; Prec: {0.9286}; Recall: {0.9151}; F1: {0.9218}; Sens: {0.9151}; Spec: {0.9996}; AUC: {0.9573}
2024-10-26 23:34:38,667 current best loss 0.07681150920689106, mIoU 0.8579483032226562
2024-10-26 23:34:38,671 cost time: {'day': 3.0, 'hour': 21.0, 'minute': 42.0, 'second': 0}
2024-10-26 23:34:38,671 => Epoch 984, lr 0.00019998606012120698
2024-10-26 23:40:55,562 Train Loss: {0.0667}; IoU: {0.8764}; Prec: {0.9323}; Recall: {0.9360}; F1: {0.9341}; Sens: {0.9360}; Spec: {0.9996}; AUC: {0.9678}
2024-10-26 23:41:53,893 Valid Loss: {0.0788}; IoU: {0.8546}; Prec: {0.9166}; Recall: {0.9266}; F1: {0.9216}; Sens: {0.9266}; Spec: {0.9995}; AUC: {0.9631}
2024-10-26 23:41:53,894 current best loss 0.07681150920689106, mIoU 0.8579483032226562
2024-10-26 23:41:53,897 cost time: {'day': 3.0, 'hour': 21.0, 'minute': 49.0, 'second': 15}
2024-10-26 23:41:53,898 => Epoch 985, lr 0.00019998603186056384
2024-10-26 23:48:10,900 Train Loss: {0.0667}; IoU: {0.8761}; Prec: {0.9325}; Recall: {0.9355}; F1: {0.9340}; Sens: {0.9355}; Spec: {0.9996}; AUC: {0.9675}
2024-10-26 23:49:09,501 Valid Loss: {0.0781}; IoU: {0.8558}; Prec: {0.9207}; Recall: {0.9238}; F1: {0.9223}; Sens: {0.9238}; Spec: {0.9995}; AUC: {0.9617}
2024-10-26 23:49:09,502 current best loss 0.07681150920689106, mIoU 0.8579483032226562
2024-10-26 23:49:09,506 cost time: {'day': 3.0, 'hour': 21.0, 'minute': 56.0, 'second': 31}
2024-10-26 23:49:09,506 => Epoch 986, lr 0.00019998600357130515
2024-10-26 23:55:22,013 Train Loss: {0.0665}; IoU: {0.8766}; Prec: {0.9326}; Recall: {0.9359}; F1: {0.9342}; Sens: {0.9359}; Spec: {0.9996}; AUC: {0.9677}
2024-10-26 23:56:20,049 Valid Loss: {0.0787}; IoU: {0.8546}; Prec: {0.9191}; Recall: {0.9241}; F1: {0.9216}; Sens: {0.9241}; Spec: {0.9995}; AUC: {0.9618}
2024-10-26 23:56:20,050 current best loss 0.07681150920689106, mIoU 0.8579483032226562
2024-10-26 23:56:20,054 cost time: {'day': 3.0, 'hour': 22.0, 'minute': 3.0, 'second': 42}
2024-10-26 23:56:20,054 => Epoch 987, lr 0.0001999859752534309
2024-10-27 00:02:33,258 Train Loss: {0.0662}; IoU: {0.8770}; Prec: {0.9327}; Recall: {0.9362}; F1: {0.9345}; Sens: {0.9362}; Spec: {0.9996}; AUC: {0.9679}
2024-10-27 00:03:31,190 Valid Loss: {0.0783}; IoU: {0.8558}; Prec: {0.9258}; Recall: {0.9187}; F1: {0.9223}; Sens: {0.9187}; Spec: {0.9996}; AUC: {0.9592}
2024-10-27 00:03:31,191 current best loss 0.07681150920689106, mIoU 0.8579483032226562
2024-10-27 00:03:31,194 cost time: {'day': 3.0, 'hour': 22.0, 'minute': 10.0, 'second': 53}
2024-10-27 00:03:31,194 => Epoch 988, lr 0.0001999859469069411
2024-10-27 00:09:46,569 Train Loss: {0.0665}; IoU: {0.8766}; Prec: {0.9329}; Recall: {0.9356}; F1: {0.9342}; Sens: {0.9356}; Spec: {0.9996}; AUC: {0.9676}
2024-10-27 00:10:45,002 Valid Loss: {0.0778}; IoU: {0.8564}; Prec: {0.9240}; Recall: {0.9213}; F1: {0.9227}; Sens: {0.9213}; Spec: {0.9996}; AUC: {0.9604}
2024-10-27 00:10:45,003 current best loss 0.07681150920689106, mIoU 0.8579483032226562
2024-10-27 00:10:45,006 cost time: {'day': 3.0, 'hour': 22.0, 'minute': 18.0, 'second': 7}
2024-10-27 00:10:45,007 => Epoch 989, lr 0.0001999859185318358
2024-10-27 00:17:00,213 Train Loss: {0.0663}; IoU: {0.8769}; Prec: {0.9328}; Recall: {0.9361}; F1: {0.9344}; Sens: {0.9361}; Spec: {0.9996}; AUC: {0.9679}
2024-10-27 00:17:58,904 Valid Loss: {0.0780}; IoU: {0.8560}; Prec: {0.9302}; Recall: {0.9147}; F1: {0.9224}; Sens: {0.9147}; Spec: {0.9996}; AUC: {0.9572}
2024-10-27 00:17:58,906 current best loss 0.07681150920689106, mIoU 0.8579483032226562
2024-10-27 00:17:58,909 cost time: {'day': 3.0, 'hour': 22.0, 'minute': 25.0, 'second': 20}
2024-10-27 00:17:58,909 => Epoch 990, lr 0.00019998589012811487
2024-10-27 00:24:14,552 Train Loss: {0.0661}; IoU: {0.8775}; Prec: {0.9329}; Recall: {0.9366}; F1: {0.9347}; Sens: {0.9366}; Spec: {0.9996}; AUC: {0.9681}
2024-10-27 00:25:12,397 Valid Loss: {0.0778}; IoU: {0.8563}; Prec: {0.9205}; Recall: {0.9247}; F1: {0.9226}; Sens: {0.9247}; Spec: {0.9995}; AUC: {0.9621}
2024-10-27 00:25:12,398 current best loss 0.07681150920689106, mIoU 0.8579483032226562
2024-10-27 00:25:12,401 cost time: {'day': 3.0, 'hour': 22.0, 'minute': 32.0, 'second': 34}
2024-10-27 00:25:12,402 => Epoch 991, lr 0.00019998586169577852
2024-10-27 00:31:27,322 Train Loss: {0.0660}; IoU: {0.8770}; Prec: {0.9332}; Recall: {0.9358}; F1: {0.9345}; Sens: {0.9358}; Spec: {0.9996}; AUC: {0.9677}
2024-10-27 00:32:25,761 Valid Loss: {0.0781}; IoU: {0.8560}; Prec: {0.9263}; Recall: {0.9186}; F1: {0.9224}; Sens: {0.9186}; Spec: {0.9996}; AUC: {0.9591}
2024-10-27 00:32:25,763 current best loss 0.07681150920689106, mIoU 0.8579483032226562
2024-10-27 00:32:25,766 cost time: {'day': 3.0, 'hour': 22.0, 'minute': 39.0, 'second': 47}
2024-10-27 00:32:25,766 => Epoch 992, lr 0.00019998583323482659
2024-10-27 00:38:42,709 Train Loss: {0.0661}; IoU: {0.8770}; Prec: {0.9333}; Recall: {0.9356}; F1: {0.9345}; Sens: {0.9356}; Spec: {0.9996}; AUC: {0.9676}
2024-10-27 00:39:40,169 Valid Loss: {0.0782}; IoU: {0.8556}; Prec: {0.9240}; Recall: {0.9203}; F1: {0.9222}; Sens: {0.9203}; Spec: {0.9996}; AUC: {0.9599}
2024-10-27 00:39:40,170 current best loss 0.07681150920689106, mIoU 0.8579483032226562
2024-10-27 00:39:40,174 cost time: {'day': 3.0, 'hour': 22.0, 'minute': 47.0, 'second': 2}
2024-10-27 00:39:40,174 => Epoch 993, lr 0.00019998580474525916
2024-10-27 00:45:55,738 Train Loss: {0.0664}; IoU: {0.8768}; Prec: {0.9327}; Recall: {0.9360}; F1: {0.9344}; Sens: {0.9360}; Spec: {0.9996}; AUC: {0.9678}
2024-10-27 00:46:53,977 Valid Loss: {0.0782}; IoU: {0.8558}; Prec: {0.9192}; Recall: {0.9254}; F1: {0.9223}; Sens: {0.9254}; Spec: {0.9995}; AUC: {0.9625}
2024-10-27 00:46:53,978 current best loss 0.07681150920689106, mIoU 0.8579483032226562
2024-10-27 00:46:53,981 cost time: {'day': 3.0, 'hour': 22.0, 'minute': 54.0, 'second': 16}
2024-10-27 00:46:53,982 => Epoch 994, lr 0.00019998577622707629
2024-10-27 00:53:07,498 Train Loss: {0.0662}; IoU: {0.8768}; Prec: {0.9322}; Recall: {0.9365}; F1: {0.9344}; Sens: {0.9365}; Spec: {0.9996}; AUC: {0.9680}
2024-10-27 00:54:05,736 Valid Loss: {0.0802}; IoU: {0.8522}; Prec: {0.9388}; Recall: {0.9023}; F1: {0.9202}; Sens: {0.9023}; Spec: {0.9997}; AUC: {0.9510}
2024-10-27 00:54:05,737 current best loss 0.07681150920689106, mIoU 0.8579483032226562
2024-10-27 00:54:05,741 cost time: {'day': 3.0, 'hour': 23.0, 'minute': 1.0, 'second': 27}
2024-10-27 00:54:05,741 => Epoch 995, lr 0.00019998574768027784
2024-10-27 01:00:19,630 Train Loss: {0.0662}; IoU: {0.8770}; Prec: {0.9329}; Recall: {0.9360}; F1: {0.9345}; Sens: {0.9360}; Spec: {0.9996}; AUC: {0.9678}
2024-10-27 01:01:17,381 Valid Loss: {0.0784}; IoU: {0.8553}; Prec: {0.9211}; Recall: {0.9229}; F1: {0.9220}; Sens: {0.9229}; Spec: {0.9995}; AUC: {0.9612}
2024-10-27 01:01:17,382 current best loss 0.07681150920689106, mIoU 0.8579483032226562
2024-10-27 01:01:17,385 cost time: {'day': 3.0, 'hour': 23.0, 'minute': 8.0, 'second': 39}
2024-10-27 01:01:17,386 => Epoch 996, lr 0.00019998571910486402
2024-10-27 01:07:34,558 Train Loss: {0.0660}; IoU: {0.8774}; Prec: {0.9323}; Recall: {0.9371}; F1: {0.9347}; Sens: {0.9371}; Spec: {0.9996}; AUC: {0.9684}
2024-10-27 01:08:32,832 Valid Loss: {0.0781}; IoU: {0.8559}; Prec: {0.9273}; Recall: {0.9175}; F1: {0.9224}; Sens: {0.9175}; Spec: {0.9996}; AUC: {0.9585}
2024-10-27 01:08:32,833 current best loss 0.07681150920689106, mIoU 0.8579483032226562
2024-10-27 01:08:32,837 cost time: {'day': 3.0, 'hour': 23.0, 'minute': 15.0, 'second': 54}
2024-10-27 01:08:32,837 => Epoch 997, lr 0.00019998569050083467
2024-10-27 01:14:45,071 Train Loss: {0.0656}; IoU: {0.8776}; Prec: {0.9332}; Recall: {0.9364}; F1: {0.9348}; Sens: {0.9364}; Spec: {0.9996}; AUC: {0.9680}
2024-10-27 01:15:43,439 Valid Loss: {0.0783}; IoU: {0.8556}; Prec: {0.9210}; Recall: {0.9234}; F1: {0.9222}; Sens: {0.9234}; Spec: {0.9995}; AUC: {0.9615}
2024-10-27 01:15:43,441 current best loss 0.07681150920689106, mIoU 0.8579483032226562
2024-10-27 01:15:43,445 cost time: {'day': 3.0, 'hour': 23.0, 'minute': 23.0, 'second': 5}
2024-10-27 01:15:43,445 => Epoch 998, lr 0.00019998566186818983
2024-10-27 01:22:00,699 Train Loss: {0.0669}; IoU: {0.8760}; Prec: {0.9322}; Recall: {0.9356}; F1: {0.9339}; Sens: {0.9356}; Spec: {0.9996}; AUC: {0.9676}
2024-10-27 01:22:58,635 Valid Loss: {0.0787}; IoU: {0.8548}; Prec: {0.9249}; Recall: {0.9185}; F1: {0.9217}; Sens: {0.9185}; Spec: {0.9996}; AUC: {0.9591}
2024-10-27 01:22:58,637 current best loss 0.07681150920689106, mIoU 0.8579483032226562
2024-10-27 01:22:58,640 cost time: {'day': 3.0, 'hour': 23.0, 'minute': 30.0, 'second': 20}
2024-10-27 01:22:58,641 => Epoch 999, lr 0.00019998563320692956
2024-10-27 01:29:13,634 Train Loss: {0.0658}; IoU: {0.8775}; Prec: {0.9326}; Recall: {0.9369}; F1: {0.9347}; Sens: {0.9369}; Spec: {0.9996}; AUC: {0.9682}
2024-10-27 01:30:10,917 Valid Loss: {0.0784}; IoU: {0.8552}; Prec: {0.9223}; Recall: {0.9216}; F1: {0.9219}; Sens: {0.9216}; Spec: {0.9996}; AUC: {0.9606}
2024-10-27 01:30:10,918 current best loss 0.07681150920689106, mIoU 0.8579483032226562
2024-10-27 01:30:10,922 cost time: {'day': 3.0, 'hour': 23.0, 'minute': 37.0, 'second': 32}
2024-10-27 01:31:19,111 Test Loss: {0.0797}; IoU: {0.8548}; Prec: {0.9186}; Recall: {0.9249}; F1: {0.9217}; Sens: {0.9249}; Spec: {0.9995}; AUC: {0.9622}
2024-10-27 01:31:19,124 cost time: {'day': 3.0, 'hour': 23.0, 'minute': 38.0, 'second': 41}
2024-10-27 01:31:19,124 log dir in : logs/nasunet/train/flame1/20241024-092318
