This job can be monitored from: https://grafana.c3se.chalmers.se/d/gpu-job/gpu-job?var-jobid=2996993&from=1729754578000
load configure file at configs/nas_unet/nas_firenet.yml
Usage model :nasunet
Experiment dir: logs/nasunet/train/flame1/outputs
RUNDIR: logs/nasunet/train/flame1/20241024-092318
10/24 09:23:18 AM nasunet-Train
Training samples: 1446 Validation samples: 256 Test samples: 301
10/24 09:23:18 AM Using loss DiceLoss()
10/24 09:23:18 AM Genotype: Genotype(down=[('down_dil_conv', 0), ('down_conv', 1), ('down_dep_conv', 1), ('dil_conv', 2), ('dil_conv', 2), ('conv', 3)], down_concat=range(2, 5), up=[('up_dil_conv', 1), ('dep_conv', 0), ('dep_conv', 0), ('dil_conv', 2), ('dil_conv', 2), ('conv', 3)], up_concat=range(2, 5))
This model does not need pretrained backbone

------------------------------------- Calculate Flops Results -------------------------------------
Notations:
number of parameters (Params), number of multiply-accumulate operations(MACs),
number of floating-point operations (FLOPs), floating-point operations per second (FLOPS),
fwd FLOPs (model forward propagation FLOPs), bwd FLOPs (model backward propagation FLOPs),
default model backpropagation takes 2.00 times as much computation as forward propagation.

Total Training Params:                                                  556.67 K
fwd MACs:                                                               15.1347 GMACs
fwd FLOPs:                                                              30.5348 GFLOPS
fwd+bwd MACs:                                                           45.4041 GMACs
fwd+bwd FLOPs:                                                          91.6045 GFLOPS

-------------------------------- Detailed Calculated FLOPs Results --------------------------------
Each module caculated is listed after its name in the following order: 
params, percentage of total params, MACs, percentage of total MACs, FLOPS, percentage of total FLOPs

Note: 1. A module can have torch.nn.module or torch.nn.functional to compute logits (e.g. CrossEntropyLoss). 
 They are not counted as submodules in calflops and not to be printed out. However they make up the difference between a parent's MACs and the sum of its submodules'.
2. Number of floating-point operations is a theoretical estimation, thus FLOPS computed using that could be larger than the maximum system throughput.

NasUnet(
  556.67 K = 100% Params, 15.13 GMACs = 100% MACs, 30.53 GFLOPS = 49.5653% FLOPs
  (stem0): ConvOps(
    640 = 0.115% Params, 100.66 MMACs = 0.6651% MACs, 268.44 MFLOPS = 0.3297% FLOPs
    (norm): BatchNorm2d(256 = 0.046% Params, 0 MACs = 0% MACs, 67.11 MFLOPS = 0% FLOPs, 128, eps=1e-05, momentum=0.1, affine=True, track_running_stats=True)
    (activation): ReLU6(0 = 0% Params, 0 MACs = 0% MACs, 0 FLOPS = 0% FLOPs, inplace=True)
    (conv): Conv2d(384 = 0.069% Params, 100.66 MMACs = 0.6651% MACs, 201.33 MFLOPS = 0.3297% FLOPs, 3, 128, kernel_size=(1, 1), stride=(1, 1), bias=False)
  )
  (stem1): ConvOps(
    3.71 K = 0.6668% Params, 226.49 MMACs = 1.4965% MACs, 469.76 MFLOPS = 0.7418% FLOPs
    (norm): BatchNorm2d(256 = 0.046% Params, 0 MACs = 0% MACs, 16.78 MFLOPS = 0% FLOPs, 128, eps=1e-05, momentum=0.1, affine=True, track_running_stats=True)
    (activation): ReLU6(0 = 0% Params, 0 MACs = 0% MACs, 0 FLOPS = 0% FLOPs, inplace=True)
    (conv): Conv2d(3.46 K = 0.6208% Params, 226.49 MMACs = 1.4965% MACs, 452.98 MFLOPS = 0.7418% FLOPs, 3, 128, kernel_size=(3, 3), stride=(2, 2), padding=(1, 1), bias=False)
  )
  (down_cells): ModuleList(
    273.31 K = 49.0973% Params, 1.72 GMACs = 11.3753% MACs, 3.46 GFLOPS = 5.6382% FLOPs
    (0): BuildCell(
      56.1 K = 10.077% Params, 1.31 GMACs = 8.6777% MACs, 2.64 GFLOPS = 4.3011% FLOPs
      (preprocess0): ConvOps(
        4.16 K = 0.7473% Params, 268.44 MMACs = 1.7736% MACs, 541.07 MFLOPS = 0.8791% FLOPs
        (norm): BatchNorm2d(64 = 0.0115% Params, 0 MACs = 0% MACs, 4.19 MFLOPS = 0% FLOPs, 32, eps=1e-05, momentum=0.1, affine=True, track_running_stats=True)
        (activation): ReLU6(0 = 0% Params, 0 MACs = 0% MACs, 0 FLOPS = 0% FLOPs)
        (conv): Conv2d(4.1 K = 0.7358% Params, 268.44 MMACs = 1.7736% MACs, 536.87 MFLOPS = 0.8791% FLOPs, 128, 32, kernel_size=(1, 1), stride=(2, 2), bias=False)
      )
      (preprocess1): ConvOps(
        4.16 K = 0.7473% Params, 268.44 MMACs = 1.7736% MACs, 541.07 MFLOPS = 0.8791% FLOPs
        (norm): BatchNorm2d(64 = 0.0115% Params, 0 MACs = 0% MACs, 4.19 MFLOPS = 0% FLOPs, 32, eps=1e-05, momentum=0.1, affine=True, track_running_stats=True)
        (activation): ReLU6(0 = 0% Params, 0 MACs = 0% MACs, 0 FLOPS = 0% FLOPs)
        (conv): Conv2d(4.1 K = 0.7358% Params, 268.44 MMACs = 1.7736% MACs, 536.87 MFLOPS = 0.8791% FLOPs, 128, 32, kernel_size=(1, 1), stride=(1, 1), bias=False)
      )
      (_ops): ModuleList(
        47.78 K = 8.5824% Params, 776.47 MMACs = 5.1304% MACs, 1.56 GFLOPS = 2.5429% FLOPs
        (0): ConvOps(
          9.28 K = 1.667% Params, 150.99 MMACs = 0.9977% MACs, 303.04 MFLOPS = 0.4945% FLOPs
          (norm): BatchNorm2d(64 = 0.0115% Params, 0 MACs = 0% MACs, 1.05 MFLOPS = 0% FLOPs, 32, eps=1e-05, momentum=0.1, affine=True, track_running_stats=True)
          (activation): ReLU6(0 = 0% Params, 0 MACs = 0% MACs, 0 FLOPS = 0% FLOPs, inplace=True)
          (conv): Conv2d(9.22 K = 1.6555% Params, 150.99 MMACs = 0.9977% MACs, 301.99 MFLOPS = 0.4945% FLOPs, 32, 32, kernel_size=(3, 3), stride=(2, 2), padding=(2, 2), dilation=(2, 2), bias=False)
        )
        (1): ConvOps(
          9.28 K = 1.667% Params, 150.99 MMACs = 0.9977% MACs, 303.04 MFLOPS = 0.4945% FLOPs
          (norm): BatchNorm2d(64 = 0.0115% Params, 0 MACs = 0% MACs, 1.05 MFLOPS = 0% FLOPs, 32, eps=1e-05, momentum=0.1, affine=True, track_running_stats=True)
          (activation): ReLU6(0 = 0% Params, 0 MACs = 0% MACs, 0 FLOPS = 0% FLOPs, inplace=True)
          (conv): Conv2d(9.22 K = 1.6555% Params, 150.99 MMACs = 0.9977% MACs, 301.99 MFLOPS = 0.4945% FLOPs, 32, 32, kernel_size=(3, 3), stride=(2, 2), padding=(1, 1), bias=False)
        )
        (2): ConvOps(
          1.38 K = 0.2472% Params, 21.5 MMACs = 0.142% MACs, 44.04 MFLOPS = 0.0704% FLOPs
          (norm): BatchNorm2d(64 = 0.0115% Params, 0 MACs = 0% MACs, 1.05 MFLOPS = 0% FLOPs, 32, eps=1e-05, momentum=0.1, affine=True, track_running_stats=True)
          (activation): ReLU6(0 = 0% Params, 0 MACs = 0% MACs, 0 FLOPS = 0% FLOPs, inplace=True)
          (depth_conv): Conv2d(288 = 0.0517% Params, 4.72 MMACs = 0.0312% MACs, 9.44 MFLOPS = 0.0155% FLOPs, 32, 32, kernel_size=(3, 3), stride=(2, 2), padding=(1, 1), groups=32, bias=False)
          (point_conv): Conv2d(1.02 K = 0.1839% Params, 16.78 MMACs = 0.1109% MACs, 33.55 MFLOPS = 0.0549% FLOPs, 32, 32, kernel_size=(1, 1), stride=(1, 1), bias=False)
        )
        (3): ConvOps(
          9.28 K = 1.667% Params, 150.99 MMACs = 0.9977% MACs, 303.04 MFLOPS = 0.4945% FLOPs
          (norm): BatchNorm2d(64 = 0.0115% Params, 0 MACs = 0% MACs, 1.05 MFLOPS = 0% FLOPs, 32, eps=1e-05, momentum=0.1, affine=True, track_running_stats=True)
          (activation): ReLU6(0 = 0% Params, 0 MACs = 0% MACs, 0 FLOPS = 0% FLOPs, inplace=True)
          (conv): Conv2d(9.22 K = 1.6555% Params, 150.99 MMACs = 0.9977% MACs, 301.99 MFLOPS = 0.4945% FLOPs, 32, 32, kernel_size=(3, 3), stride=(1, 1), padding=(2, 2), dilation=(2, 2), bias=False)
        )
        (4): ConvOps(
          9.28 K = 1.667% Params, 150.99 MMACs = 0.9977% MACs, 303.04 MFLOPS = 0.4945% FLOPs
          (norm): BatchNorm2d(64 = 0.0115% Params, 0 MACs = 0% MACs, 1.05 MFLOPS = 0% FLOPs, 32, eps=1e-05, momentum=0.1, affine=True, track_running_stats=True)
          (activation): ReLU6(0 = 0% Params, 0 MACs = 0% MACs, 0 FLOPS = 0% FLOPs, inplace=True)
          (conv): Conv2d(9.22 K = 1.6555% Params, 150.99 MMACs = 0.9977% MACs, 301.99 MFLOPS = 0.4945% FLOPs, 32, 32, kernel_size=(3, 3), stride=(1, 1), padding=(2, 2), dilation=(2, 2), bias=False)
        )
        (5): ConvOps(
          9.28 K = 1.667% Params, 150.99 MMACs = 0.9977% MACs, 303.04 MFLOPS = 0.4945% FLOPs
          (norm): BatchNorm2d(64 = 0.0115% Params, 0 MACs = 0% MACs, 1.05 MFLOPS = 0% FLOPs, 32, eps=1e-05, momentum=0.1, affine=True, track_running_stats=True)
          (activation): ReLU6(0 = 0% Params, 0 MACs = 0% MACs, 0 FLOPS = 0% FLOPs, inplace=True)
          (conv): Conv2d(9.22 K = 1.6555% Params, 150.99 MMACs = 0.9977% MACs, 301.99 MFLOPS = 0.4945% FLOPs, 32, 32, kernel_size=(3, 3), stride=(1, 1), padding=(1, 1), bias=False)
        )
      )
    )
    (1): BuildCell(
      55.07 K = 9.893% Params, 311.56 MMACs = 2.0586% MACs, 626.79 MFLOPS = 1.0203% FLOPs
      (preprocess0): ConvOps(
        4.16 K = 0.7473% Params, 67.11 MMACs = 0.4434% MACs, 135.27 MFLOPS = 0.2198% FLOPs
        (norm): BatchNorm2d(64 = 0.0115% Params, 0 MACs = 0% MACs, 1.05 MFLOPS = 0% FLOPs, 32, eps=1e-05, momentum=0.1, affine=True, track_running_stats=True)
        (activation): ReLU6(0 = 0% Params, 0 MACs = 0% MACs, 0 FLOPS = 0% FLOPs)
        (conv): Conv2d(4.1 K = 0.7358% Params, 67.11 MMACs = 0.4434% MACs, 134.22 MFLOPS = 0.2198% FLOPs, 128, 32, kernel_size=(1, 1), stride=(2, 2), bias=False)
      )
      (preprocess1): ConvOps(
        3.14 K = 0.5633% Params, 50.33 MMACs = 0.3326% MACs, 101.71 MFLOPS = 0.1648% FLOPs
        (norm): BatchNorm2d(64 = 0.0115% Params, 0 MACs = 0% MACs, 1.05 MFLOPS = 0% FLOPs, 32, eps=1e-05, momentum=0.1, affine=True, track_running_stats=True)
        (activation): ReLU6(0 = 0% Params, 0 MACs = 0% MACs, 0 FLOPS = 0% FLOPs)
        (conv): Conv2d(3.07 K = 0.5518% Params, 50.33 MMACs = 0.3326% MACs, 100.66 MFLOPS = 0.1648% FLOPs, 96, 32, kernel_size=(1, 1), stride=(1, 1), bias=False)
      )
      (_ops): ModuleList(
        47.78 K = 8.5824% Params, 194.12 MMACs = 1.2826% MACs, 389.81 MFLOPS = 0.6357% FLOPs
        (0): ConvOps(
          9.28 K = 1.667% Params, 37.75 MMACs = 0.2494% MACs, 75.76 MFLOPS = 0.1236% FLOPs
          (norm): BatchNorm2d(64 = 0.0115% Params, 0 MACs = 0% MACs, 262.14 KFLOPS = 0% FLOPs, 32, eps=1e-05, momentum=0.1, affine=True, track_running_stats=True)
          (activation): ReLU6(0 = 0% Params, 0 MACs = 0% MACs, 0 FLOPS = 0% FLOPs, inplace=True)
          (conv): Conv2d(9.22 K = 1.6555% Params, 37.75 MMACs = 0.2494% MACs, 75.5 MFLOPS = 0.1236% FLOPs, 32, 32, kernel_size=(3, 3), stride=(2, 2), padding=(2, 2), dilation=(2, 2), bias=False)
        )
        (1): ConvOps(
          9.28 K = 1.667% Params, 37.75 MMACs = 0.2494% MACs, 75.76 MFLOPS = 0.1236% FLOPs
          (norm): BatchNorm2d(64 = 0.0115% Params, 0 MACs = 0% MACs, 262.14 KFLOPS = 0% FLOPs, 32, eps=1e-05, momentum=0.1, affine=True, track_running_stats=True)
          (activation): ReLU6(0 = 0% Params, 0 MACs = 0% MACs, 0 FLOPS = 0% FLOPs, inplace=True)
          (conv): Conv2d(9.22 K = 1.6555% Params, 37.75 MMACs = 0.2494% MACs, 75.5 MFLOPS = 0.1236% FLOPs, 32, 32, kernel_size=(3, 3), stride=(2, 2), padding=(1, 1), bias=False)
        )
        (2): ConvOps(
          1.38 K = 0.2472% Params, 5.37 MMACs = 0.0355% MACs, 11.01 MFLOPS = 0.0176% FLOPs
          (norm): BatchNorm2d(64 = 0.0115% Params, 0 MACs = 0% MACs, 262.14 KFLOPS = 0% FLOPs, 32, eps=1e-05, momentum=0.1, affine=True, track_running_stats=True)
          (activation): ReLU6(0 = 0% Params, 0 MACs = 0% MACs, 0 FLOPS = 0% FLOPs, inplace=True)
          (depth_conv): Conv2d(288 = 0.0517% Params, 1.18 MMACs = 0.0078% MACs, 2.36 MFLOPS = 0.0039% FLOPs, 32, 32, kernel_size=(3, 3), stride=(2, 2), padding=(1, 1), groups=32, bias=False)
          (point_conv): Conv2d(1.02 K = 0.1839% Params, 4.19 MMACs = 0.0277% MACs, 8.39 MFLOPS = 0.0137% FLOPs, 32, 32, kernel_size=(1, 1), stride=(1, 1), bias=False)
        )
        (3): ConvOps(
          9.28 K = 1.667% Params, 37.75 MMACs = 0.2494% MACs, 75.76 MFLOPS = 0.1236% FLOPs
          (norm): BatchNorm2d(64 = 0.0115% Params, 0 MACs = 0% MACs, 262.14 KFLOPS = 0% FLOPs, 32, eps=1e-05, momentum=0.1, affine=True, track_running_stats=True)
          (activation): ReLU6(0 = 0% Params, 0 MACs = 0% MACs, 0 FLOPS = 0% FLOPs, inplace=True)
          (conv): Conv2d(9.22 K = 1.6555% Params, 37.75 MMACs = 0.2494% MACs, 75.5 MFLOPS = 0.1236% FLOPs, 32, 32, kernel_size=(3, 3), stride=(1, 1), padding=(2, 2), dilation=(2, 2), bias=False)
        )
        (4): ConvOps(
          9.28 K = 1.667% Params, 37.75 MMACs = 0.2494% MACs, 75.76 MFLOPS = 0.1236% FLOPs
          (norm): BatchNorm2d(64 = 0.0115% Params, 0 MACs = 0% MACs, 262.14 KFLOPS = 0% FLOPs, 32, eps=1e-05, momentum=0.1, affine=True, track_running_stats=True)
          (activation): ReLU6(0 = 0% Params, 0 MACs = 0% MACs, 0 FLOPS = 0% FLOPs, inplace=True)
          (conv): Conv2d(9.22 K = 1.6555% Params, 37.75 MMACs = 0.2494% MACs, 75.5 MFLOPS = 0.1236% FLOPs, 32, 32, kernel_size=(3, 3), stride=(1, 1), padding=(2, 2), dilation=(2, 2), bias=False)
        )
        (5): ConvOps(
          9.28 K = 1.667% Params, 37.75 MMACs = 0.2494% MACs, 75.76 MFLOPS = 0.1236% FLOPs
          (norm): BatchNorm2d(64 = 0.0115% Params, 0 MACs = 0% MACs, 262.14 KFLOPS = 0% FLOPs, 32, eps=1e-05, momentum=0.1, affine=True, track_running_stats=True)
          (activation): ReLU6(0 = 0% Params, 0 MACs = 0% MACs, 0 FLOPS = 0% FLOPs, inplace=True)
          (conv): Conv2d(9.22 K = 1.6555% Params, 37.75 MMACs = 0.2494% MACs, 75.5 MFLOPS = 0.1236% FLOPs, 32, 32, kernel_size=(3, 3), stride=(1, 1), padding=(1, 1), bias=False)
        )
      )
    )
    (2): BuildCell(
      54.05 K = 9.7091% Params, 73.7 MMACs = 0.4869% MACs, 148.31 MFLOPS = 0.2413% FLOPs
      (preprocess0): ConvOps(
        3.14 K = 0.5633% Params, 12.58 MMACs = 0.0831% MACs, 25.43 MFLOPS = 0.0412% FLOPs
        (norm): BatchNorm2d(64 = 0.0115% Params, 0 MACs = 0% MACs, 262.14 KFLOPS = 0% FLOPs, 32, eps=1e-05, momentum=0.1, affine=True, track_running_stats=True)
        (activation): ReLU6(0 = 0% Params, 0 MACs = 0% MACs, 0 FLOPS = 0% FLOPs)
        (conv): Conv2d(3.07 K = 0.5518% Params, 12.58 MMACs = 0.0831% MACs, 25.17 MFLOPS = 0.0412% FLOPs, 96, 32, kernel_size=(1, 1), stride=(2, 2), bias=False)
      )
      (preprocess1): ConvOps(
        3.14 K = 0.5633% Params, 12.58 MMACs = 0.0831% MACs, 25.43 MFLOPS = 0.0412% FLOPs
        (norm): BatchNorm2d(64 = 0.0115% Params, 0 MACs = 0% MACs, 262.14 KFLOPS = 0% FLOPs, 32, eps=1e-05, momentum=0.1, affine=True, track_running_stats=True)
        (activation): ReLU6(0 = 0% Params, 0 MACs = 0% MACs, 0 FLOPS = 0% FLOPs)
        (conv): Conv2d(3.07 K = 0.5518% Params, 12.58 MMACs = 0.0831% MACs, 25.17 MFLOPS = 0.0412% FLOPs, 96, 32, kernel_size=(1, 1), stride=(1, 1), bias=False)
      )
      (_ops): ModuleList(
        47.78 K = 8.5824% Params, 48.53 MMACs = 0.3207% MACs, 97.45 MFLOPS = 0.1589% FLOPs
        (0): ConvOps(
          9.28 K = 1.667% Params, 9.44 MMACs = 0.0624% MACs, 18.94 MFLOPS = 0.0309% FLOPs
          (norm): BatchNorm2d(64 = 0.0115% Params, 0 MACs = 0% MACs, 65.54 KFLOPS = 0% FLOPs, 32, eps=1e-05, momentum=0.1, affine=True, track_running_stats=True)
          (activation): ReLU6(0 = 0% Params, 0 MACs = 0% MACs, 0 FLOPS = 0% FLOPs, inplace=True)
          (conv): Conv2d(9.22 K = 1.6555% Params, 9.44 MMACs = 0.0624% MACs, 18.87 MFLOPS = 0.0309% FLOPs, 32, 32, kernel_size=(3, 3), stride=(2, 2), padding=(2, 2), dilation=(2, 2), bias=False)
        )
        (1): ConvOps(
          9.28 K = 1.667% Params, 9.44 MMACs = 0.0624% MACs, 18.94 MFLOPS = 0.0309% FLOPs
          (norm): BatchNorm2d(64 = 0.0115% Params, 0 MACs = 0% MACs, 65.54 KFLOPS = 0% FLOPs, 32, eps=1e-05, momentum=0.1, affine=True, track_running_stats=True)
          (activation): ReLU6(0 = 0% Params, 0 MACs = 0% MACs, 0 FLOPS = 0% FLOPs, inplace=True)
          (conv): Conv2d(9.22 K = 1.6555% Params, 9.44 MMACs = 0.0624% MACs, 18.87 MFLOPS = 0.0309% FLOPs, 32, 32, kernel_size=(3, 3), stride=(2, 2), padding=(1, 1), bias=False)
        )
        (2): ConvOps(
          1.38 K = 0.2472% Params, 1.34 MMACs = 0.0089% MACs, 2.75 MFLOPS = 0.0044% FLOPs
          (norm): BatchNorm2d(64 = 0.0115% Params, 0 MACs = 0% MACs, 65.54 KFLOPS = 0% FLOPs, 32, eps=1e-05, momentum=0.1, affine=True, track_running_stats=True)
          (activation): ReLU6(0 = 0% Params, 0 MACs = 0% MACs, 0 FLOPS = 0% FLOPs, inplace=True)
          (depth_conv): Conv2d(288 = 0.0517% Params, 294.91 KMACs = 0.0019% MACs, 589.82 KFLOPS = 0.001% FLOPs, 32, 32, kernel_size=(3, 3), stride=(2, 2), padding=(1, 1), groups=32, bias=False)
          (point_conv): Conv2d(1.02 K = 0.1839% Params, 1.05 MMACs = 0.0069% MACs, 2.1 MFLOPS = 0.0034% FLOPs, 32, 32, kernel_size=(1, 1), stride=(1, 1), bias=False)
        )
        (3): ConvOps(
          9.28 K = 1.667% Params, 9.44 MMACs = 0.0624% MACs, 18.94 MFLOPS = 0.0309% FLOPs
          (norm): BatchNorm2d(64 = 0.0115% Params, 0 MACs = 0% MACs, 65.54 KFLOPS = 0% FLOPs, 32, eps=1e-05, momentum=0.1, affine=True, track_running_stats=True)
          (activation): ReLU6(0 = 0% Params, 0 MACs = 0% MACs, 0 FLOPS = 0% FLOPs, inplace=True)
          (conv): Conv2d(9.22 K = 1.6555% Params, 9.44 MMACs = 0.0624% MACs, 18.87 MFLOPS = 0.0309% FLOPs, 32, 32, kernel_size=(3, 3), stride=(1, 1), padding=(2, 2), dilation=(2, 2), bias=False)
        )
        (4): ConvOps(
          9.28 K = 1.667% Params, 9.44 MMACs = 0.0624% MACs, 18.94 MFLOPS = 0.0309% FLOPs
          (norm): BatchNorm2d(64 = 0.0115% Params, 0 MACs = 0% MACs, 65.54 KFLOPS = 0% FLOPs, 32, eps=1e-05, momentum=0.1, affine=True, track_running_stats=True)
          (activation): ReLU6(0 = 0% Params, 0 MACs = 0% MACs, 0 FLOPS = 0% FLOPs, inplace=True)
          (conv): Conv2d(9.22 K = 1.6555% Params, 9.44 MMACs = 0.0624% MACs, 18.87 MFLOPS = 0.0309% FLOPs, 32, 32, kernel_size=(3, 3), stride=(1, 1), padding=(2, 2), dilation=(2, 2), bias=False)
        )
        (5): ConvOps(
          9.28 K = 1.667% Params, 9.44 MMACs = 0.0624% MACs, 18.94 MFLOPS = 0.0309% FLOPs
          (norm): BatchNorm2d(64 = 0.0115% Params, 0 MACs = 0% MACs, 65.54 KFLOPS = 0% FLOPs, 32, eps=1e-05, momentum=0.1, affine=True, track_running_stats=True)
          (activation): ReLU6(0 = 0% Params, 0 MACs = 0% MACs, 0 FLOPS = 0% FLOPs, inplace=True)
          (conv): Conv2d(9.22 K = 1.6555% Params, 9.44 MMACs = 0.0624% MACs, 18.87 MFLOPS = 0.0309% FLOPs, 32, 32, kernel_size=(3, 3), stride=(1, 1), padding=(1, 1), bias=False)
        )
      )
    )
    (3): BuildCell(
      54.05 K = 9.7091% Params, 18.42 MMACs = 0.1217% MACs, 37.08 MFLOPS = 0.0603% FLOPs
      (preprocess0): ConvOps(
        3.14 K = 0.5633% Params, 3.15 MMACs = 0.0208% MACs, 6.36 MFLOPS = 0.0103% FLOPs
        (norm): BatchNorm2d(64 = 0.0115% Params, 0 MACs = 0% MACs, 65.54 KFLOPS = 0% FLOPs, 32, eps=1e-05, momentum=0.1, affine=True, track_running_stats=True)
        (activation): ReLU6(0 = 0% Params, 0 MACs = 0% MACs, 0 FLOPS = 0% FLOPs)
        (conv): Conv2d(3.07 K = 0.5518% Params, 3.15 MMACs = 0.0208% MACs, 6.29 MFLOPS = 0.0103% FLOPs, 96, 32, kernel_size=(1, 1), stride=(2, 2), bias=False)
      )
      (preprocess1): ConvOps(
        3.14 K = 0.5633% Params, 3.15 MMACs = 0.0208% MACs, 6.36 MFLOPS = 0.0103% FLOPs
        (norm): BatchNorm2d(64 = 0.0115% Params, 0 MACs = 0% MACs, 65.54 KFLOPS = 0% FLOPs, 32, eps=1e-05, momentum=0.1, affine=True, track_running_stats=True)
        (activation): ReLU6(0 = 0% Params, 0 MACs = 0% MACs, 0 FLOPS = 0% FLOPs)
        (conv): Conv2d(3.07 K = 0.5518% Params, 3.15 MMACs = 0.0208% MACs, 6.29 MFLOPS = 0.0103% FLOPs, 96, 32, kernel_size=(1, 1), stride=(1, 1), bias=False)
      )
      (_ops): ModuleList(
        47.78 K = 8.5824% Params, 12.13 MMACs = 0.0802% MACs, 24.36 MFLOPS = 0.0397% FLOPs
        (0): ConvOps(
          9.28 K = 1.667% Params, 2.36 MMACs = 0.0156% MACs, 4.73 MFLOPS = 0.0077% FLOPs
          (norm): BatchNorm2d(64 = 0.0115% Params, 0 MACs = 0% MACs, 16.38 KFLOPS = 0% FLOPs, 32, eps=1e-05, momentum=0.1, affine=True, track_running_stats=True)
          (activation): ReLU6(0 = 0% Params, 0 MACs = 0% MACs, 0 FLOPS = 0% FLOPs, inplace=True)
          (conv): Conv2d(9.22 K = 1.6555% Params, 2.36 MMACs = 0.0156% MACs, 4.72 MFLOPS = 0.0077% FLOPs, 32, 32, kernel_size=(3, 3), stride=(2, 2), padding=(2, 2), dilation=(2, 2), bias=False)
        )
        (1): ConvOps(
          9.28 K = 1.667% Params, 2.36 MMACs = 0.0156% MACs, 4.73 MFLOPS = 0.0077% FLOPs
          (norm): BatchNorm2d(64 = 0.0115% Params, 0 MACs = 0% MACs, 16.38 KFLOPS = 0% FLOPs, 32, eps=1e-05, momentum=0.1, affine=True, track_running_stats=True)
          (activation): ReLU6(0 = 0% Params, 0 MACs = 0% MACs, 0 FLOPS = 0% FLOPs, inplace=True)
          (conv): Conv2d(9.22 K = 1.6555% Params, 2.36 MMACs = 0.0156% MACs, 4.72 MFLOPS = 0.0077% FLOPs, 32, 32, kernel_size=(3, 3), stride=(2, 2), padding=(1, 1), bias=False)
        )
        (2): ConvOps(
          1.38 K = 0.2472% Params, 335.87 KMACs = 0.0022% MACs, 688.13 KFLOPS = 0.0011% FLOPs
          (norm): BatchNorm2d(64 = 0.0115% Params, 0 MACs = 0% MACs, 16.38 KFLOPS = 0% FLOPs, 32, eps=1e-05, momentum=0.1, affine=True, track_running_stats=True)
          (activation): ReLU6(0 = 0% Params, 0 MACs = 0% MACs, 0 FLOPS = 0% FLOPs, inplace=True)
          (depth_conv): Conv2d(288 = 0.0517% Params, 73.73 KMACs = 0.0005% MACs, 147.46 KFLOPS = 0.0002% FLOPs, 32, 32, kernel_size=(3, 3), stride=(2, 2), padding=(1, 1), groups=32, bias=False)
          (point_conv): Conv2d(1.02 K = 0.1839% Params, 262.14 KMACs = 0.0017% MACs, 524.29 KFLOPS = 0.0009% FLOPs, 32, 32, kernel_size=(1, 1), stride=(1, 1), bias=False)
        )
        (3): ConvOps(
          9.28 K = 1.667% Params, 2.36 MMACs = 0.0156% MACs, 4.73 MFLOPS = 0.0077% FLOPs
          (norm): BatchNorm2d(64 = 0.0115% Params, 0 MACs = 0% MACs, 16.38 KFLOPS = 0% FLOPs, 32, eps=1e-05, momentum=0.1, affine=True, track_running_stats=True)
          (activation): ReLU6(0 = 0% Params, 0 MACs = 0% MACs, 0 FLOPS = 0% FLOPs, inplace=True)
          (conv): Conv2d(9.22 K = 1.6555% Params, 2.36 MMACs = 0.0156% MACs, 4.72 MFLOPS = 0.0077% FLOPs, 32, 32, kernel_size=(3, 3), stride=(1, 1), padding=(2, 2), dilation=(2, 2), bias=False)
        )
        (4): ConvOps(
          9.28 K = 1.667% Params, 2.36 MMACs = 0.0156% MACs, 4.73 MFLOPS = 0.0077% FLOPs
          (norm): BatchNorm2d(64 = 0.0115% Params, 0 MACs = 0% MACs, 16.38 KFLOPS = 0% FLOPs, 32, eps=1e-05, momentum=0.1, affine=True, track_running_stats=True)
          (activation): ReLU6(0 = 0% Params, 0 MACs = 0% MACs, 0 FLOPS = 0% FLOPs, inplace=True)
          (conv): Conv2d(9.22 K = 1.6555% Params, 2.36 MMACs = 0.0156% MACs, 4.72 MFLOPS = 0.0077% FLOPs, 32, 32, kernel_size=(3, 3), stride=(1, 1), padding=(2, 2), dilation=(2, 2), bias=False)
        )
        (5): ConvOps(
          9.28 K = 1.667% Params, 2.36 MMACs = 0.0156% MACs, 4.73 MFLOPS = 0.0077% FLOPs
          (norm): BatchNorm2d(64 = 0.0115% Params, 0 MACs = 0% MACs, 16.38 KFLOPS = 0% FLOPs, 32, eps=1e-05, momentum=0.1, affine=True, track_running_stats=True)
          (activation): ReLU6(0 = 0% Params, 0 MACs = 0% MACs, 0 FLOPS = 0% FLOPs, inplace=True)
          (conv): Conv2d(9.22 K = 1.6555% Params, 2.36 MMACs = 0.0156% MACs, 4.72 MFLOPS = 0.0077% FLOPs, 32, 32, kernel_size=(3, 3), stride=(1, 1), padding=(1, 1), bias=False)
        )
      )
    )
    (4): BuildCell(
      54.05 K = 9.7091% Params, 4.61 MMACs = 0.0304% MACs, 9.27 MFLOPS = 0.0151% FLOPs
      (preprocess0): ConvOps(
        3.14 K = 0.5633% Params, 786.43 KMACs = 0.0052% MACs, 1.59 MFLOPS = 0.0026% FLOPs
        (norm): BatchNorm2d(64 = 0.0115% Params, 0 MACs = 0% MACs, 16.38 KFLOPS = 0% FLOPs, 32, eps=1e-05, momentum=0.1, affine=True, track_running_stats=True)
        (activation): ReLU6(0 = 0% Params, 0 MACs = 0% MACs, 0 FLOPS = 0% FLOPs)
        (conv): Conv2d(3.07 K = 0.5518% Params, 786.43 KMACs = 0.0052% MACs, 1.57 MFLOPS = 0.0026% FLOPs, 96, 32, kernel_size=(1, 1), stride=(2, 2), bias=False)
      )
      (preprocess1): ConvOps(
        3.14 K = 0.5633% Params, 786.43 KMACs = 0.0052% MACs, 1.59 MFLOPS = 0.0026% FLOPs
        (norm): BatchNorm2d(64 = 0.0115% Params, 0 MACs = 0% MACs, 16.38 KFLOPS = 0% FLOPs, 32, eps=1e-05, momentum=0.1, affine=True, track_running_stats=True)
        (activation): ReLU6(0 = 0% Params, 0 MACs = 0% MACs, 0 FLOPS = 0% FLOPs)
        (conv): Conv2d(3.07 K = 0.5518% Params, 786.43 KMACs = 0.0052% MACs, 1.57 MFLOPS = 0.0026% FLOPs, 96, 32, kernel_size=(1, 1), stride=(1, 1), bias=False)
      )
      (_ops): ModuleList(
        47.78 K = 8.5824% Params, 3.03 MMACs = 0.02% MACs, 6.09 MFLOPS = 0.0099% FLOPs
        (0): ConvOps(
          9.28 K = 1.667% Params, 589.82 KMACs = 0.0039% MACs, 1.18 MFLOPS = 0.0019% FLOPs
          (norm): BatchNorm2d(64 = 0.0115% Params, 0 MACs = 0% MACs, 4.1 KFLOPS = 0% FLOPs, 32, eps=1e-05, momentum=0.1, affine=True, track_running_stats=True)
          (activation): ReLU6(0 = 0% Params, 0 MACs = 0% MACs, 0 FLOPS = 0% FLOPs, inplace=True)
          (conv): Conv2d(9.22 K = 1.6555% Params, 589.82 KMACs = 0.0039% MACs, 1.18 MFLOPS = 0.0019% FLOPs, 32, 32, kernel_size=(3, 3), stride=(2, 2), padding=(2, 2), dilation=(2, 2), bias=False)
        )
        (1): ConvOps(
          9.28 K = 1.667% Params, 589.82 KMACs = 0.0039% MACs, 1.18 MFLOPS = 0.0019% FLOPs
          (norm): BatchNorm2d(64 = 0.0115% Params, 0 MACs = 0% MACs, 4.1 KFLOPS = 0% FLOPs, 32, eps=1e-05, momentum=0.1, affine=True, track_running_stats=True)
          (activation): ReLU6(0 = 0% Params, 0 MACs = 0% MACs, 0 FLOPS = 0% FLOPs, inplace=True)
          (conv): Conv2d(9.22 K = 1.6555% Params, 589.82 KMACs = 0.0039% MACs, 1.18 MFLOPS = 0.0019% FLOPs, 32, 32, kernel_size=(3, 3), stride=(2, 2), padding=(1, 1), bias=False)
        )
        (2): ConvOps(
          1.38 K = 0.2472% Params, 83.97 KMACs = 0.0006% MACs, 172.03 KFLOPS = 0.0003% FLOPs
          (norm): BatchNorm2d(64 = 0.0115% Params, 0 MACs = 0% MACs, 4.1 KFLOPS = 0% FLOPs, 32, eps=1e-05, momentum=0.1, affine=True, track_running_stats=True)
          (activation): ReLU6(0 = 0% Params, 0 MACs = 0% MACs, 0 FLOPS = 0% FLOPs, inplace=True)
          (depth_conv): Conv2d(288 = 0.0517% Params, 18.43 KMACs = 0.0001% MACs, 36.86 KFLOPS = 0.0001% FLOPs, 32, 32, kernel_size=(3, 3), stride=(2, 2), padding=(1, 1), groups=32, bias=False)
          (point_conv): Conv2d(1.02 K = 0.1839% Params, 65.54 KMACs = 0.0004% MACs, 131.07 KFLOPS = 0.0002% FLOPs, 32, 32, kernel_size=(1, 1), stride=(1, 1), bias=False)
        )
        (3): ConvOps(
          9.28 K = 1.667% Params, 589.82 KMACs = 0.0039% MACs, 1.18 MFLOPS = 0.0019% FLOPs
          (norm): BatchNorm2d(64 = 0.0115% Params, 0 MACs = 0% MACs, 4.1 KFLOPS = 0% FLOPs, 32, eps=1e-05, momentum=0.1, affine=True, track_running_stats=True)
          (activation): ReLU6(0 = 0% Params, 0 MACs = 0% MACs, 0 FLOPS = 0% FLOPs, inplace=True)
          (conv): Conv2d(9.22 K = 1.6555% Params, 589.82 KMACs = 0.0039% MACs, 1.18 MFLOPS = 0.0019% FLOPs, 32, 32, kernel_size=(3, 3), stride=(1, 1), padding=(2, 2), dilation=(2, 2), bias=False)
        )
        (4): ConvOps(
          9.28 K = 1.667% Params, 589.82 KMACs = 0.0039% MACs, 1.18 MFLOPS = 0.0019% FLOPs
          (norm): BatchNorm2d(64 = 0.0115% Params, 0 MACs = 0% MACs, 4.1 KFLOPS = 0% FLOPs, 32, eps=1e-05, momentum=0.1, affine=True, track_running_stats=True)
          (activation): ReLU6(0 = 0% Params, 0 MACs = 0% MACs, 0 FLOPS = 0% FLOPs, inplace=True)
          (conv): Conv2d(9.22 K = 1.6555% Params, 589.82 KMACs = 0.0039% MACs, 1.18 MFLOPS = 0.0019% FLOPs, 32, 32, kernel_size=(3, 3), stride=(1, 1), padding=(2, 2), dilation=(2, 2), bias=False)
        )
        (5): ConvOps(
          9.28 K = 1.667% Params, 589.82 KMACs = 0.0039% MACs, 1.18 MFLOPS = 0.0019% FLOPs
          (norm): BatchNorm2d(64 = 0.0115% Params, 0 MACs = 0% MACs, 4.1 KFLOPS = 0% FLOPs, 32, eps=1e-05, momentum=0.1, affine=True, track_running_stats=True)
          (activation): ReLU6(0 = 0% Params, 0 MACs = 0% MACs, 0 FLOPS = 0% FLOPs, inplace=True)
          (conv): Conv2d(9.22 K = 1.6555% Params, 589.82 KMACs = 0.0039% MACs, 1.18 MFLOPS = 0.0019% FLOPs, 32, 32, kernel_size=(3, 3), stride=(1, 1), padding=(1, 1), bias=False)
        )
      )
    )
  )
  (up_cells): ModuleList(
    278.91 K = 50.1033% Params, 13.06 GMACs = 86.2967% MACs, 26.28 GFLOPS = 42.7733% FLOPs
    (0): BuildCell(
      46.14 K = 8.2892% Params, 9.32 MMACs = 0.0616% MACs, 18.76 MFLOPS = 0.0305% FLOPs
      (preprocess0): ConvOps(
        3.14 K = 0.5633% Params, 786.43 KMACs = 0.0052% MACs, 1.59 MFLOPS = 0.0026% FLOPs
        (norm): BatchNorm2d(64 = 0.0115% Params, 0 MACs = 0% MACs, 16.38 KFLOPS = 0% FLOPs, 32, eps=1e-05, momentum=0.1, affine=True, track_running_stats=True)
        (activation): ReLU6(0 = 0% Params, 0 MACs = 0% MACs, 0 FLOPS = 0% FLOPs)
        (conv): Conv2d(3.07 K = 0.5518% Params, 786.43 KMACs = 0.0052% MACs, 1.57 MFLOPS = 0.0026% FLOPs, 96, 32, kernel_size=(1, 1), stride=(1, 1), bias=False)
      )
      (preprocess1): ConvOps(
        3.14 K = 0.5633% Params, 196.61 KMACs = 0.0013% MACs, 397.31 KFLOPS = 0.0006% FLOPs
        (norm): BatchNorm2d(64 = 0.0115% Params, 0 MACs = 0% MACs, 4.1 KFLOPS = 0% FLOPs, 32, eps=1e-05, momentum=0.1, affine=True, track_running_stats=True)
        (activation): ReLU6(0 = 0% Params, 0 MACs = 0% MACs, 0 FLOPS = 0% FLOPs)
        (conv): Conv2d(3.07 K = 0.5518% Params, 196.61 KMACs = 0.0013% MACs, 393.22 KFLOPS = 0.0006% FLOPs, 96, 32, kernel_size=(1, 1), stride=(1, 1), bias=False)
      )
      (_ops): ModuleList(
        39.87 K = 7.1625% Params, 8.34 MMACs = 0.0551% MACs, 16.78 MFLOPS = 0.0273% FLOPs
        (0): ConvOps(
          9.28 K = 1.667% Params, 589.82 KMACs = 0.0039% MACs, 1.19 MFLOPS = 0.0019% FLOPs
          (norm): BatchNorm2d(64 = 0.0115% Params, 0 MACs = 0% MACs, 14.4 KFLOPS = 0% FLOPs, 32, eps=1e-05, momentum=0.1, affine=True, track_running_stats=True)
          (activation): ReLU6(0 = 0% Params, 0 MACs = 0% MACs, 0 FLOPS = 0% FLOPs, inplace=True)
          (conv): ConvTranspose2d(9.22 K = 1.6555% Params, 589.82 KMACs = 0.0039% MACs, 1.18 MFLOPS = 0.0019% FLOPs, 32, 32, kernel_size=(3, 3), stride=(2, 2), padding=(2, 2), dilation=(2, 2), bias=False)
        )
        (1): ConvOps(
          1.38 K = 0.2472% Params, 335.87 KMACs = 0.0022% MACs, 688.13 KFLOPS = 0.0011% FLOPs
          (norm): BatchNorm2d(64 = 0.0115% Params, 0 MACs = 0% MACs, 16.38 KFLOPS = 0% FLOPs, 32, eps=1e-05, momentum=0.1, affine=True, track_running_stats=True)
          (activation): ReLU6(0 = 0% Params, 0 MACs = 0% MACs, 0 FLOPS = 0% FLOPs, inplace=True)
          (depth_conv): Conv2d(288 = 0.0517% Params, 73.73 KMACs = 0.0005% MACs, 147.46 KFLOPS = 0.0002% FLOPs, 32, 32, kernel_size=(3, 3), stride=(1, 1), padding=(1, 1), groups=32, bias=False)
          (point_conv): Conv2d(1.02 K = 0.1839% Params, 262.14 KMACs = 0.0017% MACs, 524.29 KFLOPS = 0.0009% FLOPs, 32, 32, kernel_size=(1, 1), stride=(1, 1), bias=False)
        )
        (2): ConvOps(
          1.38 K = 0.2472% Params, 335.87 KMACs = 0.0022% MACs, 688.13 KFLOPS = 0.0011% FLOPs
          (norm): BatchNorm2d(64 = 0.0115% Params, 0 MACs = 0% MACs, 16.38 KFLOPS = 0% FLOPs, 32, eps=1e-05, momentum=0.1, affine=True, track_running_stats=True)
          (activation): ReLU6(0 = 0% Params, 0 MACs = 0% MACs, 0 FLOPS = 0% FLOPs, inplace=True)
          (depth_conv): Conv2d(288 = 0.0517% Params, 73.73 KMACs = 0.0005% MACs, 147.46 KFLOPS = 0.0002% FLOPs, 32, 32, kernel_size=(3, 3), stride=(1, 1), padding=(1, 1), groups=32, bias=False)
          (point_conv): Conv2d(1.02 K = 0.1839% Params, 262.14 KMACs = 0.0017% MACs, 524.29 KFLOPS = 0.0009% FLOPs, 32, 32, kernel_size=(1, 1), stride=(1, 1), bias=False)
        )
        (3): ConvOps(
          9.28 K = 1.667% Params, 2.36 MMACs = 0.0156% MACs, 4.73 MFLOPS = 0.0077% FLOPs
          (norm): BatchNorm2d(64 = 0.0115% Params, 0 MACs = 0% MACs, 16.38 KFLOPS = 0% FLOPs, 32, eps=1e-05, momentum=0.1, affine=True, track_running_stats=True)
          (activation): ReLU6(0 = 0% Params, 0 MACs = 0% MACs, 0 FLOPS = 0% FLOPs, inplace=True)
          (conv): Conv2d(9.22 K = 1.6555% Params, 2.36 MMACs = 0.0156% MACs, 4.72 MFLOPS = 0.0077% FLOPs, 32, 32, kernel_size=(3, 3), stride=(1, 1), padding=(2, 2), dilation=(2, 2), bias=False)
        )
        (4): ConvOps(
          9.28 K = 1.667% Params, 2.36 MMACs = 0.0156% MACs, 4.73 MFLOPS = 0.0077% FLOPs
          (norm): BatchNorm2d(64 = 0.0115% Params, 0 MACs = 0% MACs, 16.38 KFLOPS = 0% FLOPs, 32, eps=1e-05, momentum=0.1, affine=True, track_running_stats=True)
          (activation): ReLU6(0 = 0% Params, 0 MACs = 0% MACs, 0 FLOPS = 0% FLOPs, inplace=True)
          (conv): Conv2d(9.22 K = 1.6555% Params, 2.36 MMACs = 0.0156% MACs, 4.72 MFLOPS = 0.0077% FLOPs, 32, 32, kernel_size=(3, 3), stride=(1, 1), padding=(2, 2), dilation=(2, 2), bias=False)
        )
        (5): ConvOps(
          9.28 K = 1.667% Params, 2.36 MMACs = 0.0156% MACs, 4.73 MFLOPS = 0.0077% FLOPs
          (norm): BatchNorm2d(64 = 0.0115% Params, 0 MACs = 0% MACs, 16.38 KFLOPS = 0% FLOPs, 32, eps=1e-05, momentum=0.1, affine=True, track_running_stats=True)
          (activation): ReLU6(0 = 0% Params, 0 MACs = 0% MACs, 0 FLOPS = 0% FLOPs, inplace=True)
          (conv): Conv2d(9.22 K = 1.6555% Params, 2.36 MMACs = 0.0156% MACs, 4.72 MFLOPS = 0.0077% FLOPs, 32, 32, kernel_size=(3, 3), stride=(1, 1), padding=(1, 1), bias=False)
        )
      )
    )
    (1): BuildCell(
      46.14 K = 8.2892% Params, 37.29 MMACs = 0.2464% MACs, 75.05 MFLOPS = 0.1221% FLOPs
      (preprocess0): ConvOps(
        3.14 K = 0.5633% Params, 3.15 MMACs = 0.0208% MACs, 6.36 MFLOPS = 0.0103% FLOPs
        (norm): BatchNorm2d(64 = 0.0115% Params, 0 MACs = 0% MACs, 65.54 KFLOPS = 0% FLOPs, 32, eps=1e-05, momentum=0.1, affine=True, track_running_stats=True)
        (activation): ReLU6(0 = 0% Params, 0 MACs = 0% MACs, 0 FLOPS = 0% FLOPs)
        (conv): Conv2d(3.07 K = 0.5518% Params, 3.15 MMACs = 0.0208% MACs, 6.29 MFLOPS = 0.0103% FLOPs, 96, 32, kernel_size=(1, 1), stride=(1, 1), bias=False)
      )
      (preprocess1): ConvOps(
        3.14 K = 0.5633% Params, 786.43 KMACs = 0.0052% MACs, 1.59 MFLOPS = 0.0026% FLOPs
        (norm): BatchNorm2d(64 = 0.0115% Params, 0 MACs = 0% MACs, 16.38 KFLOPS = 0% FLOPs, 32, eps=1e-05, momentum=0.1, affine=True, track_running_stats=True)
        (activation): ReLU6(0 = 0% Params, 0 MACs = 0% MACs, 0 FLOPS = 0% FLOPs)
        (conv): Conv2d(3.07 K = 0.5518% Params, 786.43 KMACs = 0.0052% MACs, 1.57 MFLOPS = 0.0026% FLOPs, 96, 32, kernel_size=(1, 1), stride=(1, 1), bias=False)
      )
      (_ops): ModuleList(
        39.87 K = 7.1625% Params, 33.36 MMACs = 0.2204% MACs, 67.1 MFLOPS = 0.1092% FLOPs
        (0): ConvOps(
          9.28 K = 1.667% Params, 2.36 MMACs = 0.0156% MACs, 4.78 MFLOPS = 0.0077% FLOPs
          (norm): BatchNorm2d(64 = 0.0115% Params, 0 MACs = 0% MACs, 61.5 KFLOPS = 0% FLOPs, 32, eps=1e-05, momentum=0.1, affine=True, track_running_stats=True)
          (activation): ReLU6(0 = 0% Params, 0 MACs = 0% MACs, 0 FLOPS = 0% FLOPs, inplace=True)
          (conv): ConvTranspose2d(9.22 K = 1.6555% Params, 2.36 MMACs = 0.0156% MACs, 4.72 MFLOPS = 0.0077% FLOPs, 32, 32, kernel_size=(3, 3), stride=(2, 2), padding=(2, 2), dilation=(2, 2), bias=False)
        )
        (1): ConvOps(
          1.38 K = 0.2472% Params, 1.34 MMACs = 0.0089% MACs, 2.75 MFLOPS = 0.0044% FLOPs
          (norm): BatchNorm2d(64 = 0.0115% Params, 0 MACs = 0% MACs, 65.54 KFLOPS = 0% FLOPs, 32, eps=1e-05, momentum=0.1, affine=True, track_running_stats=True)
          (activation): ReLU6(0 = 0% Params, 0 MACs = 0% MACs, 0 FLOPS = 0% FLOPs, inplace=True)
          (depth_conv): Conv2d(288 = 0.0517% Params, 294.91 KMACs = 0.0019% MACs, 589.82 KFLOPS = 0.001% FLOPs, 32, 32, kernel_size=(3, 3), stride=(1, 1), padding=(1, 1), groups=32, bias=False)
          (point_conv): Conv2d(1.02 K = 0.1839% Params, 1.05 MMACs = 0.0069% MACs, 2.1 MFLOPS = 0.0034% FLOPs, 32, 32, kernel_size=(1, 1), stride=(1, 1), bias=False)
        )
        (2): ConvOps(
          1.38 K = 0.2472% Params, 1.34 MMACs = 0.0089% MACs, 2.75 MFLOPS = 0.0044% FLOPs
          (norm): BatchNorm2d(64 = 0.0115% Params, 0 MACs = 0% MACs, 65.54 KFLOPS = 0% FLOPs, 32, eps=1e-05, momentum=0.1, affine=True, track_running_stats=True)
          (activation): ReLU6(0 = 0% Params, 0 MACs = 0% MACs, 0 FLOPS = 0% FLOPs, inplace=True)
          (depth_conv): Conv2d(288 = 0.0517% Params, 294.91 KMACs = 0.0019% MACs, 589.82 KFLOPS = 0.001% FLOPs, 32, 32, kernel_size=(3, 3), stride=(1, 1), padding=(1, 1), groups=32, bias=False)
          (point_conv): Conv2d(1.02 K = 0.1839% Params, 1.05 MMACs = 0.0069% MACs, 2.1 MFLOPS = 0.0034% FLOPs, 32, 32, kernel_size=(1, 1), stride=(1, 1), bias=False)
        )
        (3): ConvOps(
          9.28 K = 1.667% Params, 9.44 MMACs = 0.0624% MACs, 18.94 MFLOPS = 0.0309% FLOPs
          (norm): BatchNorm2d(64 = 0.0115% Params, 0 MACs = 0% MACs, 65.54 KFLOPS = 0% FLOPs, 32, eps=1e-05, momentum=0.1, affine=True, track_running_stats=True)
          (activation): ReLU6(0 = 0% Params, 0 MACs = 0% MACs, 0 FLOPS = 0% FLOPs, inplace=True)
          (conv): Conv2d(9.22 K = 1.6555% Params, 9.44 MMACs = 0.0624% MACs, 18.87 MFLOPS = 0.0309% FLOPs, 32, 32, kernel_size=(3, 3), stride=(1, 1), padding=(2, 2), dilation=(2, 2), bias=False)
        )
        (4): ConvOps(
          9.28 K = 1.667% Params, 9.44 MMACs = 0.0624% MACs, 18.94 MFLOPS = 0.0309% FLOPs
          (norm): BatchNorm2d(64 = 0.0115% Params, 0 MACs = 0% MACs, 65.54 KFLOPS = 0% FLOPs, 32, eps=1e-05, momentum=0.1, affine=True, track_running_stats=True)
          (activation): ReLU6(0 = 0% Params, 0 MACs = 0% MACs, 0 FLOPS = 0% FLOPs, inplace=True)
          (conv): Conv2d(9.22 K = 1.6555% Params, 9.44 MMACs = 0.0624% MACs, 18.87 MFLOPS = 0.0309% FLOPs, 32, 32, kernel_size=(3, 3), stride=(1, 1), padding=(2, 2), dilation=(2, 2), bias=False)
        )
        (5): ConvOps(
          9.28 K = 1.667% Params, 9.44 MMACs = 0.0624% MACs, 18.94 MFLOPS = 0.0309% FLOPs
          (norm): BatchNorm2d(64 = 0.0115% Params, 0 MACs = 0% MACs, 65.54 KFLOPS = 0% FLOPs, 32, eps=1e-05, momentum=0.1, affine=True, track_running_stats=True)
          (activation): ReLU6(0 = 0% Params, 0 MACs = 0% MACs, 0 FLOPS = 0% FLOPs, inplace=True)
          (conv): Conv2d(9.22 K = 1.6555% Params, 9.44 MMACs = 0.0624% MACs, 18.87 MFLOPS = 0.0309% FLOPs, 32, 32, kernel_size=(3, 3), stride=(1, 1), padding=(1, 1), bias=False)
        )
      )
    )
    (2): BuildCell(
      46.14 K = 8.2892% Params, 149.16 MMACs = 0.9855% MACs, 300.21 MFLOPS = 0.4885% FLOPs
      (preprocess0): ConvOps(
        3.14 K = 0.5633% Params, 12.58 MMACs = 0.0831% MACs, 25.43 MFLOPS = 0.0412% FLOPs
        (norm): BatchNorm2d(64 = 0.0115% Params, 0 MACs = 0% MACs, 262.14 KFLOPS = 0% FLOPs, 32, eps=1e-05, momentum=0.1, affine=True, track_running_stats=True)
        (activation): ReLU6(0 = 0% Params, 0 MACs = 0% MACs, 0 FLOPS = 0% FLOPs)
        (conv): Conv2d(3.07 K = 0.5518% Params, 12.58 MMACs = 0.0831% MACs, 25.17 MFLOPS = 0.0412% FLOPs, 96, 32, kernel_size=(1, 1), stride=(1, 1), bias=False)
      )
      (preprocess1): ConvOps(
        3.14 K = 0.5633% Params, 3.15 MMACs = 0.0208% MACs, 6.36 MFLOPS = 0.0103% FLOPs
        (norm): BatchNorm2d(64 = 0.0115% Params, 0 MACs = 0% MACs, 65.54 KFLOPS = 0% FLOPs, 32, eps=1e-05, momentum=0.1, affine=True, track_running_stats=True)
        (activation): ReLU6(0 = 0% Params, 0 MACs = 0% MACs, 0 FLOPS = 0% FLOPs)
        (conv): Conv2d(3.07 K = 0.5518% Params, 3.15 MMACs = 0.0208% MACs, 6.29 MFLOPS = 0.0103% FLOPs, 96, 32, kernel_size=(1, 1), stride=(1, 1), bias=False)
      )
      (_ops): ModuleList(
        39.87 K = 7.1625% Params, 133.43 MMACs = 0.8816% MACs, 268.43 MFLOPS = 0.437% FLOPs
        (0): ConvOps(
          9.28 K = 1.667% Params, 9.44 MMACs = 0.0624% MACs, 19.13 MFLOPS = 0.0309% FLOPs
          (norm): BatchNorm2d(64 = 0.0115% Params, 0 MACs = 0% MACs, 254.02 KFLOPS = 0% FLOPs, 32, eps=1e-05, momentum=0.1, affine=True, track_running_stats=True)
          (activation): ReLU6(0 = 0% Params, 0 MACs = 0% MACs, 0 FLOPS = 0% FLOPs, inplace=True)
          (conv): ConvTranspose2d(9.22 K = 1.6555% Params, 9.44 MMACs = 0.0624% MACs, 18.87 MFLOPS = 0.0309% FLOPs, 32, 32, kernel_size=(3, 3), stride=(2, 2), padding=(2, 2), dilation=(2, 2), bias=False)
        )
        (1): ConvOps(
          1.38 K = 0.2472% Params, 5.37 MMACs = 0.0355% MACs, 11.01 MFLOPS = 0.0176% FLOPs
          (norm): BatchNorm2d(64 = 0.0115% Params, 0 MACs = 0% MACs, 262.14 KFLOPS = 0% FLOPs, 32, eps=1e-05, momentum=0.1, affine=True, track_running_stats=True)
          (activation): ReLU6(0 = 0% Params, 0 MACs = 0% MACs, 0 FLOPS = 0% FLOPs, inplace=True)
          (depth_conv): Conv2d(288 = 0.0517% Params, 1.18 MMACs = 0.0078% MACs, 2.36 MFLOPS = 0.0039% FLOPs, 32, 32, kernel_size=(3, 3), stride=(1, 1), padding=(1, 1), groups=32, bias=False)
          (point_conv): Conv2d(1.02 K = 0.1839% Params, 4.19 MMACs = 0.0277% MACs, 8.39 MFLOPS = 0.0137% FLOPs, 32, 32, kernel_size=(1, 1), stride=(1, 1), bias=False)
        )
        (2): ConvOps(
          1.38 K = 0.2472% Params, 5.37 MMACs = 0.0355% MACs, 11.01 MFLOPS = 0.0176% FLOPs
          (norm): BatchNorm2d(64 = 0.0115% Params, 0 MACs = 0% MACs, 262.14 KFLOPS = 0% FLOPs, 32, eps=1e-05, momentum=0.1, affine=True, track_running_stats=True)
          (activation): ReLU6(0 = 0% Params, 0 MACs = 0% MACs, 0 FLOPS = 0% FLOPs, inplace=True)
          (depth_conv): Conv2d(288 = 0.0517% Params, 1.18 MMACs = 0.0078% MACs, 2.36 MFLOPS = 0.0039% FLOPs, 32, 32, kernel_size=(3, 3), stride=(1, 1), padding=(1, 1), groups=32, bias=False)
          (point_conv): Conv2d(1.02 K = 0.1839% Params, 4.19 MMACs = 0.0277% MACs, 8.39 MFLOPS = 0.0137% FLOPs, 32, 32, kernel_size=(1, 1), stride=(1, 1), bias=False)
        )
        (3): ConvOps(
          9.28 K = 1.667% Params, 37.75 MMACs = 0.2494% MACs, 75.76 MFLOPS = 0.1236% FLOPs
          (norm): BatchNorm2d(64 = 0.0115% Params, 0 MACs = 0% MACs, 262.14 KFLOPS = 0% FLOPs, 32, eps=1e-05, momentum=0.1, affine=True, track_running_stats=True)
          (activation): ReLU6(0 = 0% Params, 0 MACs = 0% MACs, 0 FLOPS = 0% FLOPs, inplace=True)
          (conv): Conv2d(9.22 K = 1.6555% Params, 37.75 MMACs = 0.2494% MACs, 75.5 MFLOPS = 0.1236% FLOPs, 32, 32, kernel_size=(3, 3), stride=(1, 1), padding=(2, 2), dilation=(2, 2), bias=False)
        )
        (4): ConvOps(
          9.28 K = 1.667% Params, 37.75 MMACs = 0.2494% MACs, 75.76 MFLOPS = 0.1236% FLOPs
          (norm): BatchNorm2d(64 = 0.0115% Params, 0 MACs = 0% MACs, 262.14 KFLOPS = 0% FLOPs, 32, eps=1e-05, momentum=0.1, affine=True, track_running_stats=True)
          (activation): ReLU6(0 = 0% Params, 0 MACs = 0% MACs, 0 FLOPS = 0% FLOPs, inplace=True)
          (conv): Conv2d(9.22 K = 1.6555% Params, 37.75 MMACs = 0.2494% MACs, 75.5 MFLOPS = 0.1236% FLOPs, 32, 32, kernel_size=(3, 3), stride=(1, 1), padding=(2, 2), dilation=(2, 2), bias=False)
        )
        (5): ConvOps(
          9.28 K = 1.667% Params, 37.75 MMACs = 0.2494% MACs, 75.76 MFLOPS = 0.1236% FLOPs
          (norm): BatchNorm2d(64 = 0.0115% Params, 0 MACs = 0% MACs, 262.14 KFLOPS = 0% FLOPs, 32, eps=1e-05, momentum=0.1, affine=True, track_running_stats=True)
          (activation): ReLU6(0 = 0% Params, 0 MACs = 0% MACs, 0 FLOPS = 0% FLOPs, inplace=True)
          (conv): Conv2d(9.22 K = 1.6555% Params, 37.75 MMACs = 0.2494% MACs, 75.5 MFLOPS = 0.1236% FLOPs, 32, 32, kernel_size=(3, 3), stride=(1, 1), padding=(1, 1), bias=False)
        )
      )
    )
    (3): BuildCell(
      46.14 K = 8.2892% Params, 596.64 MMACs = 3.9422% MACs, 1.2 GFLOPS = 1.954% FLOPs
      (preprocess0): ConvOps(
        3.14 K = 0.5633% Params, 50.33 MMACs = 0.3326% MACs, 101.71 MFLOPS = 0.1648% FLOPs
        (norm): BatchNorm2d(64 = 0.0115% Params, 0 MACs = 0% MACs, 1.05 MFLOPS = 0% FLOPs, 32, eps=1e-05, momentum=0.1, affine=True, track_running_stats=True)
        (activation): ReLU6(0 = 0% Params, 0 MACs = 0% MACs, 0 FLOPS = 0% FLOPs)
        (conv): Conv2d(3.07 K = 0.5518% Params, 50.33 MMACs = 0.3326% MACs, 100.66 MFLOPS = 0.1648% FLOPs, 96, 32, kernel_size=(1, 1), stride=(1, 1), bias=False)
      )
      (preprocess1): ConvOps(
        3.14 K = 0.5633% Params, 12.58 MMACs = 0.0831% MACs, 25.43 MFLOPS = 0.0412% FLOPs
        (norm): BatchNorm2d(64 = 0.0115% Params, 0 MACs = 0% MACs, 262.14 KFLOPS = 0% FLOPs, 32, eps=1e-05, momentum=0.1, affine=True, track_running_stats=True)
        (activation): ReLU6(0 = 0% Params, 0 MACs = 0% MACs, 0 FLOPS = 0% FLOPs)
        (conv): Conv2d(3.07 K = 0.5518% Params, 12.58 MMACs = 0.0831% MACs, 25.17 MFLOPS = 0.0412% FLOPs, 96, 32, kernel_size=(1, 1), stride=(1, 1), bias=False)
      )
      (_ops): ModuleList(
        39.87 K = 7.1625% Params, 533.73 MMACs = 3.5265% MACs, 1.07 GFLOPS = 1.7479% FLOPs
        (0): ConvOps(
          9.28 K = 1.667% Params, 37.75 MMACs = 0.2494% MACs, 76.53 MFLOPS = 0.1236% FLOPs
          (norm): BatchNorm2d(64 = 0.0115% Params, 0 MACs = 0% MACs, 1.03 MFLOPS = 0% FLOPs, 32, eps=1e-05, momentum=0.1, affine=True, track_running_stats=True)
          (activation): ReLU6(0 = 0% Params, 0 MACs = 0% MACs, 0 FLOPS = 0% FLOPs, inplace=True)
          (conv): ConvTranspose2d(9.22 K = 1.6555% Params, 37.75 MMACs = 0.2494% MACs, 75.5 MFLOPS = 0.1236% FLOPs, 32, 32, kernel_size=(3, 3), stride=(2, 2), padding=(2, 2), dilation=(2, 2), bias=False)
        )
        (1): ConvOps(
          1.38 K = 0.2472% Params, 21.5 MMACs = 0.142% MACs, 44.04 MFLOPS = 0.0704% FLOPs
          (norm): BatchNorm2d(64 = 0.0115% Params, 0 MACs = 0% MACs, 1.05 MFLOPS = 0% FLOPs, 32, eps=1e-05, momentum=0.1, affine=True, track_running_stats=True)
          (activation): ReLU6(0 = 0% Params, 0 MACs = 0% MACs, 0 FLOPS = 0% FLOPs, inplace=True)
          (depth_conv): Conv2d(288 = 0.0517% Params, 4.72 MMACs = 0.0312% MACs, 9.44 MFLOPS = 0.0155% FLOPs, 32, 32, kernel_size=(3, 3), stride=(1, 1), padding=(1, 1), groups=32, bias=False)
          (point_conv): Conv2d(1.02 K = 0.1839% Params, 16.78 MMACs = 0.1109% MACs, 33.55 MFLOPS = 0.0549% FLOPs, 32, 32, kernel_size=(1, 1), stride=(1, 1), bias=False)
        )
        (2): ConvOps(
          1.38 K = 0.2472% Params, 21.5 MMACs = 0.142% MACs, 44.04 MFLOPS = 0.0704% FLOPs
          (norm): BatchNorm2d(64 = 0.0115% Params, 0 MACs = 0% MACs, 1.05 MFLOPS = 0% FLOPs, 32, eps=1e-05, momentum=0.1, affine=True, track_running_stats=True)
          (activation): ReLU6(0 = 0% Params, 0 MACs = 0% MACs, 0 FLOPS = 0% FLOPs, inplace=True)
          (depth_conv): Conv2d(288 = 0.0517% Params, 4.72 MMACs = 0.0312% MACs, 9.44 MFLOPS = 0.0155% FLOPs, 32, 32, kernel_size=(3, 3), stride=(1, 1), padding=(1, 1), groups=32, bias=False)
          (point_conv): Conv2d(1.02 K = 0.1839% Params, 16.78 MMACs = 0.1109% MACs, 33.55 MFLOPS = 0.0549% FLOPs, 32, 32, kernel_size=(1, 1), stride=(1, 1), bias=False)
        )
        (3): ConvOps(
          9.28 K = 1.667% Params, 150.99 MMACs = 0.9977% MACs, 303.04 MFLOPS = 0.4945% FLOPs
          (norm): BatchNorm2d(64 = 0.0115% Params, 0 MACs = 0% MACs, 1.05 MFLOPS = 0% FLOPs, 32, eps=1e-05, momentum=0.1, affine=True, track_running_stats=True)
          (activation): ReLU6(0 = 0% Params, 0 MACs = 0% MACs, 0 FLOPS = 0% FLOPs, inplace=True)
          (conv): Conv2d(9.22 K = 1.6555% Params, 150.99 MMACs = 0.9977% MACs, 301.99 MFLOPS = 0.4945% FLOPs, 32, 32, kernel_size=(3, 3), stride=(1, 1), padding=(2, 2), dilation=(2, 2), bias=False)
        )
        (4): ConvOps(
          9.28 K = 1.667% Params, 150.99 MMACs = 0.9977% MACs, 303.04 MFLOPS = 0.4945% FLOPs
          (norm): BatchNorm2d(64 = 0.0115% Params, 0 MACs = 0% MACs, 1.05 MFLOPS = 0% FLOPs, 32, eps=1e-05, momentum=0.1, affine=True, track_running_stats=True)
          (activation): ReLU6(0 = 0% Params, 0 MACs = 0% MACs, 0 FLOPS = 0% FLOPs, inplace=True)
          (conv): Conv2d(9.22 K = 1.6555% Params, 150.99 MMACs = 0.9977% MACs, 301.99 MFLOPS = 0.4945% FLOPs, 32, 32, kernel_size=(3, 3), stride=(1, 1), padding=(2, 2), dilation=(2, 2), bias=False)
        )
        (5): ConvOps(
          9.28 K = 1.667% Params, 150.99 MMACs = 0.9977% MACs, 303.04 MFLOPS = 0.4945% FLOPs
          (norm): BatchNorm2d(64 = 0.0115% Params, 0 MACs = 0% MACs, 1.05 MFLOPS = 0% FLOPs, 32, eps=1e-05, momentum=0.1, affine=True, track_running_stats=True)
          (activation): ReLU6(0 = 0% Params, 0 MACs = 0% MACs, 0 FLOPS = 0% FLOPs, inplace=True)
          (conv): Conv2d(9.22 K = 1.6555% Params, 150.99 MMACs = 0.9977% MACs, 301.99 MFLOPS = 0.4945% FLOPs, 32, 32, kernel_size=(3, 3), stride=(1, 1), padding=(1, 1), bias=False)
        )
      )
    )
    (4): BuildCell(
      47.17 K = 8.4732% Params, 2.45 GMACs = 16.2122% MACs, 4.94 GFLOPS = 8.0356% FLOPs
      (preprocess0): ConvOps(
        4.16 K = 0.7473% Params, 268.44 MMACs = 1.7736% MACs, 541.07 MFLOPS = 0.8791% FLOPs
        (norm): BatchNorm2d(64 = 0.0115% Params, 0 MACs = 0% MACs, 4.19 MFLOPS = 0% FLOPs, 32, eps=1e-05, momentum=0.1, affine=True, track_running_stats=True)
        (activation): ReLU6(0 = 0% Params, 0 MACs = 0% MACs, 0 FLOPS = 0% FLOPs)
        (conv): Conv2d(4.1 K = 0.7358% Params, 268.44 MMACs = 1.7736% MACs, 536.87 MFLOPS = 0.8791% FLOPs, 128, 32, kernel_size=(1, 1), stride=(1, 1), bias=False)
      )
      (preprocess1): ConvOps(
        3.14 K = 0.5633% Params, 50.33 MMACs = 0.3326% MACs, 101.71 MFLOPS = 0.1648% FLOPs
        (norm): BatchNorm2d(64 = 0.0115% Params, 0 MACs = 0% MACs, 1.05 MFLOPS = 0% FLOPs, 32, eps=1e-05, momentum=0.1, affine=True, track_running_stats=True)
        (activation): ReLU6(0 = 0% Params, 0 MACs = 0% MACs, 0 FLOPS = 0% FLOPs)
        (conv): Conv2d(3.07 K = 0.5518% Params, 50.33 MMACs = 0.3326% MACs, 100.66 MFLOPS = 0.1648% FLOPs, 96, 32, kernel_size=(1, 1), stride=(1, 1), bias=False)
      )
      (_ops): ModuleList(
        39.87 K = 7.1625% Params, 2.13 GMACs = 14.106% MACs, 4.29 GFLOPS = 6.9917% FLOPs
        (0): ConvOps(
          9.28 K = 1.667% Params, 150.99 MMACs = 0.9977% MACs, 306.15 MFLOPS = 0.4945% FLOPs
          (norm): BatchNorm2d(64 = 0.0115% Params, 0 MACs = 0% MACs, 4.16 MFLOPS = 0% FLOPs, 32, eps=1e-05, momentum=0.1, affine=True, track_running_stats=True)
          (activation): ReLU6(0 = 0% Params, 0 MACs = 0% MACs, 0 FLOPS = 0% FLOPs, inplace=True)
          (conv): ConvTranspose2d(9.22 K = 1.6555% Params, 150.99 MMACs = 0.9977% MACs, 301.99 MFLOPS = 0.4945% FLOPs, 32, 32, kernel_size=(3, 3), stride=(2, 2), padding=(2, 2), dilation=(2, 2), bias=False)
        )
        (1): ConvOps(
          1.38 K = 0.2472% Params, 85.98 MMACs = 0.5681% MACs, 176.16 MFLOPS = 0.2816% FLOPs
          (norm): BatchNorm2d(64 = 0.0115% Params, 0 MACs = 0% MACs, 4.19 MFLOPS = 0% FLOPs, 32, eps=1e-05, momentum=0.1, affine=True, track_running_stats=True)
          (activation): ReLU6(0 = 0% Params, 0 MACs = 0% MACs, 0 FLOPS = 0% FLOPs, inplace=True)
          (depth_conv): Conv2d(288 = 0.0517% Params, 18.87 MMACs = 0.1247% MACs, 37.75 MFLOPS = 0.0618% FLOPs, 32, 32, kernel_size=(3, 3), stride=(1, 1), padding=(1, 1), groups=32, bias=False)
          (point_conv): Conv2d(1.02 K = 0.1839% Params, 67.11 MMACs = 0.4434% MACs, 134.22 MFLOPS = 0.2198% FLOPs, 32, 32, kernel_size=(1, 1), stride=(1, 1), bias=False)
        )
        (2): ConvOps(
          1.38 K = 0.2472% Params, 85.98 MMACs = 0.5681% MACs, 176.16 MFLOPS = 0.2816% FLOPs
          (norm): BatchNorm2d(64 = 0.0115% Params, 0 MACs = 0% MACs, 4.19 MFLOPS = 0% FLOPs, 32, eps=1e-05, momentum=0.1, affine=True, track_running_stats=True)
          (activation): ReLU6(0 = 0% Params, 0 MACs = 0% MACs, 0 FLOPS = 0% FLOPs, inplace=True)
          (depth_conv): Conv2d(288 = 0.0517% Params, 18.87 MMACs = 0.1247% MACs, 37.75 MFLOPS = 0.0618% FLOPs, 32, 32, kernel_size=(3, 3), stride=(1, 1), padding=(1, 1), groups=32, bias=False)
          (point_conv): Conv2d(1.02 K = 0.1839% Params, 67.11 MMACs = 0.4434% MACs, 134.22 MFLOPS = 0.2198% FLOPs, 32, 32, kernel_size=(1, 1), stride=(1, 1), bias=False)
        )
        (3): ConvOps(
          9.28 K = 1.667% Params, 603.98 MMACs = 3.9907% MACs, 1.21 GFLOPS = 1.978% FLOPs
          (norm): BatchNorm2d(64 = 0.0115% Params, 0 MACs = 0% MACs, 4.19 MFLOPS = 0% FLOPs, 32, eps=1e-05, momentum=0.1, affine=True, track_running_stats=True)
          (activation): ReLU6(0 = 0% Params, 0 MACs = 0% MACs, 0 FLOPS = 0% FLOPs, inplace=True)
          (conv): Conv2d(9.22 K = 1.6555% Params, 603.98 MMACs = 3.9907% MACs, 1.21 GFLOPS = 1.978% FLOPs, 32, 32, kernel_size=(3, 3), stride=(1, 1), padding=(2, 2), dilation=(2, 2), bias=False)
        )
        (4): ConvOps(
          9.28 K = 1.667% Params, 603.98 MMACs = 3.9907% MACs, 1.21 GFLOPS = 1.978% FLOPs
          (norm): BatchNorm2d(64 = 0.0115% Params, 0 MACs = 0% MACs, 4.19 MFLOPS = 0% FLOPs, 32, eps=1e-05, momentum=0.1, affine=True, track_running_stats=True)
          (activation): ReLU6(0 = 0% Params, 0 MACs = 0% MACs, 0 FLOPS = 0% FLOPs, inplace=True)
          (conv): Conv2d(9.22 K = 1.6555% Params, 603.98 MMACs = 3.9907% MACs, 1.21 GFLOPS = 1.978% FLOPs, 32, 32, kernel_size=(3, 3), stride=(1, 1), padding=(2, 2), dilation=(2, 2), bias=False)
        )
        (5): ConvOps(
          9.28 K = 1.667% Params, 603.98 MMACs = 3.9907% MACs, 1.21 GFLOPS = 1.978% FLOPs
          (norm): BatchNorm2d(64 = 0.0115% Params, 0 MACs = 0% MACs, 4.19 MFLOPS = 0% FLOPs, 32, eps=1e-05, momentum=0.1, affine=True, track_running_stats=True)
          (activation): ReLU6(0 = 0% Params, 0 MACs = 0% MACs, 0 FLOPS = 0% FLOPs, inplace=True)
          (conv): Conv2d(9.22 K = 1.6555% Params, 603.98 MMACs = 3.9907% MACs, 1.21 GFLOPS = 1.978% FLOPs, 32, 32, kernel_size=(3, 3), stride=(1, 1), padding=(1, 1), bias=False)
        )
      )
    )
    (5): BuildCell(
      47.17 K = 8.4732% Params, 9.81 GMACs = 64.8488% MACs, 19.75 GFLOPS = 32.1425% FLOPs
      (preprocess0): ConvOps(
        4.16 K = 0.7473% Params, 1.07 GMACs = 7.0946% MACs, 2.16 GFLOPS = 3.5164% FLOPs
        (norm): BatchNorm2d(64 = 0.0115% Params, 0 MACs = 0% MACs, 16.78 MFLOPS = 0% FLOPs, 32, eps=1e-05, momentum=0.1, affine=True, track_running_stats=True)
        (activation): ReLU6(0 = 0% Params, 0 MACs = 0% MACs, 0 FLOPS = 0% FLOPs)
        (conv): Conv2d(4.1 K = 0.7358% Params, 1.07 GMACs = 7.0946% MACs, 2.15 GFLOPS = 3.5164% FLOPs, 128, 32, kernel_size=(1, 1), stride=(1, 1), bias=False)
      )
      (preprocess1): ConvOps(
        3.14 K = 0.5633% Params, 201.33 MMACs = 1.3302% MACs, 406.85 MFLOPS = 0.6593% FLOPs
        (norm): BatchNorm2d(64 = 0.0115% Params, 0 MACs = 0% MACs, 4.19 MFLOPS = 0% FLOPs, 32, eps=1e-05, momentum=0.1, affine=True, track_running_stats=True)
        (activation): ReLU6(0 = 0% Params, 0 MACs = 0% MACs, 0 FLOPS = 0% FLOPs)
        (conv): Conv2d(3.07 K = 0.5518% Params, 201.33 MMACs = 1.3302% MACs, 402.65 MFLOPS = 0.6593% FLOPs, 96, 32, kernel_size=(1, 1), stride=(1, 1), bias=False)
      )
      (_ops): ModuleList(
        39.87 K = 7.1625% Params, 8.54 GMACs = 56.424% MACs, 17.18 GFLOPS = 27.9667% FLOPs
        (0): ConvOps(
          9.28 K = 1.667% Params, 603.98 MMACs = 3.9907% MACs, 1.22 GFLOPS = 1.978% FLOPs
          (norm): BatchNorm2d(64 = 0.0115% Params, 0 MACs = 0% MACs, 16.71 MFLOPS = 0% FLOPs, 32, eps=1e-05, momentum=0.1, affine=True, track_running_stats=True)
          (activation): ReLU6(0 = 0% Params, 0 MACs = 0% MACs, 0 FLOPS = 0% FLOPs, inplace=True)
          (conv): ConvTranspose2d(9.22 K = 1.6555% Params, 603.98 MMACs = 3.9907% MACs, 1.21 GFLOPS = 1.978% FLOPs, 32, 32, kernel_size=(3, 3), stride=(2, 2), padding=(2, 2), dilation=(2, 2), bias=False)
        )
        (1): ConvOps(
          1.38 K = 0.2472% Params, 343.93 MMACs = 2.2725% MACs, 704.64 MFLOPS = 1.1264% FLOPs
          (norm): BatchNorm2d(64 = 0.0115% Params, 0 MACs = 0% MACs, 16.78 MFLOPS = 0% FLOPs, 32, eps=1e-05, momentum=0.1, affine=True, track_running_stats=True)
          (activation): ReLU6(0 = 0% Params, 0 MACs = 0% MACs, 0 FLOPS = 0% FLOPs, inplace=True)
          (depth_conv): Conv2d(288 = 0.0517% Params, 75.5 MMACs = 0.4988% MACs, 150.99 MFLOPS = 0.2473% FLOPs, 32, 32, kernel_size=(3, 3), stride=(1, 1), padding=(1, 1), groups=32, bias=False)
          (point_conv): Conv2d(1.02 K = 0.1839% Params, 268.44 MMACs = 1.7736% MACs, 536.87 MFLOPS = 0.8791% FLOPs, 32, 32, kernel_size=(1, 1), stride=(1, 1), bias=False)
        )
        (2): ConvOps(
          1.38 K = 0.2472% Params, 343.93 MMACs = 2.2725% MACs, 704.64 MFLOPS = 1.1264% FLOPs
          (norm): BatchNorm2d(64 = 0.0115% Params, 0 MACs = 0% MACs, 16.78 MFLOPS = 0% FLOPs, 32, eps=1e-05, momentum=0.1, affine=True, track_running_stats=True)
          (activation): ReLU6(0 = 0% Params, 0 MACs = 0% MACs, 0 FLOPS = 0% FLOPs, inplace=True)
          (depth_conv): Conv2d(288 = 0.0517% Params, 75.5 MMACs = 0.4988% MACs, 150.99 MFLOPS = 0.2473% FLOPs, 32, 32, kernel_size=(3, 3), stride=(1, 1), padding=(1, 1), groups=32, bias=False)
          (point_conv): Conv2d(1.02 K = 0.1839% Params, 268.44 MMACs = 1.7736% MACs, 536.87 MFLOPS = 0.8791% FLOPs, 32, 32, kernel_size=(1, 1), stride=(1, 1), bias=False)
        )
        (3): ConvOps(
          9.28 K = 1.667% Params, 2.42 GMACs = 15.9628% MACs, 4.85 GFLOPS = 7.912% FLOPs
          (norm): BatchNorm2d(64 = 0.0115% Params, 0 MACs = 0% MACs, 16.78 MFLOPS = 0% FLOPs, 32, eps=1e-05, momentum=0.1, affine=True, track_running_stats=True)
          (activation): ReLU6(0 = 0% Params, 0 MACs = 0% MACs, 0 FLOPS = 0% FLOPs, inplace=True)
          (conv): Conv2d(9.22 K = 1.6555% Params, 2.42 GMACs = 15.9628% MACs, 4.83 GFLOPS = 7.912% FLOPs, 32, 32, kernel_size=(3, 3), stride=(1, 1), padding=(2, 2), dilation=(2, 2), bias=False)
        )
        (4): ConvOps(
          9.28 K = 1.667% Params, 2.42 GMACs = 15.9628% MACs, 4.85 GFLOPS = 7.912% FLOPs
          (norm): BatchNorm2d(64 = 0.0115% Params, 0 MACs = 0% MACs, 16.78 MFLOPS = 0% FLOPs, 32, eps=1e-05, momentum=0.1, affine=True, track_running_stats=True)
          (activation): ReLU6(0 = 0% Params, 0 MACs = 0% MACs, 0 FLOPS = 0% FLOPs, inplace=True)
          (conv): Conv2d(9.22 K = 1.6555% Params, 2.42 GMACs = 15.9628% MACs, 4.83 GFLOPS = 7.912% FLOPs, 32, 32, kernel_size=(3, 3), stride=(1, 1), padding=(2, 2), dilation=(2, 2), bias=False)
        )
        (5): ConvOps(
          9.28 K = 1.667% Params, 2.42 GMACs = 15.9628% MACs, 4.85 GFLOPS = 7.912% FLOPs
          (norm): BatchNorm2d(64 = 0.0115% Params, 0 MACs = 0% MACs, 16.78 MFLOPS = 0% FLOPs, 32, eps=1e-05, momentum=0.1, affine=True, track_running_stats=True)
          (activation): ReLU6(0 = 0% Params, 0 MACs = 0% MACs, 0 FLOPS = 0% FLOPs, inplace=True)
          (conv): Conv2d(9.22 K = 1.6555% Params, 2.42 GMACs = 15.9628% MACs, 4.83 GFLOPS = 7.912% FLOPs, 32, 32, kernel_size=(3, 3), stride=(1, 1), padding=(1, 1), bias=False)
        )
      )
    )
  )
  (nas_unet_head): ConvOps(
    98 = 0.0176% Params, 25.17 MMACs = 0.1663% MACs, 50.33 MFLOPS = 0.0824% FLOPs
    (norm): BatchNorm2d(2 = 0.0004% Params, 0 MACs = 0% MACs, 0 FLOPS = 0% FLOPs, 1, eps=1e-05, momentum=0.1, affine=True, track_running_stats=True)
    (activation): ReLU6(0 = 0% Params, 0 MACs = 0% MACs, 0 FLOPS = 0% FLOPs, inplace=True)
    (conv): Conv2d(96 = 0.0172% Params, 25.17 MMACs = 0.1663% MACs, 50.33 MFLOPS = 0.0824% FLOPs, 96, 1, kernel_size=(1, 1), stride=(1, 1), bias=False)
  )
)
---------------------------------------------------------------------------------------------------
FLOPs: 30.5348 GFLOPS   MACs: 15.1347 GMACs   Params: 0.0006 B 

Model parameters:  0.556674  Millions
File size: 2.14768219 MB
<torch.utils.benchmark.utils.common.Measurement object at 0x000001A56C5A5128>
model(input_tensor)
  21.39 ms
  1 measurement, 10 runs , 1 thread
Average Inference Time 1 on A100 GPU= 0.021393s
<torch.utils.benchmark.utils.common.Measurement object at 0x000001A56C5A54A8>
model(input_tensor)
  21.10 ms
  1 measurement, 301 runs , 1 thread
Average Inference Time 301 Samples on A100 GPU= 0.021102s

10/24 09:23:18 AM gpu device = 1
10/24 09:23:18 AM Model parameters = 0.556674 Millions
10/24 09:23:18 AM Using adam optimizer
10/24 09:23:18 AM Using model optimizer Adam (
Parameter Group 0
    amsgrad: False
    betas: (0.9, 0.999)
    capturable: False
    differentiable: False
    eps: 1e-08
    foreach: None
    fused: None
    lr: 0.0001
    maximize: False
    weight_decay: 0
)
10/24 09:23:18 AM Loading model and optimizer from checkpoint './checkpoint/model_best.pth.tar'
10/24 09:23:19 AM Using cos scheduler with {'T_max': 181000, 'eta_min': 1e-05, 'last_epoch': 472} params
10/24 09:23:19 AM Running SOTA NAS-UNET with 64 channels
10/24 09:23:19 AM args = {'model': {'arch': 'nasunet'}, 'data': {'dataset': 'flame1', 'train_split': 'train_aug', 'split': 'val', 'img_rows': 'same', 'img_cols': 'same'}, 'searching': {'init_channels': 24, 'depth': 5, 'epoch': 100, 'batch_size': 8, 'report_freq': 10, 'n_workers': 0, 'alpha_begin': 10, 'max_patience': 100, 'gpu': True, 'multi_gpus': False, 'sharing_normal': True, 'double_down_channel': False, 'meta_node_num': 3, 'grad_clip': 5, 'train_portion': 0.5, 'model_optimizer': {'name': 'adam', 'lr': 0.0001}, 'arch_optimizer': {'name': 'adam', 'lr': 0.0001}, 'loss': {'name': 'dice_loss', 'aux_weight': 0}, 'resume': None}, 'training': {'geno_type': 'NASUNET_FLAME', 'init_channels': 32, 'depth': 5, 'epoch': 1000, 'batch_size': 8, 'report_freq': 1, 'n_workers': 0, 'multi_gpus': False, 'double_down_channel': False, 'grad_clip': 3, 'max_patience': 100, 'model_optimizer': {'name': 'adam', 'lr': 0.0001}, 'loss': {'name': 'dice_loss', 'aux_weight': 0}, 'backbone': None, 'lr_schedule': {'name': 'cos', 'T_max': 100, 'eta_min': 1e-05}, 'resume': './checkpoint/model_best.pth.tar'}}
10/24 09:23:19 AM => Epoch 472, lr 0.0001999967713786464
10/24 09:29:54 AM Train Loss: {0.0740}; IoU: {0.8636}; Prec: {0.9254}; Recall: {0.9283}; F1: {0.9268}; Sens: {0.9283}; Spec: {0.9996}; AUC: {0.9639}
10/24 09:30:54 AM Valid Loss: {0.0829}; IoU: {0.8474}; Prec: {0.9404}; Recall: {0.8955}; F1: {0.9174}; Sens: {0.8955}; Spec: {0.9997}; AUC: {0.9476}
10/24 09:30:54 AM current best loss 0.07708422467112541, mIoU 0.8572138547897339
10/24 09:30:55 AM save checkpoint (epoch 472) in logs/nasunet/train/flame1/20241024-092318  dur_time: {'day': 1.0, 'hour': 7.0, 'minute': 38.0, 'second': 17}
10/24 09:30:55 AM cost time: {'day': 1.0, 'hour': 7.0, 'minute': 38.0, 'second': 17}
10/24 09:30:55 AM => Epoch 473, lr 0.00019999675777009833
10/24 09:37:13 AM Train Loss: {0.0747}; IoU: {0.8622}; Prec: {0.9252}; Recall: {0.9268}; F1: {0.9260}; Sens: {0.9268}; Spec: {0.9996}; AUC: {0.9632}
10/24 09:38:11 AM Valid Loss: {0.0799}; IoU: {0.8531}; Prec: {0.9237}; Recall: {0.9178}; F1: {0.9207}; Sens: {0.9178}; Spec: {0.9996}; AUC: {0.9587}
10/24 09:38:11 AM current best loss 0.07708422467112541, mIoU 0.8572138547897339
10/24 09:38:11 AM cost time: {'day': 1.0, 'hour': 7.0, 'minute': 45.0, 'second': 33}
10/24 09:38:11 AM => Epoch 474, lr 0.00019999674413293146
10/24 09:44:26 AM Train Loss: {0.0742}; IoU: {0.8635}; Prec: {0.9250}; Recall: {0.9285}; F1: {0.9268}; Sens: {0.9285}; Spec: {0.9996}; AUC: {0.9640}
10/24 09:45:25 AM Valid Loss: {0.0811}; IoU: {0.8512}; Prec: {0.9219}; Recall: {0.9174}; F1: {0.9196}; Sens: {0.9174}; Spec: {0.9996}; AUC: {0.9585}
10/24 09:45:25 AM current best loss 0.07708422467112541, mIoU 0.8572138547897339
10/24 09:45:25 AM cost time: {'day': 1.0, 'hour': 7.0, 'minute': 52.0, 'second': 47}
10/24 09:45:25 AM => Epoch 475, lr 0.0001999967304671458
10/24 09:51:39 AM Train Loss: {0.0739}; IoU: {0.8637}; Prec: {0.9257}; Recall: {0.9280}; F1: {0.9269}; Sens: {0.9280}; Spec: {0.9996}; AUC: {0.9638}
10/24 09:52:38 AM Valid Loss: {0.0797}; IoU: {0.8531}; Prec: {0.9326}; Recall: {0.9092}; F1: {0.9207}; Sens: {0.9092}; Spec: {0.9996}; AUC: {0.9544}
10/24 09:52:38 AM current best loss 0.07708422467112541, mIoU 0.8572138547897339
10/24 09:52:38 AM cost time: {'day': 1.0, 'hour': 8.0, 'minute': 0.0, 'second': 0}
10/24 09:52:38 AM => Epoch 476, lr 0.00019999671677274137
10/24 09:58:57 AM Train Loss: {0.0742}; IoU: {0.8636}; Prec: {0.9256}; Recall: {0.9280}; F1: {0.9268}; Sens: {0.9280}; Spec: {0.9996}; AUC: {0.9638}
10/24 09:59:56 AM Valid Loss: {0.0795}; IoU: {0.8536}; Prec: {0.9252}; Recall: {0.9168}; F1: {0.9210}; Sens: {0.9168}; Spec: {0.9996}; AUC: {0.9582}
10/24 09:59:56 AM current best loss 0.07708422467112541, mIoU 0.8572138547897339
10/24 09:59:56 AM cost time: {'day': 1.0, 'hour': 8.0, 'minute': 7.0, 'second': 18}
10/24 09:59:56 AM => Epoch 477, lr 0.00019999670304971813
10/24 10:06:10 AM Train Loss: {0.0734}; IoU: {0.8643}; Prec: {0.9262}; Recall: {0.9282}; F1: {0.9272}; Sens: {0.9282}; Spec: {0.9996}; AUC: {0.9639}
10/24 10:07:09 AM Valid Loss: {0.0811}; IoU: {0.8505}; Prec: {0.9398}; Recall: {0.8995}; F1: {0.9192}; Sens: {0.8995}; Spec: {0.9997}; AUC: {0.9496}
10/24 10:07:09 AM current best loss 0.07708422467112541, mIoU 0.8572138547897339
10/24 10:07:09 AM cost time: {'day': 1.0, 'hour': 8.0, 'minute': 14.0, 'second': 31}
10/24 10:07:09 AM => Epoch 478, lr 0.00019999668929807608
10/24 10:13:22 AM Train Loss: {0.0738}; IoU: {0.8638}; Prec: {0.9266}; Recall: {0.9273}; F1: {0.9270}; Sens: {0.9273}; Spec: {0.9996}; AUC: {0.9635}
10/24 10:14:19 AM Valid Loss: {0.0793}; IoU: {0.8539}; Prec: {0.9252}; Recall: {0.9173}; F1: {0.9212}; Sens: {0.9173}; Spec: {0.9996}; AUC: {0.9584}
10/24 10:14:19 AM current best loss 0.07708422467112541, mIoU 0.8572138547897339
10/24 10:14:19 AM cost time: {'day': 1.0, 'hour': 8.0, 'minute': 21.0, 'second': 41}
10/24 10:14:19 AM => Epoch 479, lr 0.0001999966755178153
10/24 10:20:31 AM Train Loss: {0.0731}; IoU: {0.8647}; Prec: {0.9266}; Recall: {0.9283}; F1: {0.9275}; Sens: {0.9283}; Spec: {0.9996}; AUC: {0.9640}
10/24 10:21:29 AM Valid Loss: {0.0788}; IoU: {0.8549}; Prec: {0.9288}; Recall: {0.9148}; F1: {0.9218}; Sens: {0.9148}; Spec: {0.9996}; AUC: {0.9572}
10/24 10:21:29 AM current best loss 0.07708422467112541, mIoU 0.8572138547897339
10/24 10:21:29 AM cost time: {'day': 1.0, 'hour': 8.0, 'minute': 28.0, 'second': 51}
10/24 10:21:29 AM => Epoch 480, lr 0.00019999666170893575
10/24 10:27:43 AM Train Loss: {0.0729}; IoU: {0.8652}; Prec: {0.9260}; Recall: {0.9295}; F1: {0.9277}; Sens: {0.9295}; Spec: {0.9996}; AUC: {0.9645}
10/24 10:28:41 AM Valid Loss: {0.0783}; IoU: {0.8556}; Prec: {0.9248}; Recall: {0.9195}; F1: {0.9222}; Sens: {0.9195}; Spec: {0.9996}; AUC: {0.9595}
10/24 10:28:41 AM current best loss 0.07708422467112541, mIoU 0.8572138547897339
10/24 10:28:41 AM cost time: {'day': 1.0, 'hour': 8.0, 'minute': 36.0, 'second': 3}
10/24 10:28:41 AM => Epoch 481, lr 0.00019999664787143738
10/24 10:35:01 AM Train Loss: {0.0730}; IoU: {0.8653}; Prec: {0.9268}; Recall: {0.9287}; F1: {0.9278}; Sens: {0.9287}; Spec: {0.9996}; AUC: {0.9642}
10/24 10:35:59 AM Valid Loss: {0.0792}; IoU: {0.8541}; Prec: {0.9280}; Recall: {0.9146}; F1: {0.9213}; Sens: {0.9146}; Spec: {0.9996}; AUC: {0.9571}
10/24 10:35:59 AM current best loss 0.07708422467112541, mIoU 0.8572138547897339
10/24 10:35:59 AM cost time: {'day': 1.0, 'hour': 8.0, 'minute': 43.0, 'second': 21}
10/24 10:35:59 AM => Epoch 482, lr 0.00019999663400532028
10/24 10:42:13 AM Train Loss: {0.0731}; IoU: {0.8651}; Prec: {0.9257}; Recall: {0.9296}; F1: {0.9277}; Sens: {0.9296}; Spec: {0.9996}; AUC: {0.9646}
10/24 10:43:12 AM Valid Loss: {0.0794}; IoU: {0.8535}; Prec: {0.9247}; Recall: {0.9173}; F1: {0.9210}; Sens: {0.9173}; Spec: {0.9996}; AUC: {0.9584}
10/24 10:43:12 AM current best loss 0.07708422467112541, mIoU 0.8572138547897339
10/24 10:43:12 AM cost time: {'day': 1.0, 'hour': 8.0, 'minute': 50.0, 'second': 34}
10/24 10:43:12 AM => Epoch 483, lr 0.0001999966201105844
10/24 10:49:28 AM Train Loss: {0.0731}; IoU: {0.8655}; Prec: {0.9268}; Recall: {0.9290}; F1: {0.9279}; Sens: {0.9290}; Spec: {0.9996}; AUC: {0.9643}
10/24 10:50:27 AM Valid Loss: {0.0802}; IoU: {0.8523}; Prec: {0.9338}; Recall: {0.9071}; F1: {0.9203}; Sens: {0.9071}; Spec: {0.9996}; AUC: {0.9534}
10/24 10:50:27 AM current best loss 0.07708422467112541, mIoU 0.8572138547897339
10/24 10:50:27 AM cost time: {'day': 1.0, 'hour': 8.0, 'minute': 57.0, 'second': 49}
10/24 10:50:27 AM => Epoch 484, lr 0.00019999660618722978
10/24 10:56:44 AM Train Loss: {0.0730}; IoU: {0.8653}; Prec: {0.9260}; Recall: {0.9295}; F1: {0.9278}; Sens: {0.9295}; Spec: {0.9996}; AUC: {0.9645}
10/24 10:57:42 AM Valid Loss: {0.0795}; IoU: {0.8536}; Prec: {0.9241}; Recall: {0.9180}; F1: {0.9210}; Sens: {0.9180}; Spec: {0.9996}; AUC: {0.9588}
10/24 10:57:42 AM current best loss 0.07708422467112541, mIoU 0.8572138547897339
10/24 10:57:42 AM cost time: {'day': 1.0, 'hour': 9.0, 'minute': 5.0, 'second': 5}
10/24 10:57:42 AM => Epoch 485, lr 0.00019999659223525647
10/24 11:04:00 AM Train Loss: {0.0735}; IoU: {0.8649}; Prec: {0.9267}; Recall: {0.9285}; F1: {0.9276}; Sens: {0.9285}; Spec: {0.9996}; AUC: {0.9640}
10/24 11:04:57 AM Valid Loss: {0.0804}; IoU: {0.8523}; Prec: {0.9306}; Recall: {0.9101}; F1: {0.9202}; Sens: {0.9101}; Spec: {0.9996}; AUC: {0.9549}
10/24 11:04:57 AM current best loss 0.07708422467112541, mIoU 0.8572138547897339
10/24 11:04:57 AM cost time: {'day': 1.0, 'hour': 9.0, 'minute': 12.0, 'second': 19}
10/24 11:04:57 AM => Epoch 486, lr 0.00019999657825466426
10/24 11:11:11 AM Train Loss: {0.0736}; IoU: {0.8648}; Prec: {0.9256}; Recall: {0.9293}; F1: {0.9275}; Sens: {0.9293}; Spec: {0.9996}; AUC: {0.9645}
10/24 11:12:08 AM Valid Loss: {0.0799}; IoU: {0.8532}; Prec: {0.9344}; Recall: {0.9075}; F1: {0.9208}; Sens: {0.9075}; Spec: {0.9996}; AUC: {0.9536}
10/24 11:12:08 AM current best loss 0.07708422467112541, mIoU 0.8572138547897339
10/24 11:12:08 AM cost time: {'day': 1.0, 'hour': 9.0, 'minute': 19.0, 'second': 30}
10/24 11:12:08 AM => Epoch 487, lr 0.00019999656424545353
10/24 11:18:25 AM Train Loss: {0.0730}; IoU: {0.8654}; Prec: {0.9268}; Recall: {0.9289}; F1: {0.9279}; Sens: {0.9289}; Spec: {0.9996}; AUC: {0.9642}
10/24 11:19:23 AM Valid Loss: {0.0790}; IoU: {0.8546}; Prec: {0.9276}; Recall: {0.9157}; F1: {0.9216}; Sens: {0.9157}; Spec: {0.9996}; AUC: {0.9576}
10/24 11:19:23 AM current best loss 0.07708422467112541, mIoU 0.8572138547897339
10/24 11:19:23 AM cost time: {'day': 1.0, 'hour': 9.0, 'minute': 26.0, 'second': 45}
10/24 11:19:23 AM => Epoch 488, lr 0.00019999655020762387
10/24 11:25:38 AM Train Loss: {0.0724}; IoU: {0.8664}; Prec: {0.9277}; Recall: {0.9291}; F1: {0.9284}; Sens: {0.9291}; Spec: {0.9996}; AUC: {0.9644}
10/24 11:26:36 AM Valid Loss: {0.0800}; IoU: {0.8525}; Prec: {0.9301}; Recall: {0.9108}; F1: {0.9204}; Sens: {0.9108}; Spec: {0.9996}; AUC: {0.9552}
10/24 11:26:36 AM current best loss 0.07708422467112541, mIoU 0.8572138547897339
10/24 11:26:36 AM cost time: {'day': 1.0, 'hour': 9.0, 'minute': 33.0, 'second': 58}
10/24 11:26:36 AM => Epoch 489, lr 0.00019999653614117554
10/24 11:32:53 AM Train Loss: {0.0729}; IoU: {0.8654}; Prec: {0.9265}; Recall: {0.9292}; F1: {0.9279}; Sens: {0.9292}; Spec: {0.9996}; AUC: {0.9644}
10/24 11:33:51 AM Valid Loss: {0.0790}; IoU: {0.8546}; Prec: {0.9184}; Recall: {0.9249}; F1: {0.9216}; Sens: {0.9249}; Spec: {0.9995}; AUC: {0.9622}
10/24 11:33:51 AM current best loss 0.07708422467112541, mIoU 0.8572138547897339
10/24 11:33:51 AM cost time: {'day': 1.0, 'hour': 9.0, 'minute': 41.0, 'second': 13}
10/24 11:33:51 AM => Epoch 490, lr 0.00019999652204610852
10/24 11:40:05 AM Train Loss: {0.0727}; IoU: {0.8658}; Prec: {0.9263}; Recall: {0.9298}; F1: {0.9281}; Sens: {0.9298}; Spec: {0.9996}; AUC: {0.9647}
10/24 11:41:04 AM Valid Loss: {0.0808}; IoU: {0.8512}; Prec: {0.9404}; Recall: {0.8998}; F1: {0.9196}; Sens: {0.8998}; Spec: {0.9997}; AUC: {0.9497}
10/24 11:41:04 AM current best loss 0.07708422467112541, mIoU 0.8572138547897339
10/24 11:41:04 AM cost time: {'day': 1.0, 'hour': 9.0, 'minute': 48.0, 'second': 26}
10/24 11:41:04 AM => Epoch 491, lr 0.00019999650792242268
10/24 11:47:20 AM Train Loss: {0.0733}; IoU: {0.8653}; Prec: {0.9271}; Recall: {0.9284}; F1: {0.9278}; Sens: {0.9284}; Spec: {0.9996}; AUC: {0.9640}
10/24 11:48:18 AM Valid Loss: {0.0797}; IoU: {0.8530}; Prec: {0.9270}; Recall: {0.9145}; F1: {0.9207}; Sens: {0.9145}; Spec: {0.9996}; AUC: {0.9570}
10/24 11:48:18 AM current best loss 0.07708422467112541, mIoU 0.8572138547897339
10/24 11:48:18 AM cost time: {'day': 1.0, 'hour': 9.0, 'minute': 55.0, 'second': 40}
10/24 11:48:18 AM => Epoch 492, lr 0.00019999649377011822
10/24 11:54:34 AM Train Loss: {0.0726}; IoU: {0.8659}; Prec: {0.9273}; Recall: {0.9290}; F1: {0.9281}; Sens: {0.9290}; Spec: {0.9996}; AUC: {0.9643}
10/24 11:55:33 AM Valid Loss: {0.0796}; IoU: {0.8534}; Prec: {0.9137}; Recall: {0.9283}; F1: {0.9209}; Sens: {0.9283}; Spec: {0.9995}; AUC: {0.9639}
10/24 11:55:33 AM current best loss 0.07708422467112541, mIoU 0.8572138547897339
10/24 11:55:33 AM cost time: {'day': 1.0, 'hour': 10.0, 'minute': 2.0, 'second': 55}
10/24 11:55:33 AM => Epoch 493, lr 0.00019999647958919502
10/24 12:01:53 PM Train Loss: {0.0732}; IoU: {0.8656}; Prec: {0.9266}; Recall: {0.9293}; F1: {0.9280}; Sens: {0.9293}; Spec: {0.9996}; AUC: {0.9645}
10/24 12:02:52 PM Valid Loss: {0.0790}; IoU: {0.8546}; Prec: {0.9258}; Recall: {0.9174}; F1: {0.9216}; Sens: {0.9174}; Spec: {0.9996}; AUC: {0.9585}
10/24 12:02:52 PM current best loss 0.07708422467112541, mIoU 0.8572138547897339
10/24 12:02:52 PM cost time: {'day': 1.0, 'hour': 10.0, 'minute': 10.0, 'second': 14}
10/24 12:02:52 PM => Epoch 494, lr 0.000199996465379653
10/24 12:09:11 PM Train Loss: {0.0724}; IoU: {0.8660}; Prec: {0.9270}; Recall: {0.9294}; F1: {0.9282}; Sens: {0.9294}; Spec: {0.9996}; AUC: {0.9645}
10/24 12:10:09 PM Valid Loss: {0.0785}; IoU: {0.8553}; Prec: {0.9242}; Recall: {0.9198}; F1: {0.9220}; Sens: {0.9198}; Spec: {0.9996}; AUC: {0.9597}
10/24 12:10:09 PM current best loss 0.07708422467112541, mIoU 0.8572138547897339
10/24 12:10:09 PM cost time: {'day': 1.0, 'hour': 10.0, 'minute': 17.0, 'second': 32}
10/24 12:10:09 PM => Epoch 495, lr 0.00019999645114149238
10/24 12:16:27 PM Train Loss: {0.0726}; IoU: {0.8659}; Prec: {0.9265}; Recall: {0.9298}; F1: {0.9281}; Sens: {0.9298}; Spec: {0.9996}; AUC: {0.9647}
10/24 12:17:26 PM Valid Loss: {0.0788}; IoU: {0.8549}; Prec: {0.9352}; Recall: {0.9087}; F1: {0.9218}; Sens: {0.9087}; Spec: {0.9996}; AUC: {0.9542}
10/24 12:17:26 PM current best loss 0.07708422467112541, mIoU 0.8572138547897339
10/24 12:17:26 PM cost time: {'day': 1.0, 'hour': 10.0, 'minute': 24.0, 'second': 48}
10/24 12:17:26 PM => Epoch 496, lr 0.000199996436874713
10/24 12:23:42 PM Train Loss: {0.0727}; IoU: {0.8667}; Prec: {0.9270}; Recall: {0.9302}; F1: {0.9286}; Sens: {0.9302}; Spec: {0.9996}; AUC: {0.9649}
10/24 12:24:40 PM Valid Loss: {0.0794}; IoU: {0.8537}; Prec: {0.9325}; Recall: {0.9099}; F1: {0.9211}; Sens: {0.9099}; Spec: {0.9996}; AUC: {0.9548}
10/24 12:24:40 PM current best loss 0.07708422467112541, mIoU 0.8572138547897339
10/24 12:24:40 PM cost time: {'day': 1.0, 'hour': 10.0, 'minute': 32.0, 'second': 2}
10/24 12:24:40 PM => Epoch 497, lr 0.00019999642257931497
10/24 12:30:54 PM Train Loss: {0.0726}; IoU: {0.8658}; Prec: {0.9261}; Recall: {0.9300}; F1: {0.9281}; Sens: {0.9300}; Spec: {0.9996}; AUC: {0.9648}
10/24 12:31:52 PM Valid Loss: {0.0788}; IoU: {0.8549}; Prec: {0.9303}; Recall: {0.9135}; F1: {0.9218}; Sens: {0.9135}; Spec: {0.9996}; AUC: {0.9565}
10/24 12:31:52 PM current best loss 0.07708422467112541, mIoU 0.8572138547897339
10/24 12:31:52 PM cost time: {'day': 1.0, 'hour': 10.0, 'minute': 39.0, 'second': 14}
10/24 12:31:52 PM => Epoch 498, lr 0.0001999964082552982
10/24 12:38:12 PM Train Loss: {0.0730}; IoU: {0.8652}; Prec: {0.9267}; Recall: {0.9288}; F1: {0.9277}; Sens: {0.9288}; Spec: {0.9996}; AUC: {0.9642}
10/24 12:39:11 PM Valid Loss: {0.0790}; IoU: {0.8546}; Prec: {0.9170}; Recall: {0.9262}; F1: {0.9216}; Sens: {0.9262}; Spec: {0.9995}; AUC: {0.9629}
10/24 12:39:11 PM current best loss 0.07708422467112541, mIoU 0.8572138547897339
10/24 12:39:11 PM cost time: {'day': 1.0, 'hour': 10.0, 'minute': 46.0, 'second': 33}
10/24 12:39:11 PM => Epoch 499, lr 0.00019999639390266277
10/24 12:45:30 PM Train Loss: {0.0725}; IoU: {0.8661}; Prec: {0.9264}; Recall: {0.9301}; F1: {0.9282}; Sens: {0.9301}; Spec: {0.9996}; AUC: {0.9648}
10/24 12:46:30 PM Valid Loss: {0.0789}; IoU: {0.8549}; Prec: {0.9269}; Recall: {0.9167}; F1: {0.9218}; Sens: {0.9167}; Spec: {0.9996}; AUC: {0.9582}
10/24 12:46:30 PM current best loss 0.07708422467112541, mIoU 0.8572138547897339
10/24 12:46:30 PM cost time: {'day': 1.0, 'hour': 10.0, 'minute': 53.0, 'second': 52}
10/24 12:46:30 PM => Epoch 500, lr 0.0001999963795214086
10/24 12:52:49 PM Train Loss: {0.0732}; IoU: {0.8653}; Prec: {0.9273}; Recall: {0.9282}; F1: {0.9278}; Sens: {0.9282}; Spec: {0.9996}; AUC: {0.9639}
10/24 12:53:47 PM Valid Loss: {0.0792}; IoU: {0.8541}; Prec: {0.9314}; Recall: {0.9114}; F1: {0.9213}; Sens: {0.9114}; Spec: {0.9996}; AUC: {0.9555}
10/24 12:54:59 PM Test Loss: {0.0800}; IoU: {0.8530}; Prec: {0.9269}; Recall: {0.9144}; F1: {0.9206}; Sens: {0.9144}; Spec: {0.9996}; AUC: {0.9570}
10/24 12:54:59 PM current best loss 0.07708422467112541, mIoU 0.8572138547897339
10/24 12:54:59 PM cost time: {'day': 1.0, 'hour': 11.0, 'minute': 2.0, 'second': 21}
10/24 12:54:59 PM => Epoch 501, lr 0.0001999963651115358
10/24 01:01:17 PM Train Loss: {0.0733}; IoU: {0.8647}; Prec: {0.9264}; Recall: {0.9285}; F1: {0.9275}; Sens: {0.9285}; Spec: {0.9996}; AUC: {0.9640}
10/24 01:02:16 PM Valid Loss: {0.0779}; IoU: {0.8563}; Prec: {0.9206}; Recall: {0.9246}; F1: {0.9226}; Sens: {0.9246}; Spec: {0.9995}; AUC: {0.9621}
10/24 01:02:16 PM current best loss 0.07708422467112541, mIoU 0.8572138547897339
10/24 01:02:16 PM cost time: {'day': 1.0, 'hour': 11.0, 'minute': 9.0, 'second': 38}
10/24 01:02:16 PM => Epoch 502, lr 0.0001999963506730443
10/24 01:08:32 PM Train Loss: {0.0730}; IoU: {0.8657}; Prec: {0.9265}; Recall: {0.9296}; F1: {0.9280}; Sens: {0.9296}; Spec: {0.9996}; AUC: {0.9646}
10/24 01:09:31 PM Valid Loss: {0.0787}; IoU: {0.8551}; Prec: {0.9276}; Recall: {0.9163}; F1: {0.9219}; Sens: {0.9163}; Spec: {0.9996}; AUC: {0.9580}
10/24 01:09:31 PM current best loss 0.07708422467112541, mIoU 0.8572138547897339
10/24 01:09:31 PM cost time: {'day': 1.0, 'hour': 11.0, 'minute': 16.0, 'second': 53}
10/24 01:09:31 PM => Epoch 503, lr 0.00019999633620593416
10/24 01:15:45 PM Train Loss: {0.0723}; IoU: {0.8666}; Prec: {0.9270}; Recall: {0.9302}; F1: {0.9286}; Sens: {0.9302}; Spec: {0.9996}; AUC: {0.9649}
10/24 01:16:43 PM Valid Loss: {0.0797}; IoU: {0.8533}; Prec: {0.9249}; Recall: {0.9169}; F1: {0.9209}; Sens: {0.9169}; Spec: {0.9996}; AUC: {0.9582}
10/24 01:16:43 PM current best loss 0.07708422467112541, mIoU 0.8572138547897339
10/24 01:16:43 PM cost time: {'day': 1.0, 'hour': 11.0, 'minute': 24.0, 'second': 5}
10/24 01:16:43 PM => Epoch 504, lr 0.0001999963217102053
10/24 01:22:59 PM Train Loss: {0.0727}; IoU: {0.8657}; Prec: {0.9269}; Recall: {0.9292}; F1: {0.9280}; Sens: {0.9292}; Spec: {0.9996}; AUC: {0.9644}
10/24 01:23:57 PM Valid Loss: {0.0786}; IoU: {0.8553}; Prec: {0.9326}; Recall: {0.9116}; F1: {0.9220}; Sens: {0.9116}; Spec: {0.9996}; AUC: {0.9556}
10/24 01:23:57 PM current best loss 0.07708422467112541, mIoU 0.8572138547897339
10/24 01:23:57 PM cost time: {'day': 1.0, 'hour': 11.0, 'minute': 31.0, 'second': 19}
10/24 01:23:57 PM => Epoch 505, lr 0.00019999630718585775
10/24 01:30:16 PM Train Loss: {0.0734}; IoU: {0.8651}; Prec: {0.9253}; Recall: {0.9300}; F1: {0.9277}; Sens: {0.9300}; Spec: {0.9996}; AUC: {0.9648}
10/24 01:31:14 PM Valid Loss: {0.0791}; IoU: {0.8541}; Prec: {0.9348}; Recall: {0.9082}; F1: {0.9213}; Sens: {0.9082}; Spec: {0.9996}; AUC: {0.9539}
10/24 01:31:14 PM current best loss 0.07708422467112541, mIoU 0.8572138547897339
10/24 01:31:14 PM cost time: {'day': 1.0, 'hour': 11.0, 'minute': 38.0, 'second': 36}
10/24 01:31:14 PM => Epoch 506, lr 0.00019999629263289163
10/24 01:37:31 PM Train Loss: {0.0725}; IoU: {0.8665}; Prec: {0.9275}; Recall: {0.9294}; F1: {0.9285}; Sens: {0.9294}; Spec: {0.9996}; AUC: {0.9645}
10/24 01:38:30 PM Valid Loss: {0.0795}; IoU: {0.8538}; Prec: {0.9241}; Recall: {0.9181}; F1: {0.9211}; Sens: {0.9181}; Spec: {0.9996}; AUC: {0.9589}
10/24 01:38:30 PM current best loss 0.07708422467112541, mIoU 0.8572138547897339
10/24 01:38:30 PM cost time: {'day': 1.0, 'hour': 11.0, 'minute': 45.0, 'second': 52}
10/24 01:38:30 PM => Epoch 507, lr 0.00019999627805130678
10/24 01:44:46 PM Train Loss: {0.0726}; IoU: {0.8659}; Prec: {0.9272}; Recall: {0.9291}; F1: {0.9282}; Sens: {0.9291}; Spec: {0.9996}; AUC: {0.9643}
10/24 01:45:44 PM Valid Loss: {0.0801}; IoU: {0.8528}; Prec: {0.9187}; Recall: {0.9224}; F1: {0.9205}; Sens: {0.9224}; Spec: {0.9995}; AUC: {0.9610}
10/24 01:45:44 PM current best loss 0.07708422467112541, mIoU 0.8572138547897339
10/24 01:45:44 PM cost time: {'day': 1.0, 'hour': 11.0, 'minute': 53.0, 'second': 6}
10/24 01:45:44 PM => Epoch 508, lr 0.0001999962634411033
10/24 01:51:58 PM Train Loss: {0.0728}; IoU: {0.8657}; Prec: {0.9265}; Recall: {0.9295}; F1: {0.9280}; Sens: {0.9295}; Spec: {0.9996}; AUC: {0.9645}
10/24 01:52:56 PM Valid Loss: {0.0790}; IoU: {0.8543}; Prec: {0.9242}; Recall: {0.9186}; F1: {0.9214}; Sens: {0.9186}; Spec: {0.9996}; AUC: {0.9591}
10/24 01:52:56 PM current best loss 0.07708422467112541, mIoU 0.8572138547897339
10/24 01:52:56 PM cost time: {'day': 1.0, 'hour': 12.0, 'minute': 0.0, 'second': 18}
10/24 01:52:56 PM => Epoch 509, lr 0.00019999624880228121
10/24 01:59:17 PM Train Loss: {0.0722}; IoU: {0.8666}; Prec: {0.9273}; Recall: {0.9298}; F1: {0.9286}; Sens: {0.9298}; Spec: {0.9996}; AUC: {0.9647}
10/24 02:00:15 PM Valid Loss: {0.0784}; IoU: {0.8558}; Prec: {0.9250}; Recall: {0.9196}; F1: {0.9223}; Sens: {0.9196}; Spec: {0.9996}; AUC: {0.9596}
10/24 02:00:15 PM current best loss 0.07708422467112541, mIoU 0.8572138547897339
10/24 02:00:15 PM cost time: {'day': 1.0, 'hour': 12.0, 'minute': 7.0, 'second': 37}
10/24 02:00:15 PM => Epoch 510, lr 0.0001999962341348404
10/24 02:06:34 PM Train Loss: {0.0726}; IoU: {0.8663}; Prec: {0.9270}; Recall: {0.9297}; F1: {0.9284}; Sens: {0.9297}; Spec: {0.9996}; AUC: {0.9647}
10/24 02:07:33 PM Valid Loss: {0.0784}; IoU: {0.8554}; Prec: {0.9249}; Recall: {0.9193}; F1: {0.9221}; Sens: {0.9193}; Spec: {0.9996}; AUC: {0.9594}
10/24 02:07:33 PM current best loss 0.07708422467112541, mIoU 0.8572138547897339
10/24 02:07:33 PM cost time: {'day': 1.0, 'hour': 12.0, 'minute': 14.0, 'second': 55}
10/24 02:07:33 PM => Epoch 511, lr 0.00019999621943878103
10/24 02:13:48 PM Train Loss: {0.0722}; IoU: {0.8667}; Prec: {0.9274}; Recall: {0.9297}; F1: {0.9286}; Sens: {0.9297}; Spec: {0.9996}; AUC: {0.9646}
10/24 02:14:47 PM Valid Loss: {0.0790}; IoU: {0.8548}; Prec: {0.9212}; Recall: {0.9223}; F1: {0.9217}; Sens: {0.9223}; Spec: {0.9995}; AUC: {0.9609}
10/24 02:14:47 PM current best loss 0.07708422467112541, mIoU 0.8572138547897339
10/24 02:14:47 PM cost time: {'day': 1.0, 'hour': 12.0, 'minute': 22.0, 'second': 9}
10/24 02:14:47 PM => Epoch 512, lr 0.000199996204714103
10/24 02:21:00 PM Train Loss: {0.0722}; IoU: {0.8664}; Prec: {0.9275}; Recall: {0.9293}; F1: {0.9284}; Sens: {0.9293}; Spec: {0.9996}; AUC: {0.9644}
10/24 02:21:59 PM Valid Loss: {0.0799}; IoU: {0.8530}; Prec: {0.9226}; Recall: {0.9187}; F1: {0.9206}; Sens: {0.9187}; Spec: {0.9996}; AUC: {0.9591}
10/24 02:21:59 PM current best loss 0.07708422467112541, mIoU 0.8572138547897339
10/24 02:21:59 PM cost time: {'day': 1.0, 'hour': 12.0, 'minute': 29.0, 'second': 21}
10/24 02:21:59 PM => Epoch 513, lr 0.0001999961899608063
10/24 02:28:13 PM Train Loss: {0.0724}; IoU: {0.8663}; Prec: {0.9269}; Recall: {0.9299}; F1: {0.9284}; Sens: {0.9299}; Spec: {0.9996}; AUC: {0.9647}
10/24 02:29:11 PM Valid Loss: {0.0793}; IoU: {0.8544}; Prec: {0.9273}; Recall: {0.9158}; F1: {0.9215}; Sens: {0.9158}; Spec: {0.9996}; AUC: {0.9577}
10/24 02:29:11 PM current best loss 0.07708422467112541, mIoU 0.8572138547897339
10/24 02:29:11 PM cost time: {'day': 1.0, 'hour': 12.0, 'minute': 36.0, 'second': 34}
10/24 02:29:11 PM => Epoch 514, lr 0.00019999617517889098
10/24 02:35:24 PM Train Loss: {0.0724}; IoU: {0.8663}; Prec: {0.9265}; Recall: {0.9302}; F1: {0.9284}; Sens: {0.9302}; Spec: {0.9996}; AUC: {0.9649}
10/24 02:36:21 PM Valid Loss: {0.0786}; IoU: {0.8551}; Prec: {0.9249}; Recall: {0.9189}; F1: {0.9219}; Sens: {0.9189}; Spec: {0.9996}; AUC: {0.9592}
10/24 02:36:21 PM current best loss 0.07708422467112541, mIoU 0.8572138547897339
10/24 02:36:21 PM cost time: {'day': 1.0, 'hour': 12.0, 'minute': 43.0, 'second': 43}
10/24 02:36:21 PM => Epoch 515, lr 0.00019999616036835708
10/24 02:42:37 PM Train Loss: {0.0726}; IoU: {0.8670}; Prec: {0.9271}; Recall: {0.9304}; F1: {0.9288}; Sens: {0.9304}; Spec: {0.9996}; AUC: {0.9650}
10/24 02:43:35 PM Valid Loss: {0.0813}; IoU: {0.8507}; Prec: {0.9452}; Recall: {0.8948}; F1: {0.9193}; Sens: {0.8948}; Spec: {0.9997}; AUC: {0.9473}
10/24 02:43:35 PM current best loss 0.07708422467112541, mIoU 0.8572138547897339
10/24 02:43:35 PM cost time: {'day': 1.0, 'hour': 12.0, 'minute': 50.0, 'second': 57}
10/24 02:43:35 PM => Epoch 516, lr 0.00019999614552920455
10/24 02:49:50 PM Train Loss: {0.0723}; IoU: {0.8668}; Prec: {0.9270}; Recall: {0.9302}; F1: {0.9286}; Sens: {0.9302}; Spec: {0.9996}; AUC: {0.9649}
10/24 02:50:49 PM Valid Loss: {0.0798}; IoU: {0.8533}; Prec: {0.9250}; Recall: {0.9167}; F1: {0.9208}; Sens: {0.9167}; Spec: {0.9996}; AUC: {0.9582}
10/24 02:50:49 PM current best loss 0.07708422467112541, mIoU 0.8572138547897339
10/24 02:50:49 PM cost time: {'day': 1.0, 'hour': 12.0, 'minute': 58.0, 'second': 11}
10/24 02:50:49 PM => Epoch 517, lr 0.00019999613066143333
10/24 02:57:04 PM Train Loss: {0.0723}; IoU: {0.8670}; Prec: {0.9283}; Recall: {0.9293}; F1: {0.9288}; Sens: {0.9293}; Spec: {0.9996}; AUC: {0.9644}
10/24 02:58:02 PM Valid Loss: {0.0797}; IoU: {0.8534}; Prec: {0.9283}; Recall: {0.9136}; F1: {0.9209}; Sens: {0.9136}; Spec: {0.9996}; AUC: {0.9566}
10/24 02:58:02 PM current best loss 0.07708422467112541, mIoU 0.8572138547897339
10/24 02:58:02 PM cost time: {'day': 1.0, 'hour': 13.0, 'minute': 5.0, 'second': 25}
10/24 02:58:02 PM => Epoch 518, lr 0.0001999961157650436
10/24 03:04:21 PM Train Loss: {0.0725}; IoU: {0.8664}; Prec: {0.9269}; Recall: {0.9299}; F1: {0.9284}; Sens: {0.9299}; Spec: {0.9996}; AUC: {0.9647}
10/24 03:05:18 PM Valid Loss: {0.0800}; IoU: {0.8530}; Prec: {0.9335}; Recall: {0.9081}; F1: {0.9207}; Sens: {0.9081}; Spec: {0.9996}; AUC: {0.9539}
10/24 03:05:18 PM current best loss 0.07708422467112541, mIoU 0.8572138547897339
10/24 03:05:18 PM cost time: {'day': 1.0, 'hour': 13.0, 'minute': 12.0, 'second': 40}
10/24 03:05:18 PM => Epoch 519, lr 0.00019999610084003524
10/24 03:11:31 PM Train Loss: {0.0720}; IoU: {0.8675}; Prec: {0.9276}; Recall: {0.9304}; F1: {0.9290}; Sens: {0.9304}; Spec: {0.9996}; AUC: {0.9650}
10/24 03:12:29 PM Valid Loss: {0.0783}; IoU: {0.8558}; Prec: {0.9308}; Recall: {0.9140}; F1: {0.9223}; Sens: {0.9140}; Spec: {0.9996}; AUC: {0.9568}
10/24 03:12:29 PM current best loss 0.07708422467112541, mIoU 0.8572138547897339
10/24 03:12:29 PM cost time: {'day': 1.0, 'hour': 13.0, 'minute': 19.0, 'second': 51}
10/24 03:12:29 PM => Epoch 520, lr 0.00019999608588640823
10/24 03:18:45 PM Train Loss: {0.0724}; IoU: {0.8665}; Prec: {0.9268}; Recall: {0.9303}; F1: {0.9285}; Sens: {0.9303}; Spec: {0.9996}; AUC: {0.9649}
10/24 03:19:44 PM Valid Loss: {0.0797}; IoU: {0.8534}; Prec: {0.9240}; Recall: {0.9178}; F1: {0.9209}; Sens: {0.9178}; Spec: {0.9996}; AUC: {0.9587}
10/24 03:19:44 PM current best loss 0.07708422467112541, mIoU 0.8572138547897339
10/24 03:19:44 PM cost time: {'day': 1.0, 'hour': 13.0, 'minute': 27.0, 'second': 6}
10/24 03:19:44 PM => Epoch 521, lr 0.0001999960709041627
10/24 03:26:01 PM Train Loss: {0.0722}; IoU: {0.8669}; Prec: {0.9273}; Recall: {0.9301}; F1: {0.9287}; Sens: {0.9301}; Spec: {0.9996}; AUC: {0.9649}
10/24 03:27:00 PM Valid Loss: {0.0793}; IoU: {0.8541}; Prec: {0.9161}; Recall: {0.9265}; F1: {0.9213}; Sens: {0.9265}; Spec: {0.9995}; AUC: {0.9630}
10/24 03:27:00 PM current best loss 0.07708422467112541, mIoU 0.8572138547897339
10/24 03:27:00 PM cost time: {'day': 1.0, 'hour': 13.0, 'minute': 34.0, 'second': 22}
10/24 03:27:00 PM => Epoch 522, lr 0.00019999605589329856
10/24 03:33:18 PM Train Loss: {0.0722}; IoU: {0.8663}; Prec: {0.9269}; Recall: {0.9298}; F1: {0.9284}; Sens: {0.9298}; Spec: {0.9996}; AUC: {0.9647}
10/24 03:34:17 PM Valid Loss: {0.0826}; IoU: {0.8484}; Prec: {0.9457}; Recall: {0.8919}; F1: {0.9180}; Sens: {0.8919}; Spec: {0.9997}; AUC: {0.9458}
10/24 03:34:17 PM current best loss 0.07708422467112541, mIoU 0.8572138547897339
10/24 03:34:17 PM cost time: {'day': 1.0, 'hour': 13.0, 'minute': 41.0, 'second': 39}
10/24 03:34:17 PM => Epoch 523, lr 0.00019999604085381583
10/24 03:40:34 PM Train Loss: {0.0718}; IoU: {0.8670}; Prec: {0.9275}; Recall: {0.9301}; F1: {0.9288}; Sens: {0.9301}; Spec: {0.9996}; AUC: {0.9648}
10/24 03:41:32 PM Valid Loss: {0.0798}; IoU: {0.8533}; Prec: {0.9330}; Recall: {0.9090}; F1: {0.9209}; Sens: {0.9090}; Spec: {0.9996}; AUC: {0.9543}
10/24 03:41:32 PM current best loss 0.07708422467112541, mIoU 0.8572138547897339
10/24 03:41:32 PM cost time: {'day': 1.0, 'hour': 13.0, 'minute': 48.0, 'second': 55}
10/24 03:41:32 PM => Epoch 524, lr 0.00019999602578571447
10/24 03:47:48 PM Train Loss: {0.0718}; IoU: {0.8672}; Prec: {0.9275}; Recall: {0.9303}; F1: {0.9289}; Sens: {0.9303}; Spec: {0.9996}; AUC: {0.9649}
10/24 03:48:47 PM Valid Loss: {0.0785}; IoU: {0.8552}; Prec: {0.9212}; Recall: {0.9228}; F1: {0.9220}; Sens: {0.9228}; Spec: {0.9995}; AUC: {0.9612}
10/24 03:48:47 PM current best loss 0.07708422467112541, mIoU 0.8572138547897339
10/24 03:48:47 PM cost time: {'day': 1.0, 'hour': 13.0, 'minute': 56.0, 'second': 9}
10/24 03:48:47 PM => Epoch 525, lr 0.0001999960106889946
10/24 03:55:08 PM Train Loss: {0.0723}; IoU: {0.8663}; Prec: {0.9272}; Recall: {0.9296}; F1: {0.9284}; Sens: {0.9296}; Spec: {0.9996}; AUC: {0.9646}
10/24 03:56:07 PM Valid Loss: {0.0793}; IoU: {0.8540}; Prec: {0.9234}; Recall: {0.9191}; F1: {0.9212}; Sens: {0.9191}; Spec: {0.9996}; AUC: {0.9593}
10/24 03:56:07 PM current best loss 0.07708422467112541, mIoU 0.8572138547897339
10/24 03:56:07 PM cost time: {'day': 1.0, 'hour': 14.0, 'minute': 3.0, 'second': 29}
10/24 03:56:07 PM => Epoch 526, lr 0.00019999599556365613
10/24 04:02:25 PM Train Loss: {0.0731}; IoU: {0.8656}; Prec: {0.9263}; Recall: {0.9297}; F1: {0.9280}; Sens: {0.9297}; Spec: {0.9996}; AUC: {0.9646}
10/24 04:03:24 PM Valid Loss: {0.0806}; IoU: {0.8518}; Prec: {0.9255}; Recall: {0.9144}; F1: {0.9199}; Sens: {0.9144}; Spec: {0.9996}; AUC: {0.9570}
10/24 04:03:24 PM current best loss 0.07708422467112541, mIoU 0.8572138547897339
10/24 04:03:24 PM cost time: {'day': 1.0, 'hour': 14.0, 'minute': 10.0, 'second': 46}
10/24 04:03:24 PM => Epoch 527, lr 0.0001999959804096991
10/24 04:09:40 PM Train Loss: {0.0725}; IoU: {0.8657}; Prec: {0.9263}; Recall: {0.9298}; F1: {0.9280}; Sens: {0.9298}; Spec: {0.9996}; AUC: {0.9647}
10/24 04:10:38 PM Valid Loss: {0.0799}; IoU: {0.8531}; Prec: {0.9178}; Recall: {0.9237}; F1: {0.9208}; Sens: {0.9237}; Spec: {0.9995}; AUC: {0.9616}
10/24 04:10:38 PM current best loss 0.07708422467112541, mIoU 0.8572138547897339
10/24 04:10:38 PM cost time: {'day': 1.0, 'hour': 14.0, 'minute': 18.0, 'second': 0}
10/24 04:10:38 PM => Epoch 528, lr 0.00019999596522712353
10/24 04:17:00 PM Train Loss: {0.0720}; IoU: {0.8671}; Prec: {0.9275}; Recall: {0.9301}; F1: {0.9288}; Sens: {0.9301}; Spec: {0.9996}; AUC: {0.9648}
10/24 04:17:59 PM Valid Loss: {0.0786}; IoU: {0.8552}; Prec: {0.9301}; Recall: {0.9139}; F1: {0.9219}; Sens: {0.9139}; Spec: {0.9996}; AUC: {0.9568}
10/24 04:17:59 PM current best loss 0.07708422467112541, mIoU 0.8572138547897339
10/24 04:17:59 PM cost time: {'day': 1.0, 'hour': 14.0, 'minute': 25.0, 'second': 21}
10/24 04:17:59 PM => Epoch 529, lr 0.00019999595001592935
10/24 04:24:22 PM Train Loss: {0.0722}; IoU: {0.8668}; Prec: {0.9273}; Recall: {0.9300}; F1: {0.9287}; Sens: {0.9300}; Spec: {0.9996}; AUC: {0.9648}
10/24 04:25:21 PM Valid Loss: {0.0798}; IoU: {0.8531}; Prec: {0.9344}; Recall: {0.9074}; F1: {0.9207}; Sens: {0.9074}; Spec: {0.9996}; AUC: {0.9535}
10/24 04:25:21 PM current best loss 0.07708422467112541, mIoU 0.8572138547897339
10/24 04:25:21 PM cost time: {'day': 1.0, 'hour': 14.0, 'minute': 32.0, 'second': 43}
10/24 04:25:21 PM => Epoch 530, lr 0.0001999959347761166
10/24 04:31:38 PM Train Loss: {0.0719}; IoU: {0.8668}; Prec: {0.9274}; Recall: {0.9299}; F1: {0.9286}; Sens: {0.9299}; Spec: {0.9996}; AUC: {0.9647}
10/24 04:32:37 PM Valid Loss: {0.0797}; IoU: {0.8533}; Prec: {0.9341}; Recall: {0.9079}; F1: {0.9208}; Sens: {0.9079}; Spec: {0.9996}; AUC: {0.9538}
10/24 04:32:37 PM current best loss 0.07708422467112541, mIoU 0.8572138547897339
10/24 04:32:37 PM cost time: {'day': 1.0, 'hour': 14.0, 'minute': 39.0, 'second': 59}
10/24 04:32:37 PM => Epoch 531, lr 0.0001999959195076854
10/24 04:38:54 PM Train Loss: {0.0729}; IoU: {0.8653}; Prec: {0.9277}; Recall: {0.9279}; F1: {0.9278}; Sens: {0.9279}; Spec: {0.9996}; AUC: {0.9638}
10/24 04:39:52 PM Valid Loss: {0.0800}; IoU: {0.8525}; Prec: {0.9261}; Recall: {0.9147}; F1: {0.9204}; Sens: {0.9147}; Spec: {0.9996}; AUC: {0.9571}
10/24 04:39:52 PM current best loss 0.07708422467112541, mIoU 0.8572138547897339
10/24 04:39:52 PM cost time: {'day': 1.0, 'hour': 14.0, 'minute': 47.0, 'second': 14}
10/24 04:39:52 PM => Epoch 532, lr 0.00019999590421063558
10/24 04:46:08 PM Train Loss: {0.0730}; IoU: {0.8651}; Prec: {0.9267}; Recall: {0.9287}; F1: {0.9277}; Sens: {0.9287}; Spec: {0.9996}; AUC: {0.9641}
10/24 04:47:07 PM Valid Loss: {0.0801}; IoU: {0.8526}; Prec: {0.9120}; Recall: {0.9290}; F1: {0.9204}; Sens: {0.9290}; Spec: {0.9995}; AUC: {0.9642}
10/24 04:47:07 PM current best loss 0.07708422467112541, mIoU 0.8572138547897339
10/24 04:47:07 PM cost time: {'day': 1.0, 'hour': 14.0, 'minute': 54.0, 'second': 29}
10/24 04:47:07 PM => Epoch 533, lr 0.0001999958888849672
10/24 04:53:25 PM Train Loss: {0.0724}; IoU: {0.8664}; Prec: {0.9275}; Recall: {0.9294}; F1: {0.9284}; Sens: {0.9294}; Spec: {0.9996}; AUC: {0.9645}
10/24 04:54:23 PM Valid Loss: {0.0849}; IoU: {0.8442}; Prec: {0.8970}; Recall: {0.9348}; F1: {0.9155}; Sens: {0.9348}; Spec: {0.9994}; AUC: {0.9671}
10/24 04:54:23 PM current best loss 0.07708422467112541, mIoU 0.8572138547897339
10/24 04:54:23 PM cost time: {'day': 1.0, 'hour': 15.0, 'minute': 1.0, 'second': 45}
10/24 04:54:23 PM => Epoch 534, lr 0.00019999587353068034
10/24 05:00:43 PM Train Loss: {0.0719}; IoU: {0.8668}; Prec: {0.9273}; Recall: {0.9300}; F1: {0.9286}; Sens: {0.9300}; Spec: {0.9996}; AUC: {0.9648}
10/24 05:01:40 PM Valid Loss: {0.0788}; IoU: {0.8546}; Prec: {0.9260}; Recall: {0.9173}; F1: {0.9216}; Sens: {0.9173}; Spec: {0.9996}; AUC: {0.9584}
10/24 05:01:40 PM current best loss 0.07708422467112541, mIoU 0.8572138547897339
10/24 05:01:40 PM cost time: {'day': 1.0, 'hour': 15.0, 'minute': 9.0, 'second': 2}
10/24 05:01:40 PM => Epoch 535, lr 0.00019999585814777494
10/24 05:07:55 PM Train Loss: {0.0718}; IoU: {0.8671}; Prec: {0.9274}; Recall: {0.9303}; F1: {0.9288}; Sens: {0.9303}; Spec: {0.9996}; AUC: {0.9650}
10/24 05:08:53 PM Valid Loss: {0.0804}; IoU: {0.8521}; Prec: {0.9357}; Recall: {0.9050}; F1: {0.9201}; Sens: {0.9050}; Spec: {0.9996}; AUC: {0.9523}
10/24 05:08:53 PM current best loss 0.07708422467112541, mIoU 0.8572138547897339
10/24 05:08:53 PM cost time: {'day': 1.0, 'hour': 15.0, 'minute': 16.0, 'second': 15}
10/24 05:08:53 PM => Epoch 536, lr 0.00019999584273625097
10/24 05:15:12 PM Train Loss: {0.0720}; IoU: {0.8674}; Prec: {0.9285}; Recall: {0.9295}; F1: {0.9290}; Sens: {0.9295}; Spec: {0.9996}; AUC: {0.9645}
10/24 05:16:12 PM Valid Loss: {0.0793}; IoU: {0.8540}; Prec: {0.9149}; Recall: {0.9278}; F1: {0.9213}; Sens: {0.9278}; Spec: {0.9995}; AUC: {0.9636}
10/24 05:16:12 PM current best loss 0.07708422467112541, mIoU 0.8572138547897339
10/24 05:16:12 PM cost time: {'day': 1.0, 'hour': 15.0, 'minute': 23.0, 'second': 34}
10/24 05:16:12 PM => Epoch 537, lr 0.00019999582729610853
10/24 05:22:32 PM Train Loss: {0.0719}; IoU: {0.8670}; Prec: {0.9272}; Recall: {0.9303}; F1: {0.9288}; Sens: {0.9303}; Spec: {0.9996}; AUC: {0.9649}
10/24 05:23:31 PM Valid Loss: {0.0792}; IoU: {0.8541}; Prec: {0.9228}; Recall: {0.9199}; F1: {0.9213}; Sens: {0.9199}; Spec: {0.9996}; AUC: {0.9597}
10/24 05:23:31 PM current best loss 0.07708422467112541, mIoU 0.8572138547897339
10/24 05:23:31 PM cost time: {'day': 1.0, 'hour': 15.0, 'minute': 30.0, 'second': 53}
10/24 05:23:31 PM => Epoch 538, lr 0.00019999581182734757
10/24 05:29:51 PM Train Loss: {0.0720}; IoU: {0.8668}; Prec: {0.9272}; Recall: {0.9301}; F1: {0.9287}; Sens: {0.9301}; Spec: {0.9996}; AUC: {0.9649}
10/24 05:30:50 PM Valid Loss: {0.0790}; IoU: {0.8547}; Prec: {0.9299}; Recall: {0.9135}; F1: {0.9216}; Sens: {0.9135}; Spec: {0.9996}; AUC: {0.9566}
10/24 05:30:50 PM current best loss 0.07708422467112541, mIoU 0.8572138547897339
10/24 05:30:50 PM cost time: {'day': 1.0, 'hour': 15.0, 'minute': 38.0, 'second': 12}
10/24 05:30:50 PM => Epoch 539, lr 0.00019999579632996804
10/24 05:37:10 PM Train Loss: {0.0725}; IoU: {0.8663}; Prec: {0.9274}; Recall: {0.9293}; F1: {0.9283}; Sens: {0.9293}; Spec: {0.9996}; AUC: {0.9644}
10/24 05:38:09 PM Valid Loss: {0.0775}; IoU: {0.8571}; Prec: {0.9227}; Recall: {0.9234}; F1: {0.9230}; Sens: {0.9234}; Spec: {0.9996}; AUC: {0.9615}
10/24 05:38:09 PM current best loss 0.07708422467112541, mIoU 0.8572138547897339
10/24 05:38:09 PM cost time: {'day': 1.0, 'hour': 15.0, 'minute': 45.0, 'second': 31}
10/24 05:38:09 PM => Epoch 540, lr 0.00019999578080397008
10/24 05:44:23 PM Train Loss: {0.0721}; IoU: {0.8669}; Prec: {0.9274}; Recall: {0.9300}; F1: {0.9287}; Sens: {0.9300}; Spec: {0.9996}; AUC: {0.9648}
10/24 05:45:22 PM Valid Loss: {0.0801}; IoU: {0.8527}; Prec: {0.9374}; Recall: {0.9042}; F1: {0.9205}; Sens: {0.9042}; Spec: {0.9997}; AUC: {0.9519}
10/24 05:45:22 PM current best loss 0.07708422467112541, mIoU 0.8572138547897339
10/24 05:45:22 PM cost time: {'day': 1.0, 'hour': 15.0, 'minute': 52.0, 'second': 44}
10/24 05:45:22 PM => Epoch 541, lr 0.0001999957652493536
10/24 05:51:40 PM Train Loss: {0.0717}; IoU: {0.8676}; Prec: {0.9280}; Recall: {0.9302}; F1: {0.9291}; Sens: {0.9302}; Spec: {0.9996}; AUC: {0.9649}
10/24 05:52:39 PM Valid Loss: {0.0891}; IoU: {0.8368}; Prec: {0.8846}; Recall: {0.9393}; F1: {0.9111}; Sens: {0.9393}; Spec: {0.9993}; AUC: {0.9693}
10/24 05:52:39 PM current best loss 0.07708422467112541, mIoU 0.8572138547897339
10/24 05:52:39 PM cost time: {'day': 1.0, 'hour': 16.0, 'minute': 0.0, 'second': 1}
10/24 05:52:39 PM => Epoch 542, lr 0.00019999574966611856
10/24 05:58:58 PM Train Loss: {0.0719}; IoU: {0.8672}; Prec: {0.9273}; Recall: {0.9305}; F1: {0.9289}; Sens: {0.9305}; Spec: {0.9996}; AUC: {0.9651}
10/24 05:59:56 PM Valid Loss: {0.0806}; IoU: {0.8516}; Prec: {0.9201}; Recall: {0.9197}; F1: {0.9199}; Sens: {0.9197}; Spec: {0.9995}; AUC: {0.9596}
10/24 05:59:56 PM current best loss 0.07708422467112541, mIoU 0.8572138547897339
10/24 05:59:56 PM cost time: {'day': 1.0, 'hour': 16.0, 'minute': 7.0, 'second': 18}
10/24 05:59:56 PM => Epoch 543, lr 0.00019999573405426506
10/24 06:06:09 PM Train Loss: {0.0718}; IoU: {0.8677}; Prec: {0.9275}; Recall: {0.9309}; F1: {0.9292}; Sens: {0.9309}; Spec: {0.9996}; AUC: {0.9652}
10/24 06:07:07 PM Valid Loss: {0.0789}; IoU: {0.8546}; Prec: {0.9249}; Recall: {0.9184}; F1: {0.9216}; Sens: {0.9184}; Spec: {0.9996}; AUC: {0.9590}
10/24 06:07:07 PM current best loss 0.07708422467112541, mIoU 0.8572138547897339
10/24 06:07:07 PM cost time: {'day': 1.0, 'hour': 16.0, 'minute': 14.0, 'second': 29}
10/24 06:07:07 PM => Epoch 544, lr 0.0001999957184137931
10/24 06:13:24 PM Train Loss: {0.0718}; IoU: {0.8675}; Prec: {0.9277}; Recall: {0.9305}; F1: {0.9291}; Sens: {0.9305}; Spec: {0.9996}; AUC: {0.9650}
10/24 06:14:23 PM Valid Loss: {0.0787}; IoU: {0.8550}; Prec: {0.9316}; Recall: {0.9123}; F1: {0.9218}; Sens: {0.9123}; Spec: {0.9996}; AUC: {0.9559}
10/24 06:14:23 PM current best loss 0.07708422467112541, mIoU 0.8572138547897339
10/24 06:14:23 PM cost time: {'day': 1.0, 'hour': 16.0, 'minute': 21.0, 'second': 45}
10/24 06:14:23 PM => Epoch 545, lr 0.00019999570274470258
10/24 06:20:36 PM Train Loss: {0.0722}; IoU: {0.8668}; Prec: {0.9275}; Recall: {0.9298}; F1: {0.9286}; Sens: {0.9298}; Spec: {0.9996}; AUC: {0.9647}
10/24 06:21:34 PM Valid Loss: {0.0796}; IoU: {0.8535}; Prec: {0.9108}; Recall: {0.9313}; F1: {0.9210}; Sens: {0.9313}; Spec: {0.9995}; AUC: {0.9654}
10/24 06:21:34 PM current best loss 0.07708422467112541, mIoU 0.8572138547897339
10/24 06:21:34 PM cost time: {'day': 1.0, 'hour': 16.0, 'minute': 28.0, 'second': 56}
10/24 06:21:34 PM => Epoch 546, lr 0.00019999568704699364
10/24 06:27:48 PM Train Loss: {0.0722}; IoU: {0.8668}; Prec: {0.9269}; Recall: {0.9304}; F1: {0.9287}; Sens: {0.9304}; Spec: {0.9996}; AUC: {0.9650}
10/24 06:28:46 PM Valid Loss: {0.0788}; IoU: {0.8548}; Prec: {0.9161}; Recall: {0.9274}; F1: {0.9217}; Sens: {0.9274}; Spec: {0.9995}; AUC: {0.9635}
10/24 06:28:46 PM current best loss 0.07708422467112541, mIoU 0.8572138547897339
10/24 06:28:46 PM cost time: {'day': 1.0, 'hour': 16.0, 'minute': 36.0, 'second': 8}
10/24 06:28:46 PM => Epoch 547, lr 0.00019999567132066622
10/24 06:35:04 PM Train Loss: {0.0715}; IoU: {0.8676}; Prec: {0.9280}; Recall: {0.9303}; F1: {0.9291}; Sens: {0.9303}; Spec: {0.9996}; AUC: {0.9649}
10/24 06:36:01 PM Valid Loss: {0.0783}; IoU: {0.8557}; Prec: {0.9258}; Recall: {0.9187}; F1: {0.9222}; Sens: {0.9187}; Spec: {0.9996}; AUC: {0.9592}
10/24 06:36:01 PM current best loss 0.07708422467112541, mIoU 0.8572138547897339
10/24 06:36:01 PM cost time: {'day': 1.0, 'hour': 16.0, 'minute': 43.0, 'second': 24}
10/24 06:36:01 PM => Epoch 548, lr 0.00019999565556572035
10/24 06:42:14 PM Train Loss: {0.0719}; IoU: {0.8672}; Prec: {0.9280}; Recall: {0.9297}; F1: {0.9289}; Sens: {0.9297}; Spec: {0.9996}; AUC: {0.9647}
10/24 06:43:12 PM Valid Loss: {0.0786}; IoU: {0.8554}; Prec: {0.9240}; Recall: {0.9201}; F1: {0.9221}; Sens: {0.9201}; Spec: {0.9996}; AUC: {0.9599}
10/24 06:43:12 PM current best loss 0.07708422467112541, mIoU 0.8572138547897339
10/24 06:43:12 PM cost time: {'day': 1.0, 'hour': 16.0, 'minute': 50.0, 'second': 34}
10/24 06:43:12 PM => Epoch 549, lr 0.000199995639782156
10/24 06:49:27 PM Train Loss: {0.0721}; IoU: {0.8670}; Prec: {0.9273}; Recall: {0.9303}; F1: {0.9288}; Sens: {0.9303}; Spec: {0.9996}; AUC: {0.9649}
10/24 06:50:24 PM Valid Loss: {0.0793}; IoU: {0.8539}; Prec: {0.9296}; Recall: {0.9130}; F1: {0.9212}; Sens: {0.9130}; Spec: {0.9996}; AUC: {0.9563}
10/24 06:50:24 PM current best loss 0.07708422467112541, mIoU 0.8572138547897339
10/24 06:50:24 PM cost time: {'day': 1.0, 'hour': 16.0, 'minute': 57.0, 'second': 46}
10/24 06:50:24 PM => Epoch 550, lr 0.0001999956239699732
10/24 06:56:43 PM Train Loss: {0.0718}; IoU: {0.8671}; Prec: {0.9266}; Recall: {0.9311}; F1: {0.9288}; Sens: {0.9311}; Spec: {0.9996}; AUC: {0.9653}
10/24 06:57:41 PM Valid Loss: {0.0812}; IoU: {0.8506}; Prec: {0.9250}; Recall: {0.9135}; F1: {0.9193}; Sens: {0.9135}; Spec: {0.9996}; AUC: {0.9566}
10/24 06:58:50 PM Test Loss: {0.0809}; IoU: {0.8496}; Prec: {0.9197}; Recall: {0.9177}; F1: {0.9187}; Sens: {0.9177}; Spec: {0.9995}; AUC: {0.9586}
10/24 06:58:50 PM current best loss 0.07708422467112541, mIoU 0.8572138547897339
10/24 06:58:50 PM cost time: {'day': 1.0, 'hour': 17.0, 'minute': 6.0, 'second': 12}
10/24 06:58:50 PM => Epoch 551, lr 0.0001999956081291719
10/24 07:05:08 PM Train Loss: {0.0722}; IoU: {0.8669}; Prec: {0.9271}; Recall: {0.9304}; F1: {0.9287}; Sens: {0.9304}; Spec: {0.9996}; AUC: {0.9650}
10/24 07:06:06 PM Valid Loss: {0.0784}; IoU: {0.8554}; Prec: {0.9280}; Recall: {0.9162}; F1: {0.9221}; Sens: {0.9162}; Spec: {0.9996}; AUC: {0.9579}
10/24 07:06:06 PM current best loss 0.07708422467112541, mIoU 0.8572138547897339
10/24 07:06:06 PM cost time: {'day': 1.0, 'hour': 17.0, 'minute': 13.0, 'second': 29}
10/24 07:06:06 PM => Epoch 552, lr 0.00019999559225975216
10/24 07:12:25 PM Train Loss: {0.0718}; IoU: {0.8673}; Prec: {0.9276}; Recall: {0.9303}; F1: {0.9290}; Sens: {0.9303}; Spec: {0.9996}; AUC: {0.9649}
10/24 07:13:23 PM Valid Loss: {0.0785}; IoU: {0.8555}; Prec: {0.9320}; Recall: {0.9124}; F1: {0.9221}; Sens: {0.9124}; Spec: {0.9996}; AUC: {0.9560}
10/24 07:13:23 PM current best loss 0.07708422467112541, mIoU 0.8572138547897339
10/24 07:13:23 PM cost time: {'day': 1.0, 'hour': 17.0, 'minute': 20.0, 'second': 45}
10/24 07:13:23 PM => Epoch 553, lr 0.00019999557636171404
10/24 07:19:36 PM Train Loss: {0.0719}; IoU: {0.8673}; Prec: {0.9271}; Recall: {0.9308}; F1: {0.9290}; Sens: {0.9308}; Spec: {0.9996}; AUC: {0.9652}
10/24 07:20:33 PM Valid Loss: {0.0788}; IoU: {0.8550}; Prec: {0.9326}; Recall: {0.9113}; F1: {0.9218}; Sens: {0.9113}; Spec: {0.9996}; AUC: {0.9555}
10/24 07:20:33 PM current best loss 0.07708422467112541, mIoU 0.8572138547897339
10/24 07:20:33 PM cost time: {'day': 1.0, 'hour': 17.0, 'minute': 27.0, 'second': 55}
10/24 07:20:33 PM => Epoch 554, lr 0.0001999955604350574
10/24 07:26:46 PM Train Loss: {0.0712}; IoU: {0.8681}; Prec: {0.9285}; Recall: {0.9302}; F1: {0.9294}; Sens: {0.9302}; Spec: {0.9996}; AUC: {0.9649}
10/24 07:27:43 PM Valid Loss: {0.0796}; IoU: {0.8535}; Prec: {0.9314}; Recall: {0.9108}; F1: {0.9210}; Sens: {0.9108}; Spec: {0.9996}; AUC: {0.9552}
10/24 07:27:43 PM current best loss 0.07708422467112541, mIoU 0.8572138547897339
10/24 07:27:43 PM cost time: {'day': 1.0, 'hour': 17.0, 'minute': 35.0, 'second': 5}
10/24 07:27:43 PM => Epoch 555, lr 0.0001999955444797824
10/24 07:34:04 PM Train Loss: {0.0720}; IoU: {0.8671}; Prec: {0.9270}; Recall: {0.9306}; F1: {0.9288}; Sens: {0.9306}; Spec: {0.9996}; AUC: {0.9651}
10/24 07:35:03 PM Valid Loss: {0.0791}; IoU: {0.8544}; Prec: {0.9327}; Recall: {0.9105}; F1: {0.9215}; Sens: {0.9105}; Spec: {0.9996}; AUC: {0.9551}
10/24 07:35:03 PM current best loss 0.07708422467112541, mIoU 0.8572138547897339
10/24 07:35:03 PM cost time: {'day': 1.0, 'hour': 17.0, 'minute': 42.0, 'second': 25}
10/24 07:35:03 PM => Epoch 556, lr 0.00019999552849588894
10/24 07:41:21 PM Train Loss: {0.0715}; IoU: {0.8677}; Prec: {0.9274}; Recall: {0.9309}; F1: {0.9291}; Sens: {0.9309}; Spec: {0.9996}; AUC: {0.9652}
10/24 07:42:20 PM Valid Loss: {0.0783}; IoU: {0.8557}; Prec: {0.9314}; Recall: {0.9133}; F1: {0.9223}; Sens: {0.9133}; Spec: {0.9996}; AUC: {0.9564}
10/24 07:42:20 PM current best loss 0.07708422467112541, mIoU 0.8572138547897339
10/24 07:42:20 PM cost time: {'day': 1.0, 'hour': 17.0, 'minute': 49.0, 'second': 42}
10/24 07:42:20 PM => Epoch 557, lr 0.00019999551248337696
10/24 07:48:39 PM Train Loss: {0.0713}; IoU: {0.8681}; Prec: {0.9277}; Recall: {0.9311}; F1: {0.9294}; Sens: {0.9311}; Spec: {0.9996}; AUC: {0.9653}
10/24 07:49:38 PM Valid Loss: {0.0786}; IoU: {0.8553}; Prec: {0.9237}; Recall: {0.9203}; F1: {0.9220}; Sens: {0.9203}; Spec: {0.9996}; AUC: {0.9599}
10/24 07:49:38 PM current best loss 0.07708422467112541, mIoU 0.8572138547897339
10/24 07:49:38 PM cost time: {'day': 1.0, 'hour': 17.0, 'minute': 57.0, 'second': 0}
10/24 07:49:38 PM => Epoch 558, lr 0.00019999549644224673
10/24 07:56:03 PM Train Loss: {0.0716}; IoU: {0.8677}; Prec: {0.9275}; Recall: {0.9309}; F1: {0.9292}; Sens: {0.9309}; Spec: {0.9996}; AUC: {0.9652}
10/24 07:57:01 PM Valid Loss: {0.0783}; IoU: {0.8558}; Prec: {0.9319}; Recall: {0.9128}; F1: {0.9223}; Sens: {0.9128}; Spec: {0.9996}; AUC: {0.9562}
10/24 07:57:01 PM current best loss 0.07708422467112541, mIoU 0.8572138547897339
10/24 07:57:01 PM cost time: {'day': 1.0, 'hour': 18.0, 'minute': 4.0, 'second': 23}
10/24 07:57:01 PM => Epoch 559, lr 0.00019999548037249792
10/24 08:03:21 PM Train Loss: {0.0713}; IoU: {0.8678}; Prec: {0.9279}; Recall: {0.9305}; F1: {0.9292}; Sens: {0.9305}; Spec: {0.9996}; AUC: {0.9650}
10/24 08:04:19 PM Valid Loss: {0.0792}; IoU: {0.8541}; Prec: {0.9311}; Recall: {0.9117}; F1: {0.9213}; Sens: {0.9117}; Spec: {0.9996}; AUC: {0.9557}
10/24 08:04:19 PM current best loss 0.07708422467112541, mIoU 0.8572138547897339
10/24 08:04:19 PM cost time: {'day': 1.0, 'hour': 18.0, 'minute': 11.0, 'second': 41}
10/24 08:04:19 PM => Epoch 560, lr 0.00019999546427413076
10/24 08:10:39 PM Train Loss: {0.0720}; IoU: {0.8674}; Prec: {0.9274}; Recall: {0.9306}; F1: {0.9290}; Sens: {0.9306}; Spec: {0.9996}; AUC: {0.9651}
10/24 08:11:37 PM Valid Loss: {0.0788}; IoU: {0.8550}; Prec: {0.9273}; Recall: {0.9164}; F1: {0.9218}; Sens: {0.9164}; Spec: {0.9996}; AUC: {0.9580}
10/24 08:11:37 PM current best loss 0.07708422467112541, mIoU 0.8572138547897339
10/24 08:11:37 PM cost time: {'day': 1.0, 'hour': 18.0, 'minute': 18.0, 'second': 59}
10/24 08:11:37 PM => Epoch 561, lr 0.00019999544814714522
10/24 08:17:56 PM Train Loss: {0.0713}; IoU: {0.8677}; Prec: {0.9282}; Recall: {0.9302}; F1: {0.9292}; Sens: {0.9302}; Spec: {0.9996}; AUC: {0.9649}
10/24 08:18:55 PM Valid Loss: {0.0791}; IoU: {0.8543}; Prec: {0.9246}; Recall: {0.9184}; F1: {0.9215}; Sens: {0.9184}; Spec: {0.9996}; AUC: {0.9590}
10/24 08:18:55 PM current best loss 0.07708422467112541, mIoU 0.8572138547897339
10/24 08:18:55 PM cost time: {'day': 1.0, 'hour': 18.0, 'minute': 26.0, 'second': 17}
10/24 08:18:55 PM => Epoch 562, lr 0.0001999954319915412
10/24 08:25:12 PM Train Loss: {0.0713}; IoU: {0.8680}; Prec: {0.9275}; Recall: {0.9311}; F1: {0.9293}; Sens: {0.9311}; Spec: {0.9996}; AUC: {0.9654}
10/24 08:26:11 PM Valid Loss: {0.0808}; IoU: {0.8514}; Prec: {0.9359}; Recall: {0.9041}; F1: {0.9197}; Sens: {0.9041}; Spec: {0.9996}; AUC: {0.9519}
10/24 08:26:11 PM current best loss 0.07708422467112541, mIoU 0.8572138547897339
10/24 08:26:11 PM cost time: {'day': 1.0, 'hour': 18.0, 'minute': 33.0, 'second': 33}
10/24 08:26:11 PM => Epoch 563, lr 0.00019999541580731885
10/24 08:32:28 PM Train Loss: {0.0718}; IoU: {0.8671}; Prec: {0.9273}; Recall: {0.9303}; F1: {0.9288}; Sens: {0.9303}; Spec: {0.9996}; AUC: {0.9649}
10/24 08:33:26 PM Valid Loss: {0.0798}; IoU: {0.8530}; Prec: {0.9339}; Recall: {0.9078}; F1: {0.9207}; Sens: {0.9078}; Spec: {0.9996}; AUC: {0.9537}
10/24 08:33:26 PM current best loss 0.07708422467112541, mIoU 0.8572138547897339
10/24 08:33:26 PM cost time: {'day': 1.0, 'hour': 18.0, 'minute': 40.0, 'second': 48}
10/24 08:33:26 PM => Epoch 564, lr 0.0001999953995944781
10/24 08:39:45 PM Train Loss: {0.0719}; IoU: {0.8671}; Prec: {0.9268}; Recall: {0.9309}; F1: {0.9288}; Sens: {0.9309}; Spec: {0.9996}; AUC: {0.9652}
10/24 08:40:44 PM Valid Loss: {0.0782}; IoU: {0.8561}; Prec: {0.9158}; Recall: {0.9292}; F1: {0.9225}; Sens: {0.9292}; Spec: {0.9995}; AUC: {0.9643}
10/24 08:40:44 PM current best loss 0.07708422467112541, mIoU 0.8572138547897339
10/24 08:40:44 PM cost time: {'day': 1.0, 'hour': 18.0, 'minute': 48.0, 'second': 6}
10/24 08:40:44 PM => Epoch 565, lr 0.0001999953833530189
10/24 08:47:00 PM Train Loss: {0.0721}; IoU: {0.8667}; Prec: {0.9264}; Recall: {0.9308}; F1: {0.9286}; Sens: {0.9308}; Spec: {0.9996}; AUC: {0.9652}
10/24 08:47:59 PM Valid Loss: {0.0797}; IoU: {0.8536}; Prec: {0.9211}; Recall: {0.9209}; F1: {0.9210}; Sens: {0.9209}; Spec: {0.9995}; AUC: {0.9602}
10/24 08:47:59 PM current best loss 0.07708422467112541, mIoU 0.8572138547897339
10/24 08:47:59 PM cost time: {'day': 1.0, 'hour': 18.0, 'minute': 55.0, 'second': 21}
10/24 08:47:59 PM => Epoch 566, lr 0.00019999536708294142
10/24 08:54:17 PM Train Loss: {0.0712}; IoU: {0.8687}; Prec: {0.9280}; Recall: {0.9314}; F1: {0.9297}; Sens: {0.9314}; Spec: {0.9996}; AUC: {0.9655}
10/24 08:55:16 PM Valid Loss: {0.0791}; IoU: {0.8543}; Prec: {0.9277}; Recall: {0.9153}; F1: {0.9214}; Sens: {0.9153}; Spec: {0.9996}; AUC: {0.9574}
10/24 08:55:16 PM current best loss 0.07708422467112541, mIoU 0.8572138547897339
10/24 08:55:16 PM cost time: {'day': 1.0, 'hour': 19.0, 'minute': 2.0, 'second': 38}
10/24 08:55:16 PM => Epoch 567, lr 0.00019999535078424552
10/24 09:01:30 PM Train Loss: {0.0717}; IoU: {0.8676}; Prec: {0.9270}; Recall: {0.9311}; F1: {0.9291}; Sens: {0.9311}; Spec: {0.9996}; AUC: {0.9654}
10/24 09:02:29 PM Valid Loss: {0.0786}; IoU: {0.8553}; Prec: {0.9260}; Recall: {0.9180}; F1: {0.9220}; Sens: {0.9180}; Spec: {0.9996}; AUC: {0.9588}
10/24 09:02:29 PM current best loss 0.07708422467112541, mIoU 0.8572138547897339
10/24 09:02:29 PM cost time: {'day': 1.0, 'hour': 19.0, 'minute': 9.0, 'second': 51}
10/24 09:02:29 PM => Epoch 568, lr 0.0001999953344569312
10/24 09:08:43 PM Train Loss: {0.0714}; IoU: {0.8677}; Prec: {0.9270}; Recall: {0.9313}; F1: {0.9292}; Sens: {0.9313}; Spec: {0.9996}; AUC: {0.9654}
10/24 09:09:42 PM Valid Loss: {0.0817}; IoU: {0.8498}; Prec: {0.9407}; Recall: {0.8979}; F1: {0.9188}; Sens: {0.8979}; Spec: {0.9997}; AUC: {0.9488}
10/24 09:09:42 PM current best loss 0.07708422467112541, mIoU 0.8572138547897339
10/24 09:09:42 PM cost time: {'day': 1.0, 'hour': 19.0, 'minute': 17.0, 'second': 4}
10/24 09:09:42 PM => Epoch 569, lr 0.00019999531810099862
10/24 09:16:00 PM Train Loss: {0.0714}; IoU: {0.8682}; Prec: {0.9287}; Recall: {0.9303}; F1: {0.9295}; Sens: {0.9303}; Spec: {0.9996}; AUC: {0.9649}
10/24 09:16:58 PM Valid Loss: {0.0795}; IoU: {0.8540}; Prec: {0.9186}; Recall: {0.9239}; F1: {0.9212}; Sens: {0.9239}; Spec: {0.9995}; AUC: {0.9617}
10/24 09:16:58 PM current best loss 0.07708422467112541, mIoU 0.8572138547897339
10/24 09:16:58 PM cost time: {'day': 1.0, 'hour': 19.0, 'minute': 24.0, 'second': 20}
10/24 09:16:58 PM => Epoch 570, lr 0.0001999953017164476
10/24 09:23:13 PM Train Loss: {0.0711}; IoU: {0.8684}; Prec: {0.9278}; Recall: {0.9312}; F1: {0.9295}; Sens: {0.9312}; Spec: {0.9996}; AUC: {0.9654}
10/24 09:24:10 PM Valid Loss: {0.0789}; IoU: {0.8547}; Prec: {0.9354}; Recall: {0.9083}; F1: {0.9217}; Sens: {0.9083}; Spec: {0.9996}; AUC: {0.9540}
10/24 09:24:10 PM current best loss 0.07708422467112541, mIoU 0.8572138547897339
10/24 09:24:10 PM cost time: {'day': 1.0, 'hour': 19.0, 'minute': 31.0, 'second': 32}
10/24 09:24:10 PM => Epoch 571, lr 0.0001999952853032782
10/24 09:30:28 PM Train Loss: {0.0714}; IoU: {0.8683}; Prec: {0.9286}; Recall: {0.9303}; F1: {0.9295}; Sens: {0.9303}; Spec: {0.9996}; AUC: {0.9650}
10/24 09:31:27 PM Valid Loss: {0.0795}; IoU: {0.8536}; Prec: {0.9225}; Recall: {0.9196}; F1: {0.9210}; Sens: {0.9196}; Spec: {0.9996}; AUC: {0.9596}
10/24 09:31:27 PM current best loss 0.07708422467112541, mIoU 0.8572138547897339
10/24 09:31:27 PM cost time: {'day': 1.0, 'hour': 19.0, 'minute': 38.0, 'second': 49}
10/24 09:31:27 PM => Epoch 572, lr 0.00019999526886149048
10/24 09:37:43 PM Train Loss: {0.0708}; IoU: {0.8689}; Prec: {0.9282}; Recall: {0.9315}; F1: {0.9299}; Sens: {0.9315}; Spec: {0.9996}; AUC: {0.9656}
10/24 09:38:41 PM Valid Loss: {0.0801}; IoU: {0.8526}; Prec: {0.9287}; Recall: {0.9124}; F1: {0.9205}; Sens: {0.9124}; Spec: {0.9996}; AUC: {0.9560}
10/24 09:38:41 PM current best loss 0.07708422467112541, mIoU 0.8572138547897339
10/24 09:38:41 PM cost time: {'day': 1.0, 'hour': 19.0, 'minute': 46.0, 'second': 3}
10/24 09:38:41 PM => Epoch 573, lr 0.00019999525239108442
10/24 09:44:57 PM Train Loss: {0.0723}; IoU: {0.8670}; Prec: {0.9278}; Recall: {0.9298}; F1: {0.9288}; Sens: {0.9298}; Spec: {0.9996}; AUC: {0.9647}
10/24 09:45:55 PM Valid Loss: {0.0819}; IoU: {0.8495}; Prec: {0.9223}; Recall: {0.9150}; F1: {0.9186}; Sens: {0.9150}; Spec: {0.9996}; AUC: {0.9573}
10/24 09:45:55 PM current best loss 0.07708422467112541, mIoU 0.8572138547897339
10/24 09:45:55 PM cost time: {'day': 1.0, 'hour': 19.0, 'minute': 53.0, 'second': 17}
10/24 09:45:55 PM => Epoch 574, lr 0.00019999523589206
10/24 09:52:08 PM Train Loss: {0.0714}; IoU: {0.8671}; Prec: {0.9271}; Recall: {0.9306}; F1: {0.9288}; Sens: {0.9306}; Spec: {0.9996}; AUC: {0.9651}
10/24 09:53:06 PM Valid Loss: {0.0788}; IoU: {0.8549}; Prec: {0.9238}; Recall: {0.9198}; F1: {0.9218}; Sens: {0.9198}; Spec: {0.9996}; AUC: {0.9597}
10/24 09:53:06 PM current best loss 0.07708422467112541, mIoU 0.8572138547897339
10/24 09:53:06 PM cost time: {'day': 1.0, 'hour': 20.0, 'minute': 0.0, 'second': 28}
10/24 09:53:06 PM => Epoch 575, lr 0.00019999521936441724
10/24 09:59:21 PM Train Loss: {0.0711}; IoU: {0.8683}; Prec: {0.9284}; Recall: {0.9306}; F1: {0.9295}; Sens: {0.9306}; Spec: {0.9996}; AUC: {0.9651}
10/24 10:00:19 PM Valid Loss: {0.0790}; IoU: {0.8546}; Prec: {0.9360}; Recall: {0.9077}; F1: {0.9216}; Sens: {0.9077}; Spec: {0.9996}; AUC: {0.9537}
10/24 10:00:19 PM current best loss 0.07708422467112541, mIoU 0.8572138547897339
10/24 10:00:19 PM cost time: {'day': 1.0, 'hour': 20.0, 'minute': 7.0, 'second': 41}
10/24 10:00:19 PM => Epoch 576, lr 0.00019999520280815616
10/24 10:06:31 PM Train Loss: {0.0713}; IoU: {0.8679}; Prec: {0.9284}; Recall: {0.9301}; F1: {0.9293}; Sens: {0.9301}; Spec: {0.9996}; AUC: {0.9648}
10/24 10:07:28 PM Valid Loss: {0.0779}; IoU: {0.8565}; Prec: {0.9250}; Recall: {0.9204}; F1: {0.9227}; Sens: {0.9204}; Spec: {0.9996}; AUC: {0.9600}
10/24 10:07:28 PM current best loss 0.07708422467112541, mIoU 0.8572138547897339
10/24 10:07:28 PM cost time: {'day': 1.0, 'hour': 20.0, 'minute': 14.0, 'second': 50}
10/24 10:07:28 PM => Epoch 577, lr 0.00019999518622327672
10/24 10:13:42 PM Train Loss: {0.0715}; IoU: {0.8682}; Prec: {0.9289}; Recall: {0.9299}; F1: {0.9294}; Sens: {0.9299}; Spec: {0.9996}; AUC: {0.9648}
10/24 10:14:40 PM Valid Loss: {0.0787}; IoU: {0.8551}; Prec: {0.9179}; Recall: {0.9259}; F1: {0.9219}; Sens: {0.9259}; Spec: {0.9995}; AUC: {0.9627}
10/24 10:14:40 PM current best loss 0.07708422467112541, mIoU 0.8572138547897339
10/24 10:14:40 PM cost time: {'day': 1.0, 'hour': 20.0, 'minute': 22.0, 'second': 2}
10/24 10:14:40 PM => Epoch 578, lr 0.00019999516960977895
10/24 10:20:52 PM Train Loss: {0.0711}; IoU: {0.8686}; Prec: {0.9284}; Recall: {0.9309}; F1: {0.9297}; Sens: {0.9309}; Spec: {0.9996}; AUC: {0.9652}
10/24 10:21:50 PM Valid Loss: {0.0781}; IoU: {0.8560}; Prec: {0.9269}; Recall: {0.9180}; F1: {0.9224}; Sens: {0.9180}; Spec: {0.9996}; AUC: {0.9588}
10/24 10:21:50 PM current best loss 0.07708422467112541, mIoU 0.8572138547897339
10/24 10:21:50 PM cost time: {'day': 1.0, 'hour': 20.0, 'minute': 29.0, 'second': 12}
10/24 10:21:50 PM => Epoch 579, lr 0.00019999515296766294
10/24 10:28:04 PM Train Loss: {0.0708}; IoU: {0.8691}; Prec: {0.9283}; Recall: {0.9316}; F1: {0.9300}; Sens: {0.9316}; Spec: {0.9996}; AUC: {0.9656}
10/24 10:29:02 PM Valid Loss: {0.0794}; IoU: {0.8538}; Prec: {0.9320}; Recall: {0.9105}; F1: {0.9211}; Sens: {0.9105}; Spec: {0.9996}; AUC: {0.9551}
10/24 10:29:02 PM current best loss 0.07708422467112541, mIoU 0.8572138547897339
10/24 10:29:02 PM cost time: {'day': 1.0, 'hour': 20.0, 'minute': 36.0, 'second': 24}
10/24 10:29:02 PM => Epoch 580, lr 0.00019999513629692854
10/24 10:35:15 PM Train Loss: {0.0712}; IoU: {0.8685}; Prec: {0.9274}; Recall: {0.9318}; F1: {0.9296}; Sens: {0.9318}; Spec: {0.9996}; AUC: {0.9657}
10/24 10:36:13 PM Valid Loss: {0.0788}; IoU: {0.8546}; Prec: {0.9210}; Recall: {0.9222}; F1: {0.9216}; Sens: {0.9222}; Spec: {0.9995}; AUC: {0.9609}
10/24 10:36:13 PM current best loss 0.07708422467112541, mIoU 0.8572138547897339
10/24 10:36:13 PM cost time: {'day': 1.0, 'hour': 20.0, 'minute': 43.0, 'second': 35}
10/24 10:36:13 PM => Epoch 581, lr 0.0001999951195975758
10/24 10:42:26 PM Train Loss: {0.0715}; IoU: {0.8675}; Prec: {0.9279}; Recall: {0.9302}; F1: {0.9290}; Sens: {0.9302}; Spec: {0.9996}; AUC: {0.9649}
10/24 10:43:24 PM Valid Loss: {0.0778}; IoU: {0.8566}; Prec: {0.9245}; Recall: {0.9210}; F1: {0.9228}; Sens: {0.9210}; Spec: {0.9996}; AUC: {0.9603}
10/24 10:43:24 PM current best loss 0.07708422467112541, mIoU 0.8572138547897339
10/24 10:43:24 PM cost time: {'day': 1.0, 'hour': 20.0, 'minute': 50.0, 'second': 46}
10/24 10:43:24 PM => Epoch 582, lr 0.00019999510286960486
10/24 10:49:38 PM Train Loss: {0.0712}; IoU: {0.8685}; Prec: {0.9280}; Recall: {0.9312}; F1: {0.9296}; Sens: {0.9312}; Spec: {0.9996}; AUC: {0.9654}
10/24 10:50:36 PM Valid Loss: {0.0781}; IoU: {0.8558}; Prec: {0.9295}; Recall: {0.9151}; F1: {0.9223}; Sens: {0.9151}; Spec: {0.9996}; AUC: {0.9574}
10/24 10:50:36 PM current best loss 0.07708422467112541, mIoU 0.8572138547897339
10/24 10:50:36 PM cost time: {'day': 1.0, 'hour': 20.0, 'minute': 57.0, 'second': 58}
10/24 10:50:36 PM => Epoch 583, lr 0.0001999950861130156
10/24 10:56:54 PM Train Loss: {0.0710}; IoU: {0.8686}; Prec: {0.9279}; Recall: {0.9314}; F1: {0.9297}; Sens: {0.9314}; Spec: {0.9996}; AUC: {0.9655}
10/24 10:57:52 PM Valid Loss: {0.0778}; IoU: {0.8562}; Prec: {0.9243}; Recall: {0.9207}; F1: {0.9225}; Sens: {0.9207}; Spec: {0.9996}; AUC: {0.9602}
10/24 10:57:52 PM current best loss 0.07708422467112541, mIoU 0.8572138547897339
10/24 10:57:52 PM cost time: {'day': 1.0, 'hour': 21.0, 'minute': 5.0, 'second': 14}
10/24 10:57:52 PM => Epoch 584, lr 0.00019999506932780797
10/24 11:04:11 PM Train Loss: {0.0712}; IoU: {0.8687}; Prec: {0.9287}; Recall: {0.9307}; F1: {0.9297}; Sens: {0.9307}; Spec: {0.9996}; AUC: {0.9651}
10/24 11:05:09 PM Valid Loss: {0.0789}; IoU: {0.8542}; Prec: {0.9317}; Recall: {0.9112}; F1: {0.9213}; Sens: {0.9112}; Spec: {0.9996}; AUC: {0.9554}
10/24 11:05:09 PM current best loss 0.07708422467112541, mIoU 0.8572138547897339
10/24 11:05:09 PM cost time: {'day': 1.0, 'hour': 21.0, 'minute': 12.0, 'second': 31}
10/24 11:05:09 PM => Epoch 585, lr 0.00019999505251398208
10/24 11:11:33 PM Train Loss: {0.0712}; IoU: {0.8682}; Prec: {0.9274}; Recall: {0.9316}; F1: {0.9295}; Sens: {0.9316}; Spec: {0.9996}; AUC: {0.9656}
10/24 11:12:31 PM Valid Loss: {0.0791}; IoU: {0.8538}; Prec: {0.9284}; Recall: {0.9139}; F1: {0.9211}; Sens: {0.9139}; Spec: {0.9996}; AUC: {0.9567}
10/24 11:12:31 PM current best loss 0.07708422467112541, mIoU 0.8572138547897339
10/24 11:12:31 PM cost time: {'day': 1.0, 'hour': 21.0, 'minute': 19.0, 'second': 53}
10/24 11:12:31 PM => Epoch 586, lr 0.00019999503567153797
10/24 11:18:57 PM Train Loss: {0.0709}; IoU: {0.8690}; Prec: {0.9280}; Recall: {0.9318}; F1: {0.9299}; Sens: {0.9318}; Spec: {0.9996}; AUC: {0.9657}
10/24 11:19:55 PM Valid Loss: {0.0796}; IoU: {0.8532}; Prec: {0.9303}; Recall: {0.9115}; F1: {0.9208}; Sens: {0.9115}; Spec: {0.9996}; AUC: {0.9556}
10/24 11:19:55 PM current best loss 0.07708422467112541, mIoU 0.8572138547897339
10/24 11:19:55 PM cost time: {'day': 1.0, 'hour': 21.0, 'minute': 27.0, 'second': 17}
10/24 11:19:55 PM => Epoch 587, lr 0.0001999950188004755
10/24 11:26:16 PM Train Loss: {0.0713}; IoU: {0.8684}; Prec: {0.9280}; Recall: {0.9311}; F1: {0.9296}; Sens: {0.9311}; Spec: {0.9996}; AUC: {0.9653}
10/24 11:27:14 PM Valid Loss: {0.0814}; IoU: {0.8501}; Prec: {0.9361}; Recall: {0.9026}; F1: {0.9190}; Sens: {0.9026}; Spec: {0.9996}; AUC: {0.9511}
10/24 11:27:14 PM current best loss 0.07708422467112541, mIoU 0.8572138547897339
10/24 11:27:14 PM cost time: {'day': 1.0, 'hour': 21.0, 'minute': 34.0, 'second': 36}
10/24 11:27:14 PM => Epoch 588, lr 0.00019999500190079477
10/24 11:33:34 PM Train Loss: {0.0708}; IoU: {0.8692}; Prec: {0.9286}; Recall: {0.9314}; F1: {0.9300}; Sens: {0.9314}; Spec: {0.9996}; AUC: {0.9655}
10/24 11:34:33 PM Valid Loss: {0.0795}; IoU: {0.8531}; Prec: {0.9149}; Recall: {0.9266}; F1: {0.9207}; Sens: {0.9266}; Spec: {0.9995}; AUC: {0.9630}
10/24 11:34:33 PM current best loss 0.07708422467112541, mIoU 0.8572138547897339
10/24 11:34:33 PM cost time: {'day': 1.0, 'hour': 21.0, 'minute': 41.0, 'second': 55}
10/24 11:34:33 PM => Epoch 589, lr 0.00019999498497249581
10/24 11:40:52 PM Train Loss: {0.0711}; IoU: {0.8690}; Prec: {0.9282}; Recall: {0.9317}; F1: {0.9299}; Sens: {0.9317}; Spec: {0.9996}; AUC: {0.9656}
10/24 11:41:51 PM Valid Loss: {0.0786}; IoU: {0.8550}; Prec: {0.9197}; Recall: {0.9239}; F1: {0.9218}; Sens: {0.9239}; Spec: {0.9995}; AUC: {0.9617}
10/24 11:41:51 PM current best loss 0.07708422467112541, mIoU 0.8572138547897339
10/24 11:41:51 PM cost time: {'day': 1.0, 'hour': 21.0, 'minute': 49.0, 'second': 13}
10/24 11:41:51 PM => Epoch 590, lr 0.0001999949680155786
10/24 11:48:12 PM Train Loss: {0.0709}; IoU: {0.8691}; Prec: {0.9276}; Recall: {0.9323}; F1: {0.9299}; Sens: {0.9323}; Spec: {0.9996}; AUC: {0.9659}
10/24 11:49:10 PM Valid Loss: {0.0781}; IoU: {0.8561}; Prec: {0.9208}; Recall: {0.9241}; F1: {0.9225}; Sens: {0.9241}; Spec: {0.9995}; AUC: {0.9618}
10/24 11:49:10 PM current best loss 0.07708422467112541, mIoU 0.8572138547897339
10/24 11:49:10 PM cost time: {'day': 1.0, 'hour': 21.0, 'minute': 56.0, 'second': 32}
10/24 11:49:10 PM => Epoch 591, lr 0.00019999495103004304
10/24 11:55:29 PM Train Loss: {0.0712}; IoU: {0.8692}; Prec: {0.9279}; Recall: {0.9321}; F1: {0.9300}; Sens: {0.9321}; Spec: {0.9996}; AUC: {0.9659}
10/24 11:56:27 PM Valid Loss: {0.0795}; IoU: {0.8535}; Prec: {0.9236}; Recall: {0.9184}; F1: {0.9210}; Sens: {0.9184}; Spec: {0.9996}; AUC: {0.9590}
10/24 11:56:27 PM current best loss 0.07708422467112541, mIoU 0.8572138547897339
10/24 11:56:27 PM cost time: {'day': 1.0, 'hour': 22.0, 'minute': 3.0, 'second': 49}
10/24 11:56:27 PM => Epoch 592, lr 0.00019999493401588934
10/25 12:02:46 AM Train Loss: {0.0712}; IoU: {0.8687}; Prec: {0.9289}; Recall: {0.9306}; F1: {0.9297}; Sens: {0.9306}; Spec: {0.9996}; AUC: {0.9651}
10/25 12:03:44 AM Valid Loss: {0.0783}; IoU: {0.8555}; Prec: {0.9260}; Recall: {0.9183}; F1: {0.9221}; Sens: {0.9183}; Spec: {0.9996}; AUC: {0.9589}
10/25 12:03:44 AM current best loss 0.07708422467112541, mIoU 0.8572138547897339
10/25 12:03:44 AM cost time: {'day': 1.0, 'hour': 22.0, 'minute': 11.0, 'second': 6}
10/25 12:03:44 AM => Epoch 593, lr 0.00019999491697311736
10/25 12:10:03 AM Train Loss: {0.0709}; IoU: {0.8689}; Prec: {0.9292}; Recall: {0.9304}; F1: {0.9298}; Sens: {0.9304}; Spec: {0.9996}; AUC: {0.9650}
10/25 12:11:01 AM Valid Loss: {0.0784}; IoU: {0.8556}; Prec: {0.9223}; Recall: {0.9220}; F1: {0.9222}; Sens: {0.9220}; Spec: {0.9996}; AUC: {0.9608}
10/25 12:11:01 AM current best loss 0.07708422467112541, mIoU 0.8572138547897339
10/25 12:11:01 AM cost time: {'day': 1.0, 'hour': 22.0, 'minute': 18.0, 'second': 23}
10/25 12:11:01 AM => Epoch 594, lr 0.0001999948999017271
10/25 12:17:21 AM Train Loss: {0.0709}; IoU: {0.8693}; Prec: {0.9295}; Recall: {0.9307}; F1: {0.9301}; Sens: {0.9307}; Spec: {0.9996}; AUC: {0.9651}
10/25 12:18:19 AM Valid Loss: {0.0784}; IoU: {0.8556}; Prec: {0.9224}; Recall: {0.9220}; F1: {0.9222}; Sens: {0.9220}; Spec: {0.9996}; AUC: {0.9608}
10/25 12:18:19 AM current best loss 0.07708422467112541, mIoU 0.8572138547897339
10/25 12:18:19 AM cost time: {'day': 1.0, 'hour': 22.0, 'minute': 25.0, 'second': 41}
10/25 12:18:19 AM => Epoch 595, lr 0.00019999488280171863
10/25 12:24:42 AM Train Loss: {0.0712}; IoU: {0.8688}; Prec: {0.9277}; Recall: {0.9319}; F1: {0.9298}; Sens: {0.9319}; Spec: {0.9996}; AUC: {0.9657}
10/25 12:25:41 AM Valid Loss: {0.0792}; IoU: {0.8539}; Prec: {0.9213}; Recall: {0.9212}; F1: {0.9212}; Sens: {0.9212}; Spec: {0.9995}; AUC: {0.9604}
10/25 12:25:41 AM current best loss 0.07708422467112541, mIoU 0.8572138547897339
10/25 12:25:41 AM cost time: {'day': 1.0, 'hour': 22.0, 'minute': 33.0, 'second': 3}
10/25 12:25:41 AM => Epoch 596, lr 0.00019999486567309188
10/25 12:32:01 AM Train Loss: {0.0705}; IoU: {0.8696}; Prec: {0.9292}; Recall: {0.9313}; F1: {0.9302}; Sens: {0.9313}; Spec: {0.9996}; AUC: {0.9655}
10/25 12:33:00 AM Valid Loss: {0.0785}; IoU: {0.8552}; Prec: {0.9308}; Recall: {0.9133}; F1: {0.9220}; Sens: {0.9133}; Spec: {0.9996}; AUC: {0.9565}
10/25 12:33:00 AM current best loss 0.07708422467112541, mIoU 0.8572138547897339
10/25 12:33:00 AM cost time: {'day': 1.0, 'hour': 22.0, 'minute': 40.0, 'second': 22}
10/25 12:33:00 AM => Epoch 597, lr 0.000199994848515847
10/25 12:39:20 AM Train Loss: {0.0709}; IoU: {0.8686}; Prec: {0.9277}; Recall: {0.9316}; F1: {0.9297}; Sens: {0.9316}; Spec: {0.9996}; AUC: {0.9656}
10/25 12:40:18 AM Valid Loss: {0.0797}; IoU: {0.8531}; Prec: {0.9321}; Recall: {0.9096}; F1: {0.9207}; Sens: {0.9096}; Spec: {0.9996}; AUC: {0.9546}
10/25 12:40:18 AM current best loss 0.07708422467112541, mIoU 0.8572138547897339
10/25 12:40:18 AM cost time: {'day': 1.0, 'hour': 22.0, 'minute': 47.0, 'second': 40}
10/25 12:40:18 AM => Epoch 598, lr 0.0001999948313299838
10/25 12:46:38 AM Train Loss: {0.0711}; IoU: {0.8689}; Prec: {0.9283}; Recall: {0.9314}; F1: {0.9298}; Sens: {0.9314}; Spec: {0.9996}; AUC: {0.9655}
10/25 12:47:36 AM Valid Loss: {0.0798}; IoU: {0.8533}; Prec: {0.9140}; Recall: {0.9278}; F1: {0.9208}; Sens: {0.9278}; Spec: {0.9995}; AUC: {0.9636}
10/25 12:47:36 AM current best loss 0.07708422467112541, mIoU 0.8572138547897339
10/25 12:47:36 AM cost time: {'day': 1.0, 'hour': 22.0, 'minute': 54.0, 'second': 58}
10/25 12:47:36 AM => Epoch 599, lr 0.0001999948141155024
10/25 12:54:00 AM Train Loss: {0.0708}; IoU: {0.8693}; Prec: {0.9291}; Recall: {0.9311}; F1: {0.9301}; Sens: {0.9311}; Spec: {0.9996}; AUC: {0.9653}
10/25 12:54:59 AM Valid Loss: {0.0806}; IoU: {0.8513}; Prec: {0.9250}; Recall: {0.9144}; F1: {0.9197}; Sens: {0.9144}; Spec: {0.9996}; AUC: {0.9570}
10/25 12:54:59 AM current best loss 0.07708422467112541, mIoU 0.8572138547897339
10/25 12:54:59 AM cost time: {'day': 1.0, 'hour': 23.0, 'minute': 2.0, 'second': 21}
10/25 12:54:59 AM => Epoch 600, lr 0.00019999479687240286
10/25 01:01:23 AM Train Loss: {0.0708}; IoU: {0.8697}; Prec: {0.9292}; Recall: {0.9313}; F1: {0.9303}; Sens: {0.9313}; Spec: {0.9996}; AUC: {0.9655}
10/25 01:02:23 AM Valid Loss: {0.0806}; IoU: {0.8520}; Prec: {0.9054}; Recall: {0.9352}; F1: {0.9201}; Sens: {0.9352}; Spec: {0.9994}; AUC: {0.9673}
10/25 01:03:33 AM Test Loss: {0.0809}; IoU: {0.8509}; Prec: {0.9035}; Recall: {0.9359}; F1: {0.9194}; Sens: {0.9359}; Spec: {0.9994}; AUC: {0.9677}
10/25 01:03:33 AM current best loss 0.07708422467112541, mIoU 0.8572138547897339
10/25 01:03:33 AM cost time: {'day': 1.0, 'hour': 23.0, 'minute': 10.0, 'second': 55}
10/25 01:03:33 AM => Epoch 601, lr 0.00019999477960068508
10/25 01:09:57 AM Train Loss: {0.0705}; IoU: {0.8693}; Prec: {0.9288}; Recall: {0.9314}; F1: {0.9301}; Sens: {0.9314}; Spec: {0.9996}; AUC: {0.9655}
10/25 01:10:56 AM Valid Loss: {0.0793}; IoU: {0.8538}; Prec: {0.9318}; Recall: {0.9108}; F1: {0.9211}; Sens: {0.9108}; Spec: {0.9996}; AUC: {0.9552}
10/25 01:10:56 AM current best loss 0.07708422467112541, mIoU 0.8572138547897339
10/25 01:10:56 AM cost time: {'day': 1.0, 'hour': 23.0, 'minute': 18.0, 'second': 18}
10/25 01:10:56 AM => Epoch 602, lr 0.00019999476230034906
10/25 01:17:19 AM Train Loss: {0.0711}; IoU: {0.8684}; Prec: {0.9285}; Recall: {0.9307}; F1: {0.9296}; Sens: {0.9307}; Spec: {0.9996}; AUC: {0.9651}
10/25 01:18:18 AM Valid Loss: {0.0782}; IoU: {0.8560}; Prec: {0.9228}; Recall: {0.9220}; F1: {0.9224}; Sens: {0.9220}; Spec: {0.9996}; AUC: {0.9608}
10/25 01:18:18 AM current best loss 0.07708422467112541, mIoU 0.8572138547897339
10/25 01:18:18 AM cost time: {'day': 1.0, 'hour': 23.0, 'minute': 25.0, 'second': 40}
10/25 01:18:18 AM => Epoch 603, lr 0.00019999474497139487
10/25 01:24:45 AM Train Loss: {0.0710}; IoU: {0.8687}; Prec: {0.9277}; Recall: {0.9317}; F1: {0.9297}; Sens: {0.9317}; Spec: {0.9996}; AUC: {0.9656}
10/25 01:25:44 AM Valid Loss: {0.0783}; IoU: {0.8553}; Prec: {0.9276}; Recall: {0.9165}; F1: {0.9220}; Sens: {0.9165}; Spec: {0.9996}; AUC: {0.9580}
10/25 01:25:44 AM current best loss 0.07708422467112541, mIoU 0.8572138547897339
10/25 01:25:44 AM cost time: {'day': 1.0, 'hour': 23.0, 'minute': 33.0, 'second': 7}
10/25 01:25:44 AM => Epoch 604, lr 0.0001999947276138225
10/25 01:32:12 AM Train Loss: {0.0709}; IoU: {0.8684}; Prec: {0.9290}; Recall: {0.9301}; F1: {0.9295}; Sens: {0.9301}; Spec: {0.9996}; AUC: {0.9648}
10/25 01:33:12 AM Valid Loss: {0.0819}; IoU: {0.8496}; Prec: {0.9059}; Recall: {0.9318}; F1: {0.9187}; Sens: {0.9318}; Spec: {0.9994}; AUC: {0.9656}
10/25 01:33:12 AM current best loss 0.07708422467112541, mIoU 0.8572138547897339
10/25 01:33:12 AM cost time: {'day': 1.0, 'hour': 23.0, 'minute': 40.0, 'second': 34}
10/25 01:33:12 AM => Epoch 605, lr 0.00019999471022763196
10/25 01:39:35 AM Train Loss: {0.0708}; IoU: {0.8688}; Prec: {0.9284}; Recall: {0.9313}; F1: {0.9298}; Sens: {0.9313}; Spec: {0.9996}; AUC: {0.9654}
10/25 01:40:33 AM Valid Loss: {0.0787}; IoU: {0.8550}; Prec: {0.9239}; Recall: {0.9197}; F1: {0.9218}; Sens: {0.9197}; Spec: {0.9996}; AUC: {0.9597}
10/25 01:40:33 AM current best loss 0.07708422467112541, mIoU 0.8572138547897339
10/25 01:40:33 AM cost time: {'day': 1.0, 'hour': 23.0, 'minute': 47.0, 'second': 55}
10/25 01:40:33 AM => Epoch 606, lr 0.0001999946928128232
10/25 01:46:52 AM Train Loss: {0.0705}; IoU: {0.8693}; Prec: {0.9284}; Recall: {0.9317}; F1: {0.9301}; Sens: {0.9317}; Spec: {0.9996}; AUC: {0.9656}
10/25 01:47:49 AM Valid Loss: {0.0793}; IoU: {0.8539}; Prec: {0.9255}; Recall: {0.9170}; F1: {0.9212}; Sens: {0.9170}; Spec: {0.9996}; AUC: {0.9583}
10/25 01:47:49 AM current best loss 0.07708422467112541, mIoU 0.8572138547897339
10/25 01:47:49 AM cost time: {'day': 1.0, 'hour': 23.0, 'minute': 55.0, 'second': 12}
10/25 01:47:49 AM => Epoch 607, lr 0.00019999467536939628
10/25 01:54:06 AM Train Loss: {0.0714}; IoU: {0.8682}; Prec: {0.9288}; Recall: {0.9302}; F1: {0.9295}; Sens: {0.9302}; Spec: {0.9996}; AUC: {0.9649}
10/25 01:55:03 AM Valid Loss: {0.0782}; IoU: {0.8558}; Prec: {0.9273}; Recall: {0.9174}; F1: {0.9223}; Sens: {0.9174}; Spec: {0.9996}; AUC: {0.9585}
10/25 01:55:03 AM current best loss 0.07708422467112541, mIoU 0.8572138547897339
10/25 01:55:03 AM cost time: {'day': 2.0, 'hour': 0.0, 'minute': 2.0, 'second': 25}
10/25 01:55:03 AM => Epoch 608, lr 0.0001999946578973512
10/25 02:01:22 AM Train Loss: {0.0705}; IoU: {0.8694}; Prec: {0.9296}; Recall: {0.9308}; F1: {0.9302}; Sens: {0.9308}; Spec: {0.9996}; AUC: {0.9652}
10/25 02:02:20 AM Valid Loss: {0.0793}; IoU: {0.8537}; Prec: {0.9140}; Recall: {0.9283}; F1: {0.9211}; Sens: {0.9283}; Spec: {0.9995}; AUC: {0.9639}
10/25 02:02:20 AM current best loss 0.07708422467112541, mIoU 0.8572138547897339
10/25 02:02:20 AM cost time: {'day': 2.0, 'hour': 0.0, 'minute': 9.0, 'second': 42}
10/25 02:02:20 AM => Epoch 609, lr 0.00019999464039668796
10/25 02:08:39 AM Train Loss: {0.0710}; IoU: {0.8690}; Prec: {0.9286}; Recall: {0.9312}; F1: {0.9299}; Sens: {0.9312}; Spec: {0.9996}; AUC: {0.9654}
10/25 02:09:37 AM Valid Loss: {0.0777}; IoU: {0.8568}; Prec: {0.9210}; Recall: {0.9247}; F1: {0.9229}; Sens: {0.9247}; Spec: {0.9995}; AUC: {0.9621}
10/25 02:09:37 AM current best loss 0.07708422467112541, mIoU 0.8572138547897339
10/25 02:09:37 AM cost time: {'day': 2.0, 'hour': 0.0, 'minute': 16.0, 'second': 59}
10/25 02:09:37 AM => Epoch 610, lr 0.00019999462286740652
10/25 02:15:59 AM Train Loss: {0.0708}; IoU: {0.8692}; Prec: {0.9278}; Recall: {0.9323}; F1: {0.9300}; Sens: {0.9323}; Spec: {0.9996}; AUC: {0.9659}
10/25 02:16:58 AM Valid Loss: {0.0802}; IoU: {0.8523}; Prec: {0.9272}; Recall: {0.9134}; F1: {0.9202}; Sens: {0.9134}; Spec: {0.9996}; AUC: {0.9565}
10/25 02:16:58 AM current best loss 0.07708422467112541, mIoU 0.8572138547897339
10/25 02:16:58 AM cost time: {'day': 2.0, 'hour': 0.0, 'minute': 24.0, 'second': 20}
10/25 02:16:58 AM => Epoch 611, lr 0.00019999460530950697
10/25 02:23:20 AM Train Loss: {0.0706}; IoU: {0.8698}; Prec: {0.9293}; Recall: {0.9314}; F1: {0.9303}; Sens: {0.9314}; Spec: {0.9996}; AUC: {0.9655}
10/25 02:24:18 AM Valid Loss: {0.0794}; IoU: {0.8536}; Prec: {0.9171}; Recall: {0.9249}; F1: {0.9210}; Sens: {0.9249}; Spec: {0.9995}; AUC: {0.9622}
10/25 02:24:18 AM current best loss 0.07708422467112541, mIoU 0.8572138547897339
10/25 02:24:18 AM cost time: {'day': 2.0, 'hour': 0.0, 'minute': 31.0, 'second': 40}
10/25 02:24:18 AM => Epoch 612, lr 0.00019999458772298917
10/25 02:30:40 AM Train Loss: {0.0704}; IoU: {0.8697}; Prec: {0.9294}; Recall: {0.9313}; F1: {0.9303}; Sens: {0.9313}; Spec: {0.9996}; AUC: {0.9654}
10/25 02:31:38 AM Valid Loss: {0.0803}; IoU: {0.8520}; Prec: {0.9372}; Recall: {0.9036}; F1: {0.9201}; Sens: {0.9036}; Spec: {0.9997}; AUC: {0.9516}
10/25 02:31:38 AM current best loss 0.07708422467112541, mIoU 0.8572138547897339
10/25 02:31:38 AM cost time: {'day': 2.0, 'hour': 0.0, 'minute': 39.0, 'second': 1}
10/25 02:31:38 AM => Epoch 613, lr 0.0001999945701078534
10/25 02:38:01 AM Train Loss: {0.0706}; IoU: {0.8694}; Prec: {0.9285}; Recall: {0.9317}; F1: {0.9301}; Sens: {0.9317}; Spec: {0.9996}; AUC: {0.9657}
10/25 02:38:59 AM Valid Loss: {0.0787}; IoU: {0.8548}; Prec: {0.9237}; Recall: {0.9197}; F1: {0.9217}; Sens: {0.9197}; Spec: {0.9996}; AUC: {0.9596}
10/25 02:38:59 AM current best loss 0.07708422467112541, mIoU 0.8572138547897339
10/25 02:38:59 AM cost time: {'day': 2.0, 'hour': 0.0, 'minute': 46.0, 'second': 21}
10/25 02:38:59 AM => Epoch 614, lr 0.00019999455246409937
10/25 02:45:28 AM Train Loss: {0.0705}; IoU: {0.8696}; Prec: {0.9290}; Recall: {0.9315}; F1: {0.9302}; Sens: {0.9315}; Spec: {0.9996}; AUC: {0.9655}
10/25 02:46:27 AM Valid Loss: {0.0787}; IoU: {0.8550}; Prec: {0.9303}; Recall: {0.9135}; F1: {0.9218}; Sens: {0.9135}; Spec: {0.9996}; AUC: {0.9566}
10/25 02:46:27 AM current best loss 0.07708422467112541, mIoU 0.8572138547897339
10/25 02:46:27 AM cost time: {'day': 2.0, 'hour': 0.0, 'minute': 53.0, 'second': 49}
10/25 02:46:27 AM => Epoch 615, lr 0.00019999453479172728
10/25 02:52:51 AM Train Loss: {0.0708}; IoU: {0.8701}; Prec: {0.9293}; Recall: {0.9318}; F1: {0.9305}; Sens: {0.9318}; Spec: {0.9996}; AUC: {0.9657}
10/25 02:53:49 AM Valid Loss: {0.0798}; IoU: {0.8529}; Prec: {0.9324}; Recall: {0.9091}; F1: {0.9206}; Sens: {0.9091}; Spec: {0.9996}; AUC: {0.9544}
10/25 02:53:49 AM current best loss 0.07708422467112541, mIoU 0.8572138547897339
10/25 02:53:49 AM cost time: {'day': 2.0, 'hour': 1.0, 'minute': 1.0, 'second': 11}
10/25 02:53:49 AM => Epoch 616, lr 0.000199994517090737
10/25 03:00:11 AM Train Loss: {0.0713}; IoU: {0.8682}; Prec: {0.9284}; Recall: {0.9304}; F1: {0.9294}; Sens: {0.9304}; Spec: {0.9996}; AUC: {0.9650}
10/25 03:01:09 AM Valid Loss: {0.0795}; IoU: {0.8533}; Prec: {0.9230}; Recall: {0.9187}; F1: {0.9208}; Sens: {0.9187}; Spec: {0.9996}; AUC: {0.9591}
10/25 03:01:09 AM current best loss 0.07708422467112541, mIoU 0.8572138547897339
10/25 03:01:09 AM cost time: {'day': 2.0, 'hour': 1.0, 'minute': 8.0, 'second': 31}
10/25 03:01:09 AM => Epoch 617, lr 0.0001999944993611286
10/25 03:07:34 AM Train Loss: {0.0707}; IoU: {0.8692}; Prec: {0.9285}; Recall: {0.9315}; F1: {0.9300}; Sens: {0.9315}; Spec: {0.9996}; AUC: {0.9656}
10/25 03:08:32 AM Valid Loss: {0.0800}; IoU: {0.8525}; Prec: {0.9296}; Recall: {0.9113}; F1: {0.9204}; Sens: {0.9113}; Spec: {0.9996}; AUC: {0.9555}
10/25 03:08:32 AM current best loss 0.07708422467112541, mIoU 0.8572138547897339
10/25 03:08:32 AM cost time: {'day': 2.0, 'hour': 1.0, 'minute': 15.0, 'second': 54}
10/25 03:08:32 AM => Epoch 618, lr 0.00019999448160290214
10/25 03:14:59 AM Train Loss: {0.0705}; IoU: {0.8701}; Prec: {0.9299}; Recall: {0.9312}; F1: {0.9305}; Sens: {0.9312}; Spec: {0.9996}; AUC: {0.9654}
10/25 03:15:58 AM Valid Loss: {0.0789}; IoU: {0.8545}; Prec: {0.9255}; Recall: {0.9176}; F1: {0.9216}; Sens: {0.9176}; Spec: {0.9996}; AUC: {0.9586}
10/25 03:15:58 AM current best loss 0.07708422467112541, mIoU 0.8572138547897339
10/25 03:15:58 AM cost time: {'day': 2.0, 'hour': 1.0, 'minute': 23.0, 'second': 21}
10/25 03:15:58 AM => Epoch 619, lr 0.0001999944638160575
10/25 03:22:20 AM Train Loss: {0.0699}; IoU: {0.8702}; Prec: {0.9281}; Recall: {0.9331}; F1: {0.9306}; Sens: {0.9331}; Spec: {0.9996}; AUC: {0.9663}
10/25 03:23:19 AM Valid Loss: {0.0798}; IoU: {0.8529}; Prec: {0.9344}; Recall: {0.9073}; F1: {0.9206}; Sens: {0.9073}; Spec: {0.9996}; AUC: {0.9535}
10/25 03:23:19 AM current best loss 0.07708422467112541, mIoU 0.8572138547897339
10/25 03:23:19 AM cost time: {'day': 2.0, 'hour': 1.0, 'minute': 30.0, 'second': 41}
10/25 03:23:19 AM => Epoch 620, lr 0.00019999444600059482
10/25 03:29:41 AM Train Loss: {0.0704}; IoU: {0.8698}; Prec: {0.9293}; Recall: {0.9314}; F1: {0.9304}; Sens: {0.9314}; Spec: {0.9996}; AUC: {0.9655}
10/25 03:30:40 AM Valid Loss: {0.0785}; IoU: {0.8553}; Prec: {0.9278}; Recall: {0.9163}; F1: {0.9220}; Sens: {0.9163}; Spec: {0.9996}; AUC: {0.9580}
10/25 03:30:40 AM current best loss 0.07708422467112541, mIoU 0.8572138547897339
10/25 03:30:40 AM cost time: {'day': 2.0, 'hour': 1.0, 'minute': 38.0, 'second': 2}
10/25 03:30:40 AM => Epoch 621, lr 0.00019999442815651396
10/25 03:36:58 AM Train Loss: {0.0705}; IoU: {0.8691}; Prec: {0.9288}; Recall: {0.9312}; F1: {0.9300}; Sens: {0.9312}; Spec: {0.9996}; AUC: {0.9654}
10/25 03:37:57 AM Valid Loss: {0.0792}; IoU: {0.8542}; Prec: {0.9304}; Recall: {0.9125}; F1: {0.9213}; Sens: {0.9125}; Spec: {0.9996}; AUC: {0.9561}
10/25 03:37:57 AM current best loss 0.07708422467112541, mIoU 0.8572138547897339
10/25 03:37:57 AM cost time: {'day': 2.0, 'hour': 1.0, 'minute': 45.0, 'second': 19}
10/25 03:37:57 AM => Epoch 622, lr 0.00019999441028381508
10/25 03:44:14 AM Train Loss: {0.0702}; IoU: {0.8697}; Prec: {0.9289}; Recall: {0.9317}; F1: {0.9303}; Sens: {0.9317}; Spec: {0.9996}; AUC: {0.9657}
10/25 03:45:13 AM Valid Loss: {0.0791}; IoU: {0.8545}; Prec: {0.9339}; Recall: {0.9095}; F1: {0.9216}; Sens: {0.9095}; Spec: {0.9996}; AUC: {0.9546}
10/25 03:45:13 AM current best loss 0.07708422467112541, mIoU 0.8572138547897339
10/25 03:45:13 AM cost time: {'day': 2.0, 'hour': 1.0, 'minute': 52.0, 'second': 35}
10/25 03:45:13 AM => Epoch 623, lr 0.00019999439238249804
10/25 03:51:31 AM Train Loss: {0.0703}; IoU: {0.8700}; Prec: {0.9290}; Recall: {0.9320}; F1: {0.9305}; Sens: {0.9320}; Spec: {0.9996}; AUC: {0.9658}
10/25 03:52:30 AM Valid Loss: {0.0790}; IoU: {0.8545}; Prec: {0.9122}; Recall: {0.9311}; F1: {0.9216}; Sens: {0.9311}; Spec: {0.9995}; AUC: {0.9653}
10/25 03:52:30 AM current best loss 0.07708422467112541, mIoU 0.8572138547897339
10/25 03:52:30 AM cost time: {'day': 2.0, 'hour': 1.0, 'minute': 59.0, 'second': 52}
10/25 03:52:30 AM => Epoch 624, lr 0.00019999437445256297
10/25 03:58:47 AM Train Loss: {0.0709}; IoU: {0.8690}; Prec: {0.9284}; Recall: {0.9314}; F1: {0.9299}; Sens: {0.9314}; Spec: {0.9996}; AUC: {0.9655}
10/25 03:59:46 AM Valid Loss: {0.0797}; IoU: {0.8533}; Prec: {0.9181}; Recall: {0.9235}; F1: {0.9208}; Sens: {0.9235}; Spec: {0.9995}; AUC: {0.9615}
10/25 03:59:46 AM current best loss 0.07708422467112541, mIoU 0.8572138547897339
10/25 03:59:46 AM cost time: {'day': 2.0, 'hour': 2.0, 'minute': 7.0, 'second': 8}
10/25 03:59:46 AM => Epoch 625, lr 0.00019999435649400982
10/25 04:06:04 AM Train Loss: {0.0705}; IoU: {0.8695}; Prec: {0.9286}; Recall: {0.9318}; F1: {0.9302}; Sens: {0.9318}; Spec: {0.9996}; AUC: {0.9657}
10/25 04:07:03 AM Valid Loss: {0.0798}; IoU: {0.8530}; Prec: {0.9293}; Recall: {0.9123}; F1: {0.9207}; Sens: {0.9123}; Spec: {0.9996}; AUC: {0.9559}
10/25 04:07:03 AM current best loss 0.07708422467112541, mIoU 0.8572138547897339
10/25 04:07:03 AM cost time: {'day': 2.0, 'hour': 2.0, 'minute': 14.0, 'second': 25}
10/25 04:07:03 AM => Epoch 626, lr 0.00019999433850683852
10/25 04:13:16 AM Train Loss: {0.0702}; IoU: {0.8701}; Prec: {0.9287}; Recall: {0.9324}; F1: {0.9305}; Sens: {0.9324}; Spec: {0.9996}; AUC: {0.9660}
10/25 04:14:15 AM Valid Loss: {0.0790}; IoU: {0.8544}; Prec: {0.9349}; Recall: {0.9085}; F1: {0.9215}; Sens: {0.9085}; Spec: {0.9996}; AUC: {0.9541}
10/25 04:14:15 AM current best loss 0.07708422467112541, mIoU 0.8572138547897339
10/25 04:14:15 AM cost time: {'day': 2.0, 'hour': 2.0, 'minute': 21.0, 'second': 37}
10/25 04:14:15 AM => Epoch 627, lr 0.00019999432049104925
10/25 04:20:28 AM Train Loss: {0.0700}; IoU: {0.8700}; Prec: {0.9282}; Recall: {0.9328}; F1: {0.9305}; Sens: {0.9328}; Spec: {0.9996}; AUC: {0.9662}
10/25 04:21:27 AM Valid Loss: {0.0794}; IoU: {0.8537}; Prec: {0.9253}; Recall: {0.9170}; F1: {0.9211}; Sens: {0.9170}; Spec: {0.9996}; AUC: {0.9583}
10/25 04:21:27 AM current best loss 0.07708422467112541, mIoU 0.8572138547897339
10/25 04:21:27 AM cost time: {'day': 2.0, 'hour': 2.0, 'minute': 28.0, 'second': 49}
10/25 04:21:27 AM => Epoch 628, lr 0.00019999430244664184
10/25 04:27:45 AM Train Loss: {0.0701}; IoU: {0.8703}; Prec: {0.9297}; Recall: {0.9316}; F1: {0.9306}; Sens: {0.9316}; Spec: {0.9996}; AUC: {0.9656}
10/25 04:28:44 AM Valid Loss: {0.0807}; IoU: {0.8511}; Prec: {0.9129}; Recall: {0.9263}; F1: {0.9195}; Sens: {0.9263}; Spec: {0.9995}; AUC: {0.9629}
10/25 04:28:44 AM current best loss 0.07708422467112541, mIoU 0.8572138547897339
10/25 04:28:44 AM cost time: {'day': 2.0, 'hour': 2.0, 'minute': 36.0, 'second': 6}
10/25 04:28:44 AM => Epoch 629, lr 0.00019999428437361645
10/25 04:34:58 AM Train Loss: {0.0705}; IoU: {0.8696}; Prec: {0.9279}; Recall: {0.9326}; F1: {0.9302}; Sens: {0.9326}; Spec: {0.9996}; AUC: {0.9661}
10/25 04:35:56 AM Valid Loss: {0.0786}; IoU: {0.8551}; Prec: {0.9314}; Recall: {0.9126}; F1: {0.9219}; Sens: {0.9126}; Spec: {0.9996}; AUC: {0.9561}
10/25 04:35:56 AM current best loss 0.07708422467112541, mIoU 0.8572138547897339
10/25 04:35:56 AM cost time: {'day': 2.0, 'hour': 2.0, 'minute': 43.0, 'second': 18}
10/25 04:35:56 AM => Epoch 630, lr 0.00019999426627197297
10/25 04:42:11 AM Train Loss: {0.0703}; IoU: {0.8698}; Prec: {0.9288}; Recall: {0.9319}; F1: {0.9304}; Sens: {0.9319}; Spec: {0.9996}; AUC: {0.9658}
10/25 04:43:10 AM Valid Loss: {0.0782}; IoU: {0.8556}; Prec: {0.9204}; Recall: {0.9239}; F1: {0.9222}; Sens: {0.9239}; Spec: {0.9995}; AUC: {0.9617}
10/25 04:43:10 AM current best loss 0.07708422467112541, mIoU 0.8572138547897339
10/25 04:43:10 AM cost time: {'day': 2.0, 'hour': 2.0, 'minute': 50.0, 'second': 32}
10/25 04:43:10 AM => Epoch 631, lr 0.0001999942481417114
10/25 04:49:22 AM Train Loss: {0.0704}; IoU: {0.8699}; Prec: {0.9284}; Recall: {0.9325}; F1: {0.9304}; Sens: {0.9325}; Spec: {0.9996}; AUC: {0.9660}
10/25 04:50:21 AM Valid Loss: {0.0803}; IoU: {0.8520}; Prec: {0.9389}; Recall: {0.9020}; F1: {0.9201}; Sens: {0.9020}; Spec: {0.9997}; AUC: {0.9508}
10/25 04:50:21 AM current best loss 0.07708422467112541, mIoU 0.8572138547897339
10/25 04:50:21 AM cost time: {'day': 2.0, 'hour': 2.0, 'minute': 57.0, 'second': 43}
10/25 04:50:21 AM => Epoch 632, lr 0.00019999422998283185
10/25 04:56:33 AM Train Loss: {0.0702}; IoU: {0.8699}; Prec: {0.9284}; Recall: {0.9325}; F1: {0.9304}; Sens: {0.9325}; Spec: {0.9996}; AUC: {0.9660}
10/25 04:57:30 AM Valid Loss: {0.0824}; IoU: {0.8487}; Prec: {0.9005}; Recall: {0.9364}; F1: {0.9181}; Sens: {0.9364}; Spec: {0.9994}; AUC: {0.9679}
10/25 04:57:30 AM current best loss 0.07708422467112541, mIoU 0.8572138547897339
10/25 04:57:30 AM cost time: {'day': 2.0, 'hour': 3.0, 'minute': 4.0, 'second': 52}
10/25 04:57:30 AM => Epoch 633, lr 0.00019999421179533425
10/25 05:03:47 AM Train Loss: {0.0706}; IoU: {0.8697}; Prec: {0.9292}; Recall: {0.9314}; F1: {0.9303}; Sens: {0.9314}; Spec: {0.9996}; AUC: {0.9655}
10/25 05:04:47 AM Valid Loss: {0.0789}; IoU: {0.8543}; Prec: {0.9193}; Recall: {0.9236}; F1: {0.9214}; Sens: {0.9236}; Spec: {0.9995}; AUC: {0.9616}
10/25 05:04:47 AM current best loss 0.07708422467112541, mIoU 0.8572138547897339
10/25 05:04:47 AM cost time: {'day': 2.0, 'hour': 3.0, 'minute': 12.0, 'second': 9}
10/25 05:04:47 AM => Epoch 634, lr 0.00019999419357921862
10/25 05:11:02 AM Train Loss: {0.0707}; IoU: {0.8695}; Prec: {0.9289}; Recall: {0.9314}; F1: {0.9302}; Sens: {0.9314}; Spec: {0.9996}; AUC: {0.9655}
10/25 05:12:01 AM Valid Loss: {0.0795}; IoU: {0.8533}; Prec: {0.9177}; Recall: {0.9241}; F1: {0.9209}; Sens: {0.9241}; Spec: {0.9995}; AUC: {0.9618}
10/25 05:12:01 AM current best loss 0.07708422467112541, mIoU 0.8572138547897339
10/25 05:12:01 AM cost time: {'day': 2.0, 'hour': 3.0, 'minute': 19.0, 'second': 23}
10/25 05:12:01 AM => Epoch 635, lr 0.00019999417533448494
10/25 05:18:16 AM Train Loss: {0.0708}; IoU: {0.8697}; Prec: {0.9293}; Recall: {0.9313}; F1: {0.9303}; Sens: {0.9313}; Spec: {0.9996}; AUC: {0.9654}
10/25 05:19:14 AM Valid Loss: {0.0788}; IoU: {0.8546}; Prec: {0.9226}; Recall: {0.9206}; F1: {0.9216}; Sens: {0.9206}; Spec: {0.9996}; AUC: {0.9601}
10/25 05:19:14 AM current best loss 0.07708422467112541, mIoU 0.8572138547897339
10/25 05:19:14 AM cost time: {'day': 2.0, 'hour': 3.0, 'minute': 26.0, 'second': 36}
10/25 05:19:14 AM => Epoch 636, lr 0.00019999415706113325
10/25 05:25:30 AM Train Loss: {0.0703}; IoU: {0.8700}; Prec: {0.9291}; Recall: {0.9319}; F1: {0.9305}; Sens: {0.9319}; Spec: {0.9996}; AUC: {0.9657}
10/25 05:26:28 AM Valid Loss: {0.0782}; IoU: {0.8558}; Prec: {0.9271}; Recall: {0.9175}; F1: {0.9223}; Sens: {0.9175}; Spec: {0.9996}; AUC: {0.9586}
10/25 05:26:28 AM current best loss 0.07708422467112541, mIoU 0.8572138547897339
10/25 05:26:28 AM cost time: {'day': 2.0, 'hour': 3.0, 'minute': 33.0, 'second': 50}
10/25 05:26:28 AM => Epoch 637, lr 0.00019999413875916355
10/25 05:32:43 AM Train Loss: {0.0703}; IoU: {0.8698}; Prec: {0.9292}; Recall: {0.9315}; F1: {0.9303}; Sens: {0.9315}; Spec: {0.9996}; AUC: {0.9656}
10/25 05:33:40 AM Valid Loss: {0.0782}; IoU: {0.8557}; Prec: {0.9279}; Recall: {0.9167}; F1: {0.9222}; Sens: {0.9167}; Spec: {0.9996}; AUC: {0.9581}
10/25 05:33:40 AM current best loss 0.07708422467112541, mIoU 0.8572138547897339
10/25 05:33:40 AM cost time: {'day': 2.0, 'hour': 3.0, 'minute': 41.0, 'second': 2}
10/25 05:33:40 AM => Epoch 638, lr 0.00019999412042857585
10/25 05:40:01 AM Train Loss: {0.0702}; IoU: {0.8704}; Prec: {0.9288}; Recall: {0.9326}; F1: {0.9307}; Sens: {0.9326}; Spec: {0.9996}; AUC: {0.9661}
10/25 05:40:59 AM Valid Loss: {0.0783}; IoU: {0.8556}; Prec: {0.9318}; Recall: {0.9128}; F1: {0.9222}; Sens: {0.9128}; Spec: {0.9996}; AUC: {0.9562}
10/25 05:40:59 AM current best loss 0.07708422467112541, mIoU 0.8572138547897339
10/25 05:40:59 AM cost time: {'day': 2.0, 'hour': 3.0, 'minute': 48.0, 'second': 21}
10/25 05:40:59 AM => Epoch 639, lr 0.00019999410206937012
10/25 05:47:13 AM Train Loss: {0.0700}; IoU: {0.8706}; Prec: {0.9292}; Recall: {0.9325}; F1: {0.9309}; Sens: {0.9325}; Spec: {0.9996}; AUC: {0.9661}
10/25 05:48:11 AM Valid Loss: {0.0801}; IoU: {0.8524}; Prec: {0.9191}; Recall: {0.9215}; F1: {0.9203}; Sens: {0.9215}; Spec: {0.9995}; AUC: {0.9605}
10/25 05:48:11 AM current best loss 0.07708422467112541, mIoU 0.8572138547897339
10/25 05:48:11 AM cost time: {'day': 2.0, 'hour': 3.0, 'minute': 55.0, 'second': 33}
10/25 05:48:11 AM => Epoch 640, lr 0.00019999408368154642
10/25 05:54:24 AM Train Loss: {0.0702}; IoU: {0.8703}; Prec: {0.9288}; Recall: {0.9326}; F1: {0.9307}; Sens: {0.9326}; Spec: {0.9996}; AUC: {0.9661}
10/25 05:55:22 AM Valid Loss: {0.0799}; IoU: {0.8529}; Prec: {0.9309}; Recall: {0.9106}; F1: {0.9206}; Sens: {0.9106}; Spec: {0.9996}; AUC: {0.9551}
10/25 05:55:22 AM current best loss 0.07708422467112541, mIoU 0.8572138547897339
10/25 05:55:22 AM cost time: {'day': 2.0, 'hour': 4.0, 'minute': 2.0, 'second': 44}
10/25 05:55:22 AM => Epoch 641, lr 0.00019999406526510473
10/25 06:01:34 AM Train Loss: {0.0704}; IoU: {0.8697}; Prec: {0.9290}; Recall: {0.9316}; F1: {0.9303}; Sens: {0.9316}; Spec: {0.9996}; AUC: {0.9656}
10/25 06:02:32 AM Valid Loss: {0.0784}; IoU: {0.8553}; Prec: {0.9204}; Recall: {0.9236}; F1: {0.9220}; Sens: {0.9236}; Spec: {0.9995}; AUC: {0.9616}
10/25 06:02:32 AM current best loss 0.07708422467112541, mIoU 0.8572138547897339
10/25 06:02:32 AM cost time: {'day': 2.0, 'hour': 4.0, 'minute': 9.0, 'second': 54}
10/25 06:02:32 AM => Epoch 642, lr 0.00019999404682004507
10/25 06:08:44 AM Train Loss: {0.0707}; IoU: {0.8692}; Prec: {0.9286}; Recall: {0.9315}; F1: {0.9300}; Sens: {0.9315}; Spec: {0.9996}; AUC: {0.9655}
10/25 06:09:41 AM Valid Loss: {0.0787}; IoU: {0.8551}; Prec: {0.9384}; Recall: {0.9059}; F1: {0.9219}; Sens: {0.9059}; Spec: {0.9997}; AUC: {0.9528}
10/25 06:09:41 AM current best loss 0.07708422467112541, mIoU 0.8572138547897339
10/25 06:09:41 AM cost time: {'day': 2.0, 'hour': 4.0, 'minute': 17.0, 'second': 3}
10/25 06:09:41 AM => Epoch 643, lr 0.00019999402834636738
10/25 06:15:54 AM Train Loss: {0.0701}; IoU: {0.8704}; Prec: {0.9290}; Recall: {0.9324}; F1: {0.9307}; Sens: {0.9324}; Spec: {0.9996}; AUC: {0.9660}
10/25 06:16:52 AM Valid Loss: {0.0793}; IoU: {0.8537}; Prec: {0.9186}; Recall: {0.9236}; F1: {0.9211}; Sens: {0.9236}; Spec: {0.9995}; AUC: {0.9616}
10/25 06:16:52 AM current best loss 0.07708422467112541, mIoU 0.8572138547897339
10/25 06:16:52 AM cost time: {'day': 2.0, 'hour': 4.0, 'minute': 24.0, 'second': 14}
10/25 06:16:52 AM => Epoch 644, lr 0.00019999400984407173
10/25 06:23:04 AM Train Loss: {0.0700}; IoU: {0.8706}; Prec: {0.9293}; Recall: {0.9324}; F1: {0.9308}; Sens: {0.9324}; Spec: {0.9996}; AUC: {0.9660}
10/25 06:24:02 AM Valid Loss: {0.0781}; IoU: {0.8558}; Prec: {0.9300}; Recall: {0.9147}; F1: {0.9223}; Sens: {0.9147}; Spec: {0.9996}; AUC: {0.9572}
10/25 06:24:02 AM current best loss 0.07708422467112541, mIoU 0.8572138547897339
10/25 06:24:02 AM cost time: {'day': 2.0, 'hour': 4.0, 'minute': 31.0, 'second': 24}
10/25 06:24:02 AM => Epoch 645, lr 0.00019999399131315814
10/25 06:30:21 AM Train Loss: {0.0701}; IoU: {0.8704}; Prec: {0.9287}; Recall: {0.9327}; F1: {0.9307}; Sens: {0.9327}; Spec: {0.9996}; AUC: {0.9661}
10/25 06:31:20 AM Valid Loss: {0.0801}; IoU: {0.8522}; Prec: {0.9253}; Recall: {0.9152}; F1: {0.9202}; Sens: {0.9152}; Spec: {0.9996}; AUC: {0.9574}
10/25 06:31:20 AM current best loss 0.07708422467112541, mIoU 0.8572138547897339
10/25 06:31:20 AM cost time: {'day': 2.0, 'hour': 4.0, 'minute': 38.0, 'second': 42}
10/25 06:31:20 AM => Epoch 646, lr 0.00019999397275362654
10/25 06:37:35 AM Train Loss: {0.0698}; IoU: {0.8705}; Prec: {0.9294}; Recall: {0.9321}; F1: {0.9308}; Sens: {0.9321}; Spec: {0.9996}; AUC: {0.9659}
10/25 06:38:33 AM Valid Loss: {0.0790}; IoU: {0.8541}; Prec: {0.9371}; Recall: {0.9061}; F1: {0.9213}; Sens: {0.9061}; Spec: {0.9997}; AUC: {0.9529}
10/25 06:38:33 AM current best loss 0.07708422467112541, mIoU 0.8572138547897339
10/25 06:38:33 AM cost time: {'day': 2.0, 'hour': 4.0, 'minute': 45.0, 'second': 56}
10/25 06:38:33 AM => Epoch 647, lr 0.00019999395416547697
10/25 06:44:52 AM Train Loss: {0.0700}; IoU: {0.8705}; Prec: {0.9299}; Recall: {0.9317}; F1: {0.9308}; Sens: {0.9317}; Spec: {0.9996}; AUC: {0.9656}
10/25 06:45:50 AM Valid Loss: {0.0802}; IoU: {0.8521}; Prec: {0.9143}; Recall: {0.9262}; F1: {0.9202}; Sens: {0.9262}; Spec: {0.9995}; AUC: {0.9628}
10/25 06:45:50 AM current best loss 0.07708422467112541, mIoU 0.8572138547897339
10/25 06:45:50 AM cost time: {'day': 2.0, 'hour': 4.0, 'minute': 53.0, 'second': 12}
10/25 06:45:50 AM => Epoch 648, lr 0.00019999393554870953
10/25 06:52:04 AM Train Loss: {0.0698}; IoU: {0.8709}; Prec: {0.9298}; Recall: {0.9323}; F1: {0.9310}; Sens: {0.9323}; Spec: {0.9996}; AUC: {0.9659}
10/25 06:53:02 AM Valid Loss: {0.0811}; IoU: {0.8506}; Prec: {0.9136}; Recall: {0.9250}; F1: {0.9193}; Sens: {0.9250}; Spec: {0.9995}; AUC: {0.9622}
10/25 06:53:02 AM current best loss 0.07708422467112541, mIoU 0.8572138547897339
10/25 06:53:02 AM cost time: {'day': 2.0, 'hour': 5.0, 'minute': 0.0, 'second': 24}
10/25 06:53:02 AM => Epoch 649, lr 0.0001999939169033241
10/25 06:59:16 AM Train Loss: {0.0697}; IoU: {0.8708}; Prec: {0.9284}; Recall: {0.9335}; F1: {0.9309}; Sens: {0.9335}; Spec: {0.9996}; AUC: {0.9665}
10/25 07:00:14 AM Valid Loss: {0.0783}; IoU: {0.8554}; Prec: {0.9217}; Recall: {0.9224}; F1: {0.9221}; Sens: {0.9224}; Spec: {0.9996}; AUC: {0.9610}
10/25 07:00:14 AM current best loss 0.07708422467112541, mIoU 0.8572138547897339
10/25 07:00:14 AM cost time: {'day': 2.0, 'hour': 5.0, 'minute': 7.0, 'second': 36}
10/25 07:00:14 AM => Epoch 650, lr 0.0001999938982293207
10/25 07:06:28 AM Train Loss: {0.0703}; IoU: {0.8704}; Prec: {0.9291}; Recall: {0.9323}; F1: {0.9307}; Sens: {0.9323}; Spec: {0.9996}; AUC: {0.9660}
10/25 07:07:26 AM Valid Loss: {0.0777}; IoU: {0.8565}; Prec: {0.9233}; Recall: {0.9221}; F1: {0.9227}; Sens: {0.9221}; Spec: {0.9996}; AUC: {0.9608}
10/25 07:08:34 AM Test Loss: {0.0803}; IoU: {0.8549}; Prec: {0.9200}; Recall: {0.9236}; F1: {0.9218}; Sens: {0.9236}; Spec: {0.9995}; AUC: {0.9615}
10/25 07:08:34 AM current best loss 0.07708422467112541, mIoU 0.8572138547897339
10/25 07:08:34 AM cost time: {'day': 2.0, 'hour': 5.0, 'minute': 15.0, 'second': 56}
10/25 07:08:34 AM => Epoch 651, lr 0.00019999387952669942
10/25 07:14:53 AM Train Loss: {0.0703}; IoU: {0.8702}; Prec: {0.9290}; Recall: {0.9322}; F1: {0.9306}; Sens: {0.9322}; Spec: {0.9996}; AUC: {0.9659}
10/25 07:15:52 AM Valid Loss: {0.0782}; IoU: {0.8557}; Prec: {0.9273}; Recall: {0.9172}; F1: {0.9222}; Sens: {0.9172}; Spec: {0.9996}; AUC: {0.9584}
10/25 07:15:52 AM current best loss 0.07708422467112541, mIoU 0.8572138547897339
10/25 07:15:52 AM cost time: {'day': 2.0, 'hour': 5.0, 'minute': 23.0, 'second': 14}
10/25 07:15:52 AM => Epoch 652, lr 0.00019999386079546015
10/25 07:22:11 AM Train Loss: {0.0705}; IoU: {0.8699}; Prec: {0.9281}; Recall: {0.9327}; F1: {0.9304}; Sens: {0.9327}; Spec: {0.9996}; AUC: {0.9661}
10/25 07:23:09 AM Valid Loss: {0.0796}; IoU: {0.8532}; Prec: {0.9302}; Recall: {0.9116}; F1: {0.9208}; Sens: {0.9116}; Spec: {0.9996}; AUC: {0.9556}
10/25 07:23:09 AM current best loss 0.07708422467112541, mIoU 0.8572138547897339
10/25 07:23:09 AM cost time: {'day': 2.0, 'hour': 5.0, 'minute': 30.0, 'second': 31}
10/25 07:23:09 AM => Epoch 653, lr 0.00019999384203560298
10/25 07:29:24 AM Train Loss: {0.0701}; IoU: {0.8705}; Prec: {0.9289}; Recall: {0.9327}; F1: {0.9308}; Sens: {0.9327}; Spec: {0.9996}; AUC: {0.9661}
10/25 07:30:22 AM Valid Loss: {0.0785}; IoU: {0.8553}; Prec: {0.9219}; Recall: {0.9221}; F1: {0.9220}; Sens: {0.9221}; Spec: {0.9996}; AUC: {0.9608}
10/25 07:30:22 AM current best loss 0.07708422467112541, mIoU 0.8572138547897339
10/25 07:30:22 AM cost time: {'day': 2.0, 'hour': 5.0, 'minute': 37.0, 'second': 44}
10/25 07:30:22 AM => Epoch 654, lr 0.00019999382324712792
10/25 07:36:41 AM Train Loss: {0.0701}; IoU: {0.8702}; Prec: {0.9285}; Recall: {0.9327}; F1: {0.9306}; Sens: {0.9327}; Spec: {0.9996}; AUC: {0.9661}
10/25 07:37:39 AM Valid Loss: {0.0785}; IoU: {0.8552}; Prec: {0.9226}; Recall: {0.9213}; F1: {0.9220}; Sens: {0.9213}; Spec: {0.9996}; AUC: {0.9604}
10/25 07:37:39 AM current best loss 0.07708422467112541, mIoU 0.8572138547897339
10/25 07:37:39 AM cost time: {'day': 2.0, 'hour': 5.0, 'minute': 45.0, 'second': 1}
10/25 07:37:39 AM => Epoch 655, lr 0.0001999938044300349
10/25 07:43:53 AM Train Loss: {0.0698}; IoU: {0.8705}; Prec: {0.9291}; Recall: {0.9324}; F1: {0.9308}; Sens: {0.9324}; Spec: {0.9996}; AUC: {0.9660}
10/25 07:44:52 AM Valid Loss: {0.0782}; IoU: {0.8557}; Prec: {0.9169}; Recall: {0.9276}; F1: {0.9222}; Sens: {0.9276}; Spec: {0.9995}; AUC: {0.9635}
10/25 07:44:52 AM current best loss 0.07708422467112541, mIoU 0.8572138547897339
10/25 07:44:52 AM cost time: {'day': 2.0, 'hour': 5.0, 'minute': 52.0, 'second': 14}
10/25 07:44:52 AM => Epoch 656, lr 0.000199993785584324
10/25 07:51:09 AM Train Loss: {0.0701}; IoU: {0.8704}; Prec: {0.9298}; Recall: {0.9316}; F1: {0.9307}; Sens: {0.9316}; Spec: {0.9996}; AUC: {0.9656}
10/25 07:52:08 AM Valid Loss: {0.0789}; IoU: {0.8544}; Prec: {0.9267}; Recall: {0.9162}; F1: {0.9215}; Sens: {0.9162}; Spec: {0.9996}; AUC: {0.9579}
10/25 07:52:08 AM current best loss 0.07708422467112541, mIoU 0.8572138547897339
10/25 07:52:08 AM cost time: {'day': 2.0, 'hour': 5.0, 'minute': 59.0, 'second': 30}
10/25 07:52:08 AM => Epoch 657, lr 0.0001999937667099952
10/25 07:58:23 AM Train Loss: {0.0703}; IoU: {0.8702}; Prec: {0.9293}; Recall: {0.9320}; F1: {0.9306}; Sens: {0.9320}; Spec: {0.9996}; AUC: {0.9658}
10/25 07:59:21 AM Valid Loss: {0.0785}; IoU: {0.8552}; Prec: {0.9342}; Recall: {0.9100}; F1: {0.9220}; Sens: {0.9100}; Spec: {0.9996}; AUC: {0.9548}
10/25 07:59:21 AM current best loss 0.07708422467112541, mIoU 0.8572138547897339
10/25 07:59:21 AM cost time: {'day': 2.0, 'hour': 6.0, 'minute': 6.0, 'second': 43}
10/25 07:59:21 AM => Epoch 658, lr 0.00019999374780704855
10/25 08:05:41 AM Train Loss: {0.0702}; IoU: {0.8701}; Prec: {0.9295}; Recall: {0.9316}; F1: {0.9305}; Sens: {0.9316}; Spec: {0.9996}; AUC: {0.9656}
10/25 08:06:39 AM Valid Loss: {0.0781}; IoU: {0.8559}; Prec: {0.9191}; Recall: {0.9257}; F1: {0.9224}; Sens: {0.9257}; Spec: {0.9995}; AUC: {0.9626}
10/25 08:06:39 AM current best loss 0.07708422467112541, mIoU 0.8572138547897339
10/25 08:06:39 AM cost time: {'day': 2.0, 'hour': 6.0, 'minute': 14.0, 'second': 1}
10/25 08:06:39 AM => Epoch 659, lr 0.0001999937288754839
10/25 08:12:54 AM Train Loss: {0.0695}; IoU: {0.8713}; Prec: {0.9291}; Recall: {0.9334}; F1: {0.9312}; Sens: {0.9334}; Spec: {0.9996}; AUC: {0.9665}
10/25 08:13:53 AM Valid Loss: {0.0779}; IoU: {0.8562}; Prec: {0.9272}; Recall: {0.9179}; F1: {0.9225}; Sens: {0.9179}; Spec: {0.9996}; AUC: {0.9588}
10/25 08:13:53 AM current best loss 0.07708422467112541, mIoU 0.8572138547897339
10/25 08:13:53 AM cost time: {'day': 2.0, 'hour': 6.0, 'minute': 21.0, 'second': 15}
10/25 08:13:53 AM => Epoch 660, lr 0.00019999370991530147
10/25 08:20:10 AM Train Loss: {0.0700}; IoU: {0.8704}; Prec: {0.9297}; Recall: {0.9317}; F1: {0.9307}; Sens: {0.9317}; Spec: {0.9996}; AUC: {0.9656}
10/25 08:21:08 AM Valid Loss: {0.0777}; IoU: {0.8565}; Prec: {0.9292}; Recall: {0.9163}; F1: {0.9227}; Sens: {0.9163}; Spec: {0.9996}; AUC: {0.9580}
10/25 08:21:08 AM current best loss 0.07708422467112541, mIoU 0.8572138547897339
10/25 08:21:08 AM cost time: {'day': 2.0, 'hour': 6.0, 'minute': 28.0, 'second': 30}
10/25 08:21:08 AM => Epoch 661, lr 0.00019999369092650108
10/25 08:27:22 AM Train Loss: {0.0704}; IoU: {0.8703}; Prec: {0.9294}; Recall: {0.9319}; F1: {0.9306}; Sens: {0.9319}; Spec: {0.9996}; AUC: {0.9657}
10/25 08:28:21 AM Valid Loss: {0.0789}; IoU: {0.8545}; Prec: {0.9272}; Recall: {0.9159}; F1: {0.9215}; Sens: {0.9159}; Spec: {0.9996}; AUC: {0.9578}
10/25 08:28:21 AM current best loss 0.07708422467112541, mIoU 0.8572138547897339
10/25 08:28:21 AM cost time: {'day': 2.0, 'hour': 6.0, 'minute': 35.0, 'second': 43}
10/25 08:28:21 AM => Epoch 662, lr 0.00019999367190908282
10/25 08:34:38 AM Train Loss: {0.0700}; IoU: {0.8704}; Prec: {0.9295}; Recall: {0.9320}; F1: {0.9307}; Sens: {0.9320}; Spec: {0.9996}; AUC: {0.9658}
10/25 08:35:37 AM Valid Loss: {0.0788}; IoU: {0.8545}; Prec: {0.9331}; Recall: {0.9103}; F1: {0.9215}; Sens: {0.9103}; Spec: {0.9996}; AUC: {0.9549}
10/25 08:35:37 AM current best loss 0.07708422467112541, mIoU 0.8572138547897339
10/25 08:35:37 AM cost time: {'day': 2.0, 'hour': 6.0, 'minute': 42.0, 'second': 59}
10/25 08:35:37 AM => Epoch 663, lr 0.00019999365286304673
10/25 08:41:54 AM Train Loss: {0.0696}; IoU: {0.8709}; Prec: {0.9290}; Recall: {0.9330}; F1: {0.9310}; Sens: {0.9330}; Spec: {0.9996}; AUC: {0.9663}
10/25 08:42:53 AM Valid Loss: {0.0783}; IoU: {0.8555}; Prec: {0.9294}; Recall: {0.9150}; F1: {0.9221}; Sens: {0.9150}; Spec: {0.9996}; AUC: {0.9573}
10/25 08:42:53 AM current best loss 0.07708422467112541, mIoU 0.8572138547897339
10/25 08:42:53 AM cost time: {'day': 2.0, 'hour': 6.0, 'minute': 50.0, 'second': 15}
10/25 08:42:53 AM => Epoch 664, lr 0.00019999363378839276
10/25 08:49:14 AM Train Loss: {0.0698}; IoU: {0.8709}; Prec: {0.9298}; Recall: {0.9322}; F1: {0.9310}; Sens: {0.9322}; Spec: {0.9996}; AUC: {0.9659}
10/25 08:50:12 AM Valid Loss: {0.0798}; IoU: {0.8529}; Prec: {0.9136}; Recall: {0.9278}; F1: {0.9206}; Sens: {0.9278}; Spec: {0.9995}; AUC: {0.9636}
10/25 08:50:12 AM current best loss 0.07708422467112541, mIoU 0.8572138547897339
10/25 08:50:12 AM cost time: {'day': 2.0, 'hour': 6.0, 'minute': 57.0, 'second': 34}
10/25 08:50:12 AM => Epoch 665, lr 0.00019999361468512095
10/25 08:56:25 AM Train Loss: {0.0700}; IoU: {0.8707}; Prec: {0.9285}; Recall: {0.9334}; F1: {0.9309}; Sens: {0.9334}; Spec: {0.9996}; AUC: {0.9665}
10/25 08:57:24 AM Valid Loss: {0.0783}; IoU: {0.8554}; Prec: {0.9287}; Recall: {0.9155}; F1: {0.9221}; Sens: {0.9155}; Spec: {0.9996}; AUC: {0.9576}
10/25 08:57:24 AM current best loss 0.07708422467112541, mIoU 0.8572138547897339
10/25 08:57:24 AM cost time: {'day': 2.0, 'hour': 7.0, 'minute': 4.0, 'second': 46}
10/25 08:57:24 AM => Epoch 666, lr 0.00019999359555323125
10/25 09:03:45 AM Train Loss: {0.0695}; IoU: {0.8709}; Prec: {0.9296}; Recall: {0.9324}; F1: {0.9310}; Sens: {0.9324}; Spec: {0.9996}; AUC: {0.9660}
10/25 09:04:44 AM Valid Loss: {0.0792}; IoU: {0.8540}; Prec: {0.9209}; Recall: {0.9216}; F1: {0.9212}; Sens: {0.9216}; Spec: {0.9995}; AUC: {0.9606}
10/25 09:04:44 AM current best loss 0.07708422467112541, mIoU 0.8572138547897339
10/25 09:04:44 AM cost time: {'day': 2.0, 'hour': 7.0, 'minute': 12.0, 'second': 6}
10/25 09:04:44 AM => Epoch 667, lr 0.00019999357639272373
10/25 09:11:03 AM Train Loss: {0.0695}; IoU: {0.8712}; Prec: {0.9292}; Recall: {0.9332}; F1: {0.9312}; Sens: {0.9332}; Spec: {0.9996}; AUC: {0.9664}
10/25 09:12:01 AM Valid Loss: {0.0783}; IoU: {0.8556}; Prec: {0.9311}; Recall: {0.9135}; F1: {0.9222}; Sens: {0.9135}; Spec: {0.9996}; AUC: {0.9565}
10/25 09:12:01 AM current best loss 0.07708422467112541, mIoU 0.8572138547897339
10/25 09:12:01 AM cost time: {'day': 2.0, 'hour': 7.0, 'minute': 19.0, 'second': 23}
10/25 09:12:01 AM => Epoch 668, lr 0.00019999355720359843
10/25 09:18:23 AM Train Loss: {0.0701}; IoU: {0.8702}; Prec: {0.9296}; Recall: {0.9316}; F1: {0.9306}; Sens: {0.9316}; Spec: {0.9996}; AUC: {0.9656}
10/25 09:19:22 AM Valid Loss: {0.0788}; IoU: {0.8547}; Prec: {0.9328}; Recall: {0.9108}; F1: {0.9216}; Sens: {0.9108}; Spec: {0.9996}; AUC: {0.9552}
10/25 09:19:22 AM current best loss 0.07708422467112541, mIoU 0.8572138547897339
10/25 09:19:22 AM cost time: {'day': 2.0, 'hour': 7.0, 'minute': 26.0, 'second': 44}
10/25 09:19:22 AM => Epoch 669, lr 0.00019999353798585528
10/25 09:25:40 AM Train Loss: {0.0698}; IoU: {0.8705}; Prec: {0.9296}; Recall: {0.9319}; F1: {0.9308}; Sens: {0.9319}; Spec: {0.9996}; AUC: {0.9658}
10/25 09:26:39 AM Valid Loss: {0.0785}; IoU: {0.8553}; Prec: {0.9126}; Recall: {0.9316}; F1: {0.9220}; Sens: {0.9316}; Spec: {0.9995}; AUC: {0.9656}
10/25 09:26:39 AM current best loss 0.07708422467112541, mIoU 0.8572138547897339
10/25 09:26:39 AM cost time: {'day': 2.0, 'hour': 7.0, 'minute': 34.0, 'second': 1}
10/25 09:26:39 AM => Epoch 670, lr 0.00019999351873949424
10/25 09:32:55 AM Train Loss: {0.0698}; IoU: {0.8712}; Prec: {0.9293}; Recall: {0.9331}; F1: {0.9312}; Sens: {0.9331}; Spec: {0.9996}; AUC: {0.9663}
10/25 09:33:53 AM Valid Loss: {0.0789}; IoU: {0.8545}; Prec: {0.9251}; Recall: {0.9179}; F1: {0.9215}; Sens: {0.9179}; Spec: {0.9996}; AUC: {0.9588}
10/25 09:33:53 AM current best loss 0.07708422467112541, mIoU 0.8572138547897339
10/25 09:33:53 AM cost time: {'day': 2.0, 'hour': 7.0, 'minute': 41.0, 'second': 15}
10/25 09:33:53 AM => Epoch 671, lr 0.0001999934994645154
10/25 09:40:10 AM Train Loss: {0.0694}; IoU: {0.8713}; Prec: {0.9294}; Recall: {0.9330}; F1: {0.9312}; Sens: {0.9330}; Spec: {0.9996}; AUC: {0.9663}
10/25 09:41:09 AM Valid Loss: {0.0796}; IoU: {0.8533}; Prec: {0.9330}; Recall: {0.9090}; F1: {0.9209}; Sens: {0.9090}; Spec: {0.9996}; AUC: {0.9543}
10/25 09:41:09 AM current best loss 0.07708422467112541, mIoU 0.8572138547897339
10/25 09:41:09 AM cost time: {'day': 2.0, 'hour': 7.0, 'minute': 48.0, 'second': 31}
10/25 09:41:09 AM => Epoch 672, lr 0.00019999348016091882
10/25 09:47:28 AM Train Loss: {0.0696}; IoU: {0.8710}; Prec: {0.9298}; Recall: {0.9322}; F1: {0.9310}; Sens: {0.9322}; Spec: {0.9996}; AUC: {0.9659}
10/25 09:48:26 AM Valid Loss: {0.0800}; IoU: {0.8526}; Prec: {0.9201}; Recall: {0.9208}; F1: {0.9204}; Sens: {0.9208}; Spec: {0.9995}; AUC: {0.9602}
10/25 09:48:26 AM current best loss 0.07708422467112541, mIoU 0.8572138547897339
10/25 09:48:26 AM cost time: {'day': 2.0, 'hour': 7.0, 'minute': 55.0, 'second': 48}
10/25 09:48:26 AM => Epoch 673, lr 0.00019999346082870433
10/25 09:54:43 AM Train Loss: {0.0697}; IoU: {0.8709}; Prec: {0.9295}; Recall: {0.9325}; F1: {0.9310}; Sens: {0.9325}; Spec: {0.9996}; AUC: {0.9661}
10/25 09:55:41 AM Valid Loss: {0.0788}; IoU: {0.8549}; Prec: {0.9195}; Recall: {0.9240}; F1: {0.9218}; Sens: {0.9240}; Spec: {0.9995}; AUC: {0.9618}
10/25 09:55:41 AM current best loss 0.07708422467112541, mIoU 0.8572138547897339
10/25 09:55:41 AM cost time: {'day': 2.0, 'hour': 8.0, 'minute': 3.0, 'second': 3}
10/25 09:55:41 AM => Epoch 674, lr 0.00019999344146787209
10/25 10:02:03 AM Train Loss: {0.0693}; IoU: {0.8714}; Prec: {0.9294}; Recall: {0.9332}; F1: {0.9313}; Sens: {0.9332}; Spec: {0.9996}; AUC: {0.9664}
10/25 10:03:01 AM Valid Loss: {0.0785}; IoU: {0.8555}; Prec: {0.9329}; Recall: {0.9116}; F1: {0.9221}; Sens: {0.9116}; Spec: {0.9996}; AUC: {0.9556}
10/25 10:03:01 AM current best loss 0.07708422467112541, mIoU 0.8572138547897339
10/25 10:03:01 AM cost time: {'day': 2.0, 'hour': 8.0, 'minute': 10.0, 'second': 24}
10/25 10:03:01 AM => Epoch 675, lr 0.000199993422078422
10/25 10:09:17 AM Train Loss: {0.0699}; IoU: {0.8708}; Prec: {0.9295}; Recall: {0.9324}; F1: {0.9309}; Sens: {0.9324}; Spec: {0.9996}; AUC: {0.9660}
10/25 10:10:15 AM Valid Loss: {0.0801}; IoU: {0.8526}; Prec: {0.9145}; Recall: {0.9264}; F1: {0.9204}; Sens: {0.9264}; Spec: {0.9995}; AUC: {0.9629}
10/25 10:10:15 AM current best loss 0.07708422467112541, mIoU 0.8572138547897339
10/25 10:10:15 AM cost time: {'day': 2.0, 'hour': 8.0, 'minute': 17.0, 'second': 37}
10/25 10:10:15 AM => Epoch 676, lr 0.00019999340266035415
10/25 10:16:28 AM Train Loss: {0.0696}; IoU: {0.8713}; Prec: {0.9303}; Recall: {0.9321}; F1: {0.9312}; Sens: {0.9321}; Spec: {0.9996}; AUC: {0.9659}
10/25 10:17:26 AM Valid Loss: {0.0800}; IoU: {0.8527}; Prec: {0.9215}; Recall: {0.9195}; F1: {0.9205}; Sens: {0.9195}; Spec: {0.9996}; AUC: {0.9595}
10/25 10:17:26 AM current best loss 0.07708422467112541, mIoU 0.8572138547897339
10/25 10:17:26 AM cost time: {'day': 2.0, 'hour': 8.0, 'minute': 24.0, 'second': 48}
10/25 10:17:26 AM => Epoch 677, lr 0.00019999338321366852
10/25 10:23:43 AM Train Loss: {0.0697}; IoU: {0.8709}; Prec: {0.9294}; Recall: {0.9326}; F1: {0.9310}; Sens: {0.9326}; Spec: {0.9996}; AUC: {0.9661}
10/25 10:24:41 AM Valid Loss: {0.0788}; IoU: {0.8547}; Prec: {0.9137}; Recall: {0.9297}; F1: {0.9216}; Sens: {0.9297}; Spec: {0.9995}; AUC: {0.9646}
10/25 10:24:41 AM current best loss 0.07708422467112541, mIoU 0.8572138547897339
10/25 10:24:41 AM cost time: {'day': 2.0, 'hour': 8.0, 'minute': 32.0, 'second': 3}
10/25 10:24:41 AM => Epoch 678, lr 0.00019999336373836512
10/25 10:31:03 AM Train Loss: {0.0696}; IoU: {0.8716}; Prec: {0.9294}; Recall: {0.9334}; F1: {0.9314}; Sens: {0.9334}; Spec: {0.9996}; AUC: {0.9665}
10/25 10:32:02 AM Valid Loss: {0.0794}; IoU: {0.8536}; Prec: {0.9366}; Recall: {0.9060}; F1: {0.9210}; Sens: {0.9060}; Spec: {0.9996}; AUC: {0.9528}
10/25 10:32:02 AM current best loss 0.07708422467112541, mIoU 0.8572138547897339
10/25 10:32:02 AM cost time: {'day': 2.0, 'hour': 8.0, 'minute': 39.0, 'second': 24}
10/25 10:32:02 AM => Epoch 679, lr 0.00019999334423444388
10/25 10:38:20 AM Train Loss: {0.0706}; IoU: {0.8695}; Prec: {0.9294}; Recall: {0.9310}; F1: {0.9302}; Sens: {0.9310}; Spec: {0.9996}; AUC: {0.9653}
10/25 10:39:18 AM Valid Loss: {0.0808}; IoU: {0.8512}; Prec: {0.9217}; Recall: {0.9175}; F1: {0.9196}; Sens: {0.9175}; Spec: {0.9996}; AUC: {0.9585}
10/25 10:39:18 AM current best loss 0.07708422467112541, mIoU 0.8572138547897339
10/25 10:39:18 AM cost time: {'day': 2.0, 'hour': 8.0, 'minute': 46.0, 'second': 40}
10/25 10:39:18 AM => Epoch 680, lr 0.00019999332470190497
10/25 10:45:33 AM Train Loss: {0.0710}; IoU: {0.8684}; Prec: {0.9286}; Recall: {0.9305}; F1: {0.9296}; Sens: {0.9305}; Spec: {0.9996}; AUC: {0.9651}
10/25 10:46:31 AM Valid Loss: {0.0796}; IoU: {0.8533}; Prec: {0.9272}; Recall: {0.9146}; F1: {0.9208}; Sens: {0.9146}; Spec: {0.9996}; AUC: {0.9571}
10/25 10:46:31 AM current best loss 0.07708422467112541, mIoU 0.8572138547897339
10/25 10:46:31 AM cost time: {'day': 2.0, 'hour': 8.0, 'minute': 53.0, 'second': 53}
10/25 10:46:31 AM => Epoch 681, lr 0.0001999933051407482
10/25 10:52:46 AM Train Loss: {0.0700}; IoU: {0.8707}; Prec: {0.9295}; Recall: {0.9322}; F1: {0.9309}; Sens: {0.9322}; Spec: {0.9996}; AUC: {0.9659}
10/25 10:53:44 AM Valid Loss: {0.0794}; IoU: {0.8539}; Prec: {0.9234}; Recall: {0.9189}; F1: {0.9212}; Sens: {0.9189}; Spec: {0.9996}; AUC: {0.9592}
10/25 10:53:44 AM current best loss 0.07708422467112541, mIoU 0.8572138547897339
10/25 10:53:44 AM cost time: {'day': 2.0, 'hour': 9.0, 'minute': 1.0, 'second': 6}
10/25 10:53:44 AM => Epoch 682, lr 0.00019999328555097374
10/25 10:59:57 AM Train Loss: {0.0699}; IoU: {0.8713}; Prec: {0.9297}; Recall: {0.9327}; F1: {0.9312}; Sens: {0.9327}; Spec: {0.9996}; AUC: {0.9662}
10/25 11:00:55 AM Valid Loss: {0.0780}; IoU: {0.8559}; Prec: {0.9218}; Recall: {0.9229}; F1: {0.9224}; Sens: {0.9229}; Spec: {0.9996}; AUC: {0.9612}
10/25 11:00:55 AM current best loss 0.07708422467112541, mIoU 0.8572138547897339
10/25 11:00:55 AM cost time: {'day': 2.0, 'hour': 9.0, 'minute': 8.0, 'second': 17}
10/25 11:00:55 AM => Epoch 683, lr 0.00019999326593258152
10/25 11:07:13 AM Train Loss: {0.0695}; IoU: {0.8715}; Prec: {0.9305}; Recall: {0.9322}; F1: {0.9313}; Sens: {0.9322}; Spec: {0.9996}; AUC: {0.9659}
10/25 11:08:11 AM Valid Loss: {0.0790}; IoU: {0.8541}; Prec: {0.9331}; Recall: {0.9099}; F1: {0.9213}; Sens: {0.9099}; Spec: {0.9996}; AUC: {0.9547}
10/25 11:08:11 AM current best loss 0.07708422467112541, mIoU 0.8572138547897339
10/25 11:08:11 AM cost time: {'day': 2.0, 'hour': 9.0, 'minute': 15.0, 'second': 33}
10/25 11:08:11 AM => Epoch 684, lr 0.00019999324628557156
10/25 11:14:26 AM Train Loss: {0.0696}; IoU: {0.8711}; Prec: {0.9299}; Recall: {0.9324}; F1: {0.9311}; Sens: {0.9324}; Spec: {0.9996}; AUC: {0.9660}
10/25 11:15:24 AM Valid Loss: {0.0779}; IoU: {0.8562}; Prec: {0.9291}; Recall: {0.9161}; F1: {0.9225}; Sens: {0.9161}; Spec: {0.9996}; AUC: {0.9578}
10/25 11:15:24 AM current best loss 0.07708422467112541, mIoU 0.8572138547897339
10/25 11:15:24 AM cost time: {'day': 2.0, 'hour': 9.0, 'minute': 22.0, 'second': 46}
10/25 11:15:24 AM => Epoch 685, lr 0.00019999322660994387
10/25 11:21:37 AM Train Loss: {0.0693}; IoU: {0.8716}; Prec: {0.9307}; Recall: {0.9321}; F1: {0.9314}; Sens: {0.9321}; Spec: {0.9996}; AUC: {0.9658}
10/25 11:22:35 AM Valid Loss: {0.0783}; IoU: {0.8555}; Prec: {0.9241}; Recall: {0.9202}; F1: {0.9221}; Sens: {0.9202}; Spec: {0.9996}; AUC: {0.9599}
10/25 11:22:35 AM current best loss 0.07708422467112541, mIoU 0.8572138547897339
10/25 11:22:35 AM cost time: {'day': 2.0, 'hour': 9.0, 'minute': 29.0, 'second': 57}
10/25 11:22:35 AM => Epoch 686, lr 0.0001999932069056984
10/25 11:28:52 AM Train Loss: {0.0699}; IoU: {0.8706}; Prec: {0.9293}; Recall: {0.9323}; F1: {0.9308}; Sens: {0.9323}; Spec: {0.9996}; AUC: {0.9660}
10/25 11:29:50 AM Valid Loss: {0.0779}; IoU: {0.8561}; Prec: {0.9247}; Recall: {0.9202}; F1: {0.9225}; Sens: {0.9202}; Spec: {0.9996}; AUC: {0.9599}
10/25 11:29:50 AM current best loss 0.07708422467112541, mIoU 0.8572138547897339
10/25 11:29:50 AM cost time: {'day': 2.0, 'hour': 9.0, 'minute': 37.0, 'second': 12}
10/25 11:29:50 AM => Epoch 687, lr 0.0001999931871728352
10/25 11:36:01 AM Train Loss: {0.0702}; IoU: {0.8706}; Prec: {0.9301}; Recall: {0.9316}; F1: {0.9308}; Sens: {0.9316}; Spec: {0.9996}; AUC: {0.9656}
10/25 11:36:58 AM Valid Loss: {0.0786}; IoU: {0.8550}; Prec: {0.9275}; Recall: {0.9162}; F1: {0.9218}; Sens: {0.9162}; Spec: {0.9996}; AUC: {0.9579}
10/25 11:36:58 AM current best loss 0.07708422467112541, mIoU 0.8572138547897339
10/25 11:36:58 AM cost time: {'day': 2.0, 'hour': 9.0, 'minute': 44.0, 'second': 20}
10/25 11:36:58 AM => Epoch 688, lr 0.00019999316741135432
10/25 11:43:20 AM Train Loss: {0.0693}; IoU: {0.8717}; Prec: {0.9299}; Recall: {0.9330}; F1: {0.9314}; Sens: {0.9330}; Spec: {0.9996}; AUC: {0.9663}
10/25 11:44:19 AM Valid Loss: {0.0783}; IoU: {0.8557}; Prec: {0.9244}; Recall: {0.9201}; F1: {0.9222}; Sens: {0.9201}; Spec: {0.9996}; AUC: {0.9598}
10/25 11:44:19 AM current best loss 0.07708422467112541, mIoU 0.8572138547897339
10/25 11:44:19 AM cost time: {'day': 2.0, 'hour': 9.0, 'minute': 51.0, 'second': 41}
10/25 11:44:19 AM => Epoch 689, lr 0.00019999314762125567
10/25 11:50:35 AM Train Loss: {0.0693}; IoU: {0.8714}; Prec: {0.9296}; Recall: {0.9330}; F1: {0.9313}; Sens: {0.9330}; Spec: {0.9996}; AUC: {0.9663}
10/25 11:51:34 AM Valid Loss: {0.0795}; IoU: {0.8533}; Prec: {0.9207}; Recall: {0.9211}; F1: {0.9209}; Sens: {0.9211}; Spec: {0.9995}; AUC: {0.9603}
10/25 11:51:34 AM current best loss 0.07708422467112541, mIoU 0.8572138547897339
10/25 11:51:34 AM cost time: {'day': 2.0, 'hour': 9.0, 'minute': 58.0, 'second': 56}
10/25 11:51:34 AM => Epoch 690, lr 0.0001999931278025394
10/25 11:57:48 AM Train Loss: {0.0694}; IoU: {0.8718}; Prec: {0.9300}; Recall: {0.9330}; F1: {0.9315}; Sens: {0.9330}; Spec: {0.9996}; AUC: {0.9663}
10/25 11:58:45 AM Valid Loss: {0.0779}; IoU: {0.8564}; Prec: {0.9287}; Recall: {0.9166}; F1: {0.9226}; Sens: {0.9166}; Spec: {0.9996}; AUC: {0.9581}
10/25 11:58:45 AM current best loss 0.07708422467112541, mIoU 0.8572138547897339
10/25 11:58:45 AM cost time: {'day': 2.0, 'hour': 10.0, 'minute': 6.0, 'second': 7}
10/25 11:58:45 AM => Epoch 691, lr 0.00019999310795520533
10/25 12:04:58 PM Train Loss: {0.0698}; IoU: {0.8708}; Prec: {0.9294}; Recall: {0.9325}; F1: {0.9310}; Sens: {0.9325}; Spec: {0.9996}; AUC: {0.9661}
10/25 12:05:56 PM Valid Loss: {0.0795}; IoU: {0.8536}; Prec: {0.9327}; Recall: {0.9096}; F1: {0.9210}; Sens: {0.9096}; Spec: {0.9996}; AUC: {0.9546}
10/25 12:05:56 PM current best loss 0.07708422467112541, mIoU 0.8572138547897339
10/25 12:05:56 PM cost time: {'day': 2.0, 'hour': 10.0, 'minute': 13.0, 'second': 19}
10/25 12:05:56 PM => Epoch 692, lr 0.0001999930880792536
10/25 12:12:12 PM Train Loss: {0.0692}; IoU: {0.8719}; Prec: {0.9299}; Recall: {0.9332}; F1: {0.9316}; Sens: {0.9332}; Spec: {0.9996}; AUC: {0.9664}
10/25 12:13:10 PM Valid Loss: {0.0785}; IoU: {0.8553}; Prec: {0.9226}; Recall: {0.9214}; F1: {0.9220}; Sens: {0.9214}; Spec: {0.9996}; AUC: {0.9605}
10/25 12:13:10 PM current best loss 0.07708422467112541, mIoU 0.8572138547897339
10/25 12:13:10 PM cost time: {'day': 2.0, 'hour': 10.0, 'minute': 20.0, 'second': 32}
10/25 12:13:10 PM => Epoch 693, lr 0.00019999306817468422
10/25 12:19:24 PM Train Loss: {0.0692}; IoU: {0.8717}; Prec: {0.9294}; Recall: {0.9334}; F1: {0.9314}; Sens: {0.9334}; Spec: {0.9996}; AUC: {0.9665}
10/25 12:20:22 PM Valid Loss: {0.0785}; IoU: {0.8554}; Prec: {0.9202}; Recall: {0.9240}; F1: {0.9221}; Sens: {0.9240}; Spec: {0.9995}; AUC: {0.9618}
10/25 12:20:22 PM current best loss 0.07708422467112541, mIoU 0.8572138547897339
10/25 12:20:22 PM cost time: {'day': 2.0, 'hour': 10.0, 'minute': 27.0, 'second': 44}
10/25 12:20:22 PM => Epoch 694, lr 0.0001999930482414971
10/25 12:26:41 PM Train Loss: {0.0697}; IoU: {0.8712}; Prec: {0.9303}; Recall: {0.9320}; F1: {0.9312}; Sens: {0.9320}; Spec: {0.9996}; AUC: {0.9658}
10/25 12:27:40 PM Valid Loss: {0.0786}; IoU: {0.8551}; Prec: {0.9209}; Recall: {0.9229}; F1: {0.9219}; Sens: {0.9229}; Spec: {0.9995}; AUC: {0.9612}
10/25 12:27:40 PM current best loss 0.07708422467112541, mIoU 0.8572138547897339
10/25 12:27:40 PM cost time: {'day': 2.0, 'hour': 10.0, 'minute': 35.0, 'second': 2}
10/25 12:27:40 PM => Epoch 695, lr 0.00019999302827969232
10/25 12:33:54 PM Train Loss: {0.0694}; IoU: {0.8714}; Prec: {0.9299}; Recall: {0.9327}; F1: {0.9313}; Sens: {0.9327}; Spec: {0.9996}; AUC: {0.9661}
10/25 12:34:52 PM Valid Loss: {0.0788}; IoU: {0.8547}; Prec: {0.9174}; Recall: {0.9259}; F1: {0.9216}; Sens: {0.9259}; Spec: {0.9995}; AUC: {0.9627}
10/25 12:34:52 PM current best loss 0.07708422467112541, mIoU 0.8572138547897339
10/25 12:34:52 PM cost time: {'day': 2.0, 'hour': 10.0, 'minute': 42.0, 'second': 14}
10/25 12:34:52 PM => Epoch 696, lr 0.0001999930082892699
10/25 12:41:10 PM Train Loss: {0.0695}; IoU: {0.8713}; Prec: {0.9294}; Recall: {0.9330}; F1: {0.9312}; Sens: {0.9330}; Spec: {0.9996}; AUC: {0.9663}
10/25 12:42:08 PM Valid Loss: {0.0801}; IoU: {0.8526}; Prec: {0.9399}; Recall: {0.9018}; F1: {0.9204}; Sens: {0.9018}; Spec: {0.9997}; AUC: {0.9507}
10/25 12:42:08 PM current best loss 0.07708422467112541, mIoU 0.8572138547897339
10/25 12:42:08 PM cost time: {'day': 2.0, 'hour': 10.0, 'minute': 49.0, 'second': 30}
10/25 12:42:08 PM => Epoch 697, lr 0.00019999298827022972
10/25 12:48:21 PM Train Loss: {0.0692}; IoU: {0.8713}; Prec: {0.9300}; Recall: {0.9325}; F1: {0.9312}; Sens: {0.9325}; Spec: {0.9996}; AUC: {0.9660}
10/25 12:49:19 PM Valid Loss: {0.0784}; IoU: {0.8556}; Prec: {0.9273}; Recall: {0.9171}; F1: {0.9222}; Sens: {0.9171}; Spec: {0.9996}; AUC: {0.9584}
10/25 12:49:19 PM current best loss 0.07708422467112541, mIoU 0.8572138547897339
10/25 12:49:19 PM cost time: {'day': 2.0, 'hour': 10.0, 'minute': 56.0, 'second': 41}
10/25 12:49:19 PM => Epoch 698, lr 0.00019999296822257193
10/25 12:55:31 PM Train Loss: {0.0690}; IoU: {0.8719}; Prec: {0.9300}; Recall: {0.9332}; F1: {0.9316}; Sens: {0.9332}; Spec: {0.9996}; AUC: {0.9664}
10/25 12:56:29 PM Valid Loss: {0.0789}; IoU: {0.8545}; Prec: {0.9347}; Recall: {0.9088}; F1: {0.9215}; Sens: {0.9088}; Spec: {0.9996}; AUC: {0.9542}
10/25 12:56:29 PM current best loss 0.07708422467112541, mIoU 0.8572138547897339
10/25 12:56:29 PM cost time: {'day': 2.0, 'hour': 11.0, 'minute': 3.0, 'second': 51}
10/25 12:56:29 PM => Epoch 699, lr 0.00019999294814629655
10/25 01:02:42 PM Train Loss: {0.0699}; IoU: {0.8708}; Prec: {0.9295}; Recall: {0.9323}; F1: {0.9309}; Sens: {0.9323}; Spec: {0.9996}; AUC: {0.9660}
10/25 01:03:40 PM Valid Loss: {0.0786}; IoU: {0.8550}; Prec: {0.9243}; Recall: {0.9195}; F1: {0.9219}; Sens: {0.9195}; Spec: {0.9996}; AUC: {0.9595}
10/25 01:03:40 PM current best loss 0.07708422467112541, mIoU 0.8572138547897339
10/25 01:03:40 PM cost time: {'day': 2.0, 'hour': 11.0, 'minute': 11.0, 'second': 2}
10/25 01:03:40 PM => Epoch 700, lr 0.00019999292804140337
10/25 01:09:52 PM Train Loss: {0.0693}; IoU: {0.8718}; Prec: {0.9299}; Recall: {0.9330}; F1: {0.9315}; Sens: {0.9330}; Spec: {0.9996}; AUC: {0.9663}
10/25 01:10:50 PM Valid Loss: {0.0787}; IoU: {0.8548}; Prec: {0.9284}; Recall: {0.9151}; F1: {0.9217}; Sens: {0.9151}; Spec: {0.9996}; AUC: {0.9574}
10/25 01:11:58 PM Test Loss: {0.0802}; IoU: {0.8535}; Prec: {0.9254}; Recall: {0.9165}; F1: {0.9209}; Sens: {0.9165}; Spec: {0.9996}; AUC: {0.9580}
10/25 01:11:58 PM current best loss 0.07708422467112541, mIoU 0.8572138547897339
10/25 01:11:58 PM cost time: {'day': 2.0, 'hour': 11.0, 'minute': 19.0, 'second': 20}
10/25 01:11:58 PM => Epoch 701, lr 0.00019999290790789266
10/25 01:18:11 PM Train Loss: {0.0693}; IoU: {0.8717}; Prec: {0.9301}; Recall: {0.9328}; F1: {0.9314}; Sens: {0.9328}; Spec: {0.9996}; AUC: {0.9662}
10/25 01:19:08 PM Valid Loss: {0.0786}; IoU: {0.8550}; Prec: {0.9241}; Recall: {0.9195}; F1: {0.9218}; Sens: {0.9195}; Spec: {0.9996}; AUC: {0.9596}
10/25 01:19:08 PM current best loss 0.07708422467112541, mIoU 0.8572138547897339
10/25 01:19:08 PM cost time: {'day': 2.0, 'hour': 11.0, 'minute': 26.0, 'second': 30}
10/25 01:19:08 PM => Epoch 702, lr 0.00019999288774576434
10/25 01:25:24 PM Train Loss: {0.0690}; IoU: {0.8719}; Prec: {0.9304}; Recall: {0.9327}; F1: {0.9316}; Sens: {0.9327}; Spec: {0.9996}; AUC: {0.9661}
10/25 01:26:22 PM Valid Loss: {0.0790}; IoU: {0.8544}; Prec: {0.9121}; Recall: {0.9310}; F1: {0.9215}; Sens: {0.9310}; Spec: {0.9995}; AUC: {0.9652}
10/25 01:26:22 PM current best loss 0.07708422467112541, mIoU 0.8572138547897339
10/25 01:26:22 PM cost time: {'day': 2.0, 'hour': 11.0, 'minute': 33.0, 'second': 44}
10/25 01:26:22 PM => Epoch 703, lr 0.00019999286755501827
10/25 01:32:35 PM Train Loss: {0.0692}; IoU: {0.8712}; Prec: {0.9297}; Recall: {0.9326}; F1: {0.9311}; Sens: {0.9326}; Spec: {0.9996}; AUC: {0.9661}
10/25 01:33:32 PM Valid Loss: {0.0776}; IoU: {0.8569}; Prec: {0.9230}; Recall: {0.9228}; F1: {0.9229}; Sens: {0.9228}; Spec: {0.9996}; AUC: {0.9612}
10/25 01:33:32 PM current best loss 0.07708422467112541, mIoU 0.8572138547897339
10/25 01:33:32 PM cost time: {'day': 2.0, 'hour': 11.0, 'minute': 40.0, 'second': 54}
10/25 01:33:32 PM => Epoch 704, lr 0.00019999284733565468
10/25 01:39:50 PM Train Loss: {0.0692}; IoU: {0.8720}; Prec: {0.9300}; Recall: {0.9332}; F1: {0.9316}; Sens: {0.9332}; Spec: {0.9996}; AUC: {0.9664}
10/25 01:40:48 PM Valid Loss: {0.0784}; IoU: {0.8556}; Prec: {0.9335}; Recall: {0.9111}; F1: {0.9222}; Sens: {0.9111}; Spec: {0.9996}; AUC: {0.9554}
10/25 01:40:48 PM current best loss 0.07708422467112541, mIoU 0.8572138547897339
10/25 01:40:48 PM cost time: {'day': 2.0, 'hour': 11.0, 'minute': 48.0, 'second': 10}
10/25 01:40:48 PM => Epoch 705, lr 0.0001999928270876734
10/25 01:47:00 PM Train Loss: {0.0694}; IoU: {0.8715}; Prec: {0.9292}; Recall: {0.9335}; F1: {0.9313}; Sens: {0.9335}; Spec: {0.9996}; AUC: {0.9665}
10/25 01:47:58 PM Valid Loss: {0.0799}; IoU: {0.8529}; Prec: {0.9325}; Recall: {0.9090}; F1: {0.9206}; Sens: {0.9090}; Spec: {0.9996}; AUC: {0.9543}
10/25 01:47:58 PM current best loss 0.07708422467112541, mIoU 0.8572138547897339
10/25 01:47:58 PM cost time: {'day': 2.0, 'hour': 11.0, 'minute': 55.0, 'second': 20}
10/25 01:47:58 PM => Epoch 706, lr 0.0001999928068110745
10/25 01:54:11 PM Train Loss: {0.0695}; IoU: {0.8716}; Prec: {0.9308}; Recall: {0.9320}; F1: {0.9314}; Sens: {0.9320}; Spec: {0.9996}; AUC: {0.9658}
10/25 01:55:08 PM Valid Loss: {0.0793}; IoU: {0.8539}; Prec: {0.9211}; Recall: {0.9213}; F1: {0.9212}; Sens: {0.9213}; Spec: {0.9995}; AUC: {0.9604}
10/25 01:55:08 PM current best loss 0.07708422467112541, mIoU 0.8572138547897339
10/25 01:55:08 PM cost time: {'day': 2.0, 'hour': 12.0, 'minute': 2.0, 'second': 30}
10/25 01:55:08 PM => Epoch 707, lr 0.0001999927865058581
10/25 02:01:22 PM Train Loss: {0.0687}; IoU: {0.8724}; Prec: {0.9306}; Recall: {0.9331}; F1: {0.9319}; Sens: {0.9331}; Spec: {0.9996}; AUC: {0.9664}
10/25 02:02:19 PM Valid Loss: {0.0785}; IoU: {0.8552}; Prec: {0.9207}; Recall: {0.9233}; F1: {0.9220}; Sens: {0.9233}; Spec: {0.9995}; AUC: {0.9614}
10/25 02:02:19 PM current best loss 0.07708422467112541, mIoU 0.8572138547897339
10/25 02:02:19 PM cost time: {'day': 2.0, 'hour': 12.0, 'minute': 9.0, 'second': 41}
10/25 02:02:19 PM => Epoch 708, lr 0.000199992766172024
10/25 02:08:32 PM Train Loss: {0.0693}; IoU: {0.8715}; Prec: {0.9295}; Recall: {0.9331}; F1: {0.9313}; Sens: {0.9331}; Spec: {0.9996}; AUC: {0.9664}
10/25 02:09:30 PM Valid Loss: {0.0774}; IoU: {0.8571}; Prec: {0.9242}; Recall: {0.9218}; F1: {0.9230}; Sens: {0.9218}; Spec: {0.9996}; AUC: {0.9607}
10/25 02:09:30 PM current best loss 0.07708422467112541, mIoU 0.8572138547897339
10/25 02:09:30 PM cost time: {'day': 2.0, 'hour': 12.0, 'minute': 16.0, 'second': 52}
10/25 02:09:30 PM => Epoch 709, lr 0.00019999274580957235
10/25 02:15:45 PM Train Loss: {0.0686}; IoU: {0.8727}; Prec: {0.9304}; Recall: {0.9337}; F1: {0.9320}; Sens: {0.9337}; Spec: {0.9996}; AUC: {0.9667}
10/25 02:16:43 PM Valid Loss: {0.0787}; IoU: {0.8548}; Prec: {0.9238}; Recall: {0.9196}; F1: {0.9217}; Sens: {0.9196}; Spec: {0.9996}; AUC: {0.9596}
10/25 02:16:43 PM current best loss 0.07708422467112541, mIoU 0.8572138547897339
10/25 02:16:43 PM cost time: {'day': 2.0, 'hour': 12.0, 'minute': 24.0, 'second': 6}
10/25 02:16:43 PM => Epoch 710, lr 0.00019999272541850306
10/25 02:23:01 PM Train Loss: {0.0693}; IoU: {0.8714}; Prec: {0.9298}; Recall: {0.9328}; F1: {0.9313}; Sens: {0.9328}; Spec: {0.9996}; AUC: {0.9662}
10/25 02:23:59 PM Valid Loss: {0.0795}; IoU: {0.8535}; Prec: {0.9251}; Recall: {0.9168}; F1: {0.9209}; Sens: {0.9168}; Spec: {0.9996}; AUC: {0.9582}
10/25 02:23:59 PM current best loss 0.07708422467112541, mIoU 0.8572138547897339
10/25 02:23:59 PM cost time: {'day': 2.0, 'hour': 12.0, 'minute': 31.0, 'second': 21}
10/25 02:23:59 PM => Epoch 711, lr 0.00019999270499881623
10/25 02:30:16 PM Train Loss: {0.0694}; IoU: {0.8714}; Prec: {0.9298}; Recall: {0.9328}; F1: {0.9313}; Sens: {0.9328}; Spec: {0.9996}; AUC: {0.9662}
10/25 02:31:15 PM Valid Loss: {0.0790}; IoU: {0.8542}; Prec: {0.9360}; Recall: {0.9072}; F1: {0.9214}; Sens: {0.9072}; Spec: {0.9996}; AUC: {0.9534}
10/25 02:31:15 PM current best loss 0.07708422467112541, mIoU 0.8572138547897339
10/25 02:31:15 PM cost time: {'day': 2.0, 'hour': 12.0, 'minute': 38.0, 'second': 37}
10/25 02:31:15 PM => Epoch 712, lr 0.00019999268455051184
10/25 02:37:37 PM Train Loss: {0.0692}; IoU: {0.8715}; Prec: {0.9301}; Recall: {0.9326}; F1: {0.9313}; Sens: {0.9326}; Spec: {0.9996}; AUC: {0.9661}
10/25 02:38:36 PM Valid Loss: {0.0792}; IoU: {0.8541}; Prec: {0.9187}; Recall: {0.9239}; F1: {0.9213}; Sens: {0.9239}; Spec: {0.9995}; AUC: {0.9617}
10/25 02:38:36 PM current best loss 0.07708422467112541, mIoU 0.8572138547897339
10/25 02:38:36 PM cost time: {'day': 2.0, 'hour': 12.0, 'minute': 45.0, 'second': 59}
10/25 02:38:36 PM => Epoch 713, lr 0.00019999266407358984
10/25 02:44:56 PM Train Loss: {0.0696}; IoU: {0.8715}; Prec: {0.9294}; Recall: {0.9332}; F1: {0.9313}; Sens: {0.9332}; Spec: {0.9996}; AUC: {0.9664}
10/25 02:45:56 PM Valid Loss: {0.0790}; IoU: {0.8544}; Prec: {0.9220}; Recall: {0.9210}; F1: {0.9215}; Sens: {0.9210}; Spec: {0.9996}; AUC: {0.9603}
10/25 02:45:56 PM current best loss 0.07708422467112541, mIoU 0.8572138547897339
10/25 02:45:56 PM cost time: {'day': 2.0, 'hour': 12.0, 'minute': 53.0, 'second': 18}
10/25 02:45:56 PM => Epoch 714, lr 0.00019999264356805032
10/25 02:52:13 PM Train Loss: {0.0695}; IoU: {0.8717}; Prec: {0.9298}; Recall: {0.9331}; F1: {0.9314}; Sens: {0.9331}; Spec: {0.9996}; AUC: {0.9663}
10/25 02:53:11 PM Valid Loss: {0.0782}; IoU: {0.8556}; Prec: {0.9282}; Recall: {0.9162}; F1: {0.9222}; Sens: {0.9162}; Spec: {0.9996}; AUC: {0.9579}
10/25 02:53:11 PM current best loss 0.07708422467112541, mIoU 0.8572138547897339
10/25 02:53:11 PM cost time: {'day': 2.0, 'hour': 13.0, 'minute': 0.0, 'second': 33}
10/25 02:53:11 PM => Epoch 715, lr 0.00019999262303389316
10/25 02:59:27 PM Train Loss: {0.0695}; IoU: {0.8715}; Prec: {0.9295}; Recall: {0.9331}; F1: {0.9313}; Sens: {0.9331}; Spec: {0.9996}; AUC: {0.9664}
10/25 03:00:26 PM Valid Loss: {0.0785}; IoU: {0.8551}; Prec: {0.9296}; Recall: {0.9144}; F1: {0.9219}; Sens: {0.9144}; Spec: {0.9996}; AUC: {0.9570}
10/25 03:00:26 PM current best loss 0.07708422467112541, mIoU 0.8572138547897339
10/25 03:00:26 PM cost time: {'day': 2.0, 'hour': 13.0, 'minute': 7.0, 'second': 48}
10/25 03:00:26 PM => Epoch 716, lr 0.0001999926024711185
10/25 03:06:41 PM Train Loss: {0.0689}; IoU: {0.8722}; Prec: {0.9306}; Recall: {0.9329}; F1: {0.9317}; Sens: {0.9329}; Spec: {0.9996}; AUC: {0.9662}
10/25 03:07:39 PM Valid Loss: {0.0781}; IoU: {0.8560}; Prec: {0.9201}; Recall: {0.9248}; F1: {0.9224}; Sens: {0.9248}; Spec: {0.9995}; AUC: {0.9622}
10/25 03:07:39 PM current best loss 0.07708422467112541, mIoU 0.8572138547897339
10/25 03:07:39 PM cost time: {'day': 2.0, 'hour': 13.0, 'minute': 15.0, 'second': 1}
10/25 03:07:39 PM => Epoch 717, lr 0.0001999925818797263
10/25 03:13:54 PM Train Loss: {0.0692}; IoU: {0.8718}; Prec: {0.9310}; Recall: {0.9320}; F1: {0.9315}; Sens: {0.9320}; Spec: {0.9996}; AUC: {0.9658}
10/25 03:14:52 PM Valid Loss: {0.0778}; IoU: {0.8565}; Prec: {0.9292}; Recall: {0.9164}; F1: {0.9227}; Sens: {0.9164}; Spec: {0.9996}; AUC: {0.9580}
10/25 03:14:52 PM current best loss 0.07708422467112541, mIoU 0.8572138547897339
10/25 03:14:52 PM cost time: {'day': 2.0, 'hour': 13.0, 'minute': 22.0, 'second': 14}
10/25 03:14:52 PM => Epoch 718, lr 0.00019999256125971654
10/25 03:21:07 PM Train Loss: {0.0691}; IoU: {0.8720}; Prec: {0.9302}; Recall: {0.9330}; F1: {0.9316}; Sens: {0.9330}; Spec: {0.9996}; AUC: {0.9663}
10/25 03:22:05 PM Valid Loss: {0.0785}; IoU: {0.8553}; Prec: {0.9393}; Recall: {0.9053}; F1: {0.9220}; Sens: {0.9053}; Spec: {0.9997}; AUC: {0.9525}
10/25 03:22:05 PM current best loss 0.07708422467112541, mIoU 0.8572138547897339
10/25 03:22:05 PM cost time: {'day': 2.0, 'hour': 13.0, 'minute': 29.0, 'second': 27}
10/25 03:22:05 PM => Epoch 719, lr 0.00019999254061108928
10/25 03:28:21 PM Train Loss: {0.0691}; IoU: {0.8720}; Prec: {0.9302}; Recall: {0.9330}; F1: {0.9316}; Sens: {0.9330}; Spec: {0.9996}; AUC: {0.9663}
10/25 03:29:20 PM Valid Loss: {0.0783}; IoU: {0.8556}; Prec: {0.9263}; Recall: {0.9181}; F1: {0.9222}; Sens: {0.9181}; Spec: {0.9996}; AUC: {0.9588}
10/25 03:29:20 PM current best loss 0.07708422467112541, mIoU 0.8572138547897339
10/25 03:29:20 PM cost time: {'day': 2.0, 'hour': 13.0, 'minute': 36.0, 'second': 42}
10/25 03:29:20 PM => Epoch 720, lr 0.00019999251993384445
10/25 03:35:41 PM Train Loss: {0.0687}; IoU: {0.8726}; Prec: {0.9311}; Recall: {0.9328}; F1: {0.9320}; Sens: {0.9328}; Spec: {0.9996}; AUC: {0.9662}
10/25 03:36:40 PM Valid Loss: {0.0790}; IoU: {0.8545}; Prec: {0.9221}; Recall: {0.9210}; F1: {0.9215}; Sens: {0.9210}; Spec: {0.9996}; AUC: {0.9603}
10/25 03:36:40 PM current best loss 0.07708422467112541, mIoU 0.8572138547897339
10/25 03:36:40 PM cost time: {'day': 2.0, 'hour': 13.0, 'minute': 44.0, 'second': 2}
10/25 03:36:40 PM => Epoch 721, lr 0.00019999249922798208
10/25 03:43:01 PM Train Loss: {0.0690}; IoU: {0.8719}; Prec: {0.9305}; Recall: {0.9327}; F1: {0.9316}; Sens: {0.9327}; Spec: {0.9996}; AUC: {0.9662}
10/25 03:43:59 PM Valid Loss: {0.0782}; IoU: {0.8558}; Prec: {0.9281}; Recall: {0.9166}; F1: {0.9223}; Sens: {0.9166}; Spec: {0.9996}; AUC: {0.9581}
10/25 03:43:59 PM current best loss 0.07708422467112541, mIoU 0.8572138547897339
10/25 03:43:59 PM cost time: {'day': 2.0, 'hour': 13.0, 'minute': 51.0, 'second': 21}
10/25 03:43:59 PM => Epoch 722, lr 0.00019999247849350227
10/25 03:50:19 PM Train Loss: {0.0693}; IoU: {0.8715}; Prec: {0.9291}; Recall: {0.9335}; F1: {0.9313}; Sens: {0.9335}; Spec: {0.9996}; AUC: {0.9666}
10/25 03:51:19 PM Valid Loss: {0.0785}; IoU: {0.8552}; Prec: {0.9246}; Recall: {0.9192}; F1: {0.9219}; Sens: {0.9192}; Spec: {0.9996}; AUC: {0.9594}
10/25 03:51:19 PM current best loss 0.07708422467112541, mIoU 0.8572138547897339
10/25 03:51:19 PM cost time: {'day': 2.0, 'hour': 13.0, 'minute': 58.0, 'second': 41}
10/25 03:51:19 PM => Epoch 723, lr 0.00019999245773040492
10/25 03:57:38 PM Train Loss: {0.0691}; IoU: {0.8720}; Prec: {0.9292}; Recall: {0.9340}; F1: {0.9316}; Sens: {0.9340}; Spec: {0.9996}; AUC: {0.9668}
10/25 03:58:37 PM Valid Loss: {0.0799}; IoU: {0.8526}; Prec: {0.9133}; Recall: {0.9277}; F1: {0.9204}; Sens: {0.9277}; Spec: {0.9995}; AUC: {0.9636}
10/25 03:58:37 PM current best loss 0.07708422467112541, mIoU 0.8572138547897339
10/25 03:58:37 PM cost time: {'day': 2.0, 'hour': 14.0, 'minute': 5.0, 'second': 59}
10/25 03:58:37 PM => Epoch 724, lr 0.00019999243693869008
10/25 04:04:57 PM Train Loss: {0.0686}; IoU: {0.8727}; Prec: {0.9304}; Recall: {0.9337}; F1: {0.9320}; Sens: {0.9337}; Spec: {0.9996}; AUC: {0.9666}
10/25 04:05:57 PM Valid Loss: {0.0805}; IoU: {0.8517}; Prec: {0.9393}; Recall: {0.9013}; F1: {0.9199}; Sens: {0.9013}; Spec: {0.9997}; AUC: {0.9505}
10/25 04:05:57 PM current best loss 0.07708422467112541, mIoU 0.8572138547897339
10/25 04:05:57 PM cost time: {'day': 2.0, 'hour': 14.0, 'minute': 13.0, 'second': 19}
10/25 04:05:57 PM => Epoch 725, lr 0.00019999241611835775
10/25 04:12:17 PM Train Loss: {0.0693}; IoU: {0.8714}; Prec: {0.9299}; Recall: {0.9326}; F1: {0.9313}; Sens: {0.9326}; Spec: {0.9996}; AUC: {0.9661}
10/25 04:13:16 PM Valid Loss: {0.0781}; IoU: {0.8562}; Prec: {0.9260}; Recall: {0.9190}; F1: {0.9225}; Sens: {0.9190}; Spec: {0.9996}; AUC: {0.9593}
10/25 04:13:16 PM current best loss 0.07708422467112541, mIoU 0.8572138547897339
10/25 04:13:16 PM cost time: {'day': 2.0, 'hour': 14.0, 'minute': 20.0, 'second': 38}
10/25 04:13:16 PM => Epoch 726, lr 0.00019999239526940794
10/25 04:19:38 PM Train Loss: {0.0693}; IoU: {0.8720}; Prec: {0.9299}; Recall: {0.9334}; F1: {0.9317}; Sens: {0.9334}; Spec: {0.9996}; AUC: {0.9665}
10/25 04:20:37 PM Valid Loss: {0.0773}; IoU: {0.8573}; Prec: {0.9247}; Recall: {0.9217}; F1: {0.9232}; Sens: {0.9217}; Spec: {0.9996}; AUC: {0.9606}
10/25 04:20:37 PM current best loss 0.07708422467112541, mIoU 0.857306182384491
10/25 04:20:38 PM save checkpoint (epoch 726) in logs/nasunet/train/flame1/20241024-092318  dur_time: {'day': 2.0, 'hour': 14.0, 'minute': 28.0, 'second': 0}
10/25 04:20:38 PM cost time: {'day': 2.0, 'hour': 14.0, 'minute': 28.0, 'second': 0}
10/25 04:20:38 PM => Epoch 727, lr 0.0001999923743918406
10/25 04:27:01 PM Train Loss: {0.0688}; IoU: {0.8724}; Prec: {0.9302}; Recall: {0.9335}; F1: {0.9318}; Sens: {0.9335}; Spec: {0.9996}; AUC: {0.9665}
10/25 04:28:00 PM Valid Loss: {0.0787}; IoU: {0.8552}; Prec: {0.9306}; Recall: {0.9135}; F1: {0.9219}; Sens: {0.9135}; Spec: {0.9996}; AUC: {0.9565}
10/25 04:28:00 PM current best loss 0.07708422467112541, mIoU 0.857306182384491
10/25 04:28:00 PM cost time: {'day': 2.0, 'hour': 14.0, 'minute': 35.0, 'second': 22}
10/25 04:28:00 PM => Epoch 728, lr 0.00019999235348565578
10/25 04:34:17 PM Train Loss: {0.0693}; IoU: {0.8719}; Prec: {0.9297}; Recall: {0.9334}; F1: {0.9316}; Sens: {0.9334}; Spec: {0.9996}; AUC: {0.9665}
10/25 04:35:15 PM Valid Loss: {0.0787}; IoU: {0.8550}; Prec: {0.9324}; Recall: {0.9115}; F1: {0.9218}; Sens: {0.9115}; Spec: {0.9996}; AUC: {0.9556}
10/25 04:35:15 PM current best loss 0.07708422467112541, mIoU 0.857306182384491
10/25 04:35:15 PM cost time: {'day': 2.0, 'hour': 14.0, 'minute': 42.0, 'second': 37}
10/25 04:35:15 PM => Epoch 729, lr 0.00019999233255085352
10/25 04:41:30 PM Train Loss: {0.0691}; IoU: {0.8720}; Prec: {0.9305}; Recall: {0.9328}; F1: {0.9316}; Sens: {0.9328}; Spec: {0.9996}; AUC: {0.9662}
10/25 04:42:27 PM Valid Loss: {0.0782}; IoU: {0.8557}; Prec: {0.9257}; Recall: {0.9188}; F1: {0.9223}; Sens: {0.9188}; Spec: {0.9996}; AUC: {0.9592}
10/25 04:42:27 PM current best loss 0.07708422467112541, mIoU 0.857306182384491
10/25 04:42:27 PM cost time: {'day': 2.0, 'hour': 14.0, 'minute': 49.0, 'second': 50}
10/25 04:42:27 PM => Epoch 730, lr 0.0001999923115874338
10/25 04:48:42 PM Train Loss: {0.0688}; IoU: {0.8722}; Prec: {0.9296}; Recall: {0.9339}; F1: {0.9317}; Sens: {0.9339}; Spec: {0.9996}; AUC: {0.9667}
10/25 04:49:39 PM Valid Loss: {0.0790}; IoU: {0.8544}; Prec: {0.9371}; Recall: {0.9064}; F1: {0.9215}; Sens: {0.9064}; Spec: {0.9997}; AUC: {0.9530}
10/25 04:49:39 PM current best loss 0.07708422467112541, mIoU 0.857306182384491
10/25 04:49:39 PM cost time: {'day': 2.0, 'hour': 14.0, 'minute': 57.0, 'second': 2}
10/25 04:49:39 PM => Epoch 731, lr 0.00019999229059539661
10/25 04:55:53 PM Train Loss: {0.0687}; IoU: {0.8722}; Prec: {0.9303}; Recall: {0.9331}; F1: {0.9317}; Sens: {0.9331}; Spec: {0.9996}; AUC: {0.9664}
10/25 04:56:51 PM Valid Loss: {0.0774}; IoU: {0.8570}; Prec: {0.9286}; Recall: {0.9175}; F1: {0.9230}; Sens: {0.9175}; Spec: {0.9996}; AUC: {0.9585}
10/25 04:56:51 PM current best loss 0.07708422467112541, mIoU 0.857306182384491
10/25 04:56:51 PM cost time: {'day': 2.0, 'hour': 15.0, 'minute': 4.0, 'second': 13}
10/25 04:56:51 PM => Epoch 732, lr 0.00019999226957474205
10/25 05:03:07 PM Train Loss: {0.0695}; IoU: {0.8713}; Prec: {0.9291}; Recall: {0.9333}; F1: {0.9312}; Sens: {0.9333}; Spec: {0.9996}; AUC: {0.9665}
10/25 05:04:05 PM Valid Loss: {0.0789}; IoU: {0.8547}; Prec: {0.9293}; Recall: {0.9141}; F1: {0.9216}; Sens: {0.9141}; Spec: {0.9996}; AUC: {0.9569}
10/25 05:04:05 PM current best loss 0.07708422467112541, mIoU 0.857306182384491
10/25 05:04:05 PM cost time: {'day': 2.0, 'hour': 15.0, 'minute': 11.0, 'second': 27}
10/25 05:04:05 PM => Epoch 733, lr 0.00019999224852546992
10/25 05:10:22 PM Train Loss: {0.0692}; IoU: {0.8719}; Prec: {0.9296}; Recall: {0.9336}; F1: {0.9316}; Sens: {0.9336}; Spec: {0.9996}; AUC: {0.9666}
10/25 05:11:20 PM Valid Loss: {0.0793}; IoU: {0.8541}; Prec: {0.9188}; Recall: {0.9239}; F1: {0.9213}; Sens: {0.9239}; Spec: {0.9995}; AUC: {0.9617}
10/25 05:11:20 PM current best loss 0.07708422467112541, mIoU 0.857306182384491
10/25 05:11:20 PM cost time: {'day': 2.0, 'hour': 15.0, 'minute': 18.0, 'second': 42}
10/25 05:11:20 PM => Epoch 734, lr 0.0001999922274475804
10/25 05:17:35 PM Train Loss: {0.0694}; IoU: {0.8717}; Prec: {0.9295}; Recall: {0.9334}; F1: {0.9314}; Sens: {0.9334}; Spec: {0.9996}; AUC: {0.9665}
10/25 05:18:33 PM Valid Loss: {0.0785}; IoU: {0.8552}; Prec: {0.9372}; Recall: {0.9072}; F1: {0.9219}; Sens: {0.9072}; Spec: {0.9997}; AUC: {0.9534}
10/25 05:18:33 PM current best loss 0.07708422467112541, mIoU 0.857306182384491
10/25 05:18:33 PM cost time: {'day': 2.0, 'hour': 15.0, 'minute': 25.0, 'second': 55}
10/25 05:18:33 PM => Epoch 735, lr 0.00019999220634107345
10/25 05:24:48 PM Train Loss: {0.0687}; IoU: {0.8728}; Prec: {0.9306}; Recall: {0.9335}; F1: {0.9321}; Sens: {0.9335}; Spec: {0.9996}; AUC: {0.9666}
10/25 05:25:46 PM Valid Loss: {0.0789}; IoU: {0.8546}; Prec: {0.9134}; Recall: {0.9299}; F1: {0.9216}; Sens: {0.9299}; Spec: {0.9995}; AUC: {0.9647}
10/25 05:25:46 PM current best loss 0.07708422467112541, mIoU 0.857306182384491
10/25 05:25:46 PM cost time: {'day': 2.0, 'hour': 15.0, 'minute': 33.0, 'second': 8}
10/25 05:25:46 PM => Epoch 736, lr 0.000199992185205949
10/25 05:32:04 PM Train Loss: {0.0687}; IoU: {0.8726}; Prec: {0.9307}; Recall: {0.9332}; F1: {0.9320}; Sens: {0.9332}; Spec: {0.9996}; AUC: {0.9664}
10/25 05:33:03 PM Valid Loss: {0.0779}; IoU: {0.8566}; Prec: {0.9269}; Recall: {0.9187}; F1: {0.9227}; Sens: {0.9187}; Spec: {0.9996}; AUC: {0.9591}
10/25 05:33:03 PM current best loss 0.07708422467112541, mIoU 0.857306182384491
10/25 05:33:03 PM cost time: {'day': 2.0, 'hour': 15.0, 'minute': 40.0, 'second': 25}
10/25 05:33:03 PM => Epoch 737, lr 0.00019999216404220725
10/25 05:39:22 PM Train Loss: {0.0692}; IoU: {0.8719}; Prec: {0.9302}; Recall: {0.9329}; F1: {0.9316}; Sens: {0.9329}; Spec: {0.9996}; AUC: {0.9663}
10/25 05:40:20 PM Valid Loss: {0.0783}; IoU: {0.8557}; Prec: {0.9203}; Recall: {0.9243}; F1: {0.9223}; Sens: {0.9243}; Spec: {0.9995}; AUC: {0.9619}
10/25 05:40:20 PM current best loss 0.07708422467112541, mIoU 0.857306182384491
10/25 05:40:20 PM cost time: {'day': 2.0, 'hour': 15.0, 'minute': 47.0, 'second': 42}
10/25 05:40:20 PM => Epoch 738, lr 0.00019999214284984804
10/25 05:46:39 PM Train Loss: {0.0689}; IoU: {0.8723}; Prec: {0.9298}; Recall: {0.9337}; F1: {0.9318}; Sens: {0.9337}; Spec: {0.9996}; AUC: {0.9667}
10/25 05:47:38 PM Valid Loss: {0.0773}; IoU: {0.8572}; Prec: {0.9260}; Recall: {0.9202}; F1: {0.9231}; Sens: {0.9202}; Spec: {0.9996}; AUC: {0.9599}
10/25 05:47:38 PM current best loss 0.07708422467112541, mIoU 0.857306182384491
10/25 05:47:38 PM cost time: {'day': 2.0, 'hour': 15.0, 'minute': 55.0, 'second': 0}
10/25 05:47:38 PM => Epoch 739, lr 0.00019999212162887138
10/25 05:54:03 PM Train Loss: {0.0684}; IoU: {0.8729}; Prec: {0.9300}; Recall: {0.9343}; F1: {0.9321}; Sens: {0.9343}; Spec: {0.9996}; AUC: {0.9669}
10/25 05:55:02 PM Valid Loss: {0.0784}; IoU: {0.8557}; Prec: {0.9250}; Recall: {0.9195}; F1: {0.9222}; Sens: {0.9195}; Spec: {0.9996}; AUC: {0.9595}
10/25 05:55:02 PM current best loss 0.07708422467112541, mIoU 0.857306182384491
10/25 05:55:02 PM cost time: {'day': 2.0, 'hour': 16.0, 'minute': 2.0, 'second': 24}
10/25 05:55:02 PM => Epoch 740, lr 0.0001999921003792774
10/25 06:01:24 PM Train Loss: {0.0688}; IoU: {0.8726}; Prec: {0.9304}; Recall: {0.9336}; F1: {0.9320}; Sens: {0.9336}; Spec: {0.9996}; AUC: {0.9666}
10/25 06:02:22 PM Valid Loss: {0.0787}; IoU: {0.8549}; Prec: {0.9184}; Recall: {0.9252}; F1: {0.9218}; Sens: {0.9252}; Spec: {0.9995}; AUC: {0.9624}
10/25 06:02:22 PM current best loss 0.07708422467112541, mIoU 0.857306182384491
10/25 06:02:22 PM cost time: {'day': 2.0, 'hour': 16.0, 'minute': 9.0, 'second': 44}
10/25 06:02:22 PM => Epoch 741, lr 0.00019999207910106597
10/25 06:08:38 PM Train Loss: {0.0691}; IoU: {0.8720}; Prec: {0.9305}; Recall: {0.9327}; F1: {0.9316}; Sens: {0.9327}; Spec: {0.9996}; AUC: {0.9662}
10/25 06:09:37 PM Valid Loss: {0.0779}; IoU: {0.8562}; Prec: {0.9186}; Recall: {0.9266}; F1: {0.9225}; Sens: {0.9266}; Spec: {0.9995}; AUC: {0.9630}
10/25 06:09:37 PM current best loss 0.07708422467112541, mIoU 0.857306182384491
10/25 06:09:37 PM cost time: {'day': 2.0, 'hour': 16.0, 'minute': 16.0, 'second': 59}
10/25 06:09:37 PM => Epoch 742, lr 0.00019999205779423722
10/25 06:15:51 PM Train Loss: {0.0687}; IoU: {0.8725}; Prec: {0.9305}; Recall: {0.9333}; F1: {0.9319}; Sens: {0.9333}; Spec: {0.9996}; AUC: {0.9664}
10/25 06:16:50 PM Valid Loss: {0.0784}; IoU: {0.8555}; Prec: {0.9260}; Recall: {0.9182}; F1: {0.9221}; Sens: {0.9182}; Spec: {0.9996}; AUC: {0.9589}
10/25 06:16:50 PM current best loss 0.07708422467112541, mIoU 0.857306182384491
10/25 06:16:50 PM cost time: {'day': 2.0, 'hour': 16.0, 'minute': 24.0, 'second': 12}
10/25 06:16:50 PM => Epoch 743, lr 0.00019999203645879106
10/25 06:23:06 PM Train Loss: {0.0688}; IoU: {0.8723}; Prec: {0.9301}; Recall: {0.9335}; F1: {0.9318}; Sens: {0.9335}; Spec: {0.9996}; AUC: {0.9666}
10/25 06:24:04 PM Valid Loss: {0.0777}; IoU: {0.8566}; Prec: {0.9264}; Recall: {0.9192}; F1: {0.9228}; Sens: {0.9192}; Spec: {0.9996}; AUC: {0.9594}
10/25 06:24:04 PM current best loss 0.07708422467112541, mIoU 0.857306182384491
10/25 06:24:04 PM cost time: {'day': 2.0, 'hour': 16.0, 'minute': 31.0, 'second': 26}
10/25 06:24:04 PM => Epoch 744, lr 0.00019999201509472746
10/25 06:30:17 PM Train Loss: {0.0694}; IoU: {0.8724}; Prec: {0.9302}; Recall: {0.9334}; F1: {0.9318}; Sens: {0.9334}; Spec: {0.9996}; AUC: {0.9665}
10/25 06:31:15 PM Valid Loss: {0.0780}; IoU: {0.8558}; Prec: {0.9265}; Recall: {0.9182}; F1: {0.9223}; Sens: {0.9182}; Spec: {0.9996}; AUC: {0.9589}
10/25 06:31:15 PM current best loss 0.07708422467112541, mIoU 0.857306182384491
10/25 06:31:15 PM cost time: {'day': 2.0, 'hour': 16.0, 'minute': 38.0, 'second': 37}
10/25 06:31:15 PM => Epoch 745, lr 0.00019999199370204657
10/25 06:37:27 PM Train Loss: {0.0686}; IoU: {0.8727}; Prec: {0.9308}; Recall: {0.9333}; F1: {0.9320}; Sens: {0.9333}; Spec: {0.9996}; AUC: {0.9665}
10/25 06:38:24 PM Valid Loss: {0.0790}; IoU: {0.8542}; Prec: {0.9218}; Recall: {0.9210}; F1: {0.9214}; Sens: {0.9210}; Spec: {0.9996}; AUC: {0.9603}
10/25 06:38:24 PM current best loss 0.07708422467112541, mIoU 0.857306182384491
10/25 06:38:24 PM cost time: {'day': 2.0, 'hour': 16.0, 'minute': 45.0, 'second': 46}
10/25 06:38:24 PM => Epoch 746, lr 0.0001999919722807483
10/25 06:44:43 PM Train Loss: {0.0684}; IoU: {0.8732}; Prec: {0.9306}; Recall: {0.9340}; F1: {0.9323}; Sens: {0.9340}; Spec: {0.9996}; AUC: {0.9668}
10/25 06:45:42 PM Valid Loss: {0.0779}; IoU: {0.8563}; Prec: {0.9254}; Recall: {0.9198}; F1: {0.9226}; Sens: {0.9198}; Spec: {0.9996}; AUC: {0.9597}
10/25 06:45:42 PM current best loss 0.07708422467112541, mIoU 0.857306182384491
10/25 06:45:42 PM cost time: {'day': 2.0, 'hour': 16.0, 'minute': 53.0, 'second': 4}
10/25 06:45:42 PM => Epoch 747, lr 0.00019999195083083266
10/25 06:52:04 PM Train Loss: {0.0687}; IoU: {0.8731}; Prec: {0.9301}; Recall: {0.9345}; F1: {0.9323}; Sens: {0.9345}; Spec: {0.9996}; AUC: {0.9670}
10/25 06:53:02 PM Valid Loss: {0.0779}; IoU: {0.8563}; Prec: {0.9225}; Recall: {0.9227}; F1: {0.9226}; Sens: {0.9227}; Spec: {0.9996}; AUC: {0.9612}
10/25 06:53:02 PM current best loss 0.07708422467112541, mIoU 0.857306182384491
10/25 06:53:02 PM cost time: {'day': 2.0, 'hour': 17.0, 'minute': 0.0, 'second': 24}
10/25 06:53:02 PM => Epoch 748, lr 0.00019999192935229963
10/25 06:59:21 PM Train Loss: {0.0685}; IoU: {0.8731}; Prec: {0.9302}; Recall: {0.9343}; F1: {0.9322}; Sens: {0.9343}; Spec: {0.9996}; AUC: {0.9670}
10/25 07:00:20 PM Valid Loss: {0.0776}; IoU: {0.8567}; Prec: {0.9216}; Recall: {0.9240}; F1: {0.9228}; Sens: {0.9240}; Spec: {0.9996}; AUC: {0.9618}
10/25 07:00:20 PM current best loss 0.07708422467112541, mIoU 0.857306182384491
10/25 07:00:20 PM cost time: {'day': 2.0, 'hour': 17.0, 'minute': 7.0, 'second': 42}
10/25 07:00:20 PM => Epoch 749, lr 0.00019999190784514932
10/25 07:06:42 PM Train Loss: {0.0686}; IoU: {0.8730}; Prec: {0.9309}; Recall: {0.9335}; F1: {0.9322}; Sens: {0.9335}; Spec: {0.9996}; AUC: {0.9665}
10/25 07:07:41 PM Valid Loss: {0.0782}; IoU: {0.8556}; Prec: {0.9189}; Recall: {0.9255}; F1: {0.9222}; Sens: {0.9255}; Spec: {0.9995}; AUC: {0.9625}
10/25 07:07:41 PM current best loss 0.07708422467112541, mIoU 0.857306182384491
10/25 07:07:41 PM cost time: {'day': 2.0, 'hour': 17.0, 'minute': 15.0, 'second': 3}
10/25 07:07:41 PM => Epoch 750, lr 0.00019999188630938166
10/25 07:14:00 PM Train Loss: {0.0686}; IoU: {0.8730}; Prec: {0.9305}; Recall: {0.9339}; F1: {0.9322}; Sens: {0.9339}; Spec: {0.9996}; AUC: {0.9668}
10/25 07:14:58 PM Valid Loss: {0.0777}; IoU: {0.8564}; Prec: {0.9286}; Recall: {0.9168}; F1: {0.9227}; Sens: {0.9168}; Spec: {0.9996}; AUC: {0.9582}
10/25 07:16:07 PM Test Loss: {0.0800}; IoU: {0.8543}; Prec: {0.9241}; Recall: {0.9188}; F1: {0.9214}; Sens: {0.9188}; Spec: {0.9996}; AUC: {0.9592}
10/25 07:16:07 PM current best loss 0.07708422467112541, mIoU 0.857306182384491
10/25 07:16:07 PM cost time: {'day': 2.0, 'hour': 17.0, 'minute': 23.0, 'second': 29}
10/25 07:16:07 PM => Epoch 751, lr 0.00019999186474499661
10/25 07:22:26 PM Train Loss: {0.0687}; IoU: {0.8728}; Prec: {0.9299}; Recall: {0.9342}; F1: {0.9321}; Sens: {0.9342}; Spec: {0.9996}; AUC: {0.9669}
10/25 07:23:25 PM Valid Loss: {0.0783}; IoU: {0.8555}; Prec: {0.9293}; Recall: {0.9151}; F1: {0.9221}; Sens: {0.9151}; Spec: {0.9996}; AUC: {0.9573}
10/25 07:23:25 PM current best loss 0.07708422467112541, mIoU 0.857306182384491
10/25 07:23:25 PM cost time: {'day': 2.0, 'hour': 17.0, 'minute': 30.0, 'second': 47}
10/25 07:23:25 PM => Epoch 752, lr 0.00019999184315199433
10/25 07:29:44 PM Train Loss: {0.0688}; IoU: {0.8725}; Prec: {0.9305}; Recall: {0.9333}; F1: {0.9319}; Sens: {0.9333}; Spec: {0.9996}; AUC: {0.9664}
10/25 07:30:43 PM Valid Loss: {0.0779}; IoU: {0.8563}; Prec: {0.9189}; Recall: {0.9263}; F1: {0.9226}; Sens: {0.9263}; Spec: {0.9995}; AUC: {0.9629}
10/25 07:30:43 PM current best loss 0.07708422467112541, mIoU 0.857306182384491
10/25 07:30:43 PM cost time: {'day': 2.0, 'hour': 17.0, 'minute': 38.0, 'second': 5}
10/25 07:30:43 PM => Epoch 753, lr 0.00019999182153037468
10/25 07:36:57 PM Train Loss: {0.0694}; IoU: {0.8720}; Prec: {0.9301}; Recall: {0.9331}; F1: {0.9316}; Sens: {0.9331}; Spec: {0.9996}; AUC: {0.9664}
10/25 07:37:56 PM Valid Loss: {0.0785}; IoU: {0.8553}; Prec: {0.9341}; Recall: {0.9101}; F1: {0.9220}; Sens: {0.9101}; Spec: {0.9996}; AUC: {0.9549}
10/25 07:37:56 PM current best loss 0.07708422467112541, mIoU 0.857306182384491
10/25 07:37:56 PM cost time: {'day': 2.0, 'hour': 17.0, 'minute': 45.0, 'second': 18}
10/25 07:37:56 PM => Epoch 754, lr 0.00019999179988013774
10/25 07:44:14 PM Train Loss: {0.0684}; IoU: {0.8733}; Prec: {0.9308}; Recall: {0.9339}; F1: {0.9324}; Sens: {0.9339}; Spec: {0.9996}; AUC: {0.9668}
10/25 07:45:14 PM Valid Loss: {0.0790}; IoU: {0.8543}; Prec: {0.9344}; Recall: {0.9089}; F1: {0.9214}; Sens: {0.9089}; Spec: {0.9996}; AUC: {0.9543}
10/25 07:45:14 PM current best loss 0.07708422467112541, mIoU 0.857306182384491
10/25 07:45:14 PM cost time: {'day': 2.0, 'hour': 17.0, 'minute': 52.0, 'second': 36}
10/25 07:45:14 PM => Epoch 755, lr 0.00019999177820128355
10/25 07:51:30 PM Train Loss: {0.0687}; IoU: {0.8729}; Prec: {0.9302}; Recall: {0.9341}; F1: {0.9321}; Sens: {0.9341}; Spec: {0.9996}; AUC: {0.9668}
10/25 07:52:28 PM Valid Loss: {0.0772}; IoU: {0.8575}; Prec: {0.9258}; Recall: {0.9207}; F1: {0.9233}; Sens: {0.9207}; Spec: {0.9996}; AUC: {0.9602}
10/25 07:52:28 PM current best loss 0.07708422467112541, mIoU 0.8574531674385071
10/25 07:52:28 PM save checkpoint (epoch 755) in logs/nasunet/train/flame1/20241024-092318  dur_time: {'day': 2.0, 'hour': 17.0, 'minute': 59.0, 'second': 50}
10/25 07:52:28 PM cost time: {'day': 2.0, 'hour': 17.0, 'minute': 59.0, 'second': 50}
10/25 07:52:28 PM => Epoch 756, lr 0.00019999175649381193
10/25 07:58:44 PM Train Loss: {0.0687}; IoU: {0.8728}; Prec: {0.9305}; Recall: {0.9336}; F1: {0.9321}; Sens: {0.9336}; Spec: {0.9996}; AUC: {0.9666}
10/25 07:59:43 PM Valid Loss: {0.0790}; IoU: {0.8542}; Prec: {0.9145}; Recall: {0.9284}; F1: {0.9214}; Sens: {0.9284}; Spec: {0.9995}; AUC: {0.9639}
10/25 07:59:43 PM current best loss 0.07708422467112541, mIoU 0.8574531674385071
10/25 07:59:43 PM cost time: {'day': 2.0, 'hour': 18.0, 'minute': 7.0, 'second': 5}
10/25 07:59:43 PM => Epoch 757, lr 0.00019999173475772312
10/25 08:05:59 PM Train Loss: {0.0686}; IoU: {0.8727}; Prec: {0.9308}; Recall: {0.9333}; F1: {0.9320}; Sens: {0.9333}; Spec: {0.9996}; AUC: {0.9665}
10/25 08:06:57 PM Valid Loss: {0.0780}; IoU: {0.8561}; Prec: {0.9314}; Recall: {0.9137}; F1: {0.9225}; Sens: {0.9137}; Spec: {0.9996}; AUC: {0.9567}
10/25 08:06:57 PM current best loss 0.07708422467112541, mIoU 0.8574531674385071
10/25 08:06:57 PM cost time: {'day': 2.0, 'hour': 18.0, 'minute': 14.0, 'second': 19}
10/25 08:06:57 PM => Epoch 758, lr 0.000199991712993017
10/25 08:13:14 PM Train Loss: {0.0689}; IoU: {0.8722}; Prec: {0.9298}; Recall: {0.9337}; F1: {0.9318}; Sens: {0.9337}; Spec: {0.9996}; AUC: {0.9667}
10/25 08:14:12 PM Valid Loss: {0.0802}; IoU: {0.8523}; Prec: {0.9367}; Recall: {0.9044}; F1: {0.9202}; Sens: {0.9044}; Spec: {0.9997}; AUC: {0.9520}
10/25 08:14:12 PM current best loss 0.07708422467112541, mIoU 0.8574531674385071
10/25 08:14:12 PM cost time: {'day': 2.0, 'hour': 18.0, 'minute': 21.0, 'second': 34}
10/25 08:14:12 PM => Epoch 759, lr 0.00019999169119969362
10/25 08:20:35 PM Train Loss: {0.0692}; IoU: {0.8720}; Prec: {0.9310}; Recall: {0.9322}; F1: {0.9316}; Sens: {0.9322}; Spec: {0.9996}; AUC: {0.9659}
10/25 08:21:33 PM Valid Loss: {0.0781}; IoU: {0.8559}; Prec: {0.9195}; Recall: {0.9252}; F1: {0.9223}; Sens: {0.9252}; Spec: {0.9995}; AUC: {0.9624}
10/25 08:21:33 PM current best loss 0.07708422467112541, mIoU 0.8574531674385071
10/25 08:21:33 PM cost time: {'day': 2.0, 'hour': 18.0, 'minute': 28.0, 'second': 55}
10/25 08:21:33 PM => Epoch 760, lr 0.00019999166937775296
10/25 08:27:50 PM Train Loss: {0.0684}; IoU: {0.8733}; Prec: {0.9307}; Recall: {0.9340}; F1: {0.9323}; Sens: {0.9340}; Spec: {0.9996}; AUC: {0.9668}
10/25 08:28:48 PM Valid Loss: {0.0795}; IoU: {0.8532}; Prec: {0.9263}; Recall: {0.9153}; F1: {0.9208}; Sens: {0.9153}; Spec: {0.9996}; AUC: {0.9575}
10/25 08:28:48 PM current best loss 0.07708422467112541, mIoU 0.8574531674385071
10/25 08:28:48 PM cost time: {'day': 2.0, 'hour': 18.0, 'minute': 36.0, 'second': 10}
10/25 08:28:48 PM => Epoch 761, lr 0.00019999164752719498
10/25 08:35:05 PM Train Loss: {0.0684}; IoU: {0.8731}; Prec: {0.9306}; Recall: {0.9340}; F1: {0.9323}; Sens: {0.9340}; Spec: {0.9996}; AUC: {0.9668}
10/25 08:36:03 PM Valid Loss: {0.0790}; IoU: {0.8543}; Prec: {0.9076}; Recall: {0.9356}; F1: {0.9214}; Sens: {0.9356}; Spec: {0.9995}; AUC: {0.9675}
10/25 08:36:03 PM current best loss 0.07708422467112541, mIoU 0.8574531674385071
10/25 08:36:03 PM cost time: {'day': 2.0, 'hour': 18.0, 'minute': 43.0, 'second': 25}
10/25 08:36:03 PM => Epoch 762, lr 0.00019999162564801978
10/25 08:42:23 PM Train Loss: {0.0692}; IoU: {0.8725}; Prec: {0.9303}; Recall: {0.9335}; F1: {0.9319}; Sens: {0.9335}; Spec: {0.9996}; AUC: {0.9666}
10/25 08:43:22 PM Valid Loss: {0.0783}; IoU: {0.8553}; Prec: {0.9213}; Recall: {0.9227}; F1: {0.9220}; Sens: {0.9227}; Spec: {0.9995}; AUC: {0.9611}
10/25 08:43:22 PM current best loss 0.07708422467112541, mIoU 0.8574531674385071
10/25 08:43:22 PM cost time: {'day': 2.0, 'hour': 18.0, 'minute': 50.0, 'second': 44}
10/25 08:43:22 PM => Epoch 763, lr 0.00019999160374022738
10/25 08:49:45 PM Train Loss: {0.0688}; IoU: {0.8721}; Prec: {0.9304}; Recall: {0.9330}; F1: {0.9317}; Sens: {0.9330}; Spec: {0.9996}; AUC: {0.9663}
10/25 08:50:44 PM Valid Loss: {0.0779}; IoU: {0.8562}; Prec: {0.9244}; Recall: {0.9208}; F1: {0.9226}; Sens: {0.9208}; Spec: {0.9996}; AUC: {0.9602}
10/25 08:50:44 PM current best loss 0.07708422467112541, mIoU 0.8574531674385071
10/25 08:50:44 PM cost time: {'day': 2.0, 'hour': 18.0, 'minute': 58.0, 'second': 6}
10/25 08:50:44 PM => Epoch 764, lr 0.0001999915818038176
10/25 08:57:04 PM Train Loss: {0.0685}; IoU: {0.8731}; Prec: {0.9303}; Recall: {0.9342}; F1: {0.9323}; Sens: {0.9342}; Spec: {0.9996}; AUC: {0.9669}
10/25 08:58:03 PM Valid Loss: {0.0783}; IoU: {0.8554}; Prec: {0.9319}; Recall: {0.9124}; F1: {0.9221}; Sens: {0.9124}; Spec: {0.9996}; AUC: {0.9560}
10/25 08:58:03 PM current best loss 0.07708422467112541, mIoU 0.8574531674385071
10/25 08:58:03 PM cost time: {'day': 2.0, 'hour': 19.0, 'minute': 5.0, 'second': 25}
10/25 08:58:03 PM => Epoch 765, lr 0.00019999155983879078
10/25 09:04:17 PM Train Loss: {0.0688}; IoU: {0.8729}; Prec: {0.9303}; Recall: {0.9340}; F1: {0.9321}; Sens: {0.9340}; Spec: {0.9996}; AUC: {0.9668}
10/25 09:05:15 PM Valid Loss: {0.0786}; IoU: {0.8550}; Prec: {0.9155}; Recall: {0.9283}; F1: {0.9218}; Sens: {0.9283}; Spec: {0.9995}; AUC: {0.9639}
10/25 09:05:15 PM current best loss 0.07708422467112541, mIoU 0.8574531674385071
10/25 09:05:15 PM cost time: {'day': 2.0, 'hour': 19.0, 'minute': 12.0, 'second': 37}
10/25 09:05:15 PM => Epoch 766, lr 0.00019999153784514652
10/25 09:11:32 PM Train Loss: {0.0680}; IoU: {0.8737}; Prec: {0.9311}; Recall: {0.9341}; F1: {0.9326}; Sens: {0.9341}; Spec: {0.9996}; AUC: {0.9669}
10/25 09:12:31 PM Valid Loss: {0.0776}; IoU: {0.8566}; Prec: {0.9253}; Recall: {0.9203}; F1: {0.9228}; Sens: {0.9203}; Spec: {0.9996}; AUC: {0.9599}
10/25 09:12:31 PM current best loss 0.07708422467112541, mIoU 0.8574531674385071
10/25 09:12:31 PM cost time: {'day': 2.0, 'hour': 19.0, 'minute': 19.0, 'second': 53}
10/25 09:12:31 PM => Epoch 767, lr 0.00019999151582288517
10/25 09:18:47 PM Train Loss: {0.0688}; IoU: {0.8726}; Prec: {0.9303}; Recall: {0.9337}; F1: {0.9320}; Sens: {0.9337}; Spec: {0.9996}; AUC: {0.9666}
10/25 09:19:45 PM Valid Loss: {0.0789}; IoU: {0.8543}; Prec: {0.9335}; Recall: {0.9097}; F1: {0.9214}; Sens: {0.9097}; Spec: {0.9996}; AUC: {0.9546}
10/25 09:19:45 PM current best loss 0.07708422467112541, mIoU 0.8574531674385071
10/25 09:19:45 PM cost time: {'day': 2.0, 'hour': 19.0, 'minute': 27.0, 'second': 7}
10/25 09:19:45 PM => Epoch 768, lr 0.00019999149377200658
10/25 09:26:00 PM Train Loss: {0.0687}; IoU: {0.8729}; Prec: {0.9304}; Recall: {0.9339}; F1: {0.9321}; Sens: {0.9339}; Spec: {0.9996}; AUC: {0.9667}
10/25 09:26:58 PM Valid Loss: {0.0786}; IoU: {0.8550}; Prec: {0.9254}; Recall: {0.9183}; F1: {0.9218}; Sens: {0.9183}; Spec: {0.9996}; AUC: {0.9590}
10/25 09:26:58 PM current best loss 0.07708422467112541, mIoU 0.8574531674385071
10/25 09:26:58 PM cost time: {'day': 2.0, 'hour': 19.0, 'minute': 34.0, 'second': 20}
10/25 09:26:58 PM => Epoch 769, lr 0.00019999147169251076
10/25 09:33:15 PM Train Loss: {0.0686}; IoU: {0.8724}; Prec: {0.9306}; Recall: {0.9331}; F1: {0.9319}; Sens: {0.9331}; Spec: {0.9996}; AUC: {0.9663}
10/25 09:34:13 PM Valid Loss: {0.0778}; IoU: {0.8565}; Prec: {0.9211}; Recall: {0.9243}; F1: {0.9227}; Sens: {0.9243}; Spec: {0.9995}; AUC: {0.9619}
10/25 09:34:13 PM current best loss 0.07708422467112541, mIoU 0.8574531674385071
10/25 09:34:13 PM cost time: {'day': 2.0, 'hour': 19.0, 'minute': 41.0, 'second': 35}
10/25 09:34:13 PM => Epoch 770, lr 0.0001999914495843977
10/25 09:40:27 PM Train Loss: {0.0685}; IoU: {0.8731}; Prec: {0.9315}; Recall: {0.9329}; F1: {0.9322}; Sens: {0.9329}; Spec: {0.9996}; AUC: {0.9663}
10/25 09:41:26 PM Valid Loss: {0.0785}; IoU: {0.8553}; Prec: {0.9201}; Recall: {0.9239}; F1: {0.9220}; Sens: {0.9239}; Spec: {0.9995}; AUC: {0.9617}
10/25 09:41:26 PM current best loss 0.07708422467112541, mIoU 0.8574531674385071
10/25 09:41:26 PM cost time: {'day': 2.0, 'hour': 19.0, 'minute': 48.0, 'second': 48}
10/25 09:41:26 PM => Epoch 771, lr 0.00019999142744766754
10/25 09:47:40 PM Train Loss: {0.0687}; IoU: {0.8729}; Prec: {0.9308}; Recall: {0.9335}; F1: {0.9321}; Sens: {0.9335}; Spec: {0.9996}; AUC: {0.9666}
10/25 09:48:38 PM Valid Loss: {0.0797}; IoU: {0.8531}; Prec: {0.9185}; Recall: {0.9229}; F1: {0.9207}; Sens: {0.9229}; Spec: {0.9995}; AUC: {0.9612}
10/25 09:48:38 PM current best loss 0.07708422467112541, mIoU 0.8574531674385071
10/25 09:48:38 PM cost time: {'day': 2.0, 'hour': 19.0, 'minute': 56.0, 'second': 0}
10/25 09:48:38 PM => Epoch 772, lr 0.0001999914052823201
10/25 09:54:52 PM Train Loss: {0.0682}; IoU: {0.8736}; Prec: {0.9308}; Recall: {0.9343}; F1: {0.9326}; Sens: {0.9343}; Spec: {0.9996}; AUC: {0.9670}
10/25 09:55:49 PM Valid Loss: {0.0786}; IoU: {0.8552}; Prec: {0.9278}; Recall: {0.9162}; F1: {0.9219}; Sens: {0.9162}; Spec: {0.9996}; AUC: {0.9579}
10/25 09:55:49 PM current best loss 0.07708422467112541, mIoU 0.8574531674385071
10/25 09:55:49 PM cost time: {'day': 2.0, 'hour': 20.0, 'minute': 3.0, 'second': 11}
10/25 09:55:49 PM => Epoch 773, lr 0.0001999913830883555
10/25 10:02:08 PM Train Loss: {0.0682}; IoU: {0.8732}; Prec: {0.9308}; Recall: {0.9337}; F1: {0.9323}; Sens: {0.9337}; Spec: {0.9996}; AUC: {0.9667}
10/25 10:03:06 PM Valid Loss: {0.0778}; IoU: {0.8565}; Prec: {0.9310}; Recall: {0.9145}; F1: {0.9227}; Sens: {0.9145}; Spec: {0.9996}; AUC: {0.9571}
10/25 10:03:06 PM current best loss 0.07708422467112541, mIoU 0.8574531674385071
10/25 10:03:06 PM cost time: {'day': 2.0, 'hour': 20.0, 'minute': 10.0, 'second': 28}
10/25 10:03:06 PM => Epoch 774, lr 0.0001999913608657737
10/25 10:09:27 PM Train Loss: {0.0686}; IoU: {0.8729}; Prec: {0.9304}; Recall: {0.9339}; F1: {0.9321}; Sens: {0.9339}; Spec: {0.9996}; AUC: {0.9667}
10/25 10:10:26 PM Valid Loss: {0.0787}; IoU: {0.8546}; Prec: {0.9347}; Recall: {0.9088}; F1: {0.9216}; Sens: {0.9088}; Spec: {0.9996}; AUC: {0.9542}
10/25 10:10:26 PM current best loss 0.07708422467112541, mIoU 0.8574531674385071
10/25 10:10:26 PM cost time: {'day': 2.0, 'hour': 20.0, 'minute': 17.0, 'second': 48}
10/25 10:10:26 PM => Epoch 775, lr 0.0001999913386145748
10/25 10:16:44 PM Train Loss: {0.0688}; IoU: {0.8727}; Prec: {0.9307}; Recall: {0.9333}; F1: {0.9320}; Sens: {0.9333}; Spec: {0.9996}; AUC: {0.9664}
10/25 10:17:43 PM Valid Loss: {0.0779}; IoU: {0.8562}; Prec: {0.9191}; Recall: {0.9261}; F1: {0.9226}; Sens: {0.9261}; Spec: {0.9995}; AUC: {0.9628}
10/25 10:17:43 PM current best loss 0.07708422467112541, mIoU 0.8574531674385071
10/25 10:17:43 PM cost time: {'day': 2.0, 'hour': 20.0, 'minute': 25.0, 'second': 5}
10/25 10:17:43 PM => Epoch 776, lr 0.0001999913163347587
10/25 10:24:05 PM Train Loss: {0.0686}; IoU: {0.8730}; Prec: {0.9309}; Recall: {0.9335}; F1: {0.9322}; Sens: {0.9335}; Spec: {0.9996}; AUC: {0.9665}
10/25 10:25:04 PM Valid Loss: {0.0785}; IoU: {0.8553}; Prec: {0.9290}; Recall: {0.9151}; F1: {0.9220}; Sens: {0.9151}; Spec: {0.9996}; AUC: {0.9574}
10/25 10:25:04 PM current best loss 0.07708422467112541, mIoU 0.8574531674385071
10/25 10:25:04 PM cost time: {'day': 2.0, 'hour': 20.0, 'minute': 32.0, 'second': 26}
10/25 10:25:04 PM => Epoch 777, lr 0.0001999912940263254
10/25 10:31:24 PM Train Loss: {0.0683}; IoU: {0.8730}; Prec: {0.9305}; Recall: {0.9339}; F1: {0.9322}; Sens: {0.9339}; Spec: {0.9996}; AUC: {0.9667}
10/25 10:32:22 PM Valid Loss: {0.0785}; IoU: {0.8553}; Prec: {0.9222}; Recall: {0.9217}; F1: {0.9220}; Sens: {0.9217}; Spec: {0.9996}; AUC: {0.9606}
10/25 10:32:22 PM current best loss 0.07708422467112541, mIoU 0.8574531674385071
10/25 10:32:22 PM cost time: {'day': 2.0, 'hour': 20.0, 'minute': 39.0, 'second': 44}
10/25 10:32:22 PM => Epoch 778, lr 0.00019999127168927498
10/25 10:38:39 PM Train Loss: {0.0681}; IoU: {0.8738}; Prec: {0.9309}; Recall: {0.9343}; F1: {0.9326}; Sens: {0.9343}; Spec: {0.9996}; AUC: {0.9670}
10/25 10:39:38 PM Valid Loss: {0.0779}; IoU: {0.8562}; Prec: {0.9255}; Recall: {0.9196}; F1: {0.9226}; Sens: {0.9196}; Spec: {0.9996}; AUC: {0.9596}
10/25 10:39:38 PM current best loss 0.07708422467112541, mIoU 0.8574531674385071
10/25 10:39:38 PM cost time: {'day': 2.0, 'hour': 20.0, 'minute': 47.0, 'second': 0}
10/25 10:39:38 PM => Epoch 779, lr 0.00019999124932360742
10/25 10:45:51 PM Train Loss: {0.0681}; IoU: {0.8735}; Prec: {0.9312}; Recall: {0.9337}; F1: {0.9325}; Sens: {0.9337}; Spec: {0.9996}; AUC: {0.9667}
10/25 10:46:48 PM Valid Loss: {0.0803}; IoU: {0.8522}; Prec: {0.9403}; Recall: {0.9009}; F1: {0.9202}; Sens: {0.9009}; Spec: {0.9997}; AUC: {0.9503}
10/25 10:46:48 PM current best loss 0.07708422467112541, mIoU 0.8574531674385071
10/25 10:46:48 PM cost time: {'day': 2.0, 'hour': 20.0, 'minute': 54.0, 'second': 10}
10/25 10:46:48 PM => Epoch 780, lr 0.00019999122692932267
10/25 10:53:04 PM Train Loss: {0.0686}; IoU: {0.8728}; Prec: {0.9301}; Recall: {0.9341}; F1: {0.9321}; Sens: {0.9341}; Spec: {0.9996}; AUC: {0.9668}
10/25 10:54:02 PM Valid Loss: {0.0783}; IoU: {0.8555}; Prec: {0.9183}; Recall: {0.9259}; F1: {0.9221}; Sens: {0.9259}; Spec: {0.9995}; AUC: {0.9627}
10/25 10:54:02 PM current best loss 0.07708422467112541, mIoU 0.8574531674385071
10/25 10:54:02 PM cost time: {'day': 2.0, 'hour': 21.0, 'minute': 1.0, 'second': 24}
10/25 10:54:02 PM => Epoch 781, lr 0.0001999912045064209
10/25 11:00:15 PM Train Loss: {0.0682}; IoU: {0.8738}; Prec: {0.9315}; Recall: {0.9338}; F1: {0.9326}; Sens: {0.9338}; Spec: {0.9996}; AUC: {0.9667}
10/25 11:01:13 PM Valid Loss: {0.0775}; IoU: {0.8568}; Prec: {0.9211}; Recall: {0.9247}; F1: {0.9229}; Sens: {0.9247}; Spec: {0.9995}; AUC: {0.9621}
10/25 11:01:13 PM current best loss 0.07708422467112541, mIoU 0.8574531674385071
10/25 11:01:13 PM cost time: {'day': 2.0, 'hour': 21.0, 'minute': 8.0, 'second': 35}
10/25 11:01:13 PM => Epoch 782, lr 0.00019999118205490192
10/25 11:07:28 PM Train Loss: {0.0687}; IoU: {0.8729}; Prec: {0.9305}; Recall: {0.9339}; F1: {0.9322}; Sens: {0.9339}; Spec: {0.9996}; AUC: {0.9667}
10/25 11:08:26 PM Valid Loss: {0.0787}; IoU: {0.8550}; Prec: {0.9259}; Recall: {0.9179}; F1: {0.9219}; Sens: {0.9179}; Spec: {0.9996}; AUC: {0.9587}
10/25 11:08:26 PM current best loss 0.07708422467112541, mIoU 0.8574531674385071
10/25 11:08:26 PM cost time: {'day': 2.0, 'hour': 21.0, 'minute': 15.0, 'second': 48}
10/25 11:08:26 PM => Epoch 783, lr 0.00019999115957476587
10/25 11:14:44 PM Train Loss: {0.0683}; IoU: {0.8734}; Prec: {0.9312}; Recall: {0.9337}; F1: {0.9324}; Sens: {0.9337}; Spec: {0.9996}; AUC: {0.9666}
10/25 11:15:41 PM Valid Loss: {0.0788}; IoU: {0.8547}; Prec: {0.9311}; Recall: {0.9124}; F1: {0.9217}; Sens: {0.9124}; Spec: {0.9996}; AUC: {0.9560}
10/25 11:15:41 PM current best loss 0.07708422467112541, mIoU 0.8574531674385071
10/25 11:15:41 PM cost time: {'day': 2.0, 'hour': 21.0, 'minute': 23.0, 'second': 4}
10/25 11:15:41 PM => Epoch 784, lr 0.00019999113706601265
10/25 11:21:59 PM Train Loss: {0.0682}; IoU: {0.8735}; Prec: {0.9306}; Recall: {0.9344}; F1: {0.9325}; Sens: {0.9344}; Spec: {0.9996}; AUC: {0.9670}
10/25 11:22:57 PM Valid Loss: {0.0777}; IoU: {0.8568}; Prec: {0.9178}; Recall: {0.9280}; F1: {0.9229}; Sens: {0.9280}; Spec: {0.9995}; AUC: {0.9638}
10/25 11:22:57 PM current best loss 0.07708422467112541, mIoU 0.8574531674385071
10/25 11:22:57 PM cost time: {'day': 2.0, 'hour': 21.0, 'minute': 30.0, 'second': 19}
10/25 11:22:57 PM => Epoch 785, lr 0.00019999111452864235
10/25 11:29:13 PM Train Loss: {0.0684}; IoU: {0.8732}; Prec: {0.9309}; Recall: {0.9338}; F1: {0.9323}; Sens: {0.9338}; Spec: {0.9996}; AUC: {0.9667}
10/25 11:30:11 PM Valid Loss: {0.0783}; IoU: {0.8558}; Prec: {0.9358}; Recall: {0.9091}; F1: {0.9223}; Sens: {0.9091}; Spec: {0.9996}; AUC: {0.9544}
10/25 11:30:11 PM current best loss 0.07708422467112541, mIoU 0.8574531674385071
10/25 11:30:11 PM cost time: {'day': 2.0, 'hour': 21.0, 'minute': 37.0, 'second': 33}
10/25 11:30:11 PM => Epoch 786, lr 0.000199991091962655
10/25 11:36:26 PM Train Loss: {0.0683}; IoU: {0.8737}; Prec: {0.9314}; Recall: {0.9338}; F1: {0.9326}; Sens: {0.9338}; Spec: {0.9996}; AUC: {0.9667}
10/25 11:37:23 PM Valid Loss: {0.0780}; IoU: {0.8560}; Prec: {0.9299}; Recall: {0.9150}; F1: {0.9224}; Sens: {0.9150}; Spec: {0.9996}; AUC: {0.9573}
10/25 11:37:23 PM current best loss 0.07708422467112541, mIoU 0.8574531674385071
10/25 11:37:23 PM cost time: {'day': 2.0, 'hour': 21.0, 'minute': 44.0, 'second': 46}
10/25 11:37:23 PM => Epoch 787, lr 0.0001999910693680505
10/25 11:43:40 PM Train Loss: {0.0685}; IoU: {0.8732}; Prec: {0.9311}; Recall: {0.9335}; F1: {0.9323}; Sens: {0.9335}; Spec: {0.9996}; AUC: {0.9665}
10/25 11:44:38 PM Valid Loss: {0.0784}; IoU: {0.8554}; Prec: {0.9338}; Recall: {0.9107}; F1: {0.9221}; Sens: {0.9107}; Spec: {0.9996}; AUC: {0.9552}
10/25 11:44:38 PM current best loss 0.07708422467112541, mIoU 0.8574531674385071
10/25 11:44:38 PM cost time: {'day': 2.0, 'hour': 21.0, 'minute': 52.0, 'second': 1}
10/25 11:44:38 PM => Epoch 788, lr 0.00019999104674482899
10/25 11:50:54 PM Train Loss: {0.0685}; IoU: {0.8732}; Prec: {0.9310}; Recall: {0.9336}; F1: {0.9323}; Sens: {0.9336}; Spec: {0.9996}; AUC: {0.9666}
10/25 11:51:51 PM Valid Loss: {0.0792}; IoU: {0.8540}; Prec: {0.9255}; Recall: {0.9170}; F1: {0.9213}; Sens: {0.9170}; Spec: {0.9996}; AUC: {0.9583}
10/25 11:51:51 PM current best loss 0.07708422467112541, mIoU 0.8574531674385071
10/25 11:51:51 PM cost time: {'day': 2.0, 'hour': 21.0, 'minute': 59.0, 'second': 14}
10/25 11:51:51 PM => Epoch 789, lr 0.00019999102409299036
10/25 11:58:04 PM Train Loss: {0.0683}; IoU: {0.8735}; Prec: {0.9313}; Recall: {0.9337}; F1: {0.9325}; Sens: {0.9337}; Spec: {0.9996}; AUC: {0.9666}
10/25 11:59:03 PM Valid Loss: {0.0788}; IoU: {0.8547}; Prec: {0.9343}; Recall: {0.9093}; F1: {0.9216}; Sens: {0.9093}; Spec: {0.9996}; AUC: {0.9545}
10/25 11:59:03 PM current best loss 0.07708422467112541, mIoU 0.8574531674385071
10/25 11:59:03 PM cost time: {'day': 2.0, 'hour': 22.0, 'minute': 6.0, 'second': 25}
10/25 11:59:03 PM => Epoch 790, lr 0.00019999100141253462
10/26 12:05:19 AM Train Loss: {0.0683}; IoU: {0.8730}; Prec: {0.9307}; Recall: {0.9337}; F1: {0.9322}; Sens: {0.9337}; Spec: {0.9996}; AUC: {0.9666}
10/26 12:06:18 AM Valid Loss: {0.0782}; IoU: {0.8556}; Prec: {0.9247}; Recall: {0.9197}; F1: {0.9222}; Sens: {0.9197}; Spec: {0.9996}; AUC: {0.9596}
10/26 12:06:18 AM current best loss 0.07708422467112541, mIoU 0.8574531674385071
10/26 12:06:18 AM cost time: {'day': 2.0, 'hour': 22.0, 'minute': 13.0, 'second': 40}
10/26 12:06:18 AM => Epoch 791, lr 0.00019999097870346185
10/26 12:12:41 AM Train Loss: {0.0678}; IoU: {0.8740}; Prec: {0.9315}; Recall: {0.9340}; F1: {0.9327}; Sens: {0.9340}; Spec: {0.9996}; AUC: {0.9668}
10/26 12:13:39 AM Valid Loss: {0.0780}; IoU: {0.8560}; Prec: {0.9195}; Recall: {0.9253}; F1: {0.9224}; Sens: {0.9253}; Spec: {0.9995}; AUC: {0.9624}
10/26 12:13:39 AM current best loss 0.07708422467112541, mIoU 0.8574531674385071
10/26 12:13:39 AM cost time: {'day': 2.0, 'hour': 22.0, 'minute': 21.0, 'second': 1}
10/26 12:13:39 AM => Epoch 792, lr 0.00019999095596577203
10/26 12:19:56 AM Train Loss: {0.0683}; IoU: {0.8736}; Prec: {0.9311}; Recall: {0.9340}; F1: {0.9325}; Sens: {0.9340}; Spec: {0.9996}; AUC: {0.9668}
10/26 12:20:54 AM Valid Loss: {0.0787}; IoU: {0.8552}; Prec: {0.9272}; Recall: {0.9167}; F1: {0.9219}; Sens: {0.9167}; Spec: {0.9996}; AUC: {0.9581}
10/26 12:20:54 AM current best loss 0.07708422467112541, mIoU 0.8574531674385071
10/26 12:20:54 AM cost time: {'day': 2.0, 'hour': 22.0, 'minute': 28.0, 'second': 16}
10/26 12:20:54 AM => Epoch 793, lr 0.0001999909331994652
10/26 12:27:11 AM Train Loss: {0.0678}; IoU: {0.8749}; Prec: {0.9309}; Recall: {0.9357}; F1: {0.9333}; Sens: {0.9357}; Spec: {0.9996}; AUC: {0.9676}
10/26 12:28:09 AM Valid Loss: {0.0795}; IoU: {0.8536}; Prec: {0.9299}; Recall: {0.9123}; F1: {0.9210}; Sens: {0.9123}; Spec: {0.9996}; AUC: {0.9560}
10/26 12:28:09 AM current best loss 0.07708422467112541, mIoU 0.8574531674385071
10/26 12:28:09 AM cost time: {'day': 2.0, 'hour': 22.0, 'minute': 35.0, 'second': 31}
10/26 12:28:09 AM => Epoch 794, lr 0.00019999091040454127
10/26 12:34:25 AM Train Loss: {0.0681}; IoU: {0.8736}; Prec: {0.9315}; Recall: {0.9335}; F1: {0.9325}; Sens: {0.9335}; Spec: {0.9996}; AUC: {0.9666}
10/26 12:35:23 AM Valid Loss: {0.0793}; IoU: {0.8538}; Prec: {0.9353}; Recall: {0.9074}; F1: {0.9211}; Sens: {0.9074}; Spec: {0.9996}; AUC: {0.9535}
10/26 12:35:23 AM current best loss 0.07708422467112541, mIoU 0.8574531674385071
10/26 12:35:23 AM cost time: {'day': 2.0, 'hour': 22.0, 'minute': 42.0, 'second': 45}
10/26 12:35:23 AM => Epoch 795, lr 0.00019999088758100033
10/26 12:41:41 AM Train Loss: {0.0681}; IoU: {0.8737}; Prec: {0.9307}; Recall: {0.9345}; F1: {0.9326}; Sens: {0.9345}; Spec: {0.9996}; AUC: {0.9671}
10/26 12:42:39 AM Valid Loss: {0.0778}; IoU: {0.8563}; Prec: {0.9275}; Recall: {0.9178}; F1: {0.9226}; Sens: {0.9178}; Spec: {0.9996}; AUC: {0.9587}
10/26 12:42:39 AM current best loss 0.07708422467112541, mIoU 0.8574531674385071
10/26 12:42:39 AM cost time: {'day': 2.0, 'hour': 22.0, 'minute': 50.0, 'second': 1}
10/26 12:42:39 AM => Epoch 796, lr 0.00019999086472884228
10/26 12:48:58 AM Train Loss: {0.0680}; IoU: {0.8737}; Prec: {0.9309}; Recall: {0.9343}; F1: {0.9326}; Sens: {0.9343}; Spec: {0.9996}; AUC: {0.9670}
10/26 12:49:56 AM Valid Loss: {0.0788}; IoU: {0.8547}; Prec: {0.9325}; Recall: {0.9111}; F1: {0.9217}; Sens: {0.9111}; Spec: {0.9996}; AUC: {0.9554}
10/26 12:49:56 AM current best loss 0.07708422467112541, mIoU 0.8574531674385071
10/26 12:49:56 AM cost time: {'day': 2.0, 'hour': 22.0, 'minute': 57.0, 'second': 18}
10/26 12:49:56 AM => Epoch 797, lr 0.0001999908418480673
10/26 12:56:16 AM Train Loss: {0.0680}; IoU: {0.8735}; Prec: {0.9316}; Recall: {0.9334}; F1: {0.9325}; Sens: {0.9334}; Spec: {0.9996}; AUC: {0.9665}
10/26 12:57:15 AM Valid Loss: {0.0786}; IoU: {0.8551}; Prec: {0.9278}; Recall: {0.9160}; F1: {0.9219}; Sens: {0.9160}; Spec: {0.9996}; AUC: {0.9578}
10/26 12:57:15 AM current best loss 0.07708422467112541, mIoU 0.8574531674385071
10/26 12:57:15 AM cost time: {'day': 2.0, 'hour': 23.0, 'minute': 4.0, 'second': 37}
10/26 12:57:15 AM => Epoch 798, lr 0.00019999081893867524
10/26 01:03:32 AM Train Loss: {0.0682}; IoU: {0.8735}; Prec: {0.9308}; Recall: {0.9342}; F1: {0.9325}; Sens: {0.9342}; Spec: {0.9996}; AUC: {0.9669}
10/26 01:04:30 AM Valid Loss: {0.0781}; IoU: {0.8560}; Prec: {0.9298}; Recall: {0.9151}; F1: {0.9224}; Sens: {0.9151}; Spec: {0.9996}; AUC: {0.9574}
10/26 01:04:30 AM current best loss 0.07708422467112541, mIoU 0.8574531674385071
10/26 01:04:30 AM cost time: {'day': 2.0, 'hour': 23.0, 'minute': 11.0, 'second': 52}
10/26 01:04:30 AM => Epoch 799, lr 0.00019999079600066622
10/26 01:10:45 AM Train Loss: {0.0679}; IoU: {0.8738}; Prec: {0.9307}; Recall: {0.9346}; F1: {0.9326}; Sens: {0.9346}; Spec: {0.9996}; AUC: {0.9671}
10/26 01:11:44 AM Valid Loss: {0.0774}; IoU: {0.8574}; Prec: {0.9249}; Recall: {0.9215}; F1: {0.9232}; Sens: {0.9215}; Spec: {0.9996}; AUC: {0.9606}
10/26 01:11:44 AM current best loss 0.07708422467112541, mIoU 0.8574531674385071
10/26 01:11:44 AM cost time: {'day': 2.0, 'hour': 23.0, 'minute': 19.0, 'second': 7}
10/26 01:11:44 AM => Epoch 800, lr 0.0001999907730340402
10/26 01:18:04 AM Train Loss: {0.0687}; IoU: {0.8725}; Prec: {0.9302}; Recall: {0.9336}; F1: {0.9319}; Sens: {0.9336}; Spec: {0.9996}; AUC: {0.9666}
10/26 01:19:02 AM Valid Loss: {0.0788}; IoU: {0.8547}; Prec: {0.9243}; Recall: {0.9191}; F1: {0.9217}; Sens: {0.9191}; Spec: {0.9996}; AUC: {0.9593}
10/26 01:20:11 AM Test Loss: {0.0800}; IoU: {0.8522}; Prec: {0.9180}; Recall: {0.9224}; F1: {0.9202}; Sens: {0.9224}; Spec: {0.9995}; AUC: {0.9610}
10/26 01:20:11 AM current best loss 0.07708422467112541, mIoU 0.8574531674385071
10/26 01:20:11 AM cost time: {'day': 2.0, 'hour': 23.0, 'minute': 27.0, 'second': 33}
10/26 01:20:11 AM => Epoch 801, lr 0.00019999075003879717
10/26 01:26:29 AM Train Loss: {0.0688}; IoU: {0.8725}; Prec: {0.9297}; Recall: {0.9342}; F1: {0.9319}; Sens: {0.9342}; Spec: {0.9996}; AUC: {0.9669}
10/26 01:27:27 AM Valid Loss: {0.0786}; IoU: {0.8552}; Prec: {0.9167}; Recall: {0.9273}; F1: {0.9220}; Sens: {0.9273}; Spec: {0.9995}; AUC: {0.9634}
10/26 01:27:27 AM current best loss 0.07708422467112541, mIoU 0.8574531674385071
10/26 01:27:27 AM cost time: {'day': 2.0, 'hour': 23.0, 'minute': 34.0, 'second': 49}
10/26 01:27:27 AM => Epoch 802, lr 0.00019999072701493714
10/26 01:33:43 AM Train Loss: {0.0686}; IoU: {0.8728}; Prec: {0.9306}; Recall: {0.9336}; F1: {0.9321}; Sens: {0.9336}; Spec: {0.9996}; AUC: {0.9666}
10/26 01:34:40 AM Valid Loss: {0.0777}; IoU: {0.8567}; Prec: {0.9243}; Recall: {0.9214}; F1: {0.9228}; Sens: {0.9214}; Spec: {0.9996}; AUC: {0.9605}
10/26 01:34:40 AM current best loss 0.07708422467112541, mIoU 0.8574531674385071
10/26 01:34:40 AM cost time: {'day': 2.0, 'hour': 23.0, 'minute': 42.0, 'second': 2}
10/26 01:34:40 AM => Epoch 803, lr 0.0001999907039624602
10/26 01:40:56 AM Train Loss: {0.0685}; IoU: {0.8734}; Prec: {0.9310}; Recall: {0.9338}; F1: {0.9324}; Sens: {0.9338}; Spec: {0.9996}; AUC: {0.9667}
10/26 01:41:54 AM Valid Loss: {0.0785}; IoU: {0.8553}; Prec: {0.9334}; Recall: {0.9109}; F1: {0.9220}; Sens: {0.9109}; Spec: {0.9996}; AUC: {0.9553}
10/26 01:41:54 AM current best loss 0.07708422467112541, mIoU 0.8574531674385071
10/26 01:41:54 AM cost time: {'day': 2.0, 'hour': 23.0, 'minute': 49.0, 'second': 17}
10/26 01:41:54 AM => Epoch 804, lr 0.00019999068088136625
10/26 01:48:08 AM Train Loss: {0.0685}; IoU: {0.8733}; Prec: {0.9313}; Recall: {0.9334}; F1: {0.9324}; Sens: {0.9334}; Spec: {0.9996}; AUC: {0.9665}
10/26 01:49:06 AM Valid Loss: {0.0783}; IoU: {0.8556}; Prec: {0.9225}; Recall: {0.9219}; F1: {0.9222}; Sens: {0.9219}; Spec: {0.9996}; AUC: {0.9607}
10/26 01:49:06 AM current best loss 0.07708422467112541, mIoU 0.8574531674385071
10/26 01:49:06 AM cost time: {'day': 2.0, 'hour': 23.0, 'minute': 56.0, 'second': 28}
10/26 01:49:06 AM => Epoch 805, lr 0.00019999065777165527
10/26 01:55:27 AM Train Loss: {0.0685}; IoU: {0.8735}; Prec: {0.9311}; Recall: {0.9339}; F1: {0.9325}; Sens: {0.9339}; Spec: {0.9996}; AUC: {0.9668}
10/26 01:56:25 AM Valid Loss: {0.0779}; IoU: {0.8563}; Prec: {0.9316}; Recall: {0.9137}; F1: {0.9226}; Sens: {0.9137}; Spec: {0.9996}; AUC: {0.9567}
10/26 01:56:25 AM current best loss 0.07708422467112541, mIoU 0.8574531674385071
10/26 01:56:25 AM cost time: {'day': 3.0, 'hour': 0.0, 'minute': 3.0, 'second': 47}
10/26 01:56:25 AM => Epoch 806, lr 0.00019999063463332743
10/26 02:02:45 AM Train Loss: {0.0683}; IoU: {0.8736}; Prec: {0.9304}; Recall: {0.9347}; F1: {0.9325}; Sens: {0.9347}; Spec: {0.9996}; AUC: {0.9671}
10/26 02:03:44 AM Valid Loss: {0.0787}; IoU: {0.8549}; Prec: {0.9236}; Recall: {0.9200}; F1: {0.9218}; Sens: {0.9200}; Spec: {0.9996}; AUC: {0.9598}
10/26 02:03:44 AM current best loss 0.07708422467112541, mIoU 0.8574531674385071
10/26 02:03:44 AM cost time: {'day': 3.0, 'hour': 0.0, 'minute': 11.0, 'second': 6}
10/26 02:03:44 AM => Epoch 807, lr 0.00019999061146638256
10/26 02:10:04 AM Train Loss: {0.0683}; IoU: {0.8739}; Prec: {0.9311}; Recall: {0.9343}; F1: {0.9327}; Sens: {0.9343}; Spec: {0.9996}; AUC: {0.9669}
10/26 02:11:02 AM Valid Loss: {0.0782}; IoU: {0.8558}; Prec: {0.9220}; Recall: {0.9227}; F1: {0.9223}; Sens: {0.9227}; Spec: {0.9996}; AUC: {0.9611}
10/26 02:11:02 AM current best loss 0.07708422467112541, mIoU 0.8574531674385071
10/26 02:11:02 AM cost time: {'day': 3.0, 'hour': 0.0, 'minute': 18.0, 'second': 24}
10/26 02:11:02 AM => Epoch 808, lr 0.00019999058827082072
10/26 02:17:22 AM Train Loss: {0.0679}; IoU: {0.8735}; Prec: {0.9308}; Recall: {0.9341}; F1: {0.9325}; Sens: {0.9341}; Spec: {0.9996}; AUC: {0.9669}
10/26 02:18:20 AM Valid Loss: {0.0781}; IoU: {0.8562}; Prec: {0.9139}; Recall: {0.9313}; F1: {0.9225}; Sens: {0.9313}; Spec: {0.9995}; AUC: {0.9654}
10/26 02:18:20 AM current best loss 0.07708422467112541, mIoU 0.8574531674385071
10/26 02:18:20 AM cost time: {'day': 3.0, 'hour': 0.0, 'minute': 25.0, 'second': 42}
10/26 02:18:20 AM => Epoch 809, lr 0.000199990565046642
10/26 02:24:38 AM Train Loss: {0.0683}; IoU: {0.8732}; Prec: {0.9305}; Recall: {0.9340}; F1: {0.9323}; Sens: {0.9340}; Spec: {0.9996}; AUC: {0.9668}
10/26 02:25:36 AM Valid Loss: {0.0787}; IoU: {0.8551}; Prec: {0.9292}; Recall: {0.9147}; F1: {0.9219}; Sens: {0.9147}; Spec: {0.9996}; AUC: {0.9572}
10/26 02:25:36 AM current best loss 0.07708422467112541, mIoU 0.8574531674385071
10/26 02:25:36 AM cost time: {'day': 3.0, 'hour': 0.0, 'minute': 32.0, 'second': 58}
10/26 02:25:36 AM => Epoch 810, lr 0.0001999905417938464
10/26 02:31:56 AM Train Loss: {0.0681}; IoU: {0.8736}; Prec: {0.9313}; Recall: {0.9338}; F1: {0.9325}; Sens: {0.9338}; Spec: {0.9996}; AUC: {0.9667}
10/26 02:32:54 AM Valid Loss: {0.0781}; IoU: {0.8560}; Prec: {0.9340}; Recall: {0.9111}; F1: {0.9224}; Sens: {0.9111}; Spec: {0.9996}; AUC: {0.9554}
10/26 02:32:54 AM current best loss 0.07708422467112541, mIoU 0.8574531674385071
10/26 02:32:54 AM cost time: {'day': 3.0, 'hour': 0.0, 'minute': 40.0, 'second': 16}
10/26 02:32:54 AM => Epoch 811, lr 0.0001999905185124338
10/26 02:39:18 AM Train Loss: {0.0681}; IoU: {0.8739}; Prec: {0.9311}; Recall: {0.9343}; F1: {0.9327}; Sens: {0.9343}; Spec: {0.9996}; AUC: {0.9670}
10/26 02:40:17 AM Valid Loss: {0.0785}; IoU: {0.8553}; Prec: {0.9271}; Recall: {0.9170}; F1: {0.9220}; Sens: {0.9170}; Spec: {0.9996}; AUC: {0.9583}
10/26 02:40:17 AM current best loss 0.07708422467112541, mIoU 0.8574531674385071
10/26 02:40:17 AM cost time: {'day': 3.0, 'hour': 0.0, 'minute': 47.0, 'second': 39}
10/26 02:40:17 AM => Epoch 812, lr 0.0001999904952024043
10/26 02:46:39 AM Train Loss: {0.0684}; IoU: {0.8734}; Prec: {0.9308}; Recall: {0.9341}; F1: {0.9324}; Sens: {0.9341}; Spec: {0.9996}; AUC: {0.9668}
10/26 02:47:37 AM Valid Loss: {0.0779}; IoU: {0.8564}; Prec: {0.9206}; Recall: {0.9247}; F1: {0.9226}; Sens: {0.9247}; Spec: {0.9995}; AUC: {0.9621}
10/26 02:47:37 AM current best loss 0.07708422467112541, mIoU 0.8574531674385071
10/26 02:47:37 AM cost time: {'day': 3.0, 'hour': 0.0, 'minute': 55.0, 'second': 0}
10/26 02:47:37 AM => Epoch 813, lr 0.0001999904718637579
10/26 02:54:05 AM Train Loss: {0.0682}; IoU: {0.8736}; Prec: {0.9302}; Recall: {0.9349}; F1: {0.9325}; Sens: {0.9349}; Spec: {0.9996}; AUC: {0.9672}
10/26 02:55:04 AM Valid Loss: {0.0784}; IoU: {0.8555}; Prec: {0.9251}; Recall: {0.9192}; F1: {0.9221}; Sens: {0.9192}; Spec: {0.9996}; AUC: {0.9594}
10/26 02:55:04 AM current best loss 0.07708422467112541, mIoU 0.8574531674385071
10/26 02:55:04 AM cost time: {'day': 3.0, 'hour': 1.0, 'minute': 2.0, 'second': 26}
10/26 02:55:04 AM => Epoch 814, lr 0.00019999044849649457
10/26 03:01:27 AM Train Loss: {0.0676}; IoU: {0.8744}; Prec: {0.9314}; Recall: {0.9346}; F1: {0.9330}; Sens: {0.9346}; Spec: {0.9996}; AUC: {0.9671}
10/26 03:02:26 AM Valid Loss: {0.0791}; IoU: {0.8543}; Prec: {0.9366}; Recall: {0.9068}; F1: {0.9214}; Sens: {0.9068}; Spec: {0.9996}; AUC: {0.9532}
10/26 03:02:26 AM current best loss 0.07708422467112541, mIoU 0.8574531674385071
10/26 03:02:26 AM cost time: {'day': 3.0, 'hour': 1.0, 'minute': 9.0, 'second': 48}
10/26 03:02:26 AM => Epoch 815, lr 0.00019999042510061437
10/26 03:08:45 AM Train Loss: {0.0677}; IoU: {0.8742}; Prec: {0.9311}; Recall: {0.9347}; F1: {0.9329}; Sens: {0.9347}; Spec: {0.9996}; AUC: {0.9672}
10/26 03:09:43 AM Valid Loss: {0.0776}; IoU: {0.8567}; Prec: {0.9320}; Recall: {0.9138}; F1: {0.9228}; Sens: {0.9138}; Spec: {0.9996}; AUC: {0.9567}
10/26 03:09:43 AM current best loss 0.07708422467112541, mIoU 0.8574531674385071
10/26 03:09:43 AM cost time: {'day': 3.0, 'hour': 1.0, 'minute': 17.0, 'second': 5}
10/26 03:09:43 AM => Epoch 816, lr 0.00019999040167611727
10/26 03:16:04 AM Train Loss: {0.0681}; IoU: {0.8738}; Prec: {0.9312}; Recall: {0.9341}; F1: {0.9327}; Sens: {0.9341}; Spec: {0.9996}; AUC: {0.9669}
10/26 03:17:03 AM Valid Loss: {0.0785}; IoU: {0.8552}; Prec: {0.9319}; Recall: {0.9123}; F1: {0.9220}; Sens: {0.9123}; Spec: {0.9996}; AUC: {0.9559}
10/26 03:17:03 AM current best loss 0.07708422467112541, mIoU 0.8574531674385071
10/26 03:17:03 AM cost time: {'day': 3.0, 'hour': 1.0, 'minute': 24.0, 'second': 25}
10/26 03:17:03 AM => Epoch 817, lr 0.00019999037822300328
10/26 03:23:25 AM Train Loss: {0.0680}; IoU: {0.8737}; Prec: {0.9318}; Recall: {0.9333}; F1: {0.9326}; Sens: {0.9333}; Spec: {0.9996}; AUC: {0.9664}
10/26 03:24:24 AM Valid Loss: {0.0775}; IoU: {0.8570}; Prec: {0.9289}; Recall: {0.9171}; F1: {0.9230}; Sens: {0.9171}; Spec: {0.9996}; AUC: {0.9584}
10/26 03:24:24 AM current best loss 0.07708422467112541, mIoU 0.8574531674385071
10/26 03:24:24 AM cost time: {'day': 3.0, 'hour': 1.0, 'minute': 31.0, 'second': 46}
10/26 03:24:24 AM => Epoch 818, lr 0.00019999035474127242
10/26 03:30:49 AM Train Loss: {0.0677}; IoU: {0.8742}; Prec: {0.9314}; Recall: {0.9344}; F1: {0.9329}; Sens: {0.9344}; Spec: {0.9996}; AUC: {0.9670}
10/26 03:31:48 AM Valid Loss: {0.0781}; IoU: {0.8561}; Prec: {0.9337}; Recall: {0.9116}; F1: {0.9225}; Sens: {0.9116}; Spec: {0.9996}; AUC: {0.9556}
10/26 03:31:48 AM current best loss 0.07708422467112541, mIoU 0.8574531674385071
10/26 03:31:48 AM cost time: {'day': 3.0, 'hour': 1.0, 'minute': 39.0, 'second': 10}
10/26 03:31:48 AM => Epoch 819, lr 0.0001999903312309247
10/26 03:38:11 AM Train Loss: {0.0678}; IoU: {0.8745}; Prec: {0.9313}; Recall: {0.9348}; F1: {0.9331}; Sens: {0.9348}; Spec: {0.9996}; AUC: {0.9672}
10/26 03:39:11 AM Valid Loss: {0.0775}; IoU: {0.8569}; Prec: {0.9225}; Recall: {0.9235}; F1: {0.9230}; Sens: {0.9235}; Spec: {0.9996}; AUC: {0.9615}
10/26 03:39:11 AM current best loss 0.07708422467112541, mIoU 0.8574531674385071
10/26 03:39:11 AM cost time: {'day': 3.0, 'hour': 1.0, 'minute': 46.0, 'second': 33}
10/26 03:39:11 AM => Epoch 820, lr 0.0001999903076919601
10/26 03:45:32 AM Train Loss: {0.0680}; IoU: {0.8739}; Prec: {0.9311}; Recall: {0.9343}; F1: {0.9327}; Sens: {0.9343}; Spec: {0.9996}; AUC: {0.9670}
10/26 03:46:31 AM Valid Loss: {0.0778}; IoU: {0.8563}; Prec: {0.9217}; Recall: {0.9235}; F1: {0.9226}; Sens: {0.9235}; Spec: {0.9996}; AUC: {0.9615}
10/26 03:46:31 AM current best loss 0.07708422467112541, mIoU 0.8574531674385071
10/26 03:46:31 AM cost time: {'day': 3.0, 'hour': 1.0, 'minute': 53.0, 'second': 53}
10/26 03:46:31 AM => Epoch 821, lr 0.00019999028412437866
10/26 03:52:53 AM Train Loss: {0.0682}; IoU: {0.8739}; Prec: {0.9317}; Recall: {0.9337}; F1: {0.9327}; Sens: {0.9337}; Spec: {0.9996}; AUC: {0.9666}
10/26 03:53:51 AM Valid Loss: {0.0791}; IoU: {0.8540}; Prec: {0.9176}; Recall: {0.9249}; F1: {0.9212}; Sens: {0.9249}; Spec: {0.9995}; AUC: {0.9622}
10/26 03:53:51 AM current best loss 0.07708422467112541, mIoU 0.8574531674385071
10/26 03:53:51 AM cost time: {'day': 3.0, 'hour': 2.0, 'minute': 1.0, 'second': 13}
10/26 03:53:51 AM => Epoch 822, lr 0.00019999026052818034
10/26 04:00:14 AM Train Loss: {0.0678}; IoU: {0.8744}; Prec: {0.9304}; Recall: {0.9356}; F1: {0.9330}; Sens: {0.9356}; Spec: {0.9996}; AUC: {0.9676}
10/26 04:01:12 AM Valid Loss: {0.0780}; IoU: {0.8560}; Prec: {0.9279}; Recall: {0.9170}; F1: {0.9224}; Sens: {0.9170}; Spec: {0.9996}; AUC: {0.9583}
10/26 04:01:12 AM current best loss 0.07708422467112541, mIoU 0.8574531674385071
10/26 04:01:12 AM cost time: {'day': 3.0, 'hour': 2.0, 'minute': 8.0, 'second': 34}
10/26 04:01:12 AM => Epoch 823, lr 0.00019999023690336524
10/26 04:07:31 AM Train Loss: {0.0673}; IoU: {0.8749}; Prec: {0.9318}; Recall: {0.9348}; F1: {0.9333}; Sens: {0.9348}; Spec: {0.9996}; AUC: {0.9672}
10/26 04:08:29 AM Valid Loss: {0.0784}; IoU: {0.8553}; Prec: {0.9282}; Recall: {0.9158}; F1: {0.9220}; Sens: {0.9158}; Spec: {0.9996}; AUC: {0.9577}
10/26 04:08:29 AM current best loss 0.07708422467112541, mIoU 0.8574531674385071
10/26 04:08:29 AM cost time: {'day': 3.0, 'hour': 2.0, 'minute': 15.0, 'second': 51}
10/26 04:08:29 AM => Epoch 824, lr 0.0001999902132499333
10/26 04:14:47 AM Train Loss: {0.0677}; IoU: {0.8741}; Prec: {0.9311}; Recall: {0.9345}; F1: {0.9328}; Sens: {0.9345}; Spec: {0.9996}; AUC: {0.9670}
10/26 04:15:44 AM Valid Loss: {0.0777}; IoU: {0.8565}; Prec: {0.9255}; Recall: {0.9199}; F1: {0.9227}; Sens: {0.9199}; Spec: {0.9996}; AUC: {0.9597}
10/26 04:15:44 AM current best loss 0.07708422467112541, mIoU 0.8574531674385071
10/26 04:15:44 AM cost time: {'day': 3.0, 'hour': 2.0, 'minute': 23.0, 'second': 6}
10/26 04:15:44 AM => Epoch 825, lr 0.00019999018956788446
10/26 04:22:02 AM Train Loss: {0.0682}; IoU: {0.8736}; Prec: {0.9312}; Recall: {0.9339}; F1: {0.9325}; Sens: {0.9339}; Spec: {0.9996}; AUC: {0.9667}
10/26 04:23:00 AM Valid Loss: {0.0776}; IoU: {0.8568}; Prec: {0.9318}; Recall: {0.9140}; F1: {0.9228}; Sens: {0.9140}; Spec: {0.9996}; AUC: {0.9568}
10/26 04:23:00 AM current best loss 0.07708422467112541, mIoU 0.8574531674385071
10/26 04:23:00 AM cost time: {'day': 3.0, 'hour': 2.0, 'minute': 30.0, 'second': 22}
10/26 04:23:00 AM => Epoch 826, lr 0.0001999901658572189
10/26 04:29:20 AM Train Loss: {0.0678}; IoU: {0.8742}; Prec: {0.9309}; Recall: {0.9348}; F1: {0.9329}; Sens: {0.9348}; Spec: {0.9996}; AUC: {0.9672}
10/26 04:30:18 AM Valid Loss: {0.0773}; IoU: {0.8571}; Prec: {0.9266}; Recall: {0.9195}; F1: {0.9230}; Sens: {0.9195}; Spec: {0.9996}; AUC: {0.9595}
10/26 04:30:18 AM current best loss 0.07708422467112541, mIoU 0.8574531674385071
10/26 04:30:18 AM cost time: {'day': 3.0, 'hour': 2.0, 'minute': 37.0, 'second': 40}
10/26 04:30:18 AM => Epoch 827, lr 0.0001999901421179365
10/26 04:36:38 AM Train Loss: {0.0675}; IoU: {0.8748}; Prec: {0.9319}; Recall: {0.9346}; F1: {0.9332}; Sens: {0.9346}; Spec: {0.9996}; AUC: {0.9671}
10/26 04:37:36 AM Valid Loss: {0.0787}; IoU: {0.8549}; Prec: {0.9403}; Recall: {0.9040}; F1: {0.9218}; Sens: {0.9040}; Spec: {0.9997}; AUC: {0.9518}
10/26 04:37:36 AM current best loss 0.07708422467112541, mIoU 0.8574531674385071
10/26 04:37:36 AM cost time: {'day': 3.0, 'hour': 2.0, 'minute': 44.0, 'second': 58}
10/26 04:37:36 AM => Epoch 828, lr 0.00019999011835003725
10/26 04:43:53 AM Train Loss: {0.0676}; IoU: {0.8745}; Prec: {0.9315}; Recall: {0.9346}; F1: {0.9330}; Sens: {0.9346}; Spec: {0.9996}; AUC: {0.9671}
10/26 04:44:51 AM Valid Loss: {0.0781}; IoU: {0.8558}; Prec: {0.9266}; Recall: {0.9180}; F1: {0.9223}; Sens: {0.9180}; Spec: {0.9996}; AUC: {0.9588}
10/26 04:44:51 AM current best loss 0.07708422467112541, mIoU 0.8574531674385071
10/26 04:44:51 AM cost time: {'day': 3.0, 'hour': 2.0, 'minute': 52.0, 'second': 13}
10/26 04:44:51 AM => Epoch 829, lr 0.00019999009455352122
10/26 04:51:09 AM Train Loss: {0.0679}; IoU: {0.8741}; Prec: {0.9314}; Recall: {0.9343}; F1: {0.9328}; Sens: {0.9343}; Spec: {0.9996}; AUC: {0.9669}
10/26 04:52:07 AM Valid Loss: {0.0779}; IoU: {0.8564}; Prec: {0.9207}; Recall: {0.9246}; F1: {0.9226}; Sens: {0.9246}; Spec: {0.9995}; AUC: {0.9621}
10/26 04:52:07 AM current best loss 0.07708422467112541, mIoU 0.8574531674385071
10/26 04:52:07 AM cost time: {'day': 3.0, 'hour': 2.0, 'minute': 59.0, 'second': 29}
10/26 04:52:07 AM => Epoch 830, lr 0.00019999007072838847
10/26 04:58:24 AM Train Loss: {0.0678}; IoU: {0.8745}; Prec: {0.9306}; Recall: {0.9355}; F1: {0.9330}; Sens: {0.9355}; Spec: {0.9996}; AUC: {0.9675}
10/26 04:59:22 AM Valid Loss: {0.0782}; IoU: {0.8558}; Prec: {0.9284}; Recall: {0.9163}; F1: {0.9223}; Sens: {0.9163}; Spec: {0.9996}; AUC: {0.9580}
10/26 04:59:22 AM current best loss 0.07708422467112541, mIoU 0.8574531674385071
10/26 04:59:22 AM cost time: {'day': 3.0, 'hour': 3.0, 'minute': 6.0, 'second': 44}
10/26 04:59:22 AM => Epoch 831, lr 0.0001999900468746388
10/26 05:05:42 AM Train Loss: {0.0680}; IoU: {0.8746}; Prec: {0.9321}; Recall: {0.9341}; F1: {0.9331}; Sens: {0.9341}; Spec: {0.9996}; AUC: {0.9669}
10/26 05:06:41 AM Valid Loss: {0.0777}; IoU: {0.8567}; Prec: {0.9264}; Recall: {0.9193}; F1: {0.9228}; Sens: {0.9193}; Spec: {0.9996}; AUC: {0.9594}
10/26 05:06:41 AM current best loss 0.07708422467112541, mIoU 0.8574531674385071
10/26 05:06:41 AM cost time: {'day': 3.0, 'hour': 3.0, 'minute': 14.0, 'second': 3}
10/26 05:06:41 AM => Epoch 832, lr 0.00019999002299227243
10/26 05:13:01 AM Train Loss: {0.0682}; IoU: {0.8736}; Prec: {0.9303}; Recall: {0.9348}; F1: {0.9325}; Sens: {0.9348}; Spec: {0.9996}; AUC: {0.9672}
10/26 05:13:59 AM Valid Loss: {0.0778}; IoU: {0.8565}; Prec: {0.9186}; Recall: {0.9269}; F1: {0.9227}; Sens: {0.9269}; Spec: {0.9995}; AUC: {0.9632}
10/26 05:13:59 AM current best loss 0.07708422467112541, mIoU 0.8574531674385071
10/26 05:13:59 AM cost time: {'day': 3.0, 'hour': 3.0, 'minute': 21.0, 'second': 21}
10/26 05:13:59 AM => Epoch 833, lr 0.00019998999908128932
10/26 05:20:21 AM Train Loss: {0.0682}; IoU: {0.8739}; Prec: {0.9314}; Recall: {0.9341}; F1: {0.9327}; Sens: {0.9341}; Spec: {0.9996}; AUC: {0.9668}
10/26 05:21:19 AM Valid Loss: {0.0785}; IoU: {0.8550}; Prec: {0.9286}; Recall: {0.9151}; F1: {0.9218}; Sens: {0.9151}; Spec: {0.9996}; AUC: {0.9574}
10/26 05:21:19 AM current best loss 0.07708422467112541, mIoU 0.8574531674385071
10/26 05:21:19 AM cost time: {'day': 3.0, 'hour': 3.0, 'minute': 28.0, 'second': 41}
10/26 05:21:19 AM => Epoch 834, lr 0.00019998997514168943
10/26 05:27:45 AM Train Loss: {0.0674}; IoU: {0.8745}; Prec: {0.9314}; Recall: {0.9348}; F1: {0.9331}; Sens: {0.9348}; Spec: {0.9996}; AUC: {0.9672}
10/26 05:28:44 AM Valid Loss: {0.0786}; IoU: {0.8548}; Prec: {0.9367}; Recall: {0.9072}; F1: {0.9217}; Sens: {0.9072}; Spec: {0.9996}; AUC: {0.9534}
10/26 05:28:44 AM current best loss 0.07708422467112541, mIoU 0.8574531674385071
10/26 05:28:44 AM cost time: {'day': 3.0, 'hour': 3.0, 'minute': 36.0, 'second': 6}
10/26 05:28:44 AM => Epoch 835, lr 0.00019998995117347277
10/26 05:35:05 AM Train Loss: {0.0680}; IoU: {0.8739}; Prec: {0.9310}; Recall: {0.9343}; F1: {0.9327}; Sens: {0.9343}; Spec: {0.9996}; AUC: {0.9670}
10/26 05:36:03 AM Valid Loss: {0.0788}; IoU: {0.8548}; Prec: {0.9358}; Recall: {0.9081}; F1: {0.9217}; Sens: {0.9081}; Spec: {0.9996}; AUC: {0.9538}
10/26 05:36:03 AM current best loss 0.07708422467112541, mIoU 0.8574531674385071
10/26 05:36:03 AM cost time: {'day': 3.0, 'hour': 3.0, 'minute': 43.0, 'second': 26}
10/26 05:36:03 AM => Epoch 836, lr 0.00019998992717663936
10/26 05:42:26 AM Train Loss: {0.0681}; IoU: {0.8739}; Prec: {0.9314}; Recall: {0.9339}; F1: {0.9327}; Sens: {0.9339}; Spec: {0.9996}; AUC: {0.9668}
10/26 05:43:24 AM Valid Loss: {0.0785}; IoU: {0.8553}; Prec: {0.9257}; Recall: {0.9183}; F1: {0.9220}; Sens: {0.9183}; Spec: {0.9996}; AUC: {0.9590}
10/26 05:43:24 AM current best loss 0.07708422467112541, mIoU 0.8574531674385071
10/26 05:43:24 AM cost time: {'day': 3.0, 'hour': 3.0, 'minute': 50.0, 'second': 46}
10/26 05:43:24 AM => Epoch 837, lr 0.00019998990315118928
10/26 05:49:42 AM Train Loss: {0.0681}; IoU: {0.8737}; Prec: {0.9312}; Recall: {0.9340}; F1: {0.9326}; Sens: {0.9340}; Spec: {0.9996}; AUC: {0.9668}
10/26 05:50:39 AM Valid Loss: {0.0786}; IoU: {0.8551}; Prec: {0.9342}; Recall: {0.9099}; F1: {0.9219}; Sens: {0.9099}; Spec: {0.9996}; AUC: {0.9547}
10/26 05:50:39 AM current best loss 0.07708422467112541, mIoU 0.8574531674385071
10/26 05:50:39 AM cost time: {'day': 3.0, 'hour': 3.0, 'minute': 58.0, 'second': 1}
10/26 05:50:39 AM => Epoch 838, lr 0.00019998987909712238
10/26 05:57:01 AM Train Loss: {0.0679}; IoU: {0.8744}; Prec: {0.9319}; Recall: {0.9340}; F1: {0.9330}; Sens: {0.9340}; Spec: {0.9996}; AUC: {0.9668}
10/26 05:57:59 AM Valid Loss: {0.0780}; IoU: {0.8561}; Prec: {0.9253}; Recall: {0.9197}; F1: {0.9225}; Sens: {0.9197}; Spec: {0.9996}; AUC: {0.9596}
10/26 05:57:59 AM current best loss 0.07708422467112541, mIoU 0.8574531674385071
10/26 05:57:59 AM cost time: {'day': 3.0, 'hour': 4.0, 'minute': 5.0, 'second': 21}
10/26 05:57:59 AM => Epoch 839, lr 0.00019998985501443878
10/26 06:04:27 AM Train Loss: {0.0681}; IoU: {0.8742}; Prec: {0.9316}; Recall: {0.9341}; F1: {0.9329}; Sens: {0.9341}; Spec: {0.9996}; AUC: {0.9668}
10/26 06:05:26 AM Valid Loss: {0.0781}; IoU: {0.8559}; Prec: {0.9280}; Recall: {0.9167}; F1: {0.9223}; Sens: {0.9167}; Spec: {0.9996}; AUC: {0.9581}
10/26 06:05:26 AM current best loss 0.07708422467112541, mIoU 0.8574531674385071
10/26 06:05:26 AM cost time: {'day': 3.0, 'hour': 4.0, 'minute': 12.0, 'second': 48}
10/26 06:05:26 AM => Epoch 840, lr 0.00019998983090313847
10/26 06:11:48 AM Train Loss: {0.0682}; IoU: {0.8741}; Prec: {0.9322}; Recall: {0.9335}; F1: {0.9328}; Sens: {0.9335}; Spec: {0.9996}; AUC: {0.9666}
10/26 06:12:46 AM Valid Loss: {0.0785}; IoU: {0.8553}; Prec: {0.9346}; Recall: {0.9097}; F1: {0.9220}; Sens: {0.9097}; Spec: {0.9996}; AUC: {0.9547}
10/26 06:12:46 AM current best loss 0.07708422467112541, mIoU 0.8574531674385071
10/26 06:12:46 AM cost time: {'day': 3.0, 'hour': 4.0, 'minute': 20.0, 'second': 8}
10/26 06:12:46 AM => Epoch 841, lr 0.00019998980676322147
10/26 06:19:08 AM Train Loss: {0.0676}; IoU: {0.8745}; Prec: {0.9311}; Recall: {0.9350}; F1: {0.9330}; Sens: {0.9350}; Spec: {0.9996}; AUC: {0.9673}
10/26 06:20:06 AM Valid Loss: {0.0777}; IoU: {0.8567}; Prec: {0.9303}; Recall: {0.9154}; F1: {0.9228}; Sens: {0.9154}; Spec: {0.9996}; AUC: {0.9575}
10/26 06:20:06 AM current best loss 0.07708422467112541, mIoU 0.8574531674385071
10/26 06:20:07 AM cost time: {'day': 3.0, 'hour': 4.0, 'minute': 27.0, 'second': 29}
10/26 06:20:07 AM => Epoch 842, lr 0.0001999897825946877
10/26 06:26:33 AM Train Loss: {0.0676}; IoU: {0.8745}; Prec: {0.9315}; Recall: {0.9346}; F1: {0.9331}; Sens: {0.9346}; Spec: {0.9996}; AUC: {0.9671}
10/26 06:27:31 AM Valid Loss: {0.0791}; IoU: {0.8540}; Prec: {0.9090}; Recall: {0.9338}; F1: {0.9213}; Sens: {0.9338}; Spec: {0.9995}; AUC: {0.9666}
10/26 06:27:31 AM current best loss 0.07708422467112541, mIoU 0.8574531674385071
10/26 06:27:31 AM cost time: {'day': 3.0, 'hour': 4.0, 'minute': 34.0, 'second': 53}
10/26 06:27:31 AM => Epoch 843, lr 0.0001999897583975373
10/26 06:33:52 AM Train Loss: {0.0675}; IoU: {0.8748}; Prec: {0.9310}; Recall: {0.9354}; F1: {0.9332}; Sens: {0.9354}; Spec: {0.9996}; AUC: {0.9675}
10/26 06:34:50 AM Valid Loss: {0.0782}; IoU: {0.8560}; Prec: {0.9199}; Recall: {0.9249}; F1: {0.9224}; Sens: {0.9249}; Spec: {0.9995}; AUC: {0.9622}
10/26 06:34:50 AM current best loss 0.07708422467112541, mIoU 0.8574531674385071
10/26 06:34:50 AM cost time: {'day': 3.0, 'hour': 4.0, 'minute': 42.0, 'second': 12}
10/26 06:34:50 AM => Epoch 844, lr 0.00019998973417177012
10/26 06:41:12 AM Train Loss: {0.0678}; IoU: {0.8746}; Prec: {0.9313}; Recall: {0.9349}; F1: {0.9331}; Sens: {0.9349}; Spec: {0.9996}; AUC: {0.9673}
10/26 06:42:10 AM Valid Loss: {0.0783}; IoU: {0.8557}; Prec: {0.9233}; Recall: {0.9211}; F1: {0.9222}; Sens: {0.9211}; Spec: {0.9996}; AUC: {0.9603}
10/26 06:42:10 AM current best loss 0.07708422467112541, mIoU 0.8574531674385071
10/26 06:42:10 AM cost time: {'day': 3.0, 'hour': 4.0, 'minute': 49.0, 'second': 32}
10/26 06:42:10 AM => Epoch 845, lr 0.0001999897099173864
10/26 06:48:33 AM Train Loss: {0.0679}; IoU: {0.8742}; Prec: {0.9314}; Recall: {0.9343}; F1: {0.9329}; Sens: {0.9343}; Spec: {0.9996}; AUC: {0.9670}
10/26 06:49:31 AM Valid Loss: {0.0776}; IoU: {0.8570}; Prec: {0.9267}; Recall: {0.9193}; F1: {0.9230}; Sens: {0.9193}; Spec: {0.9996}; AUC: {0.9594}
10/26 06:49:31 AM current best loss 0.07708422467112541, mIoU 0.8574531674385071
10/26 06:49:31 AM cost time: {'day': 3.0, 'hour': 4.0, 'minute': 56.0, 'second': 53}
10/26 06:49:31 AM => Epoch 846, lr 0.0001999896856343859
10/26 06:55:51 AM Train Loss: {0.0680}; IoU: {0.8737}; Prec: {0.9313}; Recall: {0.9339}; F1: {0.9326}; Sens: {0.9339}; Spec: {0.9996}; AUC: {0.9667}
10/26 06:56:48 AM Valid Loss: {0.0780}; IoU: {0.8560}; Prec: {0.9319}; Recall: {0.9132}; F1: {0.9224}; Sens: {0.9132}; Spec: {0.9996}; AUC: {0.9564}
10/26 06:56:48 AM current best loss 0.07708422467112541, mIoU 0.8574531674385071
10/26 06:56:48 AM cost time: {'day': 3.0, 'hour': 5.0, 'minute': 4.0, 'second': 11}
10/26 06:56:48 AM => Epoch 847, lr 0.00019998966132276874
10/26 07:03:06 AM Train Loss: {0.0678}; IoU: {0.8746}; Prec: {0.9311}; Recall: {0.9351}; F1: {0.9331}; Sens: {0.9351}; Spec: {0.9996}; AUC: {0.9674}
10/26 07:04:03 AM Valid Loss: {0.0786}; IoU: {0.8550}; Prec: {0.9301}; Recall: {0.9137}; F1: {0.9218}; Sens: {0.9137}; Spec: {0.9996}; AUC: {0.9566}
10/26 07:04:03 AM current best loss 0.07708422467112541, mIoU 0.8574531674385071
10/26 07:04:03 AM cost time: {'day': 3.0, 'hour': 5.0, 'minute': 11.0, 'second': 25}
10/26 07:04:03 AM => Epoch 848, lr 0.00019998963698253494
10/26 07:10:26 AM Train Loss: {0.0676}; IoU: {0.8746}; Prec: {0.9314}; Recall: {0.9348}; F1: {0.9331}; Sens: {0.9348}; Spec: {0.9996}; AUC: {0.9672}
10/26 07:11:25 AM Valid Loss: {0.0775}; IoU: {0.8571}; Prec: {0.9237}; Recall: {0.9224}; F1: {0.9230}; Sens: {0.9224}; Spec: {0.9996}; AUC: {0.9610}
10/26 07:11:25 AM current best loss 0.07708422467112541, mIoU 0.8574531674385071
10/26 07:11:25 AM cost time: {'day': 3.0, 'hour': 5.0, 'minute': 18.0, 'second': 47}
10/26 07:11:25 AM => Epoch 849, lr 0.0001999896126136845
10/26 07:17:49 AM Train Loss: {0.0674}; IoU: {0.8750}; Prec: {0.9319}; Recall: {0.9348}; F1: {0.9333}; Sens: {0.9348}; Spec: {0.9996}; AUC: {0.9672}
10/26 07:18:47 AM Valid Loss: {0.0776}; IoU: {0.8568}; Prec: {0.9229}; Recall: {0.9229}; F1: {0.9229}; Sens: {0.9229}; Spec: {0.9996}; AUC: {0.9612}
10/26 07:18:47 AM current best loss 0.07708422467112541, mIoU 0.8574531674385071
10/26 07:18:47 AM cost time: {'day': 3.0, 'hour': 5.0, 'minute': 26.0, 'second': 9}
10/26 07:18:47 AM => Epoch 850, lr 0.0001999895882162174
10/26 07:25:08 AM Train Loss: {0.0669}; IoU: {0.8755}; Prec: {0.9322}; Recall: {0.9351}; F1: {0.9336}; Sens: {0.9351}; Spec: {0.9996}; AUC: {0.9673}
10/26 07:26:06 AM Valid Loss: {0.0778}; IoU: {0.8564}; Prec: {0.9349}; Recall: {0.9107}; F1: {0.9226}; Sens: {0.9107}; Spec: {0.9996}; AUC: {0.9551}
10/26 07:27:14 AM Test Loss: {0.0800}; IoU: {0.8533}; Prec: {0.9281}; Recall: {0.9137}; F1: {0.9209}; Sens: {0.9137}; Spec: {0.9996}; AUC: {0.9567}
10/26 07:27:14 AM current best loss 0.07708422467112541, mIoU 0.8574531674385071
10/26 07:27:14 AM cost time: {'day': 3.0, 'hour': 5.0, 'minute': 34.0, 'second': 36}
10/26 07:27:14 AM => Epoch 851, lr 0.0001999895637901337
10/26 07:33:37 AM Train Loss: {0.0675}; IoU: {0.8746}; Prec: {0.9316}; Recall: {0.9346}; F1: {0.9331}; Sens: {0.9346}; Spec: {0.9996}; AUC: {0.9671}
10/26 07:34:35 AM Valid Loss: {0.0779}; IoU: {0.8560}; Prec: {0.9250}; Recall: {0.9199}; F1: {0.9224}; Sens: {0.9199}; Spec: {0.9996}; AUC: {0.9597}
10/26 07:34:35 AM current best loss 0.07708422467112541, mIoU 0.8574531674385071
10/26 07:34:35 AM cost time: {'day': 3.0, 'hour': 5.0, 'minute': 41.0, 'second': 57}
10/26 07:34:35 AM => Epoch 852, lr 0.00019998953933543335
10/26 07:40:57 AM Train Loss: {0.0673}; IoU: {0.8751}; Prec: {0.9317}; Recall: {0.9352}; F1: {0.9334}; Sens: {0.9352}; Spec: {0.9996}; AUC: {0.9674}
10/26 07:41:55 AM Valid Loss: {0.0768}; IoU: {0.8579}; Prec: {0.9298}; Recall: {0.9173}; F1: {0.9235}; Sens: {0.9173}; Spec: {0.9996}; AUC: {0.9585}
10/26 07:41:55 AM current best loss 0.07681150920689106, mIoU 0.8579483032226562
10/26 07:41:55 AM save checkpoint (epoch 852) in logs/nasunet/train/flame1/20241024-092318  dur_time: {'day': 3.0, 'hour': 5.0, 'minute': 49.0, 'second': 17}
10/26 07:41:55 AM cost time: {'day': 3.0, 'hour': 5.0, 'minute': 49.0, 'second': 17}
10/26 07:41:55 AM => Epoch 853, lr 0.00019998951485211634
10/26 07:48:15 AM Train Loss: {0.0674}; IoU: {0.8748}; Prec: {0.9320}; Recall: {0.9344}; F1: {0.9332}; Sens: {0.9344}; Spec: {0.9996}; AUC: {0.9670}
10/26 07:49:14 AM Valid Loss: {0.0783}; IoU: {0.8555}; Prec: {0.9267}; Recall: {0.9176}; F1: {0.9221}; Sens: {0.9176}; Spec: {0.9996}; AUC: {0.9586}
10/26 07:49:14 AM current best loss 0.07681150920689106, mIoU 0.8579483032226562
10/26 07:49:14 AM cost time: {'day': 3.0, 'hour': 5.0, 'minute': 56.0, 'second': 36}
10/26 07:49:14 AM => Epoch 854, lr 0.0001999894903401828
10/26 07:55:37 AM Train Loss: {0.0678}; IoU: {0.8743}; Prec: {0.9311}; Recall: {0.9348}; F1: {0.9329}; Sens: {0.9348}; Spec: {0.9996}; AUC: {0.9672}
10/26 07:56:36 AM Valid Loss: {0.0770}; IoU: {0.8577}; Prec: {0.9217}; Recall: {0.9251}; F1: {0.9234}; Sens: {0.9251}; Spec: {0.9996}; AUC: {0.9623}
10/26 07:56:36 AM current best loss 0.07681150920689106, mIoU 0.8579483032226562
10/26 07:56:36 AM cost time: {'day': 3.0, 'hour': 6.0, 'minute': 3.0, 'second': 58}
10/26 07:56:36 AM => Epoch 855, lr 0.00019998946579963256
10/26 08:02:59 AM Train Loss: {0.0674}; IoU: {0.8747}; Prec: {0.9316}; Recall: {0.9347}; F1: {0.9332}; Sens: {0.9347}; Spec: {0.9996}; AUC: {0.9671}
10/26 08:03:57 AM Valid Loss: {0.0784}; IoU: {0.8552}; Prec: {0.9175}; Recall: {0.9264}; F1: {0.9220}; Sens: {0.9264}; Spec: {0.9995}; AUC: {0.9630}
10/26 08:03:57 AM current best loss 0.07681150920689106, mIoU 0.8579483032226562
10/26 08:03:57 AM cost time: {'day': 3.0, 'hour': 6.0, 'minute': 11.0, 'second': 19}
10/26 08:03:57 AM => Epoch 856, lr 0.0001999894412304657
10/26 08:10:17 AM Train Loss: {0.0680}; IoU: {0.8746}; Prec: {0.9319}; Recall: {0.9343}; F1: {0.9331}; Sens: {0.9343}; Spec: {0.9996}; AUC: {0.9670}
10/26 08:11:14 AM Valid Loss: {0.0776}; IoU: {0.8570}; Prec: {0.9246}; Recall: {0.9213}; F1: {0.9230}; Sens: {0.9213}; Spec: {0.9996}; AUC: {0.9604}
10/26 08:11:14 AM current best loss 0.07681150920689106, mIoU 0.8579483032226562
10/26 08:11:14 AM cost time: {'day': 3.0, 'hour': 6.0, 'minute': 18.0, 'second': 36}
10/26 08:11:14 AM => Epoch 857, lr 0.0001999894166326824
10/26 08:17:35 AM Train Loss: {0.0677}; IoU: {0.8745}; Prec: {0.9309}; Recall: {0.9351}; F1: {0.9330}; Sens: {0.9351}; Spec: {0.9996}; AUC: {0.9674}
10/26 08:18:33 AM Valid Loss: {0.0776}; IoU: {0.8567}; Prec: {0.9222}; Recall: {0.9234}; F1: {0.9228}; Sens: {0.9234}; Spec: {0.9996}; AUC: {0.9615}
10/26 08:18:33 AM current best loss 0.07681150920689106, mIoU 0.8579483032226562
10/26 08:18:33 AM cost time: {'day': 3.0, 'hour': 6.0, 'minute': 25.0, 'second': 55}
10/26 08:18:33 AM => Epoch 858, lr 0.0001999893920062824
10/26 08:24:55 AM Train Loss: {0.0680}; IoU: {0.8740}; Prec: {0.9319}; Recall: {0.9336}; F1: {0.9328}; Sens: {0.9336}; Spec: {0.9996}; AUC: {0.9666}
10/26 08:25:53 AM Valid Loss: {0.0780}; IoU: {0.8561}; Prec: {0.9338}; Recall: {0.9114}; F1: {0.9225}; Sens: {0.9114}; Spec: {0.9996}; AUC: {0.9555}
10/26 08:25:53 AM current best loss 0.07681150920689106, mIoU 0.8579483032226562
10/26 08:25:53 AM cost time: {'day': 3.0, 'hour': 6.0, 'minute': 33.0, 'second': 15}
10/26 08:25:53 AM => Epoch 859, lr 0.00019998936735126583
10/26 08:32:10 AM Train Loss: {0.0680}; IoU: {0.8743}; Prec: {0.9315}; Recall: {0.9343}; F1: {0.9329}; Sens: {0.9343}; Spec: {0.9996}; AUC: {0.9670}
10/26 08:33:08 AM Valid Loss: {0.0781}; IoU: {0.8559}; Prec: {0.9330}; Recall: {0.9119}; F1: {0.9223}; Sens: {0.9119}; Spec: {0.9996}; AUC: {0.9558}
10/26 08:33:08 AM current best loss 0.07681150920689106, mIoU 0.8579483032226562
10/26 08:33:08 AM cost time: {'day': 3.0, 'hour': 6.0, 'minute': 40.0, 'second': 30}
10/26 08:33:08 AM => Epoch 860, lr 0.0001999893426676327
10/26 08:39:33 AM Train Loss: {0.0681}; IoU: {0.8741}; Prec: {0.9312}; Recall: {0.9344}; F1: {0.9328}; Sens: {0.9344}; Spec: {0.9996}; AUC: {0.9670}
10/26 08:40:32 AM Valid Loss: {0.0780}; IoU: {0.8559}; Prec: {0.9315}; Recall: {0.9135}; F1: {0.9224}; Sens: {0.9135}; Spec: {0.9996}; AUC: {0.9565}
10/26 08:40:32 AM current best loss 0.07681150920689106, mIoU 0.8579483032226562
10/26 08:40:32 AM cost time: {'day': 3.0, 'hour': 6.0, 'minute': 47.0, 'second': 54}
10/26 08:40:32 AM => Epoch 861, lr 0.000199989317955383
10/26 08:46:52 AM Train Loss: {0.0677}; IoU: {0.8744}; Prec: {0.9312}; Recall: {0.9348}; F1: {0.9330}; Sens: {0.9348}; Spec: {0.9996}; AUC: {0.9672}
10/26 08:47:51 AM Valid Loss: {0.0794}; IoU: {0.8537}; Prec: {0.9360}; Recall: {0.9066}; F1: {0.9211}; Sens: {0.9066}; Spec: {0.9996}; AUC: {0.9531}
10/26 08:47:51 AM current best loss 0.07681150920689106, mIoU 0.8579483032226562
10/26 08:47:51 AM cost time: {'day': 3.0, 'hour': 6.0, 'minute': 55.0, 'second': 13}
10/26 08:47:51 AM => Epoch 862, lr 0.00019998929321451674
10/26 08:54:17 AM Train Loss: {0.0675}; IoU: {0.8747}; Prec: {0.9321}; Recall: {0.9343}; F1: {0.9332}; Sens: {0.9343}; Spec: {0.9996}; AUC: {0.9669}
10/26 08:55:16 AM Valid Loss: {0.0782}; IoU: {0.8557}; Prec: {0.9158}; Recall: {0.9288}; F1: {0.9223}; Sens: {0.9288}; Spec: {0.9995}; AUC: {0.9642}
10/26 08:55:16 AM current best loss 0.07681150920689106, mIoU 0.8579483032226562
10/26 08:55:16 AM cost time: {'day': 3.0, 'hour': 7.0, 'minute': 2.0, 'second': 38}
10/26 08:55:16 AM => Epoch 863, lr 0.00019998926844503394
10/26 09:01:39 AM Train Loss: {0.0671}; IoU: {0.8750}; Prec: {0.9316}; Recall: {0.9351}; F1: {0.9333}; Sens: {0.9351}; Spec: {0.9996}; AUC: {0.9673}
10/26 09:02:37 AM Valid Loss: {0.0793}; IoU: {0.8536}; Prec: {0.9373}; Recall: {0.9053}; F1: {0.9210}; Sens: {0.9053}; Spec: {0.9997}; AUC: {0.9525}
10/26 09:02:37 AM current best loss 0.07681150920689106, mIoU 0.8579483032226562
10/26 09:02:37 AM cost time: {'day': 3.0, 'hour': 7.0, 'minute': 9.0, 'second': 59}
10/26 09:02:37 AM => Epoch 864, lr 0.0001999892436469346
10/26 09:09:02 AM Train Loss: {0.0675}; IoU: {0.8747}; Prec: {0.9312}; Recall: {0.9351}; F1: {0.9332}; Sens: {0.9351}; Spec: {0.9996}; AUC: {0.9674}
10/26 09:10:01 AM Valid Loss: {0.0780}; IoU: {0.8560}; Prec: {0.9232}; Recall: {0.9217}; F1: {0.9224}; Sens: {0.9217}; Spec: {0.9996}; AUC: {0.9606}
10/26 09:10:01 AM current best loss 0.07681150920689106, mIoU 0.8579483032226562
10/26 09:10:01 AM cost time: {'day': 3.0, 'hour': 7.0, 'minute': 17.0, 'second': 23}
10/26 09:10:01 AM => Epoch 865, lr 0.00019998921882021875
10/26 09:16:26 AM Train Loss: {0.0669}; IoU: {0.8754}; Prec: {0.9322}; Recall: {0.9349}; F1: {0.9336}; Sens: {0.9349}; Spec: {0.9996}; AUC: {0.9673}
10/26 09:17:25 AM Valid Loss: {0.0785}; IoU: {0.8553}; Prec: {0.9334}; Recall: {0.9108}; F1: {0.9220}; Sens: {0.9108}; Spec: {0.9996}; AUC: {0.9552}
10/26 09:17:25 AM current best loss 0.07681150920689106, mIoU 0.8579483032226562
10/26 09:17:25 AM cost time: {'day': 3.0, 'hour': 7.0, 'minute': 24.0, 'second': 47}
10/26 09:17:25 AM => Epoch 866, lr 0.00019998919396488633
10/26 09:23:48 AM Train Loss: {0.0674}; IoU: {0.8752}; Prec: {0.9320}; Recall: {0.9349}; F1: {0.9335}; Sens: {0.9349}; Spec: {0.9996}; AUC: {0.9673}
10/26 09:24:46 AM Valid Loss: {0.0776}; IoU: {0.8566}; Prec: {0.9214}; Recall: {0.9242}; F1: {0.9228}; Sens: {0.9242}; Spec: {0.9995}; AUC: {0.9619}
10/26 09:24:46 AM current best loss 0.07681150920689106, mIoU 0.8579483032226562
10/26 09:24:46 AM cost time: {'day': 3.0, 'hour': 7.0, 'minute': 32.0, 'second': 9}
10/26 09:24:46 AM => Epoch 867, lr 0.00019998916908093737
10/26 09:31:10 AM Train Loss: {0.0678}; IoU: {0.8743}; Prec: {0.9324}; Recall: {0.9336}; F1: {0.9330}; Sens: {0.9336}; Spec: {0.9996}; AUC: {0.9666}
10/26 09:32:09 AM Valid Loss: {0.0772}; IoU: {0.8574}; Prec: {0.9231}; Recall: {0.9234}; F1: {0.9232}; Sens: {0.9234}; Spec: {0.9996}; AUC: {0.9615}
10/26 09:32:09 AM current best loss 0.07681150920689106, mIoU 0.8579483032226562
10/26 09:32:09 AM cost time: {'day': 3.0, 'hour': 7.0, 'minute': 39.0, 'second': 31}
10/26 09:32:09 AM => Epoch 868, lr 0.00019998914416837198
10/26 09:38:28 AM Train Loss: {0.0677}; IoU: {0.8741}; Prec: {0.9316}; Recall: {0.9340}; F1: {0.9328}; Sens: {0.9340}; Spec: {0.9996}; AUC: {0.9668}
10/26 09:39:26 AM Valid Loss: {0.0787}; IoU: {0.8547}; Prec: {0.9292}; Recall: {0.9142}; F1: {0.9216}; Sens: {0.9142}; Spec: {0.9996}; AUC: {0.9569}
10/26 09:39:26 AM current best loss 0.07681150920689106, mIoU 0.8579483032226562
10/26 09:39:26 AM cost time: {'day': 3.0, 'hour': 7.0, 'minute': 46.0, 'second': 48}
10/26 09:39:26 AM => Epoch 869, lr 0.00019998911922719002
10/26 09:45:52 AM Train Loss: {0.0675}; IoU: {0.8746}; Prec: {0.9322}; Recall: {0.9340}; F1: {0.9331}; Sens: {0.9340}; Spec: {0.9996}; AUC: {0.9668}
10/26 09:46:50 AM Valid Loss: {0.0777}; IoU: {0.8565}; Prec: {0.9245}; Recall: {0.9209}; F1: {0.9227}; Sens: {0.9209}; Spec: {0.9996}; AUC: {0.9602}
10/26 09:46:50 AM current best loss 0.07681150920689106, mIoU 0.8579483032226562
10/26 09:46:50 AM cost time: {'day': 3.0, 'hour': 7.0, 'minute': 54.0, 'second': 12}
10/26 09:46:50 AM => Epoch 870, lr 0.0001999890942573916
10/26 09:53:09 AM Train Loss: {0.0677}; IoU: {0.8745}; Prec: {0.9314}; Recall: {0.9347}; F1: {0.9331}; Sens: {0.9347}; Spec: {0.9996}; AUC: {0.9672}
10/26 09:54:08 AM Valid Loss: {0.0784}; IoU: {0.8556}; Prec: {0.9167}; Recall: {0.9277}; F1: {0.9222}; Sens: {0.9277}; Spec: {0.9995}; AUC: {0.9636}
10/26 09:54:08 AM current best loss 0.07681150920689106, mIoU 0.8579483032226562
10/26 09:54:08 AM cost time: {'day': 3.0, 'hour': 8.0, 'minute': 1.0, 'second': 30}
10/26 09:54:08 AM => Epoch 871, lr 0.00019998906925897665
10/26 10:00:31 AM Train Loss: {0.0673}; IoU: {0.8751}; Prec: {0.9324}; Recall: {0.9344}; F1: {0.9334}; Sens: {0.9344}; Spec: {0.9996}; AUC: {0.9670}
10/26 10:01:29 AM Valid Loss: {0.0781}; IoU: {0.8558}; Prec: {0.9285}; Recall: {0.9161}; F1: {0.9223}; Sens: {0.9161}; Spec: {0.9996}; AUC: {0.9579}
10/26 10:01:29 AM current best loss 0.07681150920689106, mIoU 0.8579483032226562
10/26 10:01:29 AM cost time: {'day': 3.0, 'hour': 8.0, 'minute': 8.0, 'second': 51}
10/26 10:01:29 AM => Epoch 872, lr 0.00019998904423194528
10/26 10:07:52 AM Train Loss: {0.0673}; IoU: {0.8752}; Prec: {0.9315}; Recall: {0.9354}; F1: {0.9334}; Sens: {0.9354}; Spec: {0.9996}; AUC: {0.9675}
10/26 10:08:50 AM Valid Loss: {0.0783}; IoU: {0.8555}; Prec: {0.9206}; Recall: {0.9237}; F1: {0.9222}; Sens: {0.9237}; Spec: {0.9995}; AUC: {0.9616}
10/26 10:08:50 AM current best loss 0.07681150920689106, mIoU 0.8579483032226562
10/26 10:08:50 AM cost time: {'day': 3.0, 'hour': 8.0, 'minute': 16.0, 'second': 12}
10/26 10:08:50 AM => Epoch 873, lr 0.00019998901917629743
10/26 10:15:16 AM Train Loss: {0.0670}; IoU: {0.8753}; Prec: {0.9320}; Recall: {0.9350}; F1: {0.9335}; Sens: {0.9350}; Spec: {0.9996}; AUC: {0.9673}
10/26 10:16:14 AM Valid Loss: {0.0791}; IoU: {0.8540}; Prec: {0.9169}; Recall: {0.9256}; F1: {0.9212}; Sens: {0.9256}; Spec: {0.9995}; AUC: {0.9625}
10/26 10:16:14 AM current best loss 0.07681150920689106, mIoU 0.8579483032226562
10/26 10:16:14 AM cost time: {'day': 3.0, 'hour': 8.0, 'minute': 23.0, 'second': 37}
10/26 10:16:14 AM => Epoch 874, lr 0.00019998899409203307
10/26 10:22:39 AM Train Loss: {0.0675}; IoU: {0.8749}; Prec: {0.9321}; Recall: {0.9344}; F1: {0.9333}; Sens: {0.9344}; Spec: {0.9996}; AUC: {0.9670}
10/26 10:23:38 AM Valid Loss: {0.0783}; IoU: {0.8557}; Prec: {0.9217}; Recall: {0.9228}; F1: {0.9222}; Sens: {0.9228}; Spec: {0.9996}; AUC: {0.9612}
10/26 10:23:38 AM current best loss 0.07681150920689106, mIoU 0.8579483032226562
10/26 10:23:38 AM cost time: {'day': 3.0, 'hour': 8.0, 'minute': 31.0, 'second': 0}
10/26 10:23:38 AM => Epoch 875, lr 0.00019998896897915227
10/26 10:30:00 AM Train Loss: {0.0671}; IoU: {0.8758}; Prec: {0.9330}; Recall: {0.9346}; F1: {0.9338}; Sens: {0.9346}; Spec: {0.9996}; AUC: {0.9671}
10/26 10:30:59 AM Valid Loss: {0.0776}; IoU: {0.8567}; Prec: {0.9257}; Recall: {0.9200}; F1: {0.9228}; Sens: {0.9200}; Spec: {0.9996}; AUC: {0.9598}
10/26 10:30:59 AM current best loss 0.07681150920689106, mIoU 0.8579483032226562
10/26 10:30:59 AM cost time: {'day': 3.0, 'hour': 8.0, 'minute': 38.0, 'second': 21}
10/26 10:30:59 AM => Epoch 876, lr 0.00019998894383765504
10/26 10:37:18 AM Train Loss: {0.0677}; IoU: {0.8745}; Prec: {0.9311}; Recall: {0.9350}; F1: {0.9330}; Sens: {0.9350}; Spec: {0.9996}; AUC: {0.9673}
10/26 10:38:17 AM Valid Loss: {0.0781}; IoU: {0.8558}; Prec: {0.9298}; Recall: {0.9150}; F1: {0.9223}; Sens: {0.9150}; Spec: {0.9996}; AUC: {0.9573}
10/26 10:38:17 AM current best loss 0.07681150920689106, mIoU 0.8579483032226562
10/26 10:38:17 AM cost time: {'day': 3.0, 'hour': 8.0, 'minute': 45.0, 'second': 39}
10/26 10:38:17 AM => Epoch 877, lr 0.00019998891866754133
10/26 10:44:38 AM Train Loss: {0.0675}; IoU: {0.8749}; Prec: {0.9323}; Recall: {0.9343}; F1: {0.9333}; Sens: {0.9343}; Spec: {0.9996}; AUC: {0.9669}
10/26 10:45:36 AM Valid Loss: {0.0781}; IoU: {0.8557}; Prec: {0.9332}; Recall: {0.9116}; F1: {0.9223}; Sens: {0.9116}; Spec: {0.9996}; AUC: {0.9556}
10/26 10:45:36 AM current best loss 0.07681150920689106, mIoU 0.8579483032226562
10/26 10:45:36 AM cost time: {'day': 3.0, 'hour': 8.0, 'minute': 52.0, 'second': 58}
10/26 10:45:36 AM => Epoch 878, lr 0.0001999888934688112
10/26 10:52:00 AM Train Loss: {0.0676}; IoU: {0.8746}; Prec: {0.9316}; Recall: {0.9346}; F1: {0.9331}; Sens: {0.9346}; Spec: {0.9996}; AUC: {0.9671}
10/26 10:52:58 AM Valid Loss: {0.0775}; IoU: {0.8570}; Prec: {0.9274}; Recall: {0.9186}; F1: {0.9230}; Sens: {0.9186}; Spec: {0.9996}; AUC: {0.9591}
10/26 10:52:58 AM current best loss 0.07681150920689106, mIoU 0.8579483032226562
10/26 10:52:58 AM cost time: {'day': 3.0, 'hour': 9.0, 'minute': 0.0, 'second': 20}
10/26 10:52:58 AM => Epoch 879, lr 0.00019998886824146466
10/26 10:59:18 AM Train Loss: {0.0677}; IoU: {0.8744}; Prec: {0.9318}; Recall: {0.9342}; F1: {0.9330}; Sens: {0.9342}; Spec: {0.9996}; AUC: {0.9669}
10/26 11:00:16 AM Valid Loss: {0.0788}; IoU: {0.8547}; Prec: {0.9269}; Recall: {0.9165}; F1: {0.9217}; Sens: {0.9165}; Spec: {0.9996}; AUC: {0.9581}
10/26 11:00:16 AM current best loss 0.07681150920689106, mIoU 0.8579483032226562
10/26 11:00:16 AM cost time: {'day': 3.0, 'hour': 9.0, 'minute': 7.0, 'second': 38}
10/26 11:00:16 AM => Epoch 880, lr 0.00019998884298550167
10/26 11:06:36 AM Train Loss: {0.0672}; IoU: {0.8750}; Prec: {0.9315}; Recall: {0.9352}; F1: {0.9333}; Sens: {0.9352}; Spec: {0.9996}; AUC: {0.9674}
10/26 11:07:34 AM Valid Loss: {0.0783}; IoU: {0.8554}; Prec: {0.9266}; Recall: {0.9176}; F1: {0.9221}; Sens: {0.9176}; Spec: {0.9996}; AUC: {0.9586}
10/26 11:07:34 AM current best loss 0.07681150920689106, mIoU 0.8579483032226562
10/26 11:07:34 AM cost time: {'day': 3.0, 'hour': 9.0, 'minute': 14.0, 'second': 56}
10/26 11:07:34 AM => Epoch 881, lr 0.0001999888177009224
10/26 11:13:55 AM Train Loss: {0.0670}; IoU: {0.8754}; Prec: {0.9316}; Recall: {0.9355}; F1: {0.9335}; Sens: {0.9355}; Spec: {0.9996}; AUC: {0.9676}
10/26 11:14:52 AM Valid Loss: {0.0781}; IoU: {0.8558}; Prec: {0.9356}; Recall: {0.9094}; F1: {0.9223}; Sens: {0.9094}; Spec: {0.9996}; AUC: {0.9545}
10/26 11:14:52 AM current best loss 0.07681150920689106, mIoU 0.8579483032226562
10/26 11:14:52 AM cost time: {'day': 3.0, 'hour': 9.0, 'minute': 22.0, 'second': 15}
10/26 11:14:52 AM => Epoch 882, lr 0.00019998879238772654
10/26 11:21:13 AM Train Loss: {0.0670}; IoU: {0.8757}; Prec: {0.9325}; Recall: {0.9349}; F1: {0.9337}; Sens: {0.9349}; Spec: {0.9996}; AUC: {0.9673}
10/26 11:22:11 AM Valid Loss: {0.0780}; IoU: {0.8560}; Prec: {0.9291}; Recall: {0.9158}; F1: {0.9224}; Sens: {0.9158}; Spec: {0.9996}; AUC: {0.9577}
10/26 11:22:11 AM current best loss 0.07681150920689106, mIoU 0.8579483032226562
10/26 11:22:11 AM cost time: {'day': 3.0, 'hour': 9.0, 'minute': 29.0, 'second': 33}
10/26 11:22:11 AM => Epoch 883, lr 0.00019998876704591434
10/26 11:28:33 AM Train Loss: {0.0673}; IoU: {0.8748}; Prec: {0.9312}; Recall: {0.9352}; F1: {0.9332}; Sens: {0.9352}; Spec: {0.9996}; AUC: {0.9674}
10/26 11:29:32 AM Valid Loss: {0.0788}; IoU: {0.8546}; Prec: {0.9313}; Recall: {0.9121}; F1: {0.9216}; Sens: {0.9121}; Spec: {0.9996}; AUC: {0.9559}
10/26 11:29:32 AM current best loss 0.07681150920689106, mIoU 0.8579483032226562
10/26 11:29:32 AM cost time: {'day': 3.0, 'hour': 9.0, 'minute': 36.0, 'second': 54}
10/26 11:29:32 AM => Epoch 884, lr 0.0001999887416754857
10/26 11:35:48 AM Train Loss: {0.0673}; IoU: {0.8752}; Prec: {0.9319}; Recall: {0.9351}; F1: {0.9335}; Sens: {0.9351}; Spec: {0.9996}; AUC: {0.9673}
10/26 11:36:46 AM Valid Loss: {0.0796}; IoU: {0.8531}; Prec: {0.9411}; Recall: {0.9013}; F1: {0.9207}; Sens: {0.9013}; Spec: {0.9997}; AUC: {0.9505}
10/26 11:36:46 AM current best loss 0.07681150920689106, mIoU 0.8579483032226562
10/26 11:36:46 AM cost time: {'day': 3.0, 'hour': 9.0, 'minute': 44.0, 'second': 8}
10/26 11:36:46 AM => Epoch 885, lr 0.00019998871627644079
10/26 11:43:09 AM Train Loss: {0.0674}; IoU: {0.8747}; Prec: {0.9317}; Recall: {0.9346}; F1: {0.9332}; Sens: {0.9346}; Spec: {0.9996}; AUC: {0.9671}
10/26 11:44:08 AM Valid Loss: {0.0786}; IoU: {0.8549}; Prec: {0.9292}; Recall: {0.9144}; F1: {0.9218}; Sens: {0.9144}; Spec: {0.9996}; AUC: {0.9570}
10/26 11:44:08 AM current best loss 0.07681150920689106, mIoU 0.8579483032226562
10/26 11:44:08 AM cost time: {'day': 3.0, 'hour': 9.0, 'minute': 51.0, 'second': 30}
10/26 11:44:08 AM => Epoch 886, lr 0.00019998869084877943
10/26 11:50:29 AM Train Loss: {0.0671}; IoU: {0.8752}; Prec: {0.9310}; Recall: {0.9360}; F1: {0.9335}; Sens: {0.9360}; Spec: {0.9996}; AUC: {0.9678}
10/26 11:51:27 AM Valid Loss: {0.0788}; IoU: {0.8546}; Prec: {0.9313}; Recall: {0.9121}; F1: {0.9216}; Sens: {0.9121}; Spec: {0.9996}; AUC: {0.9559}
10/26 11:51:27 AM current best loss 0.07681150920689106, mIoU 0.8579483032226562
10/26 11:51:27 AM cost time: {'day': 3.0, 'hour': 9.0, 'minute': 58.0, 'second': 49}
10/26 11:51:27 AM => Epoch 887, lr 0.00019998866539250171
10/26 11:57:51 AM Train Loss: {0.0676}; IoU: {0.8744}; Prec: {0.9314}; Recall: {0.9347}; F1: {0.9330}; Sens: {0.9347}; Spec: {0.9996}; AUC: {0.9671}
10/26 11:58:49 AM Valid Loss: {0.0788}; IoU: {0.8545}; Prec: {0.9196}; Recall: {0.9234}; F1: {0.9215}; Sens: {0.9234}; Spec: {0.9995}; AUC: {0.9615}
10/26 11:58:49 AM current best loss 0.07681150920689106, mIoU 0.8579483032226562
10/26 11:58:49 AM cost time: {'day': 3.0, 'hour': 10.0, 'minute': 6.0, 'second': 11}
10/26 11:58:49 AM => Epoch 888, lr 0.00019998863990760765
10/26 12:05:13 PM Train Loss: {0.0675}; IoU: {0.8750}; Prec: {0.9319}; Recall: {0.9348}; F1: {0.9333}; Sens: {0.9348}; Spec: {0.9996}; AUC: {0.9672}
10/26 12:06:11 PM Valid Loss: {0.0786}; IoU: {0.8549}; Prec: {0.9333}; Recall: {0.9105}; F1: {0.9218}; Sens: {0.9105}; Spec: {0.9996}; AUC: {0.9551}
10/26 12:06:11 PM current best loss 0.07681150920689106, mIoU 0.8579483032226562
10/26 12:06:11 PM cost time: {'day': 3.0, 'hour': 10.0, 'minute': 13.0, 'second': 33}
10/26 12:06:11 PM => Epoch 889, lr 0.00019998861439409724
10/26 12:12:35 PM Train Loss: {0.0674}; IoU: {0.8752}; Prec: {0.9318}; Recall: {0.9352}; F1: {0.9335}; Sens: {0.9352}; Spec: {0.9996}; AUC: {0.9674}
10/26 12:13:34 PM Valid Loss: {0.0777}; IoU: {0.8566}; Prec: {0.9192}; Recall: {0.9263}; F1: {0.9228}; Sens: {0.9263}; Spec: {0.9995}; AUC: {0.9629}
10/26 12:13:34 PM current best loss 0.07681150920689106, mIoU 0.8579483032226562
10/26 12:13:34 PM cost time: {'day': 3.0, 'hour': 10.0, 'minute': 20.0, 'second': 56}
10/26 12:13:34 PM => Epoch 890, lr 0.00019998858885197045
10/26 12:19:56 PM Train Loss: {0.0673}; IoU: {0.8747}; Prec: {0.9321}; Recall: {0.9342}; F1: {0.9331}; Sens: {0.9342}; Spec: {0.9996}; AUC: {0.9669}
10/26 12:20:54 PM Valid Loss: {0.0790}; IoU: {0.8544}; Prec: {0.9187}; Recall: {0.9243}; F1: {0.9215}; Sens: {0.9243}; Spec: {0.9995}; AUC: {0.9619}
10/26 12:20:54 PM current best loss 0.07681150920689106, mIoU 0.8579483032226562
10/26 12:20:54 PM cost time: {'day': 3.0, 'hour': 10.0, 'minute': 28.0, 'second': 16}
10/26 12:20:54 PM => Epoch 891, lr 0.00019998856328122736
10/26 12:27:15 PM Train Loss: {0.0675}; IoU: {0.8750}; Prec: {0.9318}; Recall: {0.9348}; F1: {0.9333}; Sens: {0.9348}; Spec: {0.9996}; AUC: {0.9672}
10/26 12:28:13 PM Valid Loss: {0.0779}; IoU: {0.8562}; Prec: {0.9201}; Recall: {0.9250}; F1: {0.9225}; Sens: {0.9250}; Spec: {0.9995}; AUC: {0.9622}
10/26 12:28:13 PM current best loss 0.07681150920689106, mIoU 0.8579483032226562
10/26 12:28:13 PM cost time: {'day': 3.0, 'hour': 10.0, 'minute': 35.0, 'second': 35}
10/26 12:28:13 PM => Epoch 892, lr 0.0001999885376818679
10/26 12:34:36 PM Train Loss: {0.0674}; IoU: {0.8748}; Prec: {0.9316}; Recall: {0.9349}; F1: {0.9332}; Sens: {0.9349}; Spec: {0.9996}; AUC: {0.9672}
10/26 12:35:34 PM Valid Loss: {0.0777}; IoU: {0.8567}; Prec: {0.9216}; Recall: {0.9240}; F1: {0.9228}; Sens: {0.9240}; Spec: {0.9996}; AUC: {0.9618}
10/26 12:35:34 PM current best loss 0.07681150920689106, mIoU 0.8579483032226562
10/26 12:35:34 PM cost time: {'day': 3.0, 'hour': 10.0, 'minute': 42.0, 'second': 56}
10/26 12:35:34 PM => Epoch 893, lr 0.00019998851205389216
10/26 12:41:52 PM Train Loss: {0.0674}; IoU: {0.8751}; Prec: {0.9319}; Recall: {0.9350}; F1: {0.9334}; Sens: {0.9350}; Spec: {0.9996}; AUC: {0.9673}
10/26 12:42:50 PM Valid Loss: {0.0790}; IoU: {0.8544}; Prec: {0.9067}; Recall: {0.9368}; F1: {0.9215}; Sens: {0.9368}; Spec: {0.9994}; AUC: {0.9681}
10/26 12:42:50 PM current best loss 0.07681150920689106, mIoU 0.8579483032226562
10/26 12:42:50 PM cost time: {'day': 3.0, 'hour': 10.0, 'minute': 50.0, 'second': 12}
10/26 12:42:50 PM => Epoch 894, lr 0.0001999884863973001
10/26 12:49:08 PM Train Loss: {0.0669}; IoU: {0.8756}; Prec: {0.9316}; Recall: {0.9357}; F1: {0.9337}; Sens: {0.9357}; Spec: {0.9996}; AUC: {0.9677}
10/26 12:50:05 PM Valid Loss: {0.0790}; IoU: {0.8541}; Prec: {0.9171}; Recall: {0.9255}; F1: {0.9213}; Sens: {0.9255}; Spec: {0.9995}; AUC: {0.9625}
10/26 12:50:05 PM current best loss 0.07681150920689106, mIoU 0.8579483032226562
10/26 12:50:05 PM cost time: {'day': 3.0, 'hour': 10.0, 'minute': 57.0, 'second': 27}
10/26 12:50:05 PM => Epoch 895, lr 0.00019998846071209175
10/26 12:56:26 PM Train Loss: {0.0675}; IoU: {0.8753}; Prec: {0.9320}; Recall: {0.9350}; F1: {0.9335}; Sens: {0.9350}; Spec: {0.9996}; AUC: {0.9673}
10/26 12:57:23 PM Valid Loss: {0.0794}; IoU: {0.8536}; Prec: {0.9294}; Recall: {0.9128}; F1: {0.9210}; Sens: {0.9128}; Spec: {0.9996}; AUC: {0.9562}
10/26 12:57:23 PM current best loss 0.07681150920689106, mIoU 0.8579483032226562
10/26 12:57:23 PM cost time: {'day': 3.0, 'hour': 11.0, 'minute': 4.0, 'second': 45}
10/26 12:57:23 PM => Epoch 896, lr 0.00019998843499826705
10/26 01:03:41 PM Train Loss: {0.0674}; IoU: {0.8747}; Prec: {0.9315}; Recall: {0.9349}; F1: {0.9332}; Sens: {0.9349}; Spec: {0.9996}; AUC: {0.9672}
10/26 01:04:38 PM Valid Loss: {0.0805}; IoU: {0.8517}; Prec: {0.9432}; Recall: {0.8977}; F1: {0.9199}; Sens: {0.8977}; Spec: {0.9997}; AUC: {0.9487}
10/26 01:04:38 PM current best loss 0.07681150920689106, mIoU 0.8579483032226562
10/26 01:04:38 PM cost time: {'day': 3.0, 'hour': 11.0, 'minute': 12.0, 'second': 0}
10/26 01:04:38 PM => Epoch 897, lr 0.00019998840925582612
10/26 01:10:58 PM Train Loss: {0.0674}; IoU: {0.8751}; Prec: {0.9324}; Recall: {0.9344}; F1: {0.9334}; Sens: {0.9344}; Spec: {0.9996}; AUC: {0.9670}
10/26 01:11:56 PM Valid Loss: {0.0785}; IoU: {0.8553}; Prec: {0.9236}; Recall: {0.9204}; F1: {0.9220}; Sens: {0.9204}; Spec: {0.9996}; AUC: {0.9600}
10/26 01:11:56 PM current best loss 0.07681150920689106, mIoU 0.8579483032226562
10/26 01:11:56 PM cost time: {'day': 3.0, 'hour': 11.0, 'minute': 19.0, 'second': 18}
10/26 01:11:56 PM => Epoch 898, lr 0.00019998838348476888
10/26 01:18:21 PM Train Loss: {0.0675}; IoU: {0.8750}; Prec: {0.9318}; Recall: {0.9348}; F1: {0.9333}; Sens: {0.9348}; Spec: {0.9996}; AUC: {0.9672}
10/26 01:19:20 PM Valid Loss: {0.0779}; IoU: {0.8561}; Prec: {0.9174}; Recall: {0.9277}; F1: {0.9225}; Sens: {0.9277}; Spec: {0.9995}; AUC: {0.9636}
10/26 01:19:20 PM current best loss 0.07681150920689106, mIoU 0.8579483032226562
10/26 01:19:20 PM cost time: {'day': 3.0, 'hour': 11.0, 'minute': 26.0, 'second': 42}
10/26 01:19:20 PM => Epoch 899, lr 0.00019998835768509542
10/26 01:25:37 PM Train Loss: {0.0676}; IoU: {0.8751}; Prec: {0.9306}; Recall: {0.9361}; F1: {0.9334}; Sens: {0.9361}; Spec: {0.9996}; AUC: {0.9679}
10/26 01:26:35 PM Valid Loss: {0.0773}; IoU: {0.8573}; Prec: {0.9269}; Recall: {0.9195}; F1: {0.9232}; Sens: {0.9195}; Spec: {0.9996}; AUC: {0.9596}
10/26 01:26:35 PM current best loss 0.07681150920689106, mIoU 0.8579483032226562
10/26 01:26:35 PM cost time: {'day': 3.0, 'hour': 11.0, 'minute': 33.0, 'second': 57}
10/26 01:26:35 PM => Epoch 900, lr 0.00019998833185680558
10/26 01:32:47 PM Train Loss: {0.0670}; IoU: {0.8753}; Prec: {0.9321}; Recall: {0.9350}; F1: {0.9335}; Sens: {0.9350}; Spec: {0.9996}; AUC: {0.9673}
10/26 01:33:45 PM Valid Loss: {0.0784}; IoU: {0.8552}; Prec: {0.9256}; Recall: {0.9184}; F1: {0.9220}; Sens: {0.9184}; Spec: {0.9996}; AUC: {0.9590}
10/26 01:34:54 PM Test Loss: {0.0799}; IoU: {0.8546}; Prec: {0.9220}; Recall: {0.9213}; F1: {0.9216}; Sens: {0.9213}; Spec: {0.9995}; AUC: {0.9604}
10/26 01:34:54 PM current best loss 0.07681150920689106, mIoU 0.8579483032226562
10/26 01:34:54 PM cost time: {'day': 3.0, 'hour': 11.0, 'minute': 42.0, 'second': 16}
10/26 01:34:54 PM => Epoch 901, lr 0.00019998830599989956
10/26 01:41:07 PM Train Loss: {0.0670}; IoU: {0.8757}; Prec: {0.9316}; Recall: {0.9359}; F1: {0.9337}; Sens: {0.9359}; Spec: {0.9996}; AUC: {0.9677}
10/26 01:42:05 PM Valid Loss: {0.0777}; IoU: {0.8564}; Prec: {0.9233}; Recall: {0.9221}; F1: {0.9227}; Sens: {0.9221}; Spec: {0.9996}; AUC: {0.9608}
10/26 01:42:05 PM current best loss 0.07681150920689106, mIoU 0.8579483032226562
10/26 01:42:05 PM cost time: {'day': 3.0, 'hour': 11.0, 'minute': 49.0, 'second': 27}
10/26 01:42:05 PM => Epoch 902, lr 0.00019998828011437726
10/26 01:48:22 PM Train Loss: {0.0670}; IoU: {0.8753}; Prec: {0.9324}; Recall: {0.9346}; F1: {0.9335}; Sens: {0.9346}; Spec: {0.9996}; AUC: {0.9671}
10/26 01:49:21 PM Valid Loss: {0.0786}; IoU: {0.8549}; Prec: {0.9292}; Recall: {0.9145}; F1: {0.9218}; Sens: {0.9145}; Spec: {0.9996}; AUC: {0.9571}
10/26 01:49:21 PM current best loss 0.07681150920689106, mIoU 0.8579483032226562
10/26 01:49:21 PM cost time: {'day': 3.0, 'hour': 11.0, 'minute': 56.0, 'second': 43}
10/26 01:49:21 PM => Epoch 903, lr 0.00019998825420023872
10/26 01:55:33 PM Train Loss: {0.0675}; IoU: {0.8750}; Prec: {0.9322}; Recall: {0.9344}; F1: {0.9333}; Sens: {0.9344}; Spec: {0.9996}; AUC: {0.9670}
10/26 01:56:31 PM Valid Loss: {0.0776}; IoU: {0.8567}; Prec: {0.9236}; Recall: {0.9220}; F1: {0.9228}; Sens: {0.9220}; Spec: {0.9996}; AUC: {0.9608}
10/26 01:56:31 PM current best loss 0.07681150920689106, mIoU 0.8579483032226562
10/26 01:56:31 PM cost time: {'day': 3.0, 'hour': 12.0, 'minute': 3.0, 'second': 53}
10/26 01:56:31 PM => Epoch 904, lr 0.00019998822825748394
10/26 02:02:46 PM Train Loss: {0.0673}; IoU: {0.8751}; Prec: {0.9318}; Recall: {0.9350}; F1: {0.9334}; Sens: {0.9350}; Spec: {0.9996}; AUC: {0.9673}
10/26 02:03:44 PM Valid Loss: {0.0774}; IoU: {0.8570}; Prec: {0.9209}; Recall: {0.9251}; F1: {0.9230}; Sens: {0.9251}; Spec: {0.9995}; AUC: {0.9623}
10/26 02:03:44 PM current best loss 0.07681150920689106, mIoU 0.8579483032226562
10/26 02:03:44 PM cost time: {'day': 3.0, 'hour': 12.0, 'minute': 11.0, 'second': 6}
10/26 02:03:44 PM => Epoch 905, lr 0.000199988202286113
10/26 02:10:00 PM Train Loss: {0.0672}; IoU: {0.8753}; Prec: {0.9319}; Recall: {0.9351}; F1: {0.9335}; Sens: {0.9351}; Spec: {0.9996}; AUC: {0.9674}
10/26 02:10:57 PM Valid Loss: {0.0782}; IoU: {0.8556}; Prec: {0.9266}; Recall: {0.9178}; F1: {0.9222}; Sens: {0.9178}; Spec: {0.9996}; AUC: {0.9587}
10/26 02:10:57 PM current best loss 0.07681150920689106, mIoU 0.8579483032226562
10/26 02:10:57 PM cost time: {'day': 3.0, 'hour': 12.0, 'minute': 18.0, 'second': 19}
10/26 02:10:57 PM => Epoch 906, lr 0.00019998817628612576
10/26 02:17:15 PM Train Loss: {0.0671}; IoU: {0.8756}; Prec: {0.9317}; Recall: {0.9357}; F1: {0.9337}; Sens: {0.9357}; Spec: {0.9996}; AUC: {0.9676}
10/26 02:18:13 PM Valid Loss: {0.0784}; IoU: {0.8555}; Prec: {0.9226}; Recall: {0.9216}; F1: {0.9221}; Sens: {0.9216}; Spec: {0.9996}; AUC: {0.9606}
10/26 02:18:13 PM current best loss 0.07681150920689106, mIoU 0.8579483032226562
10/26 02:18:13 PM cost time: {'day': 3.0, 'hour': 12.0, 'minute': 25.0, 'second': 35}
10/26 02:18:13 PM => Epoch 907, lr 0.00019998815025752234
10/26 02:24:27 PM Train Loss: {0.0675}; IoU: {0.8749}; Prec: {0.9322}; Recall: {0.9343}; F1: {0.9333}; Sens: {0.9343}; Spec: {0.9996}; AUC: {0.9670}
10/26 02:25:25 PM Valid Loss: {0.0778}; IoU: {0.8564}; Prec: {0.9297}; Recall: {0.9157}; F1: {0.9227}; Sens: {0.9157}; Spec: {0.9996}; AUC: {0.9577}
10/26 02:25:25 PM current best loss 0.07681150920689106, mIoU 0.8579483032226562
10/26 02:25:25 PM cost time: {'day': 3.0, 'hour': 12.0, 'minute': 32.0, 'second': 47}
10/26 02:25:25 PM => Epoch 908, lr 0.0001999881242003027
10/26 02:31:35 PM Train Loss: {0.0669}; IoU: {0.8759}; Prec: {0.9325}; Recall: {0.9352}; F1: {0.9338}; Sens: {0.9352}; Spec: {0.9996}; AUC: {0.9674}
10/26 02:32:33 PM Valid Loss: {0.0781}; IoU: {0.8558}; Prec: {0.9346}; Recall: {0.9103}; F1: {0.9223}; Sens: {0.9103}; Spec: {0.9996}; AUC: {0.9550}
10/26 02:32:33 PM current best loss 0.07681150920689106, mIoU 0.8579483032226562
10/26 02:32:33 PM cost time: {'day': 3.0, 'hour': 12.0, 'minute': 39.0, 'second': 56}
10/26 02:32:33 PM => Epoch 909, lr 0.00019998809811446687
10/26 02:38:48 PM Train Loss: {0.0670}; IoU: {0.8759}; Prec: {0.9323}; Recall: {0.9354}; F1: {0.9338}; Sens: {0.9354}; Spec: {0.9996}; AUC: {0.9675}
10/26 02:39:47 PM Valid Loss: {0.0781}; IoU: {0.8558}; Prec: {0.9168}; Recall: {0.9278}; F1: {0.9223}; Sens: {0.9278}; Spec: {0.9995}; AUC: {0.9637}
10/26 02:39:47 PM current best loss 0.07681150920689106, mIoU 0.8579483032226562
10/26 02:39:47 PM cost time: {'day': 3.0, 'hour': 12.0, 'minute': 47.0, 'second': 9}
10/26 02:39:47 PM => Epoch 910, lr 0.00019998807200001485
10/26 02:46:03 PM Train Loss: {0.0671}; IoU: {0.8755}; Prec: {0.9321}; Recall: {0.9352}; F1: {0.9336}; Sens: {0.9352}; Spec: {0.9996}; AUC: {0.9674}
10/26 02:47:00 PM Valid Loss: {0.0783}; IoU: {0.8557}; Prec: {0.9314}; Recall: {0.9132}; F1: {0.9222}; Sens: {0.9132}; Spec: {0.9996}; AUC: {0.9564}
10/26 02:47:00 PM current best loss 0.07681150920689106, mIoU 0.8579483032226562
10/26 02:47:00 PM cost time: {'day': 3.0, 'hour': 12.0, 'minute': 54.0, 'second': 22}
10/26 02:47:00 PM => Epoch 911, lr 0.00019998804585694667
10/26 02:53:14 PM Train Loss: {0.0670}; IoU: {0.8758}; Prec: {0.9320}; Recall: {0.9356}; F1: {0.9338}; Sens: {0.9356}; Spec: {0.9996}; AUC: {0.9676}
10/26 02:54:11 PM Valid Loss: {0.0794}; IoU: {0.8536}; Prec: {0.9319}; Recall: {0.9103}; F1: {0.9210}; Sens: {0.9103}; Spec: {0.9996}; AUC: {0.9550}
10/26 02:54:11 PM current best loss 0.07681150920689106, mIoU 0.8579483032226562
10/26 02:54:11 PM cost time: {'day': 3.0, 'hour': 13.0, 'minute': 1.0, 'second': 33}
10/26 02:54:11 PM => Epoch 912, lr 0.00019998801968526227
10/26 03:00:21 PM Train Loss: {0.0671}; IoU: {0.8755}; Prec: {0.9323}; Recall: {0.9349}; F1: {0.9336}; Sens: {0.9349}; Spec: {0.9996}; AUC: {0.9673}
10/26 03:01:19 PM Valid Loss: {0.0785}; IoU: {0.8552}; Prec: {0.9145}; Recall: {0.9295}; F1: {0.9219}; Sens: {0.9295}; Spec: {0.9995}; AUC: {0.9645}
10/26 03:01:19 PM current best loss 0.07681150920689106, mIoU 0.8579483032226562
10/26 03:01:19 PM cost time: {'day': 3.0, 'hour': 13.0, 'minute': 8.0, 'second': 41}
10/26 03:01:19 PM => Epoch 913, lr 0.0001999879934849617
10/26 03:07:34 PM Train Loss: {0.0670}; IoU: {0.8757}; Prec: {0.9321}; Recall: {0.9353}; F1: {0.9337}; Sens: {0.9353}; Spec: {0.9996}; AUC: {0.9675}
10/26 03:08:32 PM Valid Loss: {0.0789}; IoU: {0.8547}; Prec: {0.9286}; Recall: {0.9148}; F1: {0.9216}; Sens: {0.9148}; Spec: {0.9996}; AUC: {0.9572}
10/26 03:08:32 PM current best loss 0.07681150920689106, mIoU 0.8579483032226562
10/26 03:08:32 PM cost time: {'day': 3.0, 'hour': 13.0, 'minute': 15.0, 'second': 54}
10/26 03:08:32 PM => Epoch 914, lr 0.00019998796725604503
10/26 03:14:46 PM Train Loss: {0.0665}; IoU: {0.8762}; Prec: {0.9325}; Recall: {0.9355}; F1: {0.9340}; Sens: {0.9355}; Spec: {0.9996}; AUC: {0.9676}
10/26 03:15:44 PM Valid Loss: {0.0797}; IoU: {0.8533}; Prec: {0.9217}; Recall: {0.9200}; F1: {0.9208}; Sens: {0.9200}; Spec: {0.9996}; AUC: {0.9598}
10/26 03:15:44 PM current best loss 0.07681150920689106, mIoU 0.8579483032226562
10/26 03:15:44 PM cost time: {'day': 3.0, 'hour': 13.0, 'minute': 23.0, 'second': 6}
10/26 03:15:44 PM => Epoch 915, lr 0.00019998794099851223
10/26 03:21:53 PM Train Loss: {0.0669}; IoU: {0.8758}; Prec: {0.9321}; Recall: {0.9355}; F1: {0.9338}; Sens: {0.9355}; Spec: {0.9996}; AUC: {0.9676}
10/26 03:22:50 PM Valid Loss: {0.0774}; IoU: {0.8572}; Prec: {0.9204}; Recall: {0.9258}; F1: {0.9231}; Sens: {0.9258}; Spec: {0.9995}; AUC: {0.9627}
10/26 03:22:50 PM current best loss 0.07681150920689106, mIoU 0.8579483032226562
10/26 03:22:50 PM cost time: {'day': 3.0, 'hour': 13.0, 'minute': 30.0, 'second': 12}
10/26 03:22:50 PM => Epoch 916, lr 0.00019998791471236322
10/26 03:29:00 PM Train Loss: {0.0673}; IoU: {0.8751}; Prec: {0.9313}; Recall: {0.9354}; F1: {0.9334}; Sens: {0.9354}; Spec: {0.9996}; AUC: {0.9675}
10/26 03:29:57 PM Valid Loss: {0.0778}; IoU: {0.8565}; Prec: {0.9265}; Recall: {0.9190}; F1: {0.9227}; Sens: {0.9190}; Spec: {0.9996}; AUC: {0.9593}
10/26 03:29:57 PM current best loss 0.07681150920689106, mIoU 0.8579483032226562
10/26 03:29:57 PM cost time: {'day': 3.0, 'hour': 13.0, 'minute': 37.0, 'second': 19}
10/26 03:29:57 PM => Epoch 917, lr 0.00019998788839759813
10/26 03:36:11 PM Train Loss: {0.0668}; IoU: {0.8758}; Prec: {0.9323}; Recall: {0.9353}; F1: {0.9338}; Sens: {0.9353}; Spec: {0.9996}; AUC: {0.9675}
10/26 03:37:08 PM Valid Loss: {0.0787}; IoU: {0.8550}; Prec: {0.9391}; Recall: {0.9052}; F1: {0.9218}; Sens: {0.9052}; Spec: {0.9997}; AUC: {0.9524}
10/26 03:37:08 PM current best loss 0.07681150920689106, mIoU 0.8579483032226562
10/26 03:37:08 PM cost time: {'day': 3.0, 'hour': 13.0, 'minute': 44.0, 'second': 30}
10/26 03:37:08 PM => Epoch 918, lr 0.0001999878620542169
10/26 03:43:20 PM Train Loss: {0.0672}; IoU: {0.8754}; Prec: {0.9319}; Recall: {0.9352}; F1: {0.9336}; Sens: {0.9352}; Spec: {0.9996}; AUC: {0.9674}
10/26 03:44:17 PM Valid Loss: {0.0785}; IoU: {0.8552}; Prec: {0.9353}; Recall: {0.9090}; F1: {0.9220}; Sens: {0.9090}; Spec: {0.9996}; AUC: {0.9543}
10/26 03:44:17 PM current best loss 0.07681150920689106, mIoU 0.8579483032226562
10/26 03:44:17 PM cost time: {'day': 3.0, 'hour': 13.0, 'minute': 51.0, 'second': 39}
10/26 03:44:17 PM => Epoch 919, lr 0.0001999878356822195
10/26 03:50:26 PM Train Loss: {0.0669}; IoU: {0.8759}; Prec: {0.9323}; Recall: {0.9354}; F1: {0.9339}; Sens: {0.9354}; Spec: {0.9996}; AUC: {0.9675}
10/26 03:51:23 PM Valid Loss: {0.0780}; IoU: {0.8561}; Prec: {0.9309}; Recall: {0.9141}; F1: {0.9225}; Sens: {0.9141}; Spec: {0.9996}; AUC: {0.9569}
10/26 03:51:23 PM current best loss 0.07681150920689106, mIoU 0.8579483032226562
10/26 03:51:23 PM cost time: {'day': 3.0, 'hour': 13.0, 'minute': 58.0, 'second': 45}
10/26 03:51:23 PM => Epoch 920, lr 0.0001999878092816061
10/26 03:57:41 PM Train Loss: {0.0674}; IoU: {0.8754}; Prec: {0.9321}; Recall: {0.9350}; F1: {0.9336}; Sens: {0.9350}; Spec: {0.9996}; AUC: {0.9673}
10/26 03:58:39 PM Valid Loss: {0.0785}; IoU: {0.8553}; Prec: {0.9348}; Recall: {0.9095}; F1: {0.9220}; Sens: {0.9095}; Spec: {0.9996}; AUC: {0.9546}
10/26 03:58:39 PM current best loss 0.07681150920689106, mIoU 0.8579483032226562
10/26 03:58:39 PM cost time: {'day': 3.0, 'hour': 14.0, 'minute': 6.0, 'second': 1}
10/26 03:58:39 PM => Epoch 921, lr 0.0001999877828523765
10/26 04:04:56 PM Train Loss: {0.0672}; IoU: {0.8753}; Prec: {0.9321}; Recall: {0.9350}; F1: {0.9335}; Sens: {0.9350}; Spec: {0.9996}; AUC: {0.9673}
10/26 04:05:55 PM Valid Loss: {0.0776}; IoU: {0.8567}; Prec: {0.9250}; Recall: {0.9206}; F1: {0.9228}; Sens: {0.9206}; Spec: {0.9996}; AUC: {0.9601}
10/26 04:05:55 PM current best loss 0.07681150920689106, mIoU 0.8579483032226562
10/26 04:05:55 PM cost time: {'day': 3.0, 'hour': 14.0, 'minute': 13.0, 'second': 17}
10/26 04:05:55 PM => Epoch 922, lr 0.00019998775639453088
10/26 04:12:08 PM Train Loss: {0.0670}; IoU: {0.8758}; Prec: {0.9322}; Recall: {0.9354}; F1: {0.9338}; Sens: {0.9354}; Spec: {0.9996}; AUC: {0.9675}
10/26 04:13:06 PM Valid Loss: {0.0779}; IoU: {0.8563}; Prec: {0.9325}; Recall: {0.9129}; F1: {0.9226}; Sens: {0.9129}; Spec: {0.9996}; AUC: {0.9563}
10/26 04:13:06 PM current best loss 0.07681150920689106, mIoU 0.8579483032226562
10/26 04:13:06 PM cost time: {'day': 3.0, 'hour': 14.0, 'minute': 20.0, 'second': 28}
10/26 04:13:06 PM => Epoch 923, lr 0.0001999877299080691
10/26 04:19:15 PM Train Loss: {0.0672}; IoU: {0.8755}; Prec: {0.9323}; Recall: {0.9350}; F1: {0.9336}; Sens: {0.9350}; Spec: {0.9996}; AUC: {0.9673}
10/26 04:20:12 PM Valid Loss: {0.0777}; IoU: {0.8569}; Prec: {0.9295}; Recall: {0.9164}; F1: {0.9229}; Sens: {0.9164}; Spec: {0.9996}; AUC: {0.9580}
10/26 04:20:12 PM current best loss 0.07681150920689106, mIoU 0.8579483032226562
10/26 04:20:12 PM cost time: {'day': 3.0, 'hour': 14.0, 'minute': 27.0, 'second': 34}
10/26 04:20:12 PM => Epoch 924, lr 0.00019998770339299128
10/26 04:26:25 PM Train Loss: {0.0673}; IoU: {0.8759}; Prec: {0.9328}; Recall: {0.9349}; F1: {0.9339}; Sens: {0.9349}; Spec: {0.9996}; AUC: {0.9673}
10/26 04:27:23 PM Valid Loss: {0.0773}; IoU: {0.8573}; Prec: {0.9289}; Recall: {0.9175}; F1: {0.9232}; Sens: {0.9175}; Spec: {0.9996}; AUC: {0.9585}
10/26 04:27:23 PM current best loss 0.07681150920689106, mIoU 0.8579483032226562
10/26 04:27:23 PM cost time: {'day': 3.0, 'hour': 14.0, 'minute': 34.0, 'second': 45}
10/26 04:27:23 PM => Epoch 925, lr 0.0001999876768492974
10/26 04:33:36 PM Train Loss: {0.0671}; IoU: {0.8749}; Prec: {0.9317}; Recall: {0.9349}; F1: {0.9333}; Sens: {0.9349}; Spec: {0.9996}; AUC: {0.9672}
10/26 04:34:33 PM Valid Loss: {0.0782}; IoU: {0.8558}; Prec: {0.9220}; Recall: {0.9226}; F1: {0.9223}; Sens: {0.9226}; Spec: {0.9996}; AUC: {0.9611}
10/26 04:34:33 PM current best loss 0.07681150920689106, mIoU 0.8579483032226562
10/26 04:34:33 PM cost time: {'day': 3.0, 'hour': 14.0, 'minute': 41.0, 'second': 56}
10/26 04:34:33 PM => Epoch 926, lr 0.00019998765027698744
10/26 04:40:48 PM Train Loss: {0.0670}; IoU: {0.8756}; Prec: {0.9317}; Recall: {0.9356}; F1: {0.9337}; Sens: {0.9356}; Spec: {0.9996}; AUC: {0.9676}
10/26 04:41:46 PM Valid Loss: {0.0789}; IoU: {0.8546}; Prec: {0.9297}; Recall: {0.9136}; F1: {0.9216}; Sens: {0.9136}; Spec: {0.9996}; AUC: {0.9566}
10/26 04:41:46 PM current best loss 0.07681150920689106, mIoU 0.8579483032226562
10/26 04:41:46 PM cost time: {'day': 3.0, 'hour': 14.0, 'minute': 49.0, 'second': 8}
10/26 04:41:46 PM => Epoch 927, lr 0.00019998762367606137
10/26 04:48:03 PM Train Loss: {0.0671}; IoU: {0.8756}; Prec: {0.9321}; Recall: {0.9353}; F1: {0.9337}; Sens: {0.9353}; Spec: {0.9996}; AUC: {0.9674}
10/26 04:49:00 PM Valid Loss: {0.0784}; IoU: {0.8552}; Prec: {0.9182}; Recall: {0.9258}; F1: {0.9220}; Sens: {0.9258}; Spec: {0.9995}; AUC: {0.9627}
10/26 04:49:00 PM current best loss 0.07681150920689106, mIoU 0.8579483032226562
10/26 04:49:00 PM cost time: {'day': 3.0, 'hour': 14.0, 'minute': 56.0, 'second': 23}
10/26 04:49:00 PM => Epoch 928, lr 0.00019998759704651934
10/26 04:55:12 PM Train Loss: {0.0668}; IoU: {0.8759}; Prec: {0.9319}; Recall: {0.9358}; F1: {0.9339}; Sens: {0.9358}; Spec: {0.9996}; AUC: {0.9677}
10/26 04:56:10 PM Valid Loss: {0.0780}; IoU: {0.8562}; Prec: {0.9250}; Recall: {0.9201}; F1: {0.9225}; Sens: {0.9201}; Spec: {0.9996}; AUC: {0.9598}
10/26 04:56:10 PM current best loss 0.07681150920689106, mIoU 0.8579483032226562
10/26 04:56:10 PM cost time: {'day': 3.0, 'hour': 15.0, 'minute': 3.0, 'second': 32}
10/26 04:56:10 PM => Epoch 929, lr 0.00019998757038836127
10/26 05:02:27 PM Train Loss: {0.0671}; IoU: {0.8758}; Prec: {0.9327}; Recall: {0.9349}; F1: {0.9338}; Sens: {0.9349}; Spec: {0.9996}; AUC: {0.9673}
10/26 05:03:24 PM Valid Loss: {0.0776}; IoU: {0.8568}; Prec: {0.9286}; Recall: {0.9172}; F1: {0.9229}; Sens: {0.9172}; Spec: {0.9996}; AUC: {0.9584}
10/26 05:03:24 PM current best loss 0.07681150920689106, mIoU 0.8579483032226562
10/26 05:03:25 PM cost time: {'day': 3.0, 'hour': 15.0, 'minute': 10.0, 'second': 47}
10/26 05:03:25 PM => Epoch 930, lr 0.0001999875437015871
10/26 05:09:38 PM Train Loss: {0.0666}; IoU: {0.8763}; Prec: {0.9320}; Recall: {0.9362}; F1: {0.9341}; Sens: {0.9362}; Spec: {0.9996}; AUC: {0.9679}
10/26 05:10:36 PM Valid Loss: {0.0776}; IoU: {0.8568}; Prec: {0.9301}; Recall: {0.9158}; F1: {0.9229}; Sens: {0.9158}; Spec: {0.9996}; AUC: {0.9577}
10/26 05:10:36 PM current best loss 0.07681150920689106, mIoU 0.8579483032226562
10/26 05:10:36 PM cost time: {'day': 3.0, 'hour': 15.0, 'minute': 17.0, 'second': 58}
10/26 05:10:36 PM => Epoch 931, lr 0.00019998751698619696
10/26 05:16:52 PM Train Loss: {0.0669}; IoU: {0.8759}; Prec: {0.9323}; Recall: {0.9354}; F1: {0.9338}; Sens: {0.9354}; Spec: {0.9996}; AUC: {0.9675}
10/26 05:17:50 PM Valid Loss: {0.0786}; IoU: {0.8553}; Prec: {0.9357}; Recall: {0.9087}; F1: {0.9220}; Sens: {0.9087}; Spec: {0.9996}; AUC: {0.9542}
10/26 05:17:50 PM current best loss 0.07681150920689106, mIoU 0.8579483032226562
10/26 05:17:50 PM cost time: {'day': 3.0, 'hour': 15.0, 'minute': 25.0, 'second': 12}
10/26 05:17:50 PM => Epoch 932, lr 0.00019998749024219086
10/26 05:24:00 PM Train Loss: {0.0670}; IoU: {0.8758}; Prec: {0.9327}; Recall: {0.9348}; F1: {0.9338}; Sens: {0.9348}; Spec: {0.9996}; AUC: {0.9672}
10/26 05:24:58 PM Valid Loss: {0.0778}; IoU: {0.8566}; Prec: {0.9261}; Recall: {0.9195}; F1: {0.9228}; Sens: {0.9195}; Spec: {0.9996}; AUC: {0.9595}
10/26 05:24:58 PM current best loss 0.07681150920689106, mIoU 0.8579483032226562
10/26 05:24:58 PM cost time: {'day': 3.0, 'hour': 15.0, 'minute': 32.0, 'second': 20}
10/26 05:24:58 PM => Epoch 933, lr 0.00019998746346956868
10/26 05:31:15 PM Train Loss: {0.0669}; IoU: {0.8753}; Prec: {0.9318}; Recall: {0.9352}; F1: {0.9335}; Sens: {0.9352}; Spec: {0.9996}; AUC: {0.9674}
10/26 05:32:13 PM Valid Loss: {0.0787}; IoU: {0.8549}; Prec: {0.9252}; Recall: {0.9184}; F1: {0.9218}; Sens: {0.9184}; Spec: {0.9996}; AUC: {0.9590}
10/26 05:32:13 PM current best loss 0.07681150920689106, mIoU 0.8579483032226562
10/26 05:32:13 PM cost time: {'day': 3.0, 'hour': 15.0, 'minute': 39.0, 'second': 35}
10/26 05:32:13 PM => Epoch 934, lr 0.00019998743666833056
10/26 05:38:25 PM Train Loss: {0.0670}; IoU: {0.8762}; Prec: {0.9325}; Recall: {0.9356}; F1: {0.9340}; Sens: {0.9356}; Spec: {0.9996}; AUC: {0.9676}
10/26 05:39:23 PM Valid Loss: {0.0782}; IoU: {0.8557}; Prec: {0.9235}; Recall: {0.9211}; F1: {0.9223}; Sens: {0.9211}; Spec: {0.9996}; AUC: {0.9603}
10/26 05:39:23 PM current best loss 0.07681150920689106, mIoU 0.8579483032226562
10/26 05:39:23 PM cost time: {'day': 3.0, 'hour': 15.0, 'minute': 46.0, 'second': 45}
10/26 05:39:23 PM => Epoch 935, lr 0.00019998740983847636
10/26 05:45:40 PM Train Loss: {0.0672}; IoU: {0.8755}; Prec: {0.9319}; Recall: {0.9354}; F1: {0.9336}; Sens: {0.9354}; Spec: {0.9996}; AUC: {0.9675}
10/26 05:46:37 PM Valid Loss: {0.0795}; IoU: {0.8536}; Prec: {0.9386}; Recall: {0.9041}; F1: {0.9210}; Sens: {0.9041}; Spec: {0.9997}; AUC: {0.9519}
10/26 05:46:37 PM current best loss 0.07681150920689106, mIoU 0.8579483032226562
10/26 05:46:37 PM cost time: {'day': 3.0, 'hour': 15.0, 'minute': 53.0, 'second': 59}
10/26 05:46:37 PM => Epoch 936, lr 0.00019998738298000624
10/26 05:52:51 PM Train Loss: {0.0671}; IoU: {0.8756}; Prec: {0.9321}; Recall: {0.9353}; F1: {0.9337}; Sens: {0.9353}; Spec: {0.9996}; AUC: {0.9674}
10/26 05:53:49 PM Valid Loss: {0.0789}; IoU: {0.8546}; Prec: {0.9373}; Recall: {0.9064}; F1: {0.9216}; Sens: {0.9064}; Spec: {0.9997}; AUC: {0.9530}
10/26 05:53:49 PM current best loss 0.07681150920689106, mIoU 0.8579483032226562
10/26 05:53:49 PM cost time: {'day': 3.0, 'hour': 16.0, 'minute': 1.0, 'second': 11}
10/26 05:53:49 PM => Epoch 937, lr 0.00019998735609292015
10/26 06:00:02 PM Train Loss: {0.0666}; IoU: {0.8760}; Prec: {0.9323}; Recall: {0.9355}; F1: {0.9339}; Sens: {0.9355}; Spec: {0.9996}; AUC: {0.9676}
10/26 06:01:00 PM Valid Loss: {0.0776}; IoU: {0.8568}; Prec: {0.9320}; Recall: {0.9139}; F1: {0.9229}; Sens: {0.9139}; Spec: {0.9996}; AUC: {0.9568}
10/26 06:01:00 PM current best loss 0.07681150920689106, mIoU 0.8579483032226562
10/26 06:01:00 PM cost time: {'day': 3.0, 'hour': 16.0, 'minute': 8.0, 'second': 22}
10/26 06:01:00 PM => Epoch 938, lr 0.00019998732917721808
10/26 06:07:15 PM Train Loss: {0.0671}; IoU: {0.8760}; Prec: {0.9317}; Recall: {0.9362}; F1: {0.9339}; Sens: {0.9362}; Spec: {0.9996}; AUC: {0.9679}
10/26 06:08:13 PM Valid Loss: {0.0770}; IoU: {0.8577}; Prec: {0.9202}; Recall: {0.9266}; F1: {0.9234}; Sens: {0.9266}; Spec: {0.9995}; AUC: {0.9631}
10/26 06:08:13 PM current best loss 0.07681150920689106, mIoU 0.8579483032226562
10/26 06:08:13 PM cost time: {'day': 3.0, 'hour': 16.0, 'minute': 15.0, 'second': 35}
10/26 06:08:13 PM => Epoch 939, lr 0.00019998730223290008
10/26 06:14:26 PM Train Loss: {0.0672}; IoU: {0.8755}; Prec: {0.9321}; Recall: {0.9351}; F1: {0.9336}; Sens: {0.9351}; Spec: {0.9996}; AUC: {0.9674}
10/26 06:15:24 PM Valid Loss: {0.0772}; IoU: {0.8575}; Prec: {0.9308}; Recall: {0.9158}; F1: {0.9233}; Sens: {0.9158}; Spec: {0.9996}; AUC: {0.9577}
10/26 06:15:24 PM current best loss 0.07681150920689106, mIoU 0.8579483032226562
10/26 06:15:24 PM cost time: {'day': 3.0, 'hour': 16.0, 'minute': 22.0, 'second': 46}
10/26 06:15:24 PM => Epoch 940, lr 0.00019998727525996607
10/26 06:21:36 PM Train Loss: {0.0663}; IoU: {0.8767}; Prec: {0.9323}; Recall: {0.9364}; F1: {0.9343}; Sens: {0.9364}; Spec: {0.9996}; AUC: {0.9680}
10/26 06:22:34 PM Valid Loss: {0.0776}; IoU: {0.8571}; Prec: {0.9268}; Recall: {0.9193}; F1: {0.9230}; Sens: {0.9193}; Spec: {0.9996}; AUC: {0.9594}
10/26 06:22:34 PM current best loss 0.07681150920689106, mIoU 0.8579483032226562
10/26 06:22:34 PM cost time: {'day': 3.0, 'hour': 16.0, 'minute': 29.0, 'second': 56}
10/26 06:22:34 PM => Epoch 941, lr 0.00019998724825841615
10/26 06:28:50 PM Train Loss: {0.0670}; IoU: {0.8761}; Prec: {0.9320}; Recall: {0.9359}; F1: {0.9339}; Sens: {0.9359}; Spec: {0.9996}; AUC: {0.9677}
10/26 06:29:47 PM Valid Loss: {0.0782}; IoU: {0.8556}; Prec: {0.9356}; Recall: {0.9092}; F1: {0.9222}; Sens: {0.9092}; Spec: {0.9996}; AUC: {0.9544}
10/26 06:29:47 PM current best loss 0.07681150920689106, mIoU 0.8579483032226562
10/26 06:29:47 PM cost time: {'day': 3.0, 'hour': 16.0, 'minute': 37.0, 'second': 9}
10/26 06:29:47 PM => Epoch 942, lr 0.00019998722122825034
10/26 06:36:03 PM Train Loss: {0.0667}; IoU: {0.8761}; Prec: {0.9317}; Recall: {0.9362}; F1: {0.9340}; Sens: {0.9362}; Spec: {0.9996}; AUC: {0.9679}
10/26 06:37:00 PM Valid Loss: {0.0775}; IoU: {0.8570}; Prec: {0.9209}; Recall: {0.9251}; F1: {0.9230}; Sens: {0.9251}; Spec: {0.9995}; AUC: {0.9623}
10/26 06:37:00 PM current best loss 0.07681150920689106, mIoU 0.8579483032226562
10/26 06:37:00 PM cost time: {'day': 3.0, 'hour': 16.0, 'minute': 44.0, 'second': 22}
10/26 06:37:00 PM => Epoch 943, lr 0.00019998719416946864
10/26 06:43:13 PM Train Loss: {0.0668}; IoU: {0.8758}; Prec: {0.9325}; Recall: {0.9351}; F1: {0.9338}; Sens: {0.9351}; Spec: {0.9996}; AUC: {0.9674}
10/26 06:44:11 PM Valid Loss: {0.0792}; IoU: {0.8536}; Prec: {0.9176}; Recall: {0.9245}; F1: {0.9210}; Sens: {0.9245}; Spec: {0.9995}; AUC: {0.9620}
10/26 06:44:11 PM current best loss 0.07681150920689106, mIoU 0.8579483032226562
10/26 06:44:11 PM cost time: {'day': 3.0, 'hour': 16.0, 'minute': 51.0, 'second': 33}
10/26 06:44:11 PM => Epoch 944, lr 0.00019998716708207094
10/26 06:50:27 PM Train Loss: {0.0663}; IoU: {0.8769}; Prec: {0.9330}; Recall: {0.9358}; F1: {0.9344}; Sens: {0.9358}; Spec: {0.9996}; AUC: {0.9677}
10/26 06:51:25 PM Valid Loss: {0.0777}; IoU: {0.8565}; Prec: {0.9229}; Recall: {0.9225}; F1: {0.9227}; Sens: {0.9225}; Spec: {0.9996}; AUC: {0.9610}
10/26 06:51:25 PM current best loss 0.07681150920689106, mIoU 0.8579483032226562
10/26 06:51:25 PM cost time: {'day': 3.0, 'hour': 16.0, 'minute': 58.0, 'second': 47}
10/26 06:51:25 PM => Epoch 945, lr 0.00019998713996605735
10/26 06:57:38 PM Train Loss: {0.0667}; IoU: {0.8766}; Prec: {0.9320}; Recall: {0.9365}; F1: {0.9342}; Sens: {0.9365}; Spec: {0.9996}; AUC: {0.9680}
10/26 06:58:35 PM Valid Loss: {0.0776}; IoU: {0.8566}; Prec: {0.9270}; Recall: {0.9186}; F1: {0.9227}; Sens: {0.9186}; Spec: {0.9996}; AUC: {0.9591}
10/26 06:58:35 PM current best loss 0.07681150920689106, mIoU 0.8579483032226562
10/26 06:58:35 PM cost time: {'day': 3.0, 'hour': 17.0, 'minute': 5.0, 'second': 57}
10/26 06:58:35 PM => Epoch 946, lr 0.0001999871128214278
10/26 07:04:55 PM Train Loss: {0.0670}; IoU: {0.8755}; Prec: {0.9325}; Recall: {0.9347}; F1: {0.9336}; Sens: {0.9347}; Spec: {0.9996}; AUC: {0.9672}
10/26 07:05:53 PM Valid Loss: {0.0774}; IoU: {0.8571}; Prec: {0.9186}; Recall: {0.9276}; F1: {0.9231}; Sens: {0.9276}; Spec: {0.9995}; AUC: {0.9636}
10/26 07:05:53 PM current best loss 0.07681150920689106, mIoU 0.8579483032226562
10/26 07:05:53 PM cost time: {'day': 3.0, 'hour': 17.0, 'minute': 13.0, 'second': 15}
10/26 07:05:53 PM => Epoch 947, lr 0.00019998708564818247
10/26 07:12:05 PM Train Loss: {0.0668}; IoU: {0.8762}; Prec: {0.9328}; Recall: {0.9353}; F1: {0.9340}; Sens: {0.9353}; Spec: {0.9996}; AUC: {0.9674}
10/26 07:13:04 PM Valid Loss: {0.0772}; IoU: {0.8574}; Prec: {0.9270}; Recall: {0.9195}; F1: {0.9232}; Sens: {0.9195}; Spec: {0.9996}; AUC: {0.9595}
10/26 07:13:04 PM current best loss 0.07681150920689106, mIoU 0.8579483032226562
10/26 07:13:04 PM cost time: {'day': 3.0, 'hour': 17.0, 'minute': 20.0, 'second': 26}
10/26 07:13:04 PM => Epoch 948, lr 0.0001999870584463212
10/26 07:19:22 PM Train Loss: {0.0670}; IoU: {0.8758}; Prec: {0.9323}; Recall: {0.9353}; F1: {0.9338}; Sens: {0.9353}; Spec: {0.9996}; AUC: {0.9675}
10/26 07:20:20 PM Valid Loss: {0.0779}; IoU: {0.8563}; Prec: {0.9207}; Recall: {0.9245}; F1: {0.9226}; Sens: {0.9245}; Spec: {0.9995}; AUC: {0.9620}
10/26 07:20:20 PM current best loss 0.07681150920689106, mIoU 0.8579483032226562
10/26 07:20:20 PM cost time: {'day': 3.0, 'hour': 17.0, 'minute': 27.0, 'second': 42}
10/26 07:20:20 PM => Epoch 949, lr 0.00019998703121584409
10/26 07:26:37 PM Train Loss: {0.0664}; IoU: {0.8766}; Prec: {0.9323}; Recall: {0.9363}; F1: {0.9343}; Sens: {0.9363}; Spec: {0.9996}; AUC: {0.9679}
10/26 07:27:35 PM Valid Loss: {0.0779}; IoU: {0.8561}; Prec: {0.9331}; Recall: {0.9121}; F1: {0.9225}; Sens: {0.9121}; Spec: {0.9996}; AUC: {0.9559}
10/26 07:27:35 PM current best loss 0.07681150920689106, mIoU 0.8579483032226562
10/26 07:27:35 PM cost time: {'day': 3.0, 'hour': 17.0, 'minute': 34.0, 'second': 57}
10/26 07:27:35 PM => Epoch 950, lr 0.00019998700395675105
10/26 07:33:52 PM Train Loss: {0.0669}; IoU: {0.8762}; Prec: {0.9328}; Recall: {0.9352}; F1: {0.9340}; Sens: {0.9352}; Spec: {0.9996}; AUC: {0.9674}
10/26 07:34:50 PM Valid Loss: {0.0781}; IoU: {0.8559}; Prec: {0.9180}; Recall: {0.9267}; F1: {0.9224}; Sens: {0.9267}; Spec: {0.9995}; AUC: {0.9631}
10/26 07:35:58 PM Test Loss: {0.0798}; IoU: {0.8533}; Prec: {0.9135}; Recall: {0.9284}; F1: {0.9209}; Sens: {0.9284}; Spec: {0.9995}; AUC: {0.9639}
10/26 07:35:58 PM current best loss 0.07681150920689106, mIoU 0.8579483032226562
10/26 07:35:58 PM cost time: {'day': 3.0, 'hour': 17.0, 'minute': 43.0, 'second': 20}
10/26 07:35:58 PM => Epoch 951, lr 0.00019998697666904217
10/26 07:42:10 PM Train Loss: {0.0667}; IoU: {0.8766}; Prec: {0.9322}; Recall: {0.9363}; F1: {0.9342}; Sens: {0.9363}; Spec: {0.9996}; AUC: {0.9679}
10/26 07:43:09 PM Valid Loss: {0.0777}; IoU: {0.8563}; Prec: {0.9241}; Recall: {0.9212}; F1: {0.9226}; Sens: {0.9212}; Spec: {0.9996}; AUC: {0.9604}
10/26 07:43:09 PM current best loss 0.07681150920689106, mIoU 0.8579483032226562
10/26 07:43:09 PM cost time: {'day': 3.0, 'hour': 17.0, 'minute': 50.0, 'second': 31}
10/26 07:43:09 PM => Epoch 952, lr 0.00019998694935271746
10/26 07:49:21 PM Train Loss: {0.0666}; IoU: {0.8765}; Prec: {0.9330}; Recall: {0.9353}; F1: {0.9342}; Sens: {0.9353}; Spec: {0.9996}; AUC: {0.9675}
10/26 07:50:17 PM Valid Loss: {0.0777}; IoU: {0.8564}; Prec: {0.9286}; Recall: {0.9168}; F1: {0.9227}; Sens: {0.9168}; Spec: {0.9996}; AUC: {0.9582}
10/26 07:50:17 PM current best loss 0.07681150920689106, mIoU 0.8579483032226562
10/26 07:50:17 PM cost time: {'day': 3.0, 'hour': 17.0, 'minute': 57.0, 'second': 40}
10/26 07:50:17 PM => Epoch 953, lr 0.0001999869220077769
10/26 07:56:31 PM Train Loss: {0.0668}; IoU: {0.8763}; Prec: {0.9326}; Recall: {0.9355}; F1: {0.9341}; Sens: {0.9355}; Spec: {0.9996}; AUC: {0.9676}
10/26 07:57:28 PM Valid Loss: {0.0780}; IoU: {0.8560}; Prec: {0.9256}; Recall: {0.9192}; F1: {0.9224}; Sens: {0.9192}; Spec: {0.9996}; AUC: {0.9594}
10/26 07:57:28 PM current best loss 0.07681150920689106, mIoU 0.8579483032226562
10/26 07:57:28 PM cost time: {'day': 3.0, 'hour': 18.0, 'minute': 4.0, 'second': 50}
10/26 07:57:28 PM => Epoch 954, lr 0.0001999868946342205
10/26 08:03:45 PM Train Loss: {0.0669}; IoU: {0.8761}; Prec: {0.9328}; Recall: {0.9351}; F1: {0.9339}; Sens: {0.9351}; Spec: {0.9996}; AUC: {0.9674}
10/26 08:04:43 PM Valid Loss: {0.0779}; IoU: {0.8561}; Prec: {0.9268}; Recall: {0.9182}; F1: {0.9225}; Sens: {0.9182}; Spec: {0.9996}; AUC: {0.9589}
10/26 08:04:43 PM current best loss 0.07681150920689106, mIoU 0.8579483032226562
10/26 08:04:43 PM cost time: {'day': 3.0, 'hour': 18.0, 'minute': 12.0, 'second': 5}
10/26 08:04:43 PM => Epoch 955, lr 0.00019998686723204822
10/26 08:11:01 PM Train Loss: {0.0668}; IoU: {0.8761}; Prec: {0.9331}; Recall: {0.9348}; F1: {0.9340}; Sens: {0.9348}; Spec: {0.9996}; AUC: {0.9672}
10/26 08:11:58 PM Valid Loss: {0.0782}; IoU: {0.8556}; Prec: {0.9223}; Recall: {0.9221}; F1: {0.9222}; Sens: {0.9221}; Spec: {0.9996}; AUC: {0.9608}
10/26 08:11:58 PM current best loss 0.07681150920689106, mIoU 0.8579483032226562
10/26 08:11:58 PM cost time: {'day': 3.0, 'hour': 18.0, 'minute': 19.0, 'second': 20}
10/26 08:11:58 PM => Epoch 956, lr 0.00019998683980126022
10/26 08:18:14 PM Train Loss: {0.0670}; IoU: {0.8758}; Prec: {0.9326}; Recall: {0.9351}; F1: {0.9338}; Sens: {0.9351}; Spec: {0.9996}; AUC: {0.9673}
10/26 08:19:12 PM Valid Loss: {0.0779}; IoU: {0.8563}; Prec: {0.9317}; Recall: {0.9136}; F1: {0.9226}; Sens: {0.9136}; Spec: {0.9996}; AUC: {0.9566}
10/26 08:19:12 PM current best loss 0.07681150920689106, mIoU 0.8579483032226562
10/26 08:19:12 PM cost time: {'day': 3.0, 'hour': 18.0, 'minute': 26.0, 'second': 34}
10/26 08:19:12 PM => Epoch 957, lr 0.00019998681234185636
10/26 08:25:27 PM Train Loss: {0.0664}; IoU: {0.8766}; Prec: {0.9328}; Recall: {0.9357}; F1: {0.9342}; Sens: {0.9357}; Spec: {0.9996}; AUC: {0.9676}
10/26 08:26:25 PM Valid Loss: {0.0782}; IoU: {0.8559}; Prec: {0.9282}; Recall: {0.9166}; F1: {0.9224}; Sens: {0.9166}; Spec: {0.9996}; AUC: {0.9581}
10/26 08:26:25 PM current best loss 0.07681150920689106, mIoU 0.8579483032226562
10/26 08:26:25 PM cost time: {'day': 3.0, 'hour': 18.0, 'minute': 33.0, 'second': 47}
10/26 08:26:25 PM => Epoch 958, lr 0.00019998678485383669
10/26 08:32:40 PM Train Loss: {0.0667}; IoU: {0.8760}; Prec: {0.9326}; Recall: {0.9352}; F1: {0.9339}; Sens: {0.9352}; Spec: {0.9996}; AUC: {0.9674}
10/26 08:33:37 PM Valid Loss: {0.0785}; IoU: {0.8552}; Prec: {0.9279}; Recall: {0.9160}; F1: {0.9219}; Sens: {0.9160}; Spec: {0.9996}; AUC: {0.9578}
10/26 08:33:37 PM current best loss 0.07681150920689106, mIoU 0.8579483032226562
10/26 08:33:37 PM cost time: {'day': 3.0, 'hour': 18.0, 'minute': 40.0, 'second': 59}
10/26 08:33:37 PM => Epoch 959, lr 0.00019998675733720126
10/26 08:39:52 PM Train Loss: {0.0670}; IoU: {0.8757}; Prec: {0.9317}; Recall: {0.9358}; F1: {0.9337}; Sens: {0.9358}; Spec: {0.9996}; AUC: {0.9677}
10/26 08:40:50 PM Valid Loss: {0.0781}; IoU: {0.8559}; Prec: {0.9206}; Recall: {0.9241}; F1: {0.9223}; Sens: {0.9241}; Spec: {0.9995}; AUC: {0.9618}
10/26 08:40:50 PM current best loss 0.07681150920689106, mIoU 0.8579483032226562
10/26 08:40:50 PM cost time: {'day': 3.0, 'hour': 18.0, 'minute': 48.0, 'second': 12}
10/26 08:40:50 PM => Epoch 960, lr 0.00019998672979195005
10/26 08:47:05 PM Train Loss: {0.0667}; IoU: {0.8764}; Prec: {0.9327}; Recall: {0.9355}; F1: {0.9341}; Sens: {0.9355}; Spec: {0.9996}; AUC: {0.9676}
10/26 08:48:03 PM Valid Loss: {0.0779}; IoU: {0.8562}; Prec: {0.9302}; Recall: {0.9150}; F1: {0.9225}; Sens: {0.9150}; Spec: {0.9996}; AUC: {0.9573}
10/26 08:48:03 PM current best loss 0.07681150920689106, mIoU 0.8579483032226562
10/26 08:48:03 PM cost time: {'day': 3.0, 'hour': 18.0, 'minute': 55.0, 'second': 25}
10/26 08:48:03 PM => Epoch 961, lr 0.00019998670221808303
10/26 08:54:18 PM Train Loss: {0.0665}; IoU: {0.8763}; Prec: {0.9322}; Recall: {0.9360}; F1: {0.9341}; Sens: {0.9360}; Spec: {0.9996}; AUC: {0.9678}
10/26 08:55:16 PM Valid Loss: {0.0775}; IoU: {0.8569}; Prec: {0.9271}; Recall: {0.9189}; F1: {0.9230}; Sens: {0.9189}; Spec: {0.9996}; AUC: {0.9592}
10/26 08:55:16 PM current best loss 0.07681150920689106, mIoU 0.8579483032226562
10/26 08:55:16 PM cost time: {'day': 3.0, 'hour': 19.0, 'minute': 2.0, 'second': 38}
10/26 08:55:16 PM => Epoch 962, lr 0.00019998667461560023
10/26 09:01:31 PM Train Loss: {0.0666}; IoU: {0.8762}; Prec: {0.9328}; Recall: {0.9352}; F1: {0.9340}; Sens: {0.9352}; Spec: {0.9996}; AUC: {0.9674}
10/26 09:02:30 PM Valid Loss: {0.0779}; IoU: {0.8561}; Prec: {0.9243}; Recall: {0.9206}; F1: {0.9225}; Sens: {0.9206}; Spec: {0.9996}; AUC: {0.9601}
10/26 09:02:30 PM current best loss 0.07681150920689106, mIoU 0.8579483032226562
10/26 09:02:30 PM cost time: {'day': 3.0, 'hour': 19.0, 'minute': 9.0, 'second': 52}
10/26 09:02:30 PM => Epoch 963, lr 0.0001999866469845017
10/26 09:08:46 PM Train Loss: {0.0664}; IoU: {0.8766}; Prec: {0.9332}; Recall: {0.9353}; F1: {0.9342}; Sens: {0.9353}; Spec: {0.9996}; AUC: {0.9675}
10/26 09:09:44 PM Valid Loss: {0.0797}; IoU: {0.8531}; Prec: {0.9097}; Recall: {0.9320}; F1: {0.9207}; Sens: {0.9320}; Spec: {0.9995}; AUC: {0.9658}
10/26 09:09:44 PM current best loss 0.07681150920689106, mIoU 0.8579483032226562
10/26 09:09:44 PM cost time: {'day': 3.0, 'hour': 19.0, 'minute': 17.0, 'second': 6}
10/26 09:09:44 PM => Epoch 964, lr 0.00019998661932478742
10/26 09:16:01 PM Train Loss: {0.0671}; IoU: {0.8760}; Prec: {0.9322}; Recall: {0.9357}; F1: {0.9339}; Sens: {0.9357}; Spec: {0.9996}; AUC: {0.9676}
10/26 09:16:59 PM Valid Loss: {0.0789}; IoU: {0.8546}; Prec: {0.9192}; Recall: {0.9240}; F1: {0.9216}; Sens: {0.9240}; Spec: {0.9995}; AUC: {0.9617}
10/26 09:16:59 PM current best loss 0.07681150920689106, mIoU 0.8579483032226562
10/26 09:16:59 PM cost time: {'day': 3.0, 'hour': 19.0, 'minute': 24.0, 'second': 21}
10/26 09:16:59 PM => Epoch 965, lr 0.00019998659163645736
10/26 09:23:17 PM Train Loss: {0.0664}; IoU: {0.8767}; Prec: {0.9329}; Recall: {0.9357}; F1: {0.9343}; Sens: {0.9357}; Spec: {0.9996}; AUC: {0.9677}
10/26 09:24:15 PM Valid Loss: {0.0777}; IoU: {0.8568}; Prec: {0.9269}; Recall: {0.9189}; F1: {0.9229}; Sens: {0.9189}; Spec: {0.9996}; AUC: {0.9592}
10/26 09:24:15 PM current best loss 0.07681150920689106, mIoU 0.8579483032226562
10/26 09:24:15 PM cost time: {'day': 3.0, 'hour': 19.0, 'minute': 31.0, 'second': 37}
10/26 09:24:15 PM => Epoch 966, lr 0.00019998656391951165
10/26 09:30:33 PM Train Loss: {0.0666}; IoU: {0.8763}; Prec: {0.9325}; Recall: {0.9356}; F1: {0.9341}; Sens: {0.9356}; Spec: {0.9996}; AUC: {0.9676}
10/26 09:31:32 PM Valid Loss: {0.0778}; IoU: {0.8565}; Prec: {0.9196}; Recall: {0.9259}; F1: {0.9227}; Sens: {0.9259}; Spec: {0.9995}; AUC: {0.9627}
10/26 09:31:32 PM current best loss 0.07681150920689106, mIoU 0.8579483032226562
10/26 09:31:32 PM cost time: {'day': 3.0, 'hour': 19.0, 'minute': 38.0, 'second': 54}
10/26 09:31:32 PM => Epoch 967, lr 0.0001999865361739502
10/26 09:37:45 PM Train Loss: {0.0666}; IoU: {0.8765}; Prec: {0.9324}; Recall: {0.9359}; F1: {0.9342}; Sens: {0.9359}; Spec: {0.9996}; AUC: {0.9678}
10/26 09:38:44 PM Valid Loss: {0.0785}; IoU: {0.8553}; Prec: {0.9222}; Recall: {0.9218}; F1: {0.9220}; Sens: {0.9218}; Spec: {0.9996}; AUC: {0.9607}
10/26 09:38:44 PM current best loss 0.07681150920689106, mIoU 0.8579483032226562
10/26 09:38:44 PM cost time: {'day': 3.0, 'hour': 19.0, 'minute': 46.0, 'second': 6}
10/26 09:38:44 PM => Epoch 968, lr 0.00019998650839977292
10/26 09:44:59 PM Train Loss: {0.0669}; IoU: {0.8759}; Prec: {0.9321}; Recall: {0.9356}; F1: {0.9338}; Sens: {0.9356}; Spec: {0.9996}; AUC: {0.9676}
10/26 09:45:57 PM Valid Loss: {0.0775}; IoU: {0.8568}; Prec: {0.9286}; Recall: {0.9173}; F1: {0.9229}; Sens: {0.9173}; Spec: {0.9996}; AUC: {0.9585}
10/26 09:45:57 PM current best loss 0.07681150920689106, mIoU 0.8579483032226562
10/26 09:45:57 PM cost time: {'day': 3.0, 'hour': 19.0, 'minute': 53.0, 'second': 19}
10/26 09:45:57 PM => Epoch 969, lr 0.00019998648059698005
10/26 09:52:14 PM Train Loss: {0.0669}; IoU: {0.8758}; Prec: {0.9327}; Recall: {0.9349}; F1: {0.9338}; Sens: {0.9349}; Spec: {0.9996}; AUC: {0.9673}
10/26 09:53:11 PM Valid Loss: {0.0785}; IoU: {0.8552}; Prec: {0.9348}; Recall: {0.9095}; F1: {0.9220}; Sens: {0.9095}; Spec: {0.9996}; AUC: {0.9546}
10/26 09:53:11 PM current best loss 0.07681150920689106, mIoU 0.8579483032226562
10/26 09:53:11 PM cost time: {'day': 3.0, 'hour': 20.0, 'minute': 0.0, 'second': 34}
10/26 09:53:11 PM => Epoch 970, lr 0.0001999864527655714
10/26 09:59:27 PM Train Loss: {0.0663}; IoU: {0.8770}; Prec: {0.9330}; Recall: {0.9360}; F1: {0.9345}; Sens: {0.9360}; Spec: {0.9996}; AUC: {0.9678}
10/26 10:00:25 PM Valid Loss: {0.0781}; IoU: {0.8559}; Prec: {0.9340}; Recall: {0.9109}; F1: {0.9223}; Sens: {0.9109}; Spec: {0.9996}; AUC: {0.9553}
10/26 10:00:25 PM current best loss 0.07681150920689106, mIoU 0.8579483032226562
10/26 10:00:25 PM cost time: {'day': 3.0, 'hour': 20.0, 'minute': 7.0, 'second': 47}
10/26 10:00:25 PM => Epoch 971, lr 0.00019998642490554714
10/26 10:06:39 PM Train Loss: {0.0667}; IoU: {0.8760}; Prec: {0.9327}; Recall: {0.9351}; F1: {0.9339}; Sens: {0.9351}; Spec: {0.9996}; AUC: {0.9673}
10/26 10:07:37 PM Valid Loss: {0.0774}; IoU: {0.8570}; Prec: {0.9293}; Recall: {0.9168}; F1: {0.9230}; Sens: {0.9168}; Spec: {0.9996}; AUC: {0.9582}
10/26 10:07:37 PM current best loss 0.07681150920689106, mIoU 0.8579483032226562
10/26 10:07:37 PM cost time: {'day': 3.0, 'hour': 20.0, 'minute': 14.0, 'second': 59}
10/26 10:07:37 PM => Epoch 972, lr 0.00019998639701690715
10/26 10:13:54 PM Train Loss: {0.0663}; IoU: {0.8768}; Prec: {0.9334}; Recall: {0.9352}; F1: {0.9343}; Sens: {0.9352}; Spec: {0.9996}; AUC: {0.9674}
10/26 10:14:52 PM Valid Loss: {0.0784}; IoU: {0.8555}; Prec: {0.9280}; Recall: {0.9163}; F1: {0.9221}; Sens: {0.9163}; Spec: {0.9996}; AUC: {0.9579}
10/26 10:14:52 PM current best loss 0.07681150920689106, mIoU 0.8579483032226562
10/26 10:14:52 PM cost time: {'day': 3.0, 'hour': 20.0, 'minute': 22.0, 'second': 14}
10/26 10:14:52 PM => Epoch 973, lr 0.00019998636909965148
10/26 10:21:10 PM Train Loss: {0.0665}; IoU: {0.8766}; Prec: {0.9327}; Recall: {0.9358}; F1: {0.9342}; Sens: {0.9358}; Spec: {0.9996}; AUC: {0.9677}
10/26 10:22:07 PM Valid Loss: {0.0783}; IoU: {0.8555}; Prec: {0.9225}; Recall: {0.9217}; F1: {0.9221}; Sens: {0.9217}; Spec: {0.9996}; AUC: {0.9606}
10/26 10:22:07 PM current best loss 0.07681150920689106, mIoU 0.8579483032226562
10/26 10:22:07 PM cost time: {'day': 3.0, 'hour': 20.0, 'minute': 29.0, 'second': 29}
10/26 10:22:07 PM => Epoch 974, lr 0.00019998634115378014
10/26 10:28:24 PM Train Loss: {0.0662}; IoU: {0.8770}; Prec: {0.9329}; Recall: {0.9360}; F1: {0.9345}; Sens: {0.9360}; Spec: {0.9996}; AUC: {0.9678}
10/26 10:29:22 PM Valid Loss: {0.0777}; IoU: {0.8566}; Prec: {0.9292}; Recall: {0.9163}; F1: {0.9227}; Sens: {0.9163}; Spec: {0.9996}; AUC: {0.9580}
10/26 10:29:22 PM current best loss 0.07681150920689106, mIoU 0.8579483032226562
10/26 10:29:22 PM cost time: {'day': 3.0, 'hour': 20.0, 'minute': 36.0, 'second': 44}
10/26 10:29:22 PM => Epoch 975, lr 0.00019998631317929316
10/26 10:35:42 PM Train Loss: {0.0664}; IoU: {0.8767}; Prec: {0.9329}; Recall: {0.9357}; F1: {0.9343}; Sens: {0.9357}; Spec: {0.9996}; AUC: {0.9677}
10/26 10:36:40 PM Valid Loss: {0.0779}; IoU: {0.8563}; Prec: {0.9207}; Recall: {0.9245}; F1: {0.9226}; Sens: {0.9245}; Spec: {0.9995}; AUC: {0.9620}
10/26 10:36:40 PM current best loss 0.07681150920689106, mIoU 0.8579483032226562
10/26 10:36:40 PM cost time: {'day': 3.0, 'hour': 20.0, 'minute': 44.0, 'second': 2}
10/26 10:36:40 PM => Epoch 976, lr 0.00019998628517619053
10/26 10:42:56 PM Train Loss: {0.0666}; IoU: {0.8764}; Prec: {0.9326}; Recall: {0.9357}; F1: {0.9341}; Sens: {0.9357}; Spec: {0.9996}; AUC: {0.9677}
10/26 10:43:54 PM Valid Loss: {0.0778}; IoU: {0.8563}; Prec: {0.9277}; Recall: {0.9176}; F1: {0.9226}; Sens: {0.9176}; Spec: {0.9996}; AUC: {0.9586}
10/26 10:43:54 PM current best loss 0.07681150920689106, mIoU 0.8579483032226562
10/26 10:43:54 PM cost time: {'day': 3.0, 'hour': 20.0, 'minute': 51.0, 'second': 16}
10/26 10:43:54 PM => Epoch 977, lr 0.00019998625714447225
10/26 10:50:11 PM Train Loss: {0.0660}; IoU: {0.8775}; Prec: {0.9333}; Recall: {0.9362}; F1: {0.9347}; Sens: {0.9362}; Spec: {0.9996}; AUC: {0.9679}
10/26 10:51:09 PM Valid Loss: {0.0775}; IoU: {0.8570}; Prec: {0.9244}; Recall: {0.9217}; F1: {0.9230}; Sens: {0.9217}; Spec: {0.9996}; AUC: {0.9606}
10/26 10:51:09 PM current best loss 0.07681150920689106, mIoU 0.8579483032226562
10/26 10:51:09 PM cost time: {'day': 3.0, 'hour': 20.0, 'minute': 58.0, 'second': 31}
10/26 10:51:09 PM => Epoch 978, lr 0.00019998622908413833
10/26 10:57:29 PM Train Loss: {0.0664}; IoU: {0.8763}; Prec: {0.9325}; Recall: {0.9357}; F1: {0.9341}; Sens: {0.9357}; Spec: {0.9996}; AUC: {0.9676}
10/26 10:58:27 PM Valid Loss: {0.0794}; IoU: {0.8535}; Prec: {0.9113}; Recall: {0.9309}; F1: {0.9210}; Sens: {0.9309}; Spec: {0.9995}; AUC: {0.9652}
10/26 10:58:27 PM current best loss 0.07681150920689106, mIoU 0.8579483032226562
10/26 10:58:27 PM cost time: {'day': 3.0, 'hour': 21.0, 'minute': 5.0, 'second': 49}
10/26 10:58:27 PM => Epoch 979, lr 0.0001999862009951888
10/26 11:04:46 PM Train Loss: {0.0661}; IoU: {0.8771}; Prec: {0.9328}; Recall: {0.9362}; F1: {0.9345}; Sens: {0.9362}; Spec: {0.9996}; AUC: {0.9679}
10/26 11:05:44 PM Valid Loss: {0.0788}; IoU: {0.8547}; Prec: {0.9334}; Recall: {0.9102}; F1: {0.9216}; Sens: {0.9102}; Spec: {0.9996}; AUC: {0.9549}
10/26 11:05:44 PM current best loss 0.07681150920689106, mIoU 0.8579483032226562
10/26 11:05:44 PM cost time: {'day': 3.0, 'hour': 21.0, 'minute': 13.0, 'second': 6}
10/26 11:05:44 PM => Epoch 980, lr 0.0001999861728776236
10/26 11:12:01 PM Train Loss: {0.0661}; IoU: {0.8770}; Prec: {0.9327}; Recall: {0.9363}; F1: {0.9345}; Sens: {0.9363}; Spec: {0.9996}; AUC: {0.9680}
10/26 11:12:59 PM Valid Loss: {0.0782}; IoU: {0.8556}; Prec: {0.9274}; Recall: {0.9171}; F1: {0.9222}; Sens: {0.9171}; Spec: {0.9996}; AUC: {0.9583}
10/26 11:12:59 PM current best loss 0.07681150920689106, mIoU 0.8579483032226562
10/26 11:12:59 PM cost time: {'day': 3.0, 'hour': 21.0, 'minute': 20.0, 'second': 21}
10/26 11:12:59 PM => Epoch 981, lr 0.00019998614473144285
10/26 11:19:17 PM Train Loss: {0.0663}; IoU: {0.8767}; Prec: {0.9327}; Recall: {0.9358}; F1: {0.9343}; Sens: {0.9358}; Spec: {0.9996}; AUC: {0.9677}
10/26 11:20:15 PM Valid Loss: {0.0785}; IoU: {0.8552}; Prec: {0.9265}; Recall: {0.9174}; F1: {0.9219}; Sens: {0.9174}; Spec: {0.9996}; AUC: {0.9585}
10/26 11:20:15 PM current best loss 0.07681150920689106, mIoU 0.8579483032226562
10/26 11:20:15 PM cost time: {'day': 3.0, 'hour': 21.0, 'minute': 27.0, 'second': 37}
10/26 11:20:15 PM => Epoch 982, lr 0.00019998611655664642
10/26 11:26:30 PM Train Loss: {0.0665}; IoU: {0.8766}; Prec: {0.9328}; Recall: {0.9357}; F1: {0.9342}; Sens: {0.9357}; Spec: {0.9996}; AUC: {0.9677}
10/26 11:27:28 PM Valid Loss: {0.0777}; IoU: {0.8567}; Prec: {0.9217}; Recall: {0.9239}; F1: {0.9228}; Sens: {0.9239}; Spec: {0.9996}; AUC: {0.9617}
10/26 11:27:28 PM current best loss 0.07681150920689106, mIoU 0.8579483032226562
10/26 11:27:28 PM cost time: {'day': 3.0, 'hour': 21.0, 'minute': 34.0, 'second': 50}
10/26 11:27:28 PM => Epoch 983, lr 0.00019998608835323448
10/26 11:33:40 PM Train Loss: {0.0663}; IoU: {0.8765}; Prec: {0.9326}; Recall: {0.9358}; F1: {0.9342}; Sens: {0.9358}; Spec: {0.9996}; AUC: {0.9677}
10/26 11:34:38 PM Valid Loss: {0.0787}; IoU: {0.8549}; Prec: {0.9286}; Recall: {0.9151}; F1: {0.9218}; Sens: {0.9151}; Spec: {0.9996}; AUC: {0.9573}
10/26 11:34:38 PM current best loss 0.07681150920689106, mIoU 0.8579483032226562
10/26 11:34:38 PM cost time: {'day': 3.0, 'hour': 21.0, 'minute': 42.0, 'second': 0}
10/26 11:34:38 PM => Epoch 984, lr 0.00019998606012120698
10/26 11:40:55 PM Train Loss: {0.0667}; IoU: {0.8764}; Prec: {0.9323}; Recall: {0.9360}; F1: {0.9341}; Sens: {0.9360}; Spec: {0.9996}; AUC: {0.9678}
10/26 11:41:53 PM Valid Loss: {0.0788}; IoU: {0.8546}; Prec: {0.9166}; Recall: {0.9266}; F1: {0.9216}; Sens: {0.9266}; Spec: {0.9995}; AUC: {0.9631}
10/26 11:41:53 PM current best loss 0.07681150920689106, mIoU 0.8579483032226562
10/26 11:41:53 PM cost time: {'day': 3.0, 'hour': 21.0, 'minute': 49.0, 'second': 15}
10/26 11:41:53 PM => Epoch 985, lr 0.00019998603186056384
10/26 11:48:10 PM Train Loss: {0.0667}; IoU: {0.8761}; Prec: {0.9325}; Recall: {0.9355}; F1: {0.9340}; Sens: {0.9355}; Spec: {0.9996}; AUC: {0.9675}
10/26 11:49:09 PM Valid Loss: {0.0781}; IoU: {0.8558}; Prec: {0.9207}; Recall: {0.9238}; F1: {0.9223}; Sens: {0.9238}; Spec: {0.9995}; AUC: {0.9617}
10/26 11:49:09 PM current best loss 0.07681150920689106, mIoU 0.8579483032226562
10/26 11:49:09 PM cost time: {'day': 3.0, 'hour': 21.0, 'minute': 56.0, 'second': 31}
10/26 11:49:09 PM => Epoch 986, lr 0.00019998600357130515
10/26 11:55:22 PM Train Loss: {0.0665}; IoU: {0.8766}; Prec: {0.9326}; Recall: {0.9359}; F1: {0.9342}; Sens: {0.9359}; Spec: {0.9996}; AUC: {0.9677}
10/26 11:56:20 PM Valid Loss: {0.0787}; IoU: {0.8546}; Prec: {0.9191}; Recall: {0.9241}; F1: {0.9216}; Sens: {0.9241}; Spec: {0.9995}; AUC: {0.9618}
10/26 11:56:20 PM current best loss 0.07681150920689106, mIoU 0.8579483032226562
10/26 11:56:20 PM cost time: {'day': 3.0, 'hour': 22.0, 'minute': 3.0, 'second': 42}
10/26 11:56:20 PM => Epoch 987, lr 0.0001999859752534309
10/27 12:02:33 AM Train Loss: {0.0662}; IoU: {0.8770}; Prec: {0.9327}; Recall: {0.9362}; F1: {0.9345}; Sens: {0.9362}; Spec: {0.9996}; AUC: {0.9679}
10/27 12:03:31 AM Valid Loss: {0.0783}; IoU: {0.8558}; Prec: {0.9258}; Recall: {0.9187}; F1: {0.9223}; Sens: {0.9187}; Spec: {0.9996}; AUC: {0.9592}
10/27 12:03:31 AM current best loss 0.07681150920689106, mIoU 0.8579483032226562
10/27 12:03:31 AM cost time: {'day': 3.0, 'hour': 22.0, 'minute': 10.0, 'second': 53}
10/27 12:03:31 AM => Epoch 988, lr 0.0001999859469069411
10/27 12:09:46 AM Train Loss: {0.0665}; IoU: {0.8766}; Prec: {0.9329}; Recall: {0.9356}; F1: {0.9342}; Sens: {0.9356}; Spec: {0.9996}; AUC: {0.9676}
10/27 12:10:45 AM Valid Loss: {0.0778}; IoU: {0.8564}; Prec: {0.9240}; Recall: {0.9213}; F1: {0.9227}; Sens: {0.9213}; Spec: {0.9996}; AUC: {0.9604}
10/27 12:10:45 AM current best loss 0.07681150920689106, mIoU 0.8579483032226562
10/27 12:10:45 AM cost time: {'day': 3.0, 'hour': 22.0, 'minute': 18.0, 'second': 7}
10/27 12:10:45 AM => Epoch 989, lr 0.0001999859185318358
10/27 12:17:00 AM Train Loss: {0.0663}; IoU: {0.8769}; Prec: {0.9328}; Recall: {0.9361}; F1: {0.9344}; Sens: {0.9361}; Spec: {0.9996}; AUC: {0.9679}
10/27 12:17:58 AM Valid Loss: {0.0780}; IoU: {0.8560}; Prec: {0.9302}; Recall: {0.9147}; F1: {0.9224}; Sens: {0.9147}; Spec: {0.9996}; AUC: {0.9572}
10/27 12:17:58 AM current best loss 0.07681150920689106, mIoU 0.8579483032226562
10/27 12:17:58 AM cost time: {'day': 3.0, 'hour': 22.0, 'minute': 25.0, 'second': 20}
10/27 12:17:58 AM => Epoch 990, lr 0.00019998589012811487
10/27 12:24:14 AM Train Loss: {0.0661}; IoU: {0.8775}; Prec: {0.9329}; Recall: {0.9366}; F1: {0.9347}; Sens: {0.9366}; Spec: {0.9996}; AUC: {0.9681}
10/27 12:25:12 AM Valid Loss: {0.0778}; IoU: {0.8563}; Prec: {0.9205}; Recall: {0.9247}; F1: {0.9226}; Sens: {0.9247}; Spec: {0.9995}; AUC: {0.9621}
10/27 12:25:12 AM current best loss 0.07681150920689106, mIoU 0.8579483032226562
10/27 12:25:12 AM cost time: {'day': 3.0, 'hour': 22.0, 'minute': 32.0, 'second': 34}
10/27 12:25:12 AM => Epoch 991, lr 0.00019998586169577852
10/27 12:31:27 AM Train Loss: {0.0660}; IoU: {0.8770}; Prec: {0.9332}; Recall: {0.9358}; F1: {0.9345}; Sens: {0.9358}; Spec: {0.9996}; AUC: {0.9677}
10/27 12:32:25 AM Valid Loss: {0.0781}; IoU: {0.8560}; Prec: {0.9263}; Recall: {0.9186}; F1: {0.9224}; Sens: {0.9186}; Spec: {0.9996}; AUC: {0.9591}
10/27 12:32:25 AM current best loss 0.07681150920689106, mIoU 0.8579483032226562
10/27 12:32:25 AM cost time: {'day': 3.0, 'hour': 22.0, 'minute': 39.0, 'second': 47}
10/27 12:32:25 AM => Epoch 992, lr 0.00019998583323482659
10/27 12:38:42 AM Train Loss: {0.0661}; IoU: {0.8770}; Prec: {0.9333}; Recall: {0.9356}; F1: {0.9345}; Sens: {0.9356}; Spec: {0.9996}; AUC: {0.9676}
10/27 12:39:40 AM Valid Loss: {0.0782}; IoU: {0.8556}; Prec: {0.9240}; Recall: {0.9203}; F1: {0.9222}; Sens: {0.9203}; Spec: {0.9996}; AUC: {0.9599}
10/27 12:39:40 AM current best loss 0.07681150920689106, mIoU 0.8579483032226562
10/27 12:39:40 AM cost time: {'day': 3.0, 'hour': 22.0, 'minute': 47.0, 'second': 2}
10/27 12:39:40 AM => Epoch 993, lr 0.00019998580474525916
10/27 12:45:55 AM Train Loss: {0.0664}; IoU: {0.8768}; Prec: {0.9327}; Recall: {0.9360}; F1: {0.9344}; Sens: {0.9360}; Spec: {0.9996}; AUC: {0.9678}
10/27 12:46:53 AM Valid Loss: {0.0782}; IoU: {0.8558}; Prec: {0.9192}; Recall: {0.9254}; F1: {0.9223}; Sens: {0.9254}; Spec: {0.9995}; AUC: {0.9625}
10/27 12:46:53 AM current best loss 0.07681150920689106, mIoU 0.8579483032226562
10/27 12:46:53 AM cost time: {'day': 3.0, 'hour': 22.0, 'minute': 54.0, 'second': 16}
10/27 12:46:53 AM => Epoch 994, lr 0.00019998577622707629
10/27 12:53:07 AM Train Loss: {0.0662}; IoU: {0.8768}; Prec: {0.9322}; Recall: {0.9365}; F1: {0.9344}; Sens: {0.9365}; Spec: {0.9996}; AUC: {0.9680}
10/27 12:54:05 AM Valid Loss: {0.0802}; IoU: {0.8522}; Prec: {0.9388}; Recall: {0.9023}; F1: {0.9202}; Sens: {0.9023}; Spec: {0.9997}; AUC: {0.9510}
10/27 12:54:05 AM current best loss 0.07681150920689106, mIoU 0.8579483032226562
10/27 12:54:05 AM cost time: {'day': 3.0, 'hour': 23.0, 'minute': 1.0, 'second': 27}
10/27 12:54:05 AM => Epoch 995, lr 0.00019998574768027784
10/27 01:00:19 AM Train Loss: {0.0662}; IoU: {0.8770}; Prec: {0.9329}; Recall: {0.9360}; F1: {0.9345}; Sens: {0.9360}; Spec: {0.9996}; AUC: {0.9678}
10/27 01:01:17 AM Valid Loss: {0.0784}; IoU: {0.8553}; Prec: {0.9211}; Recall: {0.9229}; F1: {0.9220}; Sens: {0.9229}; Spec: {0.9995}; AUC: {0.9612}
10/27 01:01:17 AM current best loss 0.07681150920689106, mIoU 0.8579483032226562
10/27 01:01:17 AM cost time: {'day': 3.0, 'hour': 23.0, 'minute': 8.0, 'second': 39}
10/27 01:01:17 AM => Epoch 996, lr 0.00019998571910486402
10/27 01:07:34 AM Train Loss: {0.0660}; IoU: {0.8774}; Prec: {0.9323}; Recall: {0.9371}; F1: {0.9347}; Sens: {0.9371}; Spec: {0.9996}; AUC: {0.9684}
10/27 01:08:32 AM Valid Loss: {0.0781}; IoU: {0.8559}; Prec: {0.9273}; Recall: {0.9175}; F1: {0.9224}; Sens: {0.9175}; Spec: {0.9996}; AUC: {0.9585}
10/27 01:08:32 AM current best loss 0.07681150920689106, mIoU 0.8579483032226562
10/27 01:08:32 AM cost time: {'day': 3.0, 'hour': 23.0, 'minute': 15.0, 'second': 54}
10/27 01:08:32 AM => Epoch 997, lr 0.00019998569050083467
10/27 01:14:45 AM Train Loss: {0.0656}; IoU: {0.8776}; Prec: {0.9332}; Recall: {0.9364}; F1: {0.9348}; Sens: {0.9364}; Spec: {0.9996}; AUC: {0.9680}
10/27 01:15:43 AM Valid Loss: {0.0783}; IoU: {0.8556}; Prec: {0.9210}; Recall: {0.9234}; F1: {0.9222}; Sens: {0.9234}; Spec: {0.9995}; AUC: {0.9615}
10/27 01:15:43 AM current best loss 0.07681150920689106, mIoU 0.8579483032226562
10/27 01:15:43 AM cost time: {'day': 3.0, 'hour': 23.0, 'minute': 23.0, 'second': 5}
10/27 01:15:43 AM => Epoch 998, lr 0.00019998566186818983
10/27 01:22:00 AM Train Loss: {0.0669}; IoU: {0.8760}; Prec: {0.9322}; Recall: {0.9356}; F1: {0.9339}; Sens: {0.9356}; Spec: {0.9996}; AUC: {0.9676}
10/27 01:22:58 AM Valid Loss: {0.0787}; IoU: {0.8548}; Prec: {0.9249}; Recall: {0.9185}; F1: {0.9217}; Sens: {0.9185}; Spec: {0.9996}; AUC: {0.9591}
10/27 01:22:58 AM current best loss 0.07681150920689106, mIoU 0.8579483032226562
10/27 01:22:58 AM cost time: {'day': 3.0, 'hour': 23.0, 'minute': 30.0, 'second': 20}
10/27 01:22:58 AM => Epoch 999, lr 0.00019998563320692956
10/27 01:29:13 AM Train Loss: {0.0658}; IoU: {0.8775}; Prec: {0.9326}; Recall: {0.9369}; F1: {0.9347}; Sens: {0.9369}; Spec: {0.9996}; AUC: {0.9682}
10/27 01:30:10 AM Valid Loss: {0.0784}; IoU: {0.8552}; Prec: {0.9223}; Recall: {0.9216}; F1: {0.9219}; Sens: {0.9216}; Spec: {0.9996}; AUC: {0.9606}
10/27 01:30:10 AM current best loss 0.07681150920689106, mIoU 0.8579483032226562
10/27 01:30:10 AM cost time: {'day': 3.0, 'hour': 23.0, 'minute': 37.0, 'second': 32}
10/27 01:31:19 AM Test Loss: {0.0797}; IoU: {0.8548}; Prec: {0.9186}; Recall: {0.9249}; F1: {0.9217}; Sens: {0.9249}; Spec: {0.9995}; AUC: {0.9622}
10/27 01:31:19 AM cost time: {'day': 3.0, 'hour': 23.0, 'minute': 38.0, 'second': 41}
10/27 01:31:19 AM log dir in : logs/nasunet/train/flame1/20241024-092318
