This job can be monitored from: https://job.c3se.chalmers.se/alvis/5094162
Experiment dir : eval-EXP-20250926-084332
09/26 08:43:36 AM gpu device = 0
09/26 08:43:36 AM args = Namespace(data='../data', set='cifar10', batch_size=64, learning_rate=0.025, momentum=0.9, weight_decay=0.0003, report_freq=50, gpu=0, epochs=600, init_channels=36, layers=20, model_path='saved_models', auxiliary=False, auxiliary_weight=0.4, cutout=False, cutout_length=16, drop_path_prob=0.3, save='eval-EXP-20250926-084332', seed=0, arch='R1_P1', grad_clip=5)
108 108 36
108 144 36
144 144 36
144 144 36
144 144 36
144 144 36
144 144 72
144 288 72
288 288 72
288 288 72
288 288 72
288 288 72
288 288 72
288 288 144
288 576 144
576 576 144
576 576 144
576 576 144
576 576 144
576 576 144

------------------------------------- Calculate Flops Results -------------------------------------
Notations:
number of parameters (Params), number of multiply-accumulate operations(MACs),
number of floating-point operations (FLOPs), floating-point operations per second (FLOPS),
fwd FLOPs (model forward propagation FLOPs), bwd FLOPs (model backward propagation FLOPs),
default model backpropagation takes 2.00 times as much computation as forward propagation.

Total Training Params:                                                  2.83 M  
fwd MACs:                                                               0.4524 GMACs
fwd FLOPs:                                                              0.9208 GFLOPS
fwd+bwd MACs:                                                           1.3573 GMACs
fwd+bwd FLOPs:                                                          2.7623 GFLOPS

-------------------------------- Detailed Calculated FLOPs Results --------------------------------
Each module caculated is listed after its name in the following order: 
params, percentage of total params, MACs, percentage of total MACs, FLOPS, percentage of total FLOPs

Note: 1. A module can have torch.nn.module or torch.nn.functional to compute logits (e.g. CrossEntropyLoss). 
 They are not counted as submodules in calflops and not to be printed out. However they make up the difference between a parent's MACs and the sum of its submodules'.
2. Number of floating-point operations is a theoretical estimation, thus FLOPS computed using that could be larger than the maximum system throughput.

NetworkCIFAR(
  2.83 M = 100% Params, 452.44 MMACs = 100% MACs, 920.75 MFLOPS = 100% FLOPs
  (stem): Sequential(
    3.13 K = 0.1105% Params, 2.99 MMACs = 0.66% MACs, 6.19 MFLOPS = 0.6726% FLOPs
    (0): Conv2d(2.92 K = 0.1029% Params, 2.99 MMACs = 0.66% MACs, 5.97 MFLOPS = 0.6486% FLOPs, 3, 108, kernel_size=(3, 3), stride=(1, 1), padding=(1, 1), bias=False)
    (1): BatchNorm2d(216 = 0.0076% Params, 0 MACs = 0% MACs, 221.18 KFLOPS = 0.024% FLOPs, 108, eps=1e-05, momentum=0.1, affine=True, track_running_stats=True)
  )
  (cells): ModuleList(
    (0): Cell(
      22.03 K = 0.7775% Params, 21.82 MMACs = 4.8235% MACs, 44.9 MFLOPS = 4.8765% FLOPs
      (preprocess0): ReLUConvBN(
        3.96 K = 0.1397% Params, 3.98 MMACs = 0.88% MACs, 8.15 MFLOPS = 0.8848% FLOPs
        (op): Sequential(
          3.96 K = 0.1397% Params, 3.98 MMACs = 0.88% MACs, 8.15 MFLOPS = 0.8848% FLOPs
          (0): ReLU(0 = 0% Params, 0 MACs = 0% MACs, 110.59 KFLOPS = 0.012% FLOPs)
          (1): Conv2d(3.89 K = 0.1372% Params, 3.98 MMACs = 0.88% MACs, 7.96 MFLOPS = 0.8648% FLOPs, 108, 36, kernel_size=(1, 1), stride=(1, 1), bias=False)
          (2): BatchNorm2d(72 = 0.0025% Params, 0 MACs = 0% MACs, 73.73 KFLOPS = 0.008% FLOPs, 36, eps=1e-05, momentum=0.1, affine=True, track_running_stats=True)
        )
      )
      (preprocess1): ReLUConvBN(
        3.96 K = 0.1397% Params, 3.98 MMACs = 0.88% MACs, 8.15 MFLOPS = 0.8848% FLOPs
        (op): Sequential(
          3.96 K = 0.1397% Params, 3.98 MMACs = 0.88% MACs, 8.15 MFLOPS = 0.8848% FLOPs
          (0): ReLU(0 = 0% Params, 0 MACs = 0% MACs, 110.59 KFLOPS = 0.012% FLOPs)
          (1): Conv2d(3.89 K = 0.1372% Params, 3.98 MMACs = 0.88% MACs, 7.96 MFLOPS = 0.8648% FLOPs, 108, 36, kernel_size=(1, 1), stride=(1, 1), bias=False)
          (2): BatchNorm2d(72 = 0.0025% Params, 0 MACs = 0% MACs, 73.73 KFLOPS = 0.008% FLOPs, 36, eps=1e-05, momentum=0.1, affine=True, track_running_stats=True)
        )
      )
      (_ops): ModuleList(
        (0-4): 5 x SepConv(
          1.69 K = 0.0597% Params, 1.66 MMACs = 0.3667% MACs, 3.43 MFLOPS = 0.3723% FLOPs
          (op): Sequential(
            1.69 K = 0.0597% Params, 1.66 MMACs = 0.3667% MACs, 3.43 MFLOPS = 0.3723% FLOPs
            (0): ReLU(0 = 0% Params, 0 MACs = 0% MACs, 36.86 KFLOPS = 0.004% FLOPs)
            (1): Conv2d(324 = 0.0114% Params, 331.78 KMACs = 0.0733% MACs, 663.55 KFLOPS = 0.0721% FLOPs, 36, 36, kernel_size=(3, 3), stride=(1, 1), padding=(1, 1), groups=36, bias=False)
            (2): Conv2d(1.3 K = 0.0457% Params, 1.33 MMACs = 0.2933% MACs, 2.65 MFLOPS = 0.2883% FLOPs, 36, 36, kernel_size=(1, 1), stride=(1, 1), bias=False)
            (3): BatchNorm2d(72 = 0.0025% Params, 0 MACs = 0% MACs, 73.73 KFLOPS = 0.008% FLOPs, 36, eps=1e-05, momentum=0.1, affine=True, track_running_stats=True)
          )
        )
        (5): SepConv(
          2.27 K = 0.08% Params, 2.25 MMACs = 0.497% MACs, 4.61 MFLOPS = 0.5005% FLOPs
          (op): Sequential(
            2.27 K = 0.08% Params, 2.25 MMACs = 0.497% MACs, 4.61 MFLOPS = 0.5005% FLOPs
            (0): ReLU(0 = 0% Params, 0 MACs = 0% MACs, 36.86 KFLOPS = 0.004% FLOPs)
            (1): Conv2d(900 = 0.0318% Params, 921.6 KMACs = 0.2037% MACs, 1.84 MFLOPS = 0.2002% FLOPs, 36, 36, kernel_size=(5, 5), stride=(1, 1), padding=(2, 2), groups=36, bias=False)
            (2): Conv2d(1.3 K = 0.0457% Params, 1.33 MMACs = 0.2933% MACs, 2.65 MFLOPS = 0.2883% FLOPs, 36, 36, kernel_size=(1, 1), stride=(1, 1), bias=False)
            (3): BatchNorm2d(72 = 0.0025% Params, 0 MACs = 0% MACs, 73.73 KFLOPS = 0.008% FLOPs, 36, eps=1e-05, momentum=0.1, affine=True, track_running_stats=True)
          )
        )
        (6-7): 2 x SepConv(
          1.69 K = 0.0597% Params, 1.66 MMACs = 0.3667% MACs, 3.43 MFLOPS = 0.3723% FLOPs
          (op): Sequential(
            1.69 K = 0.0597% Params, 1.66 MMACs = 0.3667% MACs, 3.43 MFLOPS = 0.3723% FLOPs
            (0): ReLU(0 = 0% Params, 0 MACs = 0% MACs, 36.86 KFLOPS = 0.004% FLOPs)
            (1): Conv2d(324 = 0.0114% Params, 331.78 KMACs = 0.0733% MACs, 663.55 KFLOPS = 0.0721% FLOPs, 36, 36, kernel_size=(3, 3), stride=(1, 1), padding=(1, 1), groups=36, bias=False)
            (2): Conv2d(1.3 K = 0.0457% Params, 1.33 MMACs = 0.2933% MACs, 2.65 MFLOPS = 0.2883% FLOPs, 36, 36, kernel_size=(1, 1), stride=(1, 1), bias=False)
            (3): BatchNorm2d(72 = 0.0025% Params, 0 MACs = 0% MACs, 73.73 KFLOPS = 0.008% FLOPs, 36, eps=1e-05, momentum=0.1, affine=True, track_running_stats=True)
          )
        )
      )
    )
    (1): Cell(
      23.33 K = 0.8232% Params, 23.15 MMACs = 5.1169% MACs, 47.59 MFLOPS = 5.1687% FLOPs
      (preprocess0): ReLUConvBN(
        3.96 K = 0.1397% Params, 3.98 MMACs = 0.88% MACs, 8.15 MFLOPS = 0.8848% FLOPs
        (op): Sequential(
          3.96 K = 0.1397% Params, 3.98 MMACs = 0.88% MACs, 8.15 MFLOPS = 0.8848% FLOPs
          (0): ReLU(0 = 0% Params, 0 MACs = 0% MACs, 110.59 KFLOPS = 0.012% FLOPs)
          (1): Conv2d(3.89 K = 0.1372% Params, 3.98 MMACs = 0.88% MACs, 7.96 MFLOPS = 0.8648% FLOPs, 108, 36, kernel_size=(1, 1), stride=(1, 1), bias=False)
          (2): BatchNorm2d(72 = 0.0025% Params, 0 MACs = 0% MACs, 73.73 KFLOPS = 0.008% FLOPs, 36, eps=1e-05, momentum=0.1, affine=True, track_running_stats=True)
        )
      )
      (preprocess1): ReLUConvBN(
        5.26 K = 0.1855% Params, 5.31 MMACs = 1.1733% MACs, 10.84 MFLOPS = 1.1771% FLOPs
        (op): Sequential(
          5.26 K = 0.1855% Params, 5.31 MMACs = 1.1733% MACs, 10.84 MFLOPS = 1.1771% FLOPs
          (0): ReLU(0 = 0% Params, 0 MACs = 0% MACs, 147.46 KFLOPS = 0.016% FLOPs)
          (1): Conv2d(5.18 K = 0.1829% Params, 5.31 MMACs = 1.1733% MACs, 10.62 MFLOPS = 1.1531% FLOPs, 144, 36, kernel_size=(1, 1), stride=(1, 1), bias=False)
          (2): BatchNorm2d(72 = 0.0025% Params, 0 MACs = 0% MACs, 73.73 KFLOPS = 0.008% FLOPs, 36, eps=1e-05, momentum=0.1, affine=True, track_running_stats=True)
        )
      )
      (_ops): ModuleList(
        (0-4): 5 x SepConv(
          1.69 K = 0.0597% Params, 1.66 MMACs = 0.3667% MACs, 3.43 MFLOPS = 0.3723% FLOPs
          (op): Sequential(
            1.69 K = 0.0597% Params, 1.66 MMACs = 0.3667% MACs, 3.43 MFLOPS = 0.3723% FLOPs
            (0): ReLU(0 = 0% Params, 0 MACs = 0% MACs, 36.86 KFLOPS = 0.004% FLOPs)
            (1): Conv2d(324 = 0.0114% Params, 331.78 KMACs = 0.0733% MACs, 663.55 KFLOPS = 0.0721% FLOPs, 36, 36, kernel_size=(3, 3), stride=(1, 1), padding=(1, 1), groups=36, bias=False)
            (2): Conv2d(1.3 K = 0.0457% Params, 1.33 MMACs = 0.2933% MACs, 2.65 MFLOPS = 0.2883% FLOPs, 36, 36, kernel_size=(1, 1), stride=(1, 1), bias=False)
            (3): BatchNorm2d(72 = 0.0025% Params, 0 MACs = 0% MACs, 73.73 KFLOPS = 0.008% FLOPs, 36, eps=1e-05, momentum=0.1, affine=True, track_running_stats=True)
          )
        )
        (5): SepConv(
          2.27 K = 0.08% Params, 2.25 MMACs = 0.497% MACs, 4.61 MFLOPS = 0.5005% FLOPs
          (op): Sequential(
            2.27 K = 0.08% Params, 2.25 MMACs = 0.497% MACs, 4.61 MFLOPS = 0.5005% FLOPs
            (0): ReLU(0 = 0% Params, 0 MACs = 0% MACs, 36.86 KFLOPS = 0.004% FLOPs)
            (1): Conv2d(900 = 0.0318% Params, 921.6 KMACs = 0.2037% MACs, 1.84 MFLOPS = 0.2002% FLOPs, 36, 36, kernel_size=(5, 5), stride=(1, 1), padding=(2, 2), groups=36, bias=False)
            (2): Conv2d(1.3 K = 0.0457% Params, 1.33 MMACs = 0.2933% MACs, 2.65 MFLOPS = 0.2883% FLOPs, 36, 36, kernel_size=(1, 1), stride=(1, 1), bias=False)
            (3): BatchNorm2d(72 = 0.0025% Params, 0 MACs = 0% MACs, 73.73 KFLOPS = 0.008% FLOPs, 36, eps=1e-05, momentum=0.1, affine=True, track_running_stats=True)
          )
        )
        (6-7): 2 x SepConv(
          1.69 K = 0.0597% Params, 1.66 MMACs = 0.3667% MACs, 3.43 MFLOPS = 0.3723% FLOPs
          (op): Sequential(
            1.69 K = 0.0597% Params, 1.66 MMACs = 0.3667% MACs, 3.43 MFLOPS = 0.3723% FLOPs
            (0): ReLU(0 = 0% Params, 0 MACs = 0% MACs, 36.86 KFLOPS = 0.004% FLOPs)
            (1): Conv2d(324 = 0.0114% Params, 331.78 KMACs = 0.0733% MACs, 663.55 KFLOPS = 0.0721% FLOPs, 36, 36, kernel_size=(3, 3), stride=(1, 1), padding=(1, 1), groups=36, bias=False)
            (2): Conv2d(1.3 K = 0.0457% Params, 1.33 MMACs = 0.2933% MACs, 2.65 MFLOPS = 0.2883% FLOPs, 36, 36, kernel_size=(1, 1), stride=(1, 1), bias=False)
            (3): BatchNorm2d(72 = 0.0025% Params, 0 MACs = 0% MACs, 73.73 KFLOPS = 0.008% FLOPs, 36, eps=1e-05, momentum=0.1, affine=True, track_running_stats=True)
          )
        )
      )
    )
    (2-5): 4 x Cell(
      24.62 K = 0.869% Params, 24.48 MMACs = 5.4102% MACs, 50.28 MFLOPS = 5.461% FLOPs
      (preprocess0): ReLUConvBN(
        5.26 K = 0.1855% Params, 5.31 MMACs = 1.1733% MACs, 10.84 MFLOPS = 1.1771% FLOPs
        (op): Sequential(
          5.26 K = 0.1855% Params, 5.31 MMACs = 1.1733% MACs, 10.84 MFLOPS = 1.1771% FLOPs
          (0): ReLU(0 = 0% Params, 0 MACs = 0% MACs, 147.46 KFLOPS = 0.016% FLOPs)
          (1): Conv2d(5.18 K = 0.1829% Params, 5.31 MMACs = 1.1733% MACs, 10.62 MFLOPS = 1.1531% FLOPs, 144, 36, kernel_size=(1, 1), stride=(1, 1), bias=False)
          (2): BatchNorm2d(72 = 0.0025% Params, 0 MACs = 0% MACs, 73.73 KFLOPS = 0.008% FLOPs, 36, eps=1e-05, momentum=0.1, affine=True, track_running_stats=True)
        )
      )
      (preprocess1): ReLUConvBN(
        5.26 K = 0.1855% Params, 5.31 MMACs = 1.1733% MACs, 10.84 MFLOPS = 1.1771% FLOPs
        (op): Sequential(
          5.26 K = 0.1855% Params, 5.31 MMACs = 1.1733% MACs, 10.84 MFLOPS = 1.1771% FLOPs
          (0): ReLU(0 = 0% Params, 0 MACs = 0% MACs, 147.46 KFLOPS = 0.016% FLOPs)
          (1): Conv2d(5.18 K = 0.1829% Params, 5.31 MMACs = 1.1733% MACs, 10.62 MFLOPS = 1.1531% FLOPs, 144, 36, kernel_size=(1, 1), stride=(1, 1), bias=False)
          (2): BatchNorm2d(72 = 0.0025% Params, 0 MACs = 0% MACs, 73.73 KFLOPS = 0.008% FLOPs, 36, eps=1e-05, momentum=0.1, affine=True, track_running_stats=True)
        )
      )
      (_ops): ModuleList(
        (0-4): 5 x SepConv(
          1.69 K = 0.0597% Params, 1.66 MMACs = 0.3667% MACs, 3.43 MFLOPS = 0.3723% FLOPs
          (op): Sequential(
            1.69 K = 0.0597% Params, 1.66 MMACs = 0.3667% MACs, 3.43 MFLOPS = 0.3723% FLOPs
            (0): ReLU(0 = 0% Params, 0 MACs = 0% MACs, 36.86 KFLOPS = 0.004% FLOPs)
            (1): Conv2d(324 = 0.0114% Params, 331.78 KMACs = 0.0733% MACs, 663.55 KFLOPS = 0.0721% FLOPs, 36, 36, kernel_size=(3, 3), stride=(1, 1), padding=(1, 1), groups=36, bias=False)
            (2): Conv2d(1.3 K = 0.0457% Params, 1.33 MMACs = 0.2933% MACs, 2.65 MFLOPS = 0.2883% FLOPs, 36, 36, kernel_size=(1, 1), stride=(1, 1), bias=False)
            (3): BatchNorm2d(72 = 0.0025% Params, 0 MACs = 0% MACs, 73.73 KFLOPS = 0.008% FLOPs, 36, eps=1e-05, momentum=0.1, affine=True, track_running_stats=True)
          )
        )
        (5): SepConv(
          2.27 K = 0.08% Params, 2.25 MMACs = 0.497% MACs, 4.61 MFLOPS = 0.5005% FLOPs
          (op): Sequential(
            2.27 K = 0.08% Params, 2.25 MMACs = 0.497% MACs, 4.61 MFLOPS = 0.5005% FLOPs
            (0): ReLU(0 = 0% Params, 0 MACs = 0% MACs, 36.86 KFLOPS = 0.004% FLOPs)
            (1): Conv2d(900 = 0.0318% Params, 921.6 KMACs = 0.2037% MACs, 1.84 MFLOPS = 0.2002% FLOPs, 36, 36, kernel_size=(5, 5), stride=(1, 1), padding=(2, 2), groups=36, bias=False)
            (2): Conv2d(1.3 K = 0.0457% Params, 1.33 MMACs = 0.2933% MACs, 2.65 MFLOPS = 0.2883% FLOPs, 36, 36, kernel_size=(1, 1), stride=(1, 1), bias=False)
            (3): BatchNorm2d(72 = 0.0025% Params, 0 MACs = 0% MACs, 73.73 KFLOPS = 0.008% FLOPs, 36, eps=1e-05, momentum=0.1, affine=True, track_running_stats=True)
          )
        )
        (6-7): 2 x SepConv(
          1.69 K = 0.0597% Params, 1.66 MMACs = 0.3667% MACs, 3.43 MFLOPS = 0.3723% FLOPs
          (op): Sequential(
            1.69 K = 0.0597% Params, 1.66 MMACs = 0.3667% MACs, 3.43 MFLOPS = 0.3723% FLOPs
            (0): ReLU(0 = 0% Params, 0 MACs = 0% MACs, 36.86 KFLOPS = 0.004% FLOPs)
            (1): Conv2d(324 = 0.0114% Params, 331.78 KMACs = 0.0733% MACs, 663.55 KFLOPS = 0.0721% FLOPs, 36, 36, kernel_size=(3, 3), stride=(1, 1), padding=(1, 1), groups=36, bias=False)
            (2): Conv2d(1.3 K = 0.0457% Params, 1.33 MMACs = 0.2933% MACs, 2.65 MFLOPS = 0.2883% FLOPs, 36, 36, kernel_size=(1, 1), stride=(1, 1), bias=False)
            (3): BatchNorm2d(72 = 0.0025% Params, 0 MACs = 0% MACs, 73.73 KFLOPS = 0.008% FLOPs, 36, eps=1e-05, momentum=0.1, affine=True, track_running_stats=True)
          )
        )
      )
    )
    (6): Cell(
      21.02 K = 0.7419% Params, 21.23 MMACs = 4.6932% MACs, 43.59 MFLOPS = 4.7343% FLOPs
      (preprocess0): ReLUConvBN(
        10.51 K = 0.371% Params, 10.62 MMACs = 2.3466% MACs, 21.53 MFLOPS = 2.3381% FLOPs
        (op): Sequential(
          10.51 K = 0.371% Params, 10.62 MMACs = 2.3466% MACs, 21.53 MFLOPS = 2.3381% FLOPs
          (0): ReLU(0 = 0% Params, 0 MACs = 0% MACs, 147.46 KFLOPS = 0.016% FLOPs)
          (1): Conv2d(10.37 K = 0.3659% Params, 10.62 MMACs = 2.3466% MACs, 21.23 MFLOPS = 2.3061% FLOPs, 144, 72, kernel_size=(1, 1), stride=(1, 1), bias=False)
          (2): BatchNorm2d(144 = 0.0051% Params, 0 MACs = 0% MACs, 147.46 KFLOPS = 0.016% FLOPs, 72, eps=1e-05, momentum=0.1, affine=True, track_running_stats=True)
        )
      )
      (preprocess1): ReLUConvBN(
        10.51 K = 0.371% Params, 10.62 MMACs = 2.3466% MACs, 21.53 MFLOPS = 2.3381% FLOPs
        (op): Sequential(
          10.51 K = 0.371% Params, 10.62 MMACs = 2.3466% MACs, 21.53 MFLOPS = 2.3381% FLOPs
          (0): ReLU(0 = 0% Params, 0 MACs = 0% MACs, 147.46 KFLOPS = 0.016% FLOPs)
          (1): Conv2d(10.37 K = 0.3659% Params, 10.62 MMACs = 2.3466% MACs, 21.23 MFLOPS = 2.3061% FLOPs, 144, 72, kernel_size=(1, 1), stride=(1, 1), bias=False)
          (2): BatchNorm2d(144 = 0.0051% Params, 0 MACs = 0% MACs, 147.46 KFLOPS = 0.016% FLOPs, 72, eps=1e-05, momentum=0.1, affine=True, track_running_stats=True)
        )
      )
      (_ops): ModuleList(
        (0-4): 5 x AvgPool2d(0 = 0% Params, 0 MACs = 0% MACs, 73.73 KFLOPS = 0.008% FLOPs, kernel_size=3, stride=2, padding=1)
        (5): AvgPool2d(0 = 0% Params, 0 MACs = 0% MACs, 18.43 KFLOPS = 0.002% FLOPs, kernel_size=3, stride=1, padding=1)
        (6-7): 2 x AvgPool2d(0 = 0% Params, 0 MACs = 0% MACs, 73.73 KFLOPS = 0.008% FLOPs, kernel_size=3, stride=2, padding=1)
      )
    )
    (7): Cell(
      80.35 K = 2.8355% Params, 20.2 MMACs = 4.465% MACs, 41.14 MFLOPS = 4.4681% FLOPs
      (preprocess0): FactorizedReduce(
        10.51 K = 0.371% Params, 2.65 MMACs = 0.5866% MACs, 5.49 MFLOPS = 0.5965% FLOPs
        (relu): ReLU(0 = 0% Params, 0 MACs = 0% MACs, 147.46 KFLOPS = 0.016% FLOPs)
        (conv_1): Conv2d(5.18 K = 0.1829% Params, 1.33 MMACs = 0.2933% MACs, 2.65 MFLOPS = 0.2883% FLOPs, 144, 36, kernel_size=(1, 1), stride=(2, 2), bias=False)
        (conv_2): Conv2d(5.18 K = 0.1829% Params, 1.33 MMACs = 0.2933% MACs, 2.65 MFLOPS = 0.2883% FLOPs, 144, 36, kernel_size=(1, 1), stride=(2, 2), bias=False)
        (bn): BatchNorm2d(144 = 0.0051% Params, 0 MACs = 0% MACs, 36.86 KFLOPS = 0.004% FLOPs, 72, eps=1e-05, momentum=0.1, affine=True, track_running_stats=True)
      )
      (preprocess1): ReLUConvBN(
        20.88 K = 0.7368% Params, 5.31 MMACs = 1.1733% MACs, 10.73 MFLOPS = 1.1651% FLOPs
        (op): Sequential(
          20.88 K = 0.7368% Params, 5.31 MMACs = 1.1733% MACs, 10.73 MFLOPS = 1.1651% FLOPs
          (0): ReLU(0 = 0% Params, 0 MACs = 0% MACs, 73.73 KFLOPS = 0.008% FLOPs)
          (1): Conv2d(20.74 K = 0.7318% Params, 5.31 MMACs = 1.1733% MACs, 10.62 MFLOPS = 1.1531% FLOPs, 288, 72, kernel_size=(1, 1), stride=(1, 1), bias=False)
          (2): BatchNorm2d(144 = 0.0051% Params, 0 MACs = 0% MACs, 36.86 KFLOPS = 0.004% FLOPs, 72, eps=1e-05, momentum=0.1, affine=True, track_running_stats=True)
        )
      )
      (_ops): ModuleList(
        (0-4): 5 x SepConv(
          5.98 K = 0.2109% Params, 1.49 MMACs = 0.33% MACs, 3.04 MFLOPS = 0.3303% FLOPs
          (op): Sequential(
            5.98 K = 0.2109% Params, 1.49 MMACs = 0.33% MACs, 3.04 MFLOPS = 0.3303% FLOPs
            (0): ReLU(0 = 0% Params, 0 MACs = 0% MACs, 18.43 KFLOPS = 0.002% FLOPs)
            (1): Conv2d(648 = 0.0229% Params, 165.89 KMACs = 0.0367% MACs, 331.78 KFLOPS = 0.036% FLOPs, 72, 72, kernel_size=(3, 3), stride=(1, 1), padding=(1, 1), groups=72, bias=False)
            (2): Conv2d(5.18 K = 0.1829% Params, 1.33 MMACs = 0.2933% MACs, 2.65 MFLOPS = 0.2883% FLOPs, 72, 72, kernel_size=(1, 1), stride=(1, 1), bias=False)
            (3): BatchNorm2d(144 = 0.0051% Params, 0 MACs = 0% MACs, 36.86 KFLOPS = 0.004% FLOPs, 72, eps=1e-05, momentum=0.1, affine=True, track_running_stats=True)
          )
        )
        (5): SepConv(
          7.13 K = 0.2515% Params, 1.79 MMACs = 0.3952% MACs, 3.63 MFLOPS = 0.3944% FLOPs
          (op): Sequential(
            7.13 K = 0.2515% Params, 1.79 MMACs = 0.3952% MACs, 3.63 MFLOPS = 0.3944% FLOPs
            (0): ReLU(0 = 0% Params, 0 MACs = 0% MACs, 18.43 KFLOPS = 0.002% FLOPs)
            (1): Conv2d(1.8 K = 0.0635% Params, 460.8 KMACs = 0.1018% MACs, 921.6 KFLOPS = 0.1001% FLOPs, 72, 72, kernel_size=(5, 5), stride=(1, 1), padding=(2, 2), groups=72, bias=False)
            (2): Conv2d(5.18 K = 0.1829% Params, 1.33 MMACs = 0.2933% MACs, 2.65 MFLOPS = 0.2883% FLOPs, 72, 72, kernel_size=(1, 1), stride=(1, 1), bias=False)
            (3): BatchNorm2d(144 = 0.0051% Params, 0 MACs = 0% MACs, 36.86 KFLOPS = 0.004% FLOPs, 72, eps=1e-05, momentum=0.1, affine=True, track_running_stats=True)
          )
        )
        (6-7): 2 x SepConv(
          5.98 K = 0.2109% Params, 1.49 MMACs = 0.33% MACs, 3.04 MFLOPS = 0.3303% FLOPs
          (op): Sequential(
            5.98 K = 0.2109% Params, 1.49 MMACs = 0.33% MACs, 3.04 MFLOPS = 0.3303% FLOPs
            (0): ReLU(0 = 0% Params, 0 MACs = 0% MACs, 18.43 KFLOPS = 0.002% FLOPs)
            (1): Conv2d(648 = 0.0229% Params, 165.89 KMACs = 0.0367% MACs, 331.78 KFLOPS = 0.036% FLOPs, 72, 72, kernel_size=(3, 3), stride=(1, 1), padding=(1, 1), groups=72, bias=False)
            (2): Conv2d(5.18 K = 0.1829% Params, 1.33 MMACs = 0.2933% MACs, 2.65 MFLOPS = 0.2883% FLOPs, 72, 72, kernel_size=(1, 1), stride=(1, 1), bias=False)
            (3): BatchNorm2d(144 = 0.0051% Params, 0 MACs = 0% MACs, 36.86 KFLOPS = 0.004% FLOPs, 72, eps=1e-05, momentum=0.1, affine=True, track_running_stats=True)
          )
        )
      )
    )
    (8-12): 5 x Cell(
      90.72 K = 3.2014% Params, 22.86 MMACs = 5.0517% MACs, 46.37 MFLOPS = 5.0366% FLOPs
      (preprocess0): ReLUConvBN(
        20.88 K = 0.7368% Params, 5.31 MMACs = 1.1733% MACs, 10.73 MFLOPS = 1.1651% FLOPs
        (op): Sequential(
          20.88 K = 0.7368% Params, 5.31 MMACs = 1.1733% MACs, 10.73 MFLOPS = 1.1651% FLOPs
          (0): ReLU(0 = 0% Params, 0 MACs = 0% MACs, 73.73 KFLOPS = 0.008% FLOPs)
          (1): Conv2d(20.74 K = 0.7318% Params, 5.31 MMACs = 1.1733% MACs, 10.62 MFLOPS = 1.1531% FLOPs, 288, 72, kernel_size=(1, 1), stride=(1, 1), bias=False)
          (2): BatchNorm2d(144 = 0.0051% Params, 0 MACs = 0% MACs, 36.86 KFLOPS = 0.004% FLOPs, 72, eps=1e-05, momentum=0.1, affine=True, track_running_stats=True)
        )
      )
      (preprocess1): ReLUConvBN(
        20.88 K = 0.7368% Params, 5.31 MMACs = 1.1733% MACs, 10.73 MFLOPS = 1.1651% FLOPs
        (op): Sequential(
          20.88 K = 0.7368% Params, 5.31 MMACs = 1.1733% MACs, 10.73 MFLOPS = 1.1651% FLOPs
          (0): ReLU(0 = 0% Params, 0 MACs = 0% MACs, 73.73 KFLOPS = 0.008% FLOPs)
          (1): Conv2d(20.74 K = 0.7318% Params, 5.31 MMACs = 1.1733% MACs, 10.62 MFLOPS = 1.1531% FLOPs, 288, 72, kernel_size=(1, 1), stride=(1, 1), bias=False)
          (2): BatchNorm2d(144 = 0.0051% Params, 0 MACs = 0% MACs, 36.86 KFLOPS = 0.004% FLOPs, 72, eps=1e-05, momentum=0.1, affine=True, track_running_stats=True)
        )
      )
      (_ops): ModuleList(
        (0-4): 5 x SepConv(
          5.98 K = 0.2109% Params, 1.49 MMACs = 0.33% MACs, 3.04 MFLOPS = 0.3303% FLOPs
          (op): Sequential(
            5.98 K = 0.2109% Params, 1.49 MMACs = 0.33% MACs, 3.04 MFLOPS = 0.3303% FLOPs
            (0): ReLU(0 = 0% Params, 0 MACs = 0% MACs, 18.43 KFLOPS = 0.002% FLOPs)
            (1): Conv2d(648 = 0.0229% Params, 165.89 KMACs = 0.0367% MACs, 331.78 KFLOPS = 0.036% FLOPs, 72, 72, kernel_size=(3, 3), stride=(1, 1), padding=(1, 1), groups=72, bias=False)
            (2): Conv2d(5.18 K = 0.1829% Params, 1.33 MMACs = 0.2933% MACs, 2.65 MFLOPS = 0.2883% FLOPs, 72, 72, kernel_size=(1, 1), stride=(1, 1), bias=False)
            (3): BatchNorm2d(144 = 0.0051% Params, 0 MACs = 0% MACs, 36.86 KFLOPS = 0.004% FLOPs, 72, eps=1e-05, momentum=0.1, affine=True, track_running_stats=True)
          )
        )
        (5): SepConv(
          7.13 K = 0.2515% Params, 1.79 MMACs = 0.3952% MACs, 3.63 MFLOPS = 0.3944% FLOPs
          (op): Sequential(
            7.13 K = 0.2515% Params, 1.79 MMACs = 0.3952% MACs, 3.63 MFLOPS = 0.3944% FLOPs
            (0): ReLU(0 = 0% Params, 0 MACs = 0% MACs, 18.43 KFLOPS = 0.002% FLOPs)
            (1): Conv2d(1.8 K = 0.0635% Params, 460.8 KMACs = 0.1018% MACs, 921.6 KFLOPS = 0.1001% FLOPs, 72, 72, kernel_size=(5, 5), stride=(1, 1), padding=(2, 2), groups=72, bias=False)
            (2): Conv2d(5.18 K = 0.1829% Params, 1.33 MMACs = 0.2933% MACs, 2.65 MFLOPS = 0.2883% FLOPs, 72, 72, kernel_size=(1, 1), stride=(1, 1), bias=False)
            (3): BatchNorm2d(144 = 0.0051% Params, 0 MACs = 0% MACs, 36.86 KFLOPS = 0.004% FLOPs, 72, eps=1e-05, momentum=0.1, affine=True, track_running_stats=True)
          )
        )
        (6-7): 2 x SepConv(
          5.98 K = 0.2109% Params, 1.49 MMACs = 0.33% MACs, 3.04 MFLOPS = 0.3303% FLOPs
          (op): Sequential(
            5.98 K = 0.2109% Params, 1.49 MMACs = 0.33% MACs, 3.04 MFLOPS = 0.3303% FLOPs
            (0): ReLU(0 = 0% Params, 0 MACs = 0% MACs, 18.43 KFLOPS = 0.002% FLOPs)
            (1): Conv2d(648 = 0.0229% Params, 165.89 KMACs = 0.0367% MACs, 331.78 KFLOPS = 0.036% FLOPs, 72, 72, kernel_size=(3, 3), stride=(1, 1), padding=(1, 1), groups=72, bias=False)
            (2): Conv2d(5.18 K = 0.1829% Params, 1.33 MMACs = 0.2933% MACs, 2.65 MFLOPS = 0.2883% FLOPs, 72, 72, kernel_size=(1, 1), stride=(1, 1), bias=False)
            (3): BatchNorm2d(144 = 0.0051% Params, 0 MACs = 0% MACs, 36.86 KFLOPS = 0.004% FLOPs, 72, eps=1e-05, momentum=0.1, affine=True, track_running_stats=True)
          )
        )
      )
    )
    (13): Cell(
      83.52 K = 2.9473% Params, 21.23 MMACs = 4.6932% MACs, 43.03 MFLOPS = 4.6733% FLOPs
      (preprocess0): ReLUConvBN(
        41.76 K = 1.4737% Params, 10.62 MMACs = 2.3466% MACs, 21.38 MFLOPS = 2.3221% FLOPs
        (op): Sequential(
          41.76 K = 1.4737% Params, 10.62 MMACs = 2.3466% MACs, 21.38 MFLOPS = 2.3221% FLOPs
          (0): ReLU(0 = 0% Params, 0 MACs = 0% MACs, 73.73 KFLOPS = 0.008% FLOPs)
          (1): Conv2d(41.47 K = 1.4635% Params, 10.62 MMACs = 2.3466% MACs, 21.23 MFLOPS = 2.3061% FLOPs, 288, 144, kernel_size=(1, 1), stride=(1, 1), bias=False)
          (2): BatchNorm2d(288 = 0.0102% Params, 0 MACs = 0% MACs, 73.73 KFLOPS = 0.008% FLOPs, 144, eps=1e-05, momentum=0.1, affine=True, track_running_stats=True)
        )
      )
      (preprocess1): ReLUConvBN(
        41.76 K = 1.4737% Params, 10.62 MMACs = 2.3466% MACs, 21.38 MFLOPS = 2.3221% FLOPs
        (op): Sequential(
          41.76 K = 1.4737% Params, 10.62 MMACs = 2.3466% MACs, 21.38 MFLOPS = 2.3221% FLOPs
          (0): ReLU(0 = 0% Params, 0 MACs = 0% MACs, 73.73 KFLOPS = 0.008% FLOPs)
          (1): Conv2d(41.47 K = 1.4635% Params, 10.62 MMACs = 2.3466% MACs, 21.23 MFLOPS = 2.3061% FLOPs, 288, 144, kernel_size=(1, 1), stride=(1, 1), bias=False)
          (2): BatchNorm2d(288 = 0.0102% Params, 0 MACs = 0% MACs, 73.73 KFLOPS = 0.008% FLOPs, 144, eps=1e-05, momentum=0.1, affine=True, track_running_stats=True)
        )
      )
      (_ops): ModuleList(
        (0-4): 5 x AvgPool2d(0 = 0% Params, 0 MACs = 0% MACs, 36.86 KFLOPS = 0.004% FLOPs, kernel_size=3, stride=2, padding=1)
        (5): AvgPool2d(0 = 0% Params, 0 MACs = 0% MACs, 9.22 KFLOPS = 0.001% FLOPs, kernel_size=3, stride=1, padding=1)
        (6-7): 2 x AvgPool2d(0 = 0% Params, 0 MACs = 0% MACs, 36.86 KFLOPS = 0.004% FLOPs, kernel_size=3, stride=2, padding=1)
      )
    )
    (14): Cell(
      305.86 K = 10.7933% Params, 19.39 MMACs = 4.2858% MACs, 39.15 MFLOPS = 4.2519% FLOPs
      (preprocess0): FactorizedReduce(
        41.76 K = 1.4737% Params, 2.65 MMACs = 0.5866% MACs, 5.4 MFLOPS = 0.5865% FLOPs
        (relu): ReLU(0 = 0% Params, 0 MACs = 0% MACs, 73.73 KFLOPS = 0.008% FLOPs)
        (conv_1): Conv2d(20.74 K = 0.7318% Params, 1.33 MMACs = 0.2933% MACs, 2.65 MFLOPS = 0.2883% FLOPs, 288, 72, kernel_size=(1, 1), stride=(2, 2), bias=False)
        (conv_2): Conv2d(20.74 K = 0.7318% Params, 1.33 MMACs = 0.2933% MACs, 2.65 MFLOPS = 0.2883% FLOPs, 288, 72, kernel_size=(1, 1), stride=(2, 2), bias=False)
        (bn): BatchNorm2d(288 = 0.0102% Params, 0 MACs = 0% MACs, 18.43 KFLOPS = 0.002% FLOPs, 144, eps=1e-05, momentum=0.1, affine=True, track_running_stats=True)
      )
      (preprocess1): ReLUConvBN(
        83.23 K = 2.9372% Params, 5.31 MMACs = 1.1733% MACs, 10.67 MFLOPS = 1.1591% FLOPs
        (op): Sequential(
          83.23 K = 2.9372% Params, 5.31 MMACs = 1.1733% MACs, 10.67 MFLOPS = 1.1591% FLOPs
          (0): ReLU(0 = 0% Params, 0 MACs = 0% MACs, 36.86 KFLOPS = 0.004% FLOPs)
          (1): Conv2d(82.94 K = 2.927% Params, 5.31 MMACs = 1.1733% MACs, 10.62 MFLOPS = 1.1531% FLOPs, 576, 144, kernel_size=(1, 1), stride=(1, 1), bias=False)
          (2): BatchNorm2d(288 = 0.0102% Params, 0 MACs = 0% MACs, 18.43 KFLOPS = 0.002% FLOPs, 144, eps=1e-05, momentum=0.1, affine=True, track_running_stats=True)
        )
      )
      (_ops): ModuleList(
        (0-4): 5 x SepConv(
          22.32 K = 0.7876% Params, 1.41 MMACs = 0.3117% MACs, 2.85 MFLOPS = 0.3093% FLOPs
          (op): Sequential(
            22.32 K = 0.7876% Params, 1.41 MMACs = 0.3117% MACs, 2.85 MFLOPS = 0.3093% FLOPs
            (0): ReLU(0 = 0% Params, 0 MACs = 0% MACs, 9.22 KFLOPS = 0.001% FLOPs)
            (1): Conv2d(1.3 K = 0.0457% Params, 82.94 KMACs = 0.0183% MACs, 165.89 KFLOPS = 0.018% FLOPs, 144, 144, kernel_size=(3, 3), stride=(1, 1), padding=(1, 1), groups=144, bias=False)
            (2): Conv2d(20.74 K = 0.7318% Params, 1.33 MMACs = 0.2933% MACs, 2.65 MFLOPS = 0.2883% FLOPs, 144, 144, kernel_size=(1, 1), stride=(1, 1), bias=False)
            (3): BatchNorm2d(288 = 0.0102% Params, 0 MACs = 0% MACs, 18.43 KFLOPS = 0.002% FLOPs, 144, eps=1e-05, momentum=0.1, affine=True, track_running_stats=True)
          )
        )
        (5): SepConv(
          24.62 K = 0.869% Params, 1.56 MMACs = 0.3442% MACs, 3.14 MFLOPS = 0.3413% FLOPs
          (op): Sequential(
            24.62 K = 0.869% Params, 1.56 MMACs = 0.3442% MACs, 3.14 MFLOPS = 0.3413% FLOPs
            (0): ReLU(0 = 0% Params, 0 MACs = 0% MACs, 9.22 KFLOPS = 0.001% FLOPs)
            (1): Conv2d(3.6 K = 0.127% Params, 230.4 KMACs = 0.0509% MACs, 460.8 KFLOPS = 0.05% FLOPs, 144, 144, kernel_size=(5, 5), stride=(1, 1), padding=(2, 2), groups=144, bias=False)
            (2): Conv2d(20.74 K = 0.7318% Params, 1.33 MMACs = 0.2933% MACs, 2.65 MFLOPS = 0.2883% FLOPs, 144, 144, kernel_size=(1, 1), stride=(1, 1), bias=False)
            (3): BatchNorm2d(288 = 0.0102% Params, 0 MACs = 0% MACs, 18.43 KFLOPS = 0.002% FLOPs, 144, eps=1e-05, momentum=0.1, affine=True, track_running_stats=True)
          )
        )
        (6-7): 2 x SepConv(
          22.32 K = 0.7876% Params, 1.41 MMACs = 0.3117% MACs, 2.85 MFLOPS = 0.3093% FLOPs
          (op): Sequential(
            22.32 K = 0.7876% Params, 1.41 MMACs = 0.3117% MACs, 2.85 MFLOPS = 0.3093% FLOPs
            (0): ReLU(0 = 0% Params, 0 MACs = 0% MACs, 9.22 KFLOPS = 0.001% FLOPs)
            (1): Conv2d(1.3 K = 0.0457% Params, 82.94 KMACs = 0.0183% MACs, 165.89 KFLOPS = 0.018% FLOPs, 144, 144, kernel_size=(3, 3), stride=(1, 1), padding=(1, 1), groups=144, bias=False)
            (2): Conv2d(20.74 K = 0.7318% Params, 1.33 MMACs = 0.2933% MACs, 2.65 MFLOPS = 0.2883% FLOPs, 144, 144, kernel_size=(1, 1), stride=(1, 1), bias=False)
            (3): BatchNorm2d(288 = 0.0102% Params, 0 MACs = 0% MACs, 18.43 KFLOPS = 0.002% FLOPs, 144, eps=1e-05, momentum=0.1, affine=True, track_running_stats=True)
          )
        )
      )
    )
    (15-19): 5 x Cell(
      347.33 K = 12.2568% Params, 22.04 MMACs = 4.8724% MACs, 44.42 MFLOPS = 4.8244% FLOPs
      (preprocess0): ReLUConvBN(
        83.23 K = 2.9372% Params, 5.31 MMACs = 1.1733% MACs, 10.67 MFLOPS = 1.1591% FLOPs
        (op): Sequential(
          83.23 K = 2.9372% Params, 5.31 MMACs = 1.1733% MACs, 10.67 MFLOPS = 1.1591% FLOPs
          (0): ReLU(0 = 0% Params, 0 MACs = 0% MACs, 36.86 KFLOPS = 0.004% FLOPs)
          (1): Conv2d(82.94 K = 2.927% Params, 5.31 MMACs = 1.1733% MACs, 10.62 MFLOPS = 1.1531% FLOPs, 576, 144, kernel_size=(1, 1), stride=(1, 1), bias=False)
          (2): BatchNorm2d(288 = 0.0102% Params, 0 MACs = 0% MACs, 18.43 KFLOPS = 0.002% FLOPs, 144, eps=1e-05, momentum=0.1, affine=True, track_running_stats=True)
        )
      )
      (preprocess1): ReLUConvBN(
        83.23 K = 2.9372% Params, 5.31 MMACs = 1.1733% MACs, 10.67 MFLOPS = 1.1591% FLOPs
        (op): Sequential(
          83.23 K = 2.9372% Params, 5.31 MMACs = 1.1733% MACs, 10.67 MFLOPS = 1.1591% FLOPs
          (0): ReLU(0 = 0% Params, 0 MACs = 0% MACs, 36.86 KFLOPS = 0.004% FLOPs)
          (1): Conv2d(82.94 K = 2.927% Params, 5.31 MMACs = 1.1733% MACs, 10.62 MFLOPS = 1.1531% FLOPs, 576, 144, kernel_size=(1, 1), stride=(1, 1), bias=False)
          (2): BatchNorm2d(288 = 0.0102% Params, 0 MACs = 0% MACs, 18.43 KFLOPS = 0.002% FLOPs, 144, eps=1e-05, momentum=0.1, affine=True, track_running_stats=True)
        )
      )
      (_ops): ModuleList(
        (0-4): 5 x SepConv(
          22.32 K = 0.7876% Params, 1.41 MMACs = 0.3117% MACs, 2.85 MFLOPS = 0.3093% FLOPs
          (op): Sequential(
            22.32 K = 0.7876% Params, 1.41 MMACs = 0.3117% MACs, 2.85 MFLOPS = 0.3093% FLOPs
            (0): ReLU(0 = 0% Params, 0 MACs = 0% MACs, 9.22 KFLOPS = 0.001% FLOPs)
            (1): Conv2d(1.3 K = 0.0457% Params, 82.94 KMACs = 0.0183% MACs, 165.89 KFLOPS = 0.018% FLOPs, 144, 144, kernel_size=(3, 3), stride=(1, 1), padding=(1, 1), groups=144, bias=False)
            (2): Conv2d(20.74 K = 0.7318% Params, 1.33 MMACs = 0.2933% MACs, 2.65 MFLOPS = 0.2883% FLOPs, 144, 144, kernel_size=(1, 1), stride=(1, 1), bias=False)
            (3): BatchNorm2d(288 = 0.0102% Params, 0 MACs = 0% MACs, 18.43 KFLOPS = 0.002% FLOPs, 144, eps=1e-05, momentum=0.1, affine=True, track_running_stats=True)
          )
        )
        (5): SepConv(
          24.62 K = 0.869% Params, 1.56 MMACs = 0.3442% MACs, 3.14 MFLOPS = 0.3413% FLOPs
          (op): Sequential(
            24.62 K = 0.869% Params, 1.56 MMACs = 0.3442% MACs, 3.14 MFLOPS = 0.3413% FLOPs
            (0): ReLU(0 = 0% Params, 0 MACs = 0% MACs, 9.22 KFLOPS = 0.001% FLOPs)
            (1): Conv2d(3.6 K = 0.127% Params, 230.4 KMACs = 0.0509% MACs, 460.8 KFLOPS = 0.05% FLOPs, 144, 144, kernel_size=(5, 5), stride=(1, 1), padding=(2, 2), groups=144, bias=False)
            (2): Conv2d(20.74 K = 0.7318% Params, 1.33 MMACs = 0.2933% MACs, 2.65 MFLOPS = 0.2883% FLOPs, 144, 144, kernel_size=(1, 1), stride=(1, 1), bias=False)
            (3): BatchNorm2d(288 = 0.0102% Params, 0 MACs = 0% MACs, 18.43 KFLOPS = 0.002% FLOPs, 144, eps=1e-05, momentum=0.1, affine=True, track_running_stats=True)
          )
        )
        (6-7): 2 x SepConv(
          22.32 K = 0.7876% Params, 1.41 MMACs = 0.3117% MACs, 2.85 MFLOPS = 0.3093% FLOPs
          (op): Sequential(
            22.32 K = 0.7876% Params, 1.41 MMACs = 0.3117% MACs, 2.85 MFLOPS = 0.3093% FLOPs
            (0): ReLU(0 = 0% Params, 0 MACs = 0% MACs, 9.22 KFLOPS = 0.001% FLOPs)
            (1): Conv2d(1.3 K = 0.0457% Params, 82.94 KMACs = 0.0183% MACs, 165.89 KFLOPS = 0.018% FLOPs, 144, 144, kernel_size=(3, 3), stride=(1, 1), padding=(1, 1), groups=144, bias=False)
            (2): Conv2d(20.74 K = 0.7318% Params, 1.33 MMACs = 0.2933% MACs, 2.65 MFLOPS = 0.2883% FLOPs, 144, 144, kernel_size=(1, 1), stride=(1, 1), bias=False)
            (3): BatchNorm2d(288 = 0.0102% Params, 0 MACs = 0% MACs, 18.43 KFLOPS = 0.002% FLOPs, 144, eps=1e-05, momentum=0.1, affine=True, track_running_stats=True)
          )
        )
      )
    )
  )
  (global_pooling): AdaptiveAvgPool2d(0 = 0% Params, 0 MACs = 0% MACs, 36.86 KFLOPS = 0.004% FLOPs, output_size=1)
  (classifier): Linear(5.77 K = 0.2036% Params, 5.76 KMACs = 0.0013% MACs, 11.52 KFLOPS = 0.0013% FLOPs, in_features=576, out_features=10, bias=True)
)
---------------------------------------------------------------------------------------------------
FLOPs: 0.9208 GFLOPS   MACs: 0.4524 GMACs   Params: 0.0028 B 

Model parameters:  2.83375  Millions
File size: 10.93078613 MB
<torch.utils.benchmark.utils.common.Measurement object at 0x14c267efe520>
model(input_tensor)
  22.76 ms
  1 measurement, 10 runs , 1 thread
Average Inference Time 1 on A100 GPU= 0.022759s
<torch.utils.benchmark.utils.common.Measurement object at 0x14c267efeb50>
model(input_tensor)
  22.70 ms
  1 measurement, 100 runs , 1 thread
Average Inference Time 301 Samples on A100 GPU= 0.022699s
09/26 08:43:42 AM param size = 2.833750MB
09/26 08:43:44 AM epoch 0 lr 2.499966e-02
09/26 08:43:44 AM train 000 2.341789e+00 10.937500 48.437500
09/26 08:43:48 AM train 050 2.218519e+00 16.758578 66.299020
09/26 08:43:52 AM train 100 2.109926e+00 20.853960 72.973391
09/26 08:43:56 AM train 150 2.052668e+00 22.847682 76.169288
09/26 08:43:59 AM train 200 1.998090e+00 25.031095 78.467040
09/26 08:44:03 AM train 250 1.944115e+00 27.178785 80.334910
09/26 08:44:07 AM train 300 1.890305e+00 29.303364 81.924834
09/26 08:44:11 AM train 350 1.847169e+00 31.045228 83.195335
09/26 08:44:15 AM train 400 1.802552e+00 32.804707 84.234726
09/26 08:44:18 AM train 450 1.766377e+00 34.357677 85.099085
09/26 08:44:22 AM train 500 1.731897e+00 35.797156 85.850175
09/26 08:44:26 AM train 550 1.699557e+00 37.162545 86.456443
09/26 08:44:30 AM train 600 1.665554e+00 38.459339 87.104825
09/26 08:44:34 AM train 650 1.636771e+00 39.614535 87.600806
09/26 08:44:37 AM train 700 1.606451e+00 40.818919 88.124108
09/26 08:44:41 AM train 750 1.578280e+00 41.900383 88.627663
09/26 08:44:44 AM train_acc 42.544000
09/26 08:44:44 AM valid 000 1.266082e+00 62.500000 95.312500
09/26 08:44:45 AM valid 050 1.267314e+00 55.453431 95.098039
09/26 08:44:46 AM valid 100 1.279327e+00 55.290842 95.235149
09/26 08:44:47 AM valid 150 1.284086e+00 55.122103 95.260762
09/26 08:44:48 AM valid_acc 54.970000, best_acc 54.970000
09/26 08:44:48 AM epoch 1 lr 2.499880e-02
09/26 08:44:48 AM train 000 1.159819e+00 70.312500 95.312500
09/26 08:44:52 AM train 050 1.131636e+00 59.466912 95.312500
09/26 08:44:57 AM train 100 1.084497e+00 61.123144 96.055074
09/26 08:45:01 AM train 150 1.099861e+00 60.709851 96.016142
09/26 08:45:05 AM train 200 1.077730e+00 61.598259 96.198694
09/26 08:45:09 AM train 250 1.069917e+00 62.001992 96.258715
09/26 08:45:13 AM train 300 1.062244e+00 62.261213 96.335133
09/26 08:45:18 AM train 350 1.055095e+00 62.500000 96.389779
09/26 08:45:22 AM train 400 1.044723e+00 62.854582 96.481453
09/26 08:45:26 AM train 450 1.033391e+00 63.220621 96.521619
09/26 08:45:30 AM train 500 1.022252e+00 63.641467 96.594311
09/26 08:45:35 AM train 550 1.013261e+00 63.968920 96.633961
09/26 08:45:39 AM train 600 1.001847e+00 64.416077 96.703411
09/26 08:45:43 AM train 650 9.922412e-01 64.816148 96.750192
09/26 08:45:47 AM train 700 9.818433e-01 65.210414 96.832650
09/26 08:45:52 AM train 750 9.748151e-01 65.443991 96.893725
09/26 08:45:54 AM train_acc 65.662000
09/26 08:45:54 AM valid 000 9.342617e-01 65.625000 96.875000
09/26 08:45:56 AM valid 050 9.163802e-01 67.922794 97.303922
09/26 08:45:57 AM valid 100 9.172638e-01 67.698020 97.493812
09/26 08:45:58 AM valid 150 9.203085e-01 67.528974 97.382036
09/26 08:45:58 AM valid_acc 67.610000, best_acc 67.610000
09/26 08:45:58 AM epoch 2 lr 2.499760e-02
09/26 08:45:58 AM train 000 6.822369e-01 73.437500 98.437500
09/26 08:46:03 AM train 050 8.165797e-01 70.373775 97.579657
09/26 08:46:07 AM train 100 8.000467e-01 71.271658 97.663985
09/26 08:46:11 AM train 150 7.998748e-01 71.585265 97.713162
09/26 08:46:15 AM train 200 8.012295e-01 71.843905 97.683458
09/26 08:46:20 AM train 250 7.962825e-01 72.043078 97.702938
09/26 08:46:24 AM train 300 7.840578e-01 72.409676 97.804194
09/26 08:46:28 AM train 350 7.811762e-01 72.694088 97.863248
09/26 08:46:32 AM train 400 7.711867e-01 73.032263 97.946540
09/26 08:46:36 AM train 450 7.671044e-01 73.274667 97.945538
09/26 08:46:41 AM train 500 7.601072e-01 73.527944 97.985279
09/26 08:46:45 AM train 550 7.524121e-01 73.806148 98.066016
09/26 08:46:49 AM train 600 7.452966e-01 74.087458 98.120320
09/26 08:46:53 AM train 650 7.404688e-01 74.270353 98.132680
09/26 08:46:58 AM train 700 7.326846e-01 74.536377 98.161109
09/26 08:47:02 AM train 750 7.289026e-01 74.677513 98.187833
09/26 08:47:04 AM train_acc 74.786000
09/26 08:47:05 AM valid 000 7.445563e-01 78.125000 98.437500
09/26 08:47:06 AM valid 050 7.297089e-01 76.011029 97.916667
09/26 08:47:07 AM valid 100 7.264926e-01 76.268564 98.019802
09/26 08:47:08 AM valid 150 7.323965e-01 75.807119 98.054636
09/26 08:47:08 AM valid_acc 75.680000, best_acc 75.680000
09/26 08:47:08 AM epoch 3 lr 2.499606e-02
09/26 08:47:09 AM train 000 6.668851e-01 78.125000 98.437500
09/26 08:47:13 AM train 050 6.348172e-01 78.890931 98.590686
09/26 08:47:17 AM train 100 6.304040e-01 78.527228 98.669554
09/26 08:47:21 AM train 150 6.221720e-01 78.694123 98.747930
09/26 08:47:25 AM train 200 6.163684e-01 78.894590 98.779540
09/26 08:47:30 AM train 250 6.165028e-01 78.921813 98.717629
09/26 08:47:34 AM train 300 6.222705e-01 78.623339 98.707434
09/26 08:47:38 AM train 350 6.158509e-01 78.908476 98.758013
09/26 08:47:43 AM train 400 6.128191e-01 79.025094 98.811565
09/26 08:47:47 AM train 450 6.110011e-01 79.015382 98.839385
09/26 08:47:51 AM train 500 6.104970e-01 78.998253 98.833583
09/26 08:47:55 AM train 550 6.117657e-01 78.927518 98.823162
09/26 08:47:59 AM train 600 6.087069e-01 79.001144 98.830075
09/26 08:48:04 AM train 650 6.061639e-01 79.109063 98.838326
09/26 08:48:08 AM train 700 6.027032e-01 79.252853 98.843170
09/26 08:48:12 AM train 750 6.005061e-01 79.335885 98.866095
09/26 08:48:15 AM train_acc 79.398000
09/26 08:48:15 AM valid 000 7.198299e-01 75.000000 96.875000
09/26 08:48:16 AM valid 050 5.992929e-01 79.840686 98.988971
09/26 08:48:18 AM valid 100 5.987085e-01 80.089728 98.839728
09/26 08:48:19 AM valid 150 5.927388e-01 80.515315 98.830712
09/26 08:48:19 AM valid_acc 80.400000, best_acc 80.400000
09/26 08:48:19 AM epoch 4 lr 2.499417e-02
09/26 08:48:19 AM train 000 4.924212e-01 81.250000 98.437500
09/26 08:48:24 AM train 050 5.694086e-01 80.698529 98.774510
09/26 08:48:28 AM train 100 5.682302e-01 80.646658 98.669554
09/26 08:48:32 AM train 150 5.512687e-01 81.239652 98.830712
09/26 08:48:37 AM train 200 5.454348e-01 81.436567 98.911692
09/26 08:48:41 AM train 250 5.410563e-01 81.629731 99.010209
09/26 08:48:45 AM train 300 5.399573e-01 81.691238 98.982558
09/26 08:48:49 AM train 350 5.368848e-01 81.726318 98.971688
09/26 08:48:53 AM train 400 5.341916e-01 81.756546 98.986908
09/26 08:48:58 AM train 450 5.370313e-01 81.679601 98.974501
09/26 08:49:02 AM train 500 5.324032e-01 81.851921 98.992640
09/26 08:49:06 AM train 550 5.305529e-01 81.953267 99.013158
09/26 08:49:11 AM train 600 5.331132e-01 81.876560 99.004264
09/26 08:49:15 AM train 650 5.324029e-01 81.830837 99.015937
09/26 08:49:19 AM train 700 5.314378e-01 81.825071 99.028174
09/26 08:49:24 AM train 750 5.292854e-01 81.880409 99.015895
09/26 08:49:26 AM train_acc 81.890000
09/26 08:49:26 AM valid 000 5.873336e-01 81.250000 98.437500
09/26 08:49:28 AM valid 050 5.657544e-01 80.974265 98.835784
09/26 08:49:29 AM valid 100 5.618076e-01 81.203589 98.948020
09/26 08:49:30 AM valid 150 5.652782e-01 81.229305 98.882450
09/26 08:49:30 AM valid_acc 81.190000, best_acc 81.190000
09/26 08:49:30 AM epoch 5 lr 2.499195e-02
09/26 08:49:31 AM train 000 4.105046e-01 85.937500 98.437500
09/26 08:49:35 AM train 050 4.781856e-01 83.210784 99.172794
09/26 08:49:39 AM train 100 4.866639e-01 83.245668 99.180074
09/26 08:49:43 AM train 150 4.906907e-01 83.164321 99.192881
09/26 08:49:48 AM train 200 4.877384e-01 83.271144 99.175995
09/26 08:49:52 AM train 250 4.882531e-01 83.161106 99.147161
09/26 08:49:56 AM train 300 4.863903e-01 83.155108 99.164244
09/26 08:50:00 AM train 350 4.856660e-01 83.302172 99.176460
09/26 08:50:04 AM train 400 4.828381e-01 83.424252 99.201216
09/26 08:50:09 AM train 450 4.829114e-01 83.456901 99.206624
09/26 08:50:13 AM train 500 4.842459e-01 83.414421 99.179765
09/26 08:50:17 AM train 550 4.811280e-01 83.487409 99.191810
09/26 08:50:21 AM train 600 4.799692e-01 83.504056 99.199251
09/26 08:50:26 AM train 650 4.782787e-01 83.542147 99.193548
09/26 08:50:30 AM train 700 4.779997e-01 83.565888 99.222093
09/26 08:50:34 AM train 750 4.777056e-01 83.611435 99.205226
09/26 08:50:37 AM train_acc 83.636000
09/26 08:50:37 AM valid 000 8.005388e-01 79.687500 98.437500
09/26 08:50:38 AM valid 050 5.695861e-01 81.311275 98.958333
09/26 08:50:39 AM valid 100 5.621920e-01 80.940594 99.009901
09/26 08:50:40 AM valid 150 5.729452e-01 80.691225 98.851407
09/26 08:50:41 AM valid_acc 80.690000, best_acc 81.190000
09/26 08:50:41 AM epoch 6 lr 2.498938e-02
09/26 08:50:41 AM train 000 2.816911e-01 92.187500 100.000000
09/26 08:50:45 AM train 050 4.334178e-01 84.375000 99.693627
09/26 08:50:49 AM train 100 4.452808e-01 84.730817 99.474010
09/26 08:50:53 AM train 150 4.346357e-01 85.078642 99.410182
09/26 08:50:58 AM train 200 4.305673e-01 85.214552 99.409204
09/26 08:51:02 AM train 250 4.352297e-01 85.047311 99.433516
09/26 08:51:06 AM train 300 4.362924e-01 84.935631 99.408223
09/26 08:51:10 AM train 350 4.364457e-01 84.926994 99.367877
09/26 08:51:14 AM train 400 4.381721e-01 84.854271 99.384352
09/26 08:51:19 AM train 450 4.377959e-01 84.901608 99.393708
09/26 08:51:23 AM train 500 4.386563e-01 84.858408 99.373129
09/26 08:51:27 AM train 550 4.362344e-01 84.936479 99.401656
09/26 08:51:32 AM train 600 4.376420e-01 84.858569 99.386439
09/26 08:51:36 AM train 650 4.399231e-01 84.797427 99.385561
09/26 08:51:40 AM train 700 4.394153e-01 84.820792 99.382578
09/26 08:51:44 AM train 750 4.373780e-01 84.895140 99.392477
09/26 08:51:47 AM train_acc 84.942000
09/26 08:51:47 AM valid 000 5.896310e-01 82.812500 98.437500
09/26 08:51:48 AM valid 050 6.088755e-01 81.433824 98.406863
09/26 08:51:50 AM valid 100 6.054905e-01 81.157178 98.437500
09/26 08:51:51 AM valid 150 5.992699e-01 81.229305 98.489238
09/26 08:51:51 AM valid_acc 81.300000, best_acc 81.300000
09/26 08:51:51 AM epoch 7 lr 2.498647e-02
09/26 08:51:51 AM train 000 4.609617e-01 81.250000 96.875000
09/26 08:51:55 AM train 050 3.968365e-01 85.876225 99.448529
09/26 08:52:00 AM train 100 3.946199e-01 86.246906 99.520421
09/26 08:52:04 AM train 150 3.950550e-01 86.341060 99.513659
09/26 08:52:08 AM train 200 3.954875e-01 86.310634 99.463619
09/26 08:52:12 AM train 250 3.999828e-01 86.093127 99.439741
09/26 08:52:17 AM train 300 4.022723e-01 86.056894 99.392650
09/26 08:52:21 AM train 350 4.005378e-01 86.106660 99.416845
09/26 08:52:25 AM train 400 4.030870e-01 85.972569 99.396041
09/26 08:52:29 AM train 450 4.070241e-01 85.951358 99.379850
09/26 08:52:33 AM train 500 4.067822e-01 85.974925 99.373129
09/26 08:52:38 AM train 550 4.079131e-01 85.883621 99.381806
09/26 08:52:42 AM train 600 4.085323e-01 85.851705 99.383839
09/26 08:52:46 AM train 650 4.086422e-01 85.843894 99.390361
09/26 08:52:50 AM train 700 4.096086e-01 85.848342 99.418242
09/26 08:52:54 AM train 750 4.103631e-01 85.806425 99.429927
09/26 08:52:57 AM train_acc 85.796000
09/26 08:52:57 AM valid 000 5.638224e-01 82.812500 96.875000
09/26 08:52:58 AM valid 050 4.354677e-01 84.712010 99.325980
09/26 08:53:00 AM valid 100 4.457241e-01 84.607054 99.195545
09/26 08:53:01 AM valid 150 4.423647e-01 84.788907 99.306705
09/26 08:53:01 AM valid_acc 84.690000, best_acc 84.690000
09/26 08:53:01 AM epoch 8 lr 2.498321e-02
09/26 08:53:01 AM train 000 3.812612e-01 87.500000 98.437500
09/26 08:53:05 AM train 050 3.563021e-01 87.500000 99.662990
09/26 08:53:10 AM train 100 3.586789e-01 87.592822 99.613243
09/26 08:53:14 AM train 150 3.636181e-01 87.510348 99.586093
09/26 08:53:18 AM train 200 3.712255e-01 87.259017 99.479167
09/26 08:53:22 AM train 250 3.706541e-01 87.207420 99.520667
09/26 08:53:26 AM train 300 3.777890e-01 87.053571 99.512043
09/26 08:53:31 AM train 350 3.783373e-01 87.170584 99.492521
09/26 08:53:35 AM train 400 3.801252e-01 87.133728 99.481764
09/26 08:53:39 AM train 450 3.821673e-01 87.035754 99.476857
09/26 08:53:43 AM train 500 3.811964e-01 87.138224 99.466692
09/26 08:53:47 AM train 550 3.815213e-01 87.134188 99.466878
09/26 08:53:52 AM train 600 3.816438e-01 87.065828 99.477433
09/26 08:53:56 AM train 650 3.825789e-01 87.027170 99.467166
09/26 08:54:00 AM train 700 3.835475e-01 86.994026 99.471737
09/26 08:54:04 AM train 750 3.844518e-01 86.961135 99.479860
09/26 08:54:07 AM train_acc 86.946000
09/26 08:54:07 AM valid 000 1.009591e+00 71.875000 96.875000
09/26 08:54:08 AM valid 050 7.278304e-01 77.481618 97.824755
09/26 08:54:09 AM valid 100 7.127960e-01 78.140470 97.880569
09/26 08:54:10 AM valid 150 7.043099e-01 78.269868 97.961507
09/26 08:54:11 AM valid_acc 78.220000, best_acc 84.690000
09/26 08:54:11 AM epoch 9 lr 2.497962e-02
09/26 08:54:11 AM train 000 4.378418e-01 85.937500 100.000000
09/26 08:54:15 AM train 050 3.718092e-01 87.040441 99.632353
09/26 08:54:19 AM train 100 3.642739e-01 87.453589 99.644183
09/26 08:54:24 AM train 150 3.651297e-01 87.303394 99.637831
09/26 08:54:28 AM train 200 3.708270e-01 87.196828 99.587998
09/26 08:54:32 AM train 250 3.773559e-01 87.001992 99.570468
09/26 08:54:36 AM train 300 3.723339e-01 87.219684 99.569145
09/26 08:54:40 AM train 350 3.774478e-01 87.045940 99.554843
09/26 08:54:45 AM train 400 3.773308e-01 87.063591 99.555798
09/26 08:54:49 AM train 450 3.780238e-01 87.077328 99.546147
09/26 08:54:53 AM train 500 3.772953e-01 87.131986 99.544661
09/26 08:54:57 AM train 550 3.800381e-01 87.071801 99.549115
09/26 08:55:01 AM train 600 3.810971e-01 87.029430 99.550229
09/26 08:55:05 AM train 650 3.799217e-01 87.007969 99.548771
09/26 08:55:10 AM train 700 3.788439e-01 87.029690 99.551979
09/26 08:55:14 AM train 750 3.772469e-01 87.036035 99.563083
09/26 08:55:16 AM train_acc 87.064000
09/26 08:55:17 AM valid 000 6.666392e-01 84.375000 98.437500
09/26 08:55:18 AM valid 050 4.899215e-01 84.007353 99.387255
09/26 08:55:19 AM valid 100 4.897345e-01 83.756188 99.458540
09/26 08:55:20 AM valid 150 4.794662e-01 83.836921 99.451573
09/26 08:55:21 AM valid_acc 83.890000, best_acc 84.690000
09/26 08:55:21 AM epoch 10 lr 2.497568e-02
09/26 08:55:21 AM train 000 3.686736e-01 85.937500 100.000000
09/26 08:55:25 AM train 050 3.404963e-01 88.327206 99.571078
09/26 08:55:29 AM train 100 3.356519e-01 88.598391 99.613243
09/26 08:55:33 AM train 150 3.412817e-01 88.348510 99.575745
09/26 08:55:38 AM train 200 3.430778e-01 88.191853 99.580224
09/26 08:55:42 AM train 250 3.506442e-01 88.004233 99.520667
09/26 08:55:46 AM train 300 3.553806e-01 87.827035 99.532807
09/26 08:55:50 AM train 350 3.530011e-01 87.900641 99.532585
09/26 08:55:54 AM train 400 3.530251e-01 87.905237 99.520729
09/26 08:55:59 AM train 450 3.540209e-01 87.839523 99.542683
09/26 08:56:03 AM train 500 3.554223e-01 87.771332 99.550898
09/26 08:56:07 AM train 550 3.530602e-01 87.914020 99.554787
09/26 08:56:11 AM train 600 3.512670e-01 88.019967 99.550229
09/26 08:56:15 AM train 650 3.513320e-01 88.016033 99.548771
09/26 08:56:20 AM train 700 3.528144e-01 87.988142 99.547521
09/26 08:56:24 AM train 750 3.548249e-01 87.889065 99.536035
09/26 08:56:26 AM train_acc 87.898000
09/26 08:56:26 AM valid 000 6.676686e-01 81.250000 98.437500
09/26 08:56:28 AM valid 050 4.993324e-01 83.823529 99.387255
09/26 08:56:29 AM valid 100 5.033919e-01 83.818069 99.180074
09/26 08:56:30 AM valid 150 4.972048e-01 83.836921 99.192881
09/26 08:56:30 AM valid_acc 83.780000, best_acc 84.690000
09/26 08:56:30 AM epoch 11 lr 2.497140e-02
09/26 08:56:31 AM train 000 2.417671e-01 93.750000 100.000000
09/26 08:56:35 AM train 050 3.463895e-01 88.020833 99.754902
09/26 08:56:39 AM train 100 3.424482e-01 87.855817 99.767946
09/26 08:56:43 AM train 150 3.374162e-01 88.007036 99.762003
09/26 08:56:47 AM train 200 3.411272e-01 88.051928 99.751244
09/26 08:56:52 AM train 250 3.450458e-01 87.979333 99.688745
09/26 08:56:56 AM train 300 3.417790e-01 88.159261 99.698920
09/26 08:57:00 AM train 350 3.410123e-01 88.198896 99.701745
09/26 08:57:04 AM train 400 3.439933e-01 88.068890 99.653211
09/26 08:57:08 AM train 450 3.450902e-01 88.068182 99.643154
09/26 08:57:13 AM train 500 3.439510e-01 88.142465 99.597680
09/26 08:57:17 AM train 550 3.432161e-01 88.169238 99.605830
09/26 08:57:21 AM train 600 3.439040e-01 88.110961 99.612625
09/26 08:57:25 AM train 650 3.428375e-01 88.169643 99.611175
09/26 08:57:30 AM train 700 3.447247e-01 88.095132 99.601016
09/26 08:57:34 AM train 750 3.447067e-01 88.067993 99.600533
09/26 08:57:37 AM train_acc 88.120000
09/26 08:57:37 AM valid 000 6.129633e-01 79.687500 98.437500
09/26 08:57:38 AM valid 050 4.629177e-01 85.232843 99.387255
09/26 08:57:39 AM valid 100 4.697112e-01 84.839109 99.365718
09/26 08:57:40 AM valid 150 4.573407e-01 85.068295 99.430877
09/26 08:57:40 AM valid_acc 85.060000, best_acc 85.060000
09/26 08:57:41 AM epoch 12 lr 2.496677e-02
09/26 08:57:41 AM train 000 2.501781e-01 90.625000 100.000000
09/26 08:57:45 AM train 050 3.080161e-01 89.215686 99.662990
09/26 08:57:49 AM train 100 3.228263e-01 88.892327 99.628713
09/26 08:57:53 AM train 150 3.261366e-01 88.855546 99.627483
09/26 08:57:58 AM train 200 3.242825e-01 88.899254 99.650187
09/26 08:58:02 AM train 250 3.238521e-01 88.888197 99.688745
09/26 08:58:06 AM train 300 3.220250e-01 88.958679 99.688538
09/26 08:58:10 AM train 350 3.242995e-01 88.893340 99.697293
09/26 08:58:15 AM train 400 3.294330e-01 88.676746 99.699969
09/26 08:58:19 AM train 450 3.316736e-01 88.612112 99.691657
09/26 08:58:23 AM train 500 3.342390e-01 88.566617 99.666292
09/26 08:58:27 AM train 550 3.322240e-01 88.614451 99.676724
09/26 08:58:31 AM train 600 3.297063e-01 88.701123 99.675021
09/26 08:58:36 AM train 650 3.294357e-01 88.685676 99.680780
09/26 08:58:40 AM train 700 3.301598e-01 88.652372 99.665656
09/26 08:58:44 AM train 750 3.297980e-01 88.606858 99.660869
09/26 08:58:47 AM train_acc 88.560000
09/26 08:58:47 AM valid 000 4.885340e-01 79.687500 98.437500
09/26 08:58:48 AM valid 050 4.453031e-01 85.508578 99.479167
09/26 08:58:49 AM valid 100 4.453409e-01 85.612624 99.365718
09/26 08:58:51 AM valid 150 4.473041e-01 85.461507 99.368791
09/26 08:58:51 AM valid_acc 85.490000, best_acc 85.490000
09/26 08:58:51 AM epoch 13 lr 2.496181e-02
09/26 08:58:51 AM train 000 2.396122e-01 92.187500 100.000000
09/26 08:58:55 AM train 050 3.052875e-01 89.338235 99.877451
09/26 08:58:59 AM train 100 3.137830e-01 88.876856 99.845297
09/26 08:59:04 AM train 150 3.065185e-01 89.207368 99.782699
09/26 08:59:08 AM train 200 3.095355e-01 89.186878 99.735697
09/26 08:59:12 AM train 250 3.116733e-01 89.218127 99.701195
09/26 08:59:17 AM train 300 3.164920e-01 88.989826 99.678156
09/26 08:59:21 AM train 350 3.156708e-01 89.017984 99.679487
09/26 08:59:25 AM train 400 3.160304e-01 89.074190 99.649314
09/26 08:59:29 AM train 450 3.209484e-01 88.910061 99.643154
09/26 08:59:34 AM train 500 3.226064e-01 88.875374 99.641342
09/26 08:59:38 AM train 550 3.225890e-01 88.872505 99.645531
09/26 08:59:42 AM train 600 3.240313e-01 88.825915 99.649022
09/26 08:59:46 AM train 650 3.239599e-01 88.832085 99.647177
09/26 08:59:50 AM train 700 3.245803e-01 88.839604 99.652282
09/26 08:59:55 AM train 750 3.244847e-01 88.856525 99.656708
09/26 08:59:57 AM train_acc 88.868000
09/26 08:59:57 AM valid 000 5.262111e-01 81.250000 98.437500
09/26 08:59:59 AM valid 050 5.109187e-01 83.762255 99.111520
09/26 09:00:00 AM valid 100 5.224559e-01 83.539604 98.994431
09/26 09:00:01 AM valid 150 5.144535e-01 83.650662 99.027318
09/26 09:00:01 AM valid_acc 83.630000, best_acc 85.490000
09/26 09:00:01 AM epoch 14 lr 2.495650e-02
09/26 09:00:02 AM train 000 2.186703e-01 95.312500 100.000000
09/26 09:00:06 AM train 050 3.064697e-01 89.460784 99.540441
09/26 09:00:10 AM train 100 3.026188e-01 89.866955 99.644183
09/26 09:00:14 AM train 150 2.999359e-01 89.641970 99.658526
09/26 09:00:19 AM train 200 3.038318e-01 89.583333 99.673507
09/26 09:00:23 AM train 250 3.027960e-01 89.672560 99.670070
09/26 09:00:27 AM train 300 3.064963e-01 89.529693 99.662583
09/26 09:00:31 AM train 350 3.072658e-01 89.538818 99.666132
09/26 09:00:36 AM train 400 3.087338e-01 89.444358 99.668797
09/26 09:00:40 AM train 450 3.074042e-01 89.519817 99.677799
09/26 09:00:44 AM train 500 3.110788e-01 89.305763 99.672530
09/26 09:00:48 AM train 550 3.113455e-01 89.292196 99.654038
09/26 09:00:53 AM train 600 3.093311e-01 89.403078 99.664621
09/26 09:00:57 AM train 650 3.091156e-01 89.384121 99.663978
09/26 09:01:01 AM train 700 3.117761e-01 89.309914 99.654511
09/26 09:01:05 AM train 750 3.121140e-01 89.303845 99.640063
09/26 09:01:08 AM train_acc 89.280000
09/26 09:01:08 AM valid 000 4.042935e-01 84.375000 100.000000
09/26 09:01:09 AM valid 050 3.870446e-01 87.591912 99.356618
09/26 09:01:10 AM valid 100 3.869096e-01 87.530941 99.458540
09/26 09:01:12 AM valid 150 3.744965e-01 87.851821 99.451573
09/26 09:01:12 AM valid_acc 87.830000, best_acc 87.830000
09/26 09:01:12 AM epoch 15 lr 2.495086e-02
09/26 09:01:12 AM train 000 5.388414e-01 79.687500 98.437500
09/26 09:01:16 AM train 050 3.085223e-01 89.123775 99.509804
09/26 09:01:21 AM train 100 3.068135e-01 89.077970 99.628713
09/26 09:01:25 AM train 150 3.029613e-01 89.372930 99.627483
09/26 09:01:29 AM train 200 2.967531e-01 89.653296 99.673507
09/26 09:01:33 AM train 250 2.973150e-01 89.678785 99.688745
09/26 09:01:38 AM train 300 2.975438e-01 89.690615 99.698920
09/26 09:01:42 AM train 350 2.984349e-01 89.623397 99.688390
09/26 09:01:46 AM train 400 2.985853e-01 89.623597 99.711658
09/26 09:01:50 AM train 450 3.006565e-01 89.602966 99.705516
09/26 09:01:55 AM train 500 3.001622e-01 89.564621 99.713074
09/26 09:01:59 AM train 550 3.022041e-01 89.510549 99.707917
09/26 09:02:03 AM train 600 3.059086e-01 89.405678 99.688020
09/26 09:02:07 AM train 650 3.077905e-01 89.326517 99.678379
09/26 09:02:12 AM train 700 3.069594e-01 89.334433 99.683488
09/26 09:02:16 AM train 750 3.077693e-01 89.339214 99.696238
09/26 09:02:18 AM train_acc 89.342000
09/26 09:02:18 AM valid 000 7.541848e-01 81.250000 96.875000
09/26 09:02:20 AM valid 050 4.736424e-01 84.620098 99.325980
09/26 09:02:21 AM valid 100 4.498715e-01 85.396040 99.381188
09/26 09:02:22 AM valid 150 4.432596e-01 85.440811 99.451573
09/26 09:02:22 AM valid_acc 85.500000, best_acc 87.830000
09/26 09:02:22 AM epoch 16 lr 2.494487e-02
09/26 09:02:23 AM train 000 3.789809e-01 87.500000 100.000000
09/26 09:02:27 AM train 050 3.205656e-01 88.939951 99.448529
09/26 09:02:31 AM train 100 3.017879e-01 89.356436 99.659653
09/26 09:02:35 AM train 150 2.978573e-01 89.486755 99.720613
09/26 09:02:40 AM train 200 2.965735e-01 89.692164 99.673507
09/26 09:02:44 AM train 250 2.988512e-01 89.523157 99.663845
09/26 09:02:48 AM train 300 3.021852e-01 89.290905 99.688538
09/26 09:02:52 AM train 350 3.031203e-01 89.240563 99.706197
09/26 09:02:56 AM train 400 3.008097e-01 89.378117 99.723348
09/26 09:03:01 AM train 450 3.014076e-01 89.356984 99.722838
09/26 09:03:05 AM train 500 3.007801e-01 89.408683 99.722430
09/26 09:03:09 AM train 550 3.037169e-01 89.306375 99.722096
09/26 09:03:13 AM train 600 3.045854e-01 89.283486 99.724418
09/26 09:03:18 AM train 650 3.041710e-01 89.290515 99.723982
09/26 09:03:22 AM train 700 3.061451e-01 89.267564 99.705777
09/26 09:03:26 AM train 750 3.080203e-01 89.237267 99.706641
09/26 09:03:29 AM train_acc 89.184000
09/26 09:03:29 AM valid 000 6.437228e-01 76.562500 98.437500
09/26 09:03:30 AM valid 050 4.443319e-01 85.171569 99.111520
09/26 09:03:31 AM valid 100 4.487271e-01 84.808168 99.149134
09/26 09:03:32 AM valid 150 4.459675e-01 84.882036 99.234272
09/26 09:03:33 AM valid_acc 84.770000, best_acc 87.830000
09/26 09:03:33 AM epoch 17 lr 2.493854e-02
09/26 09:03:33 AM train 000 3.349015e-01 85.937500 100.000000
09/26 09:03:37 AM train 050 2.625144e-01 90.808824 99.724265
09/26 09:03:41 AM train 100 2.571991e-01 90.965347 99.814356
09/26 09:03:45 AM train 150 2.646341e-01 90.842301 99.813742
09/26 09:03:50 AM train 200 2.751156e-01 90.547264 99.805659
09/26 09:03:54 AM train 250 2.773676e-01 90.463147 99.788347
09/26 09:03:58 AM train 300 2.836201e-01 90.225291 99.745640
09/26 09:04:02 AM train 350 2.863857e-01 90.121973 99.737358
09/26 09:04:07 AM train 400 2.876721e-01 90.036627 99.746727
09/26 09:04:11 AM train 450 2.875397e-01 90.032567 99.743625
09/26 09:04:15 AM train 500 2.888025e-01 90.029316 99.738024
09/26 09:04:19 AM train 550 2.909141e-01 89.944419 99.719260
09/26 09:04:24 AM train 600 2.929793e-01 89.868448 99.682820
09/26 09:04:28 AM train 650 2.945108e-01 89.854551 99.690380
09/26 09:04:32 AM train 700 2.942069e-01 89.844864 99.692404
09/26 09:04:36 AM train 750 2.949960e-01 89.763648 99.700399
09/26 09:04:39 AM train_acc 89.758000
09/26 09:04:39 AM valid 000 3.477121e-01 89.062500 98.437500
09/26 09:04:40 AM valid 050 4.198681e-01 86.458333 99.387255
09/26 09:04:41 AM valid 100 4.110970e-01 86.711015 99.396658
09/26 09:04:43 AM valid 150 4.053058e-01 86.713576 99.430877
09/26 09:04:43 AM valid_acc 86.750000, best_acc 87.830000
09/26 09:04:43 AM epoch 18 lr 2.493187e-02
09/26 09:04:43 AM train 000 1.458952e-01 95.312500 100.000000
09/26 09:04:47 AM train 050 2.881418e-01 90.318627 99.724265
09/26 09:04:51 AM train 100 2.761660e-01 90.918936 99.721535
09/26 09:04:56 AM train 150 2.790608e-01 90.521523 99.772351
09/26 09:05:00 AM train 200 2.853757e-01 90.275187 99.751244
09/26 09:05:04 AM train 250 2.794100e-01 90.407122 99.732321
09/26 09:05:08 AM train 300 2.789899e-01 90.490033 99.750831
09/26 09:05:13 AM train 350 2.856202e-01 90.282229 99.719551
09/26 09:05:17 AM train 400 2.876393e-01 90.130143 99.727244
09/26 09:05:21 AM train 450 2.874361e-01 90.139967 99.726303
09/26 09:05:25 AM train 500 2.857592e-01 90.182136 99.731786
09/26 09:05:30 AM train 550 2.852151e-01 90.225159 99.744782
09/26 09:05:34 AM train 600 2.879586e-01 90.149230 99.742616
09/26 09:05:38 AM train 650 2.906003e-01 90.077765 99.731183
09/26 09:05:42 AM train 700 2.928600e-01 90.014265 99.708006
09/26 09:05:46 AM train 750 2.918973e-01 90.019557 99.706641
09/26 09:05:49 AM train_acc 90.040000
09/26 09:05:49 AM valid 000 4.609845e-01 85.937500 98.437500
09/26 09:05:50 AM valid 050 3.447642e-01 88.694853 99.632353
09/26 09:05:52 AM valid 100 3.377141e-01 89.000619 99.628713
09/26 09:05:53 AM valid 150 3.246528e-01 89.290149 99.648179
09/26 09:05:53 AM valid_acc 89.290000, best_acc 89.290000
09/26 09:05:53 AM epoch 19 lr 2.492485e-02
09/26 09:05:53 AM train 000 2.149058e-01 90.625000 100.000000
09/26 09:05:58 AM train 050 2.768250e-01 90.716912 99.785539
09/26 09:06:02 AM train 100 2.736674e-01 90.795173 99.798886
09/26 09:06:06 AM train 150 2.808737e-01 90.542219 99.762003
09/26 09:06:10 AM train 200 2.794866e-01 90.702736 99.751244
09/26 09:06:14 AM train 250 2.758350e-01 90.836653 99.775896
09/26 09:06:19 AM train 300 2.822415e-01 90.547135 99.756022
09/26 09:06:23 AM train 350 2.808143e-01 90.571581 99.746261
09/26 09:06:27 AM train 400 2.835877e-01 90.387313 99.738934
09/26 09:06:31 AM train 450 2.831334e-01 90.306264 99.740161
09/26 09:06:36 AM train 500 2.878828e-01 90.029316 99.716193
09/26 09:06:40 AM train 550 2.882746e-01 90.077700 99.722096
09/26 09:06:44 AM train 600 2.921953e-01 89.902246 99.703619
09/26 09:06:48 AM train 650 2.927274e-01 89.895353 99.707181
09/26 09:06:52 AM train 700 2.928906e-01 89.907275 99.699091
09/26 09:06:57 AM train 750 2.919287e-01 89.938415 99.702480
09/26 09:06:59 AM train_acc 89.996000
09/26 09:06:59 AM valid 000 5.774724e-01 79.687500 98.437500
09/26 09:07:00 AM valid 050 5.119276e-01 84.528186 99.111520
09/26 09:07:02 AM valid 100 5.238067e-01 84.483292 98.886139
09/26 09:07:03 AM valid 150 5.172875e-01 84.333609 98.985927
09/26 09:07:03 AM valid_acc 84.360000, best_acc 89.290000
09/26 09:07:03 AM epoch 20 lr 2.491750e-02
09/26 09:07:03 AM train 000 2.181406e-01 89.062500 100.000000
09/26 09:07:08 AM train 050 2.690916e-01 90.533088 99.724265
09/26 09:07:12 AM train 100 2.629522e-01 90.578589 99.814356
09/26 09:07:16 AM train 150 2.671315e-01 90.521523 99.834437
09/26 09:07:20 AM train 200 2.739216e-01 90.352923 99.790112
09/26 09:07:25 AM train 250 2.726667e-01 90.568974 99.757221
09/26 09:07:29 AM train 300 2.728940e-01 90.510797 99.745640
09/26 09:07:33 AM train 350 2.766859e-01 90.317842 99.741809
09/26 09:07:37 AM train 400 2.802203e-01 90.250935 99.723348
09/26 09:07:42 AM train 450 2.803997e-01 90.247367 99.708980
09/26 09:07:46 AM train 500 2.820532e-01 90.163423 99.709955
09/26 09:07:50 AM train 550 2.853220e-01 90.086207 99.676724
09/26 09:07:54 AM train 600 2.869770e-01 90.042637 99.680220
09/26 09:07:59 AM train 650 2.869025e-01 90.048963 99.678379
09/26 09:08:03 AM train 700 2.852896e-01 90.045471 99.685717
09/26 09:08:07 AM train 750 2.855630e-01 90.027879 99.681674
09/26 09:08:10 AM train_acc 90.016000
09/26 09:08:10 AM valid 000 3.529207e-01 89.062500 100.000000
09/26 09:08:11 AM valid 050 4.366732e-01 86.488971 99.601716
09/26 09:08:13 AM valid 100 4.329276e-01 86.618193 99.489480
09/26 09:08:14 AM valid 150 4.292743e-01 86.548013 99.513659
09/26 09:08:14 AM valid_acc 86.530000, best_acc 89.290000
09/26 09:08:14 AM epoch 21 lr 2.490981e-02
09/26 09:08:14 AM train 000 1.376629e-01 95.312500 100.000000
09/26 09:08:19 AM train 050 2.676024e-01 90.257353 99.908088
09/26 09:08:23 AM train 100 2.731465e-01 90.269183 99.752475
09/26 09:08:27 AM train 150 2.771220e-01 90.252483 99.772351
09/26 09:08:31 AM train 200 2.765083e-01 90.244092 99.797886
09/26 09:08:36 AM train 250 2.773277e-01 90.263944 99.813247
09/26 09:08:40 AM train 300 2.794497e-01 90.126661 99.813123
09/26 09:08:44 AM train 350 2.789055e-01 90.153134 99.813034
09/26 09:08:48 AM train 400 2.788955e-01 90.165212 99.812968
09/26 09:08:52 AM train 450 2.792444e-01 90.226580 99.809451
09/26 09:08:57 AM train 500 2.772760e-01 90.338074 99.803518
09/26 09:09:01 AM train 550 2.792595e-01 90.216652 99.790154
09/26 09:09:05 AM train 600 2.792315e-01 90.193428 99.789413
09/26 09:09:09 AM train 650 2.828396e-01 90.116167 99.779186
09/26 09:09:14 AM train 700 2.836855e-01 90.098966 99.765959
09/26 09:09:18 AM train 750 2.829810e-01 90.152713 99.771138
09/26 09:09:20 AM train_acc 90.126000
09/26 09:09:21 AM valid 000 5.962301e-01 78.125000 98.437500
09/26 09:09:22 AM valid 050 4.946566e-01 84.436275 99.203431
09/26 09:09:23 AM valid 100 4.857559e-01 84.916460 99.257426
09/26 09:09:24 AM valid 150 4.765696e-01 85.171772 99.296358
09/26 09:09:24 AM valid_acc 85.230000, best_acc 89.290000
09/26 09:09:24 AM epoch 22 lr 2.490178e-02
09/26 09:09:25 AM train 000 2.200395e-01 92.187500 98.437500
09/26 09:09:29 AM train 050 2.610341e-01 91.053922 99.754902
09/26 09:09:33 AM train 100 2.556126e-01 91.444926 99.798886
09/26 09:09:37 AM train 150 2.543003e-01 91.390728 99.803394
09/26 09:09:42 AM train 200 2.558513e-01 91.309080 99.805659
09/26 09:09:46 AM train 250 2.586111e-01 91.154133 99.800797
09/26 09:09:50 AM train 300 2.671669e-01 90.801495 99.781977
09/26 09:09:54 AM train 350 2.651772e-01 90.941061 99.781873
09/26 09:09:58 AM train 400 2.687381e-01 90.761378 99.785692
09/26 09:10:03 AM train 450 2.716972e-01 90.718542 99.778271
09/26 09:10:07 AM train 500 2.735092e-01 90.631238 99.775449
09/26 09:10:12 AM train 550 2.761204e-01 90.525749 99.773140
09/26 09:10:16 AM train 600 2.775128e-01 90.479409 99.766015
09/26 09:10:20 AM train 650 2.761226e-01 90.545795 99.767185
09/26 09:10:25 AM train 700 2.767590e-01 90.509094 99.761501
09/26 09:10:29 AM train 750 2.773784e-01 90.475200 99.762816
09/26 09:10:32 AM train_acc 90.424000
09/26 09:10:32 AM valid 000 4.354482e-01 89.062500 98.437500
09/26 09:10:33 AM valid 050 3.477190e-01 88.970588 99.693627
09/26 09:10:35 AM valid 100 3.371547e-01 89.155322 99.644183
09/26 09:10:36 AM valid 150 3.337783e-01 89.217715 99.637831
09/26 09:10:36 AM valid_acc 89.200000, best_acc 89.290000
09/26 09:10:36 AM epoch 23 lr 2.489340e-02
09/26 09:10:37 AM train 000 1.578439e-01 93.750000 100.000000
09/26 09:10:41 AM train 050 2.498480e-01 91.145833 99.938725
09/26 09:10:45 AM train 100 2.516062e-01 91.290223 99.876238
09/26 09:10:50 AM train 150 2.500288e-01 91.214818 99.824089
09/26 09:10:54 AM train 200 2.624491e-01 90.718284 99.813433
09/26 09:10:59 AM train 250 2.625249e-01 90.730827 99.763446
09/26 09:11:03 AM train 300 2.654549e-01 90.619809 99.771595
09/26 09:11:07 AM train 350 2.681702e-01 90.549323 99.772970
09/26 09:11:12 AM train 400 2.717260e-01 90.437968 99.746727
09/26 09:11:16 AM train 450 2.721849e-01 90.462167 99.750554
09/26 09:11:21 AM train 500 2.731144e-01 90.394212 99.753618
09/26 09:11:25 AM train 550 2.744404e-01 90.400975 99.747618
09/26 09:11:29 AM train 600 2.735181e-01 90.466410 99.753016
09/26 09:11:34 AM train 650 2.739419e-01 90.504992 99.750384
09/26 09:11:38 AM train 700 2.746716e-01 90.500178 99.741441
09/26 09:11:42 AM train 750 2.763829e-01 90.464797 99.735769
09/26 09:11:45 AM train_acc 90.496000
09/26 09:11:45 AM valid 000 5.470737e-01 81.250000 100.000000
09/26 09:11:47 AM valid 050 4.046566e-01 87.193627 99.571078
09/26 09:11:48 AM valid 100 4.079242e-01 87.020421 99.474010
09/26 09:11:49 AM valid 150 3.991056e-01 87.055050 99.534354
09/26 09:11:49 AM valid_acc 87.120000, best_acc 89.290000
09/26 09:11:49 AM epoch 24 lr 2.488469e-02
09/26 09:11:50 AM train 000 3.021983e-01 87.500000 100.000000
09/26 09:11:54 AM train 050 2.502325e-01 91.176471 99.816176
09/26 09:11:58 AM train 100 2.440794e-01 91.615099 99.814356
09/26 09:12:03 AM train 150 2.513035e-01 91.338990 99.793046
09/26 09:12:07 AM train 200 2.522156e-01 91.371269 99.782338
09/26 09:12:11 AM train 250 2.569571e-01 91.166584 99.788347
09/26 09:12:16 AM train 300 2.638385e-01 90.962417 99.771595
09/26 09:12:20 AM train 350 2.645182e-01 90.923255 99.781873
09/26 09:12:24 AM train 400 2.662476e-01 90.882170 99.797382
09/26 09:12:29 AM train 450 2.675758e-01 90.839800 99.788664
09/26 09:12:33 AM train 500 2.696926e-01 90.802769 99.778568
09/26 09:12:37 AM train 550 2.673216e-01 90.905740 99.781647
09/26 09:12:42 AM train 600 2.699690e-01 90.780990 99.776414
09/26 09:12:46 AM train 650 2.701508e-01 90.761809 99.771985
09/26 09:12:50 AM train 700 2.703258e-01 90.729761 99.759272
09/26 09:12:55 AM train 750 2.711108e-01 90.699900 99.760736
09/26 09:12:57 AM train_acc 90.702000
09/26 09:12:57 AM valid 000 3.909392e-01 89.062500 100.000000
09/26 09:12:59 AM valid 050 3.572570e-01 88.388480 99.693627
09/26 09:13:00 AM valid 100 3.662751e-01 88.335396 99.551361
09/26 09:13:01 AM valid 150 3.634956e-01 88.524421 99.565397
09/26 09:13:02 AM valid_acc 88.560000, best_acc 89.290000
09/26 09:13:02 AM epoch 25 lr 2.487564e-02
09/26 09:13:02 AM train 000 1.914027e-01 95.312500 100.000000
09/26 09:13:06 AM train 050 2.531290e-01 91.268382 99.724265
09/26 09:13:11 AM train 100 2.460681e-01 91.444926 99.690594
09/26 09:13:15 AM train 150 2.574513e-01 91.007864 99.710265
09/26 09:13:19 AM train 200 2.619735e-01 90.959266 99.727923
09/26 09:13:23 AM train 250 2.601854e-01 91.004731 99.738546
09/26 09:13:28 AM train 300 2.633636e-01 90.894934 99.735257
09/26 09:13:32 AM train 350 2.633784e-01 90.838675 99.741809
09/26 09:13:37 AM train 400 2.650499e-01 90.815929 99.754520
09/26 09:13:41 AM train 450 2.696545e-01 90.638858 99.757483
09/26 09:13:45 AM train 500 2.705699e-01 90.653069 99.753618
09/26 09:13:49 AM train 550 2.712564e-01 90.644850 99.756125
09/26 09:13:54 AM train 600 2.732606e-01 90.599002 99.747816
09/26 09:13:58 AM train 650 2.723730e-01 90.620200 99.750384
09/26 09:14:02 AM train 700 2.721667e-01 90.656205 99.754815
09/26 09:14:07 AM train 750 2.735659e-01 90.597953 99.750333
09/26 09:14:09 AM train_acc 90.596000
09/26 09:14:09 AM valid 000 4.915245e-01 87.500000 98.437500
09/26 09:14:11 AM valid 050 3.997620e-01 87.224265 99.264706
09/26 09:14:12 AM valid 100 3.915721e-01 87.484530 99.272896
09/26 09:14:14 AM valid 150 3.840201e-01 87.624172 99.327401
09/26 09:14:14 AM valid_acc 87.570000, best_acc 89.290000
09/26 09:14:14 AM epoch 26 lr 2.486625e-02
09/26 09:14:14 AM train 000 1.744993e-01 96.875000 100.000000
09/26 09:14:18 AM train 050 2.407624e-01 91.452206 99.908088
09/26 09:14:23 AM train 100 2.603604e-01 90.949876 99.891708
09/26 09:14:27 AM train 150 2.544985e-01 91.318295 99.813742
09/26 09:14:31 AM train 200 2.556588e-01 91.231343 99.821206
09/26 09:14:36 AM train 250 2.587807e-01 91.123008 99.844373
09/26 09:14:40 AM train 300 2.571216e-01 91.170058 99.818314
09/26 09:14:44 AM train 350 2.563182e-01 91.159188 99.790776
09/26 09:14:49 AM train 400 2.589355e-01 91.112064 99.781796
09/26 09:14:53 AM train 450 2.591612e-01 91.116962 99.771341
09/26 09:14:57 AM train 500 2.621832e-01 91.002370 99.778568
09/26 09:15:02 AM train 550 2.622344e-01 91.027677 99.764632
09/26 09:15:06 AM train 600 2.649060e-01 90.908382 99.760815
09/26 09:15:10 AM train 650 2.656709e-01 90.884217 99.755184
09/26 09:15:15 AM train 700 2.673131e-01 90.825606 99.745899
09/26 09:15:19 AM train 750 2.671059e-01 90.860103 99.750333
09/26 09:15:21 AM train_acc 90.906000
09/26 09:15:22 AM valid 000 5.323132e-01 81.250000 100.000000
09/26 09:15:23 AM valid 050 4.145313e-01 86.764706 99.693627
09/26 09:15:24 AM valid 100 4.193340e-01 86.757426 99.613243
09/26 09:15:25 AM valid 150 4.179364e-01 86.754967 99.658526
09/26 09:15:26 AM valid_acc 86.700000, best_acc 89.290000
09/26 09:15:26 AM epoch 27 lr 2.485652e-02
09/26 09:15:26 AM train 000 2.686931e-01 90.625000 98.437500
09/26 09:15:30 AM train 050 2.511792e-01 91.145833 99.877451
09/26 09:15:34 AM train 100 2.361904e-01 91.862624 99.845297
09/26 09:15:39 AM train 150 2.463297e-01 91.752897 99.793046
09/26 09:15:43 AM train 200 2.561881e-01 91.371269 99.766791
09/26 09:15:47 AM train 250 2.496219e-01 91.558765 99.782122
09/26 09:15:52 AM train 300 2.532638e-01 91.414037 99.776786
09/26 09:15:56 AM train 350 2.531650e-01 91.461895 99.777422
09/26 09:16:01 AM train 400 2.597413e-01 91.201683 99.766209
09/26 09:16:05 AM train 450 2.607341e-01 91.144678 99.757483
09/26 09:16:09 AM train 500 2.615733e-01 91.130240 99.762974
09/26 09:16:14 AM train 550 2.619340e-01 91.121257 99.758961
09/26 09:16:18 AM train 600 2.643112e-01 91.004576 99.758215
09/26 09:16:22 AM train 650 2.679650e-01 90.893817 99.759985
09/26 09:16:27 AM train 700 2.696391e-01 90.796630 99.759272
09/26 09:16:31 AM train 750 2.692755e-01 90.795606 99.760736
09/26 09:16:33 AM train_acc 90.746000
09/26 09:16:33 AM valid 000 4.459400e-01 87.500000 98.437500
09/26 09:16:35 AM valid 050 4.030362e-01 87.193627 99.356618
09/26 09:16:36 AM valid 100 4.039956e-01 87.035891 99.350248
09/26 09:16:37 AM valid 150 4.041822e-01 86.827401 99.348096
09/26 09:16:37 AM valid_acc 86.900000, best_acc 89.290000
09/26 09:16:37 AM epoch 28 lr 2.484645e-02
09/26 09:16:37 AM train 000 2.610105e-01 95.312500 98.437500
09/26 09:16:41 AM train 050 2.607805e-01 91.452206 99.754902
09/26 09:16:46 AM train 100 2.589492e-01 91.444926 99.690594
09/26 09:16:50 AM train 150 2.622599e-01 91.225166 99.699917
09/26 09:16:54 AM train 200 2.594499e-01 91.200249 99.689055
09/26 09:16:58 AM train 250 2.614986e-01 91.147908 99.694970
09/26 09:17:02 AM train 300 2.644103e-01 91.009136 99.719684
09/26 09:17:07 AM train 350 2.636002e-01 90.918803 99.728454
09/26 09:17:11 AM train 400 2.655676e-01 90.839308 99.719451
09/26 09:17:15 AM train 450 2.663296e-01 90.808620 99.722838
09/26 09:17:19 AM train 500 2.690263e-01 90.712325 99.738024
09/26 09:17:23 AM train 550 2.689293e-01 90.710073 99.741946
09/26 09:17:28 AM train 600 2.691868e-01 90.679597 99.750416
09/26 09:17:32 AM train 650 2.710821e-01 90.665803 99.745584
09/26 09:17:36 AM train 700 2.719233e-01 90.685182 99.736983
09/26 09:17:40 AM train 750 2.731410e-01 90.625000 99.725366
09/26 09:17:43 AM train_acc 90.612000
09/26 09:17:43 AM valid 000 3.694170e-01 89.062500 100.000000
09/26 09:17:44 AM valid 050 3.975302e-01 87.561275 99.387255
09/26 09:17:45 AM valid 100 3.829155e-01 87.670173 99.412129
09/26 09:17:46 AM valid 150 3.871430e-01 87.417219 99.472268
09/26 09:17:47 AM valid_acc 87.450000, best_acc 89.290000
09/26 09:17:47 AM epoch 29 lr 2.483604e-02
09/26 09:17:47 AM train 000 3.314987e-01 85.937500 100.000000
09/26 09:17:51 AM train 050 2.388131e-01 91.819853 99.754902
09/26 09:17:55 AM train 100 2.340746e-01 91.847153 99.798886
09/26 09:18:00 AM train 150 2.355516e-01 91.918460 99.782699
09/26 09:18:04 AM train 200 2.420741e-01 91.744403 99.774565
09/26 09:18:08 AM train 250 2.450566e-01 91.701942 99.775896
09/26 09:18:12 AM train 300 2.542926e-01 91.310216 99.750831
09/26 09:18:16 AM train 350 2.517568e-01 91.377315 99.746261
09/26 09:18:21 AM train 400 2.532872e-01 91.322475 99.758416
09/26 09:18:25 AM train 450 2.541266e-01 91.262472 99.764412
09/26 09:18:29 AM train 500 2.574784e-01 91.124002 99.772330
09/26 09:18:33 AM train 550 2.610927e-01 91.047527 99.753289
09/26 09:18:37 AM train 600 2.618169e-01 91.014975 99.753016
09/26 09:18:42 AM train 650 2.616891e-01 90.999424 99.752784
09/26 09:18:46 AM train 700 2.642565e-01 90.939283 99.754815
09/26 09:18:50 AM train 750 2.647772e-01 90.897553 99.762816
09/26 09:18:53 AM train_acc 90.856000
09/26 09:18:53 AM valid 000 4.182869e-01 87.500000 98.437500
09/26 09:18:54 AM valid 050 4.121627e-01 86.672794 99.417892
09/26 09:18:55 AM valid 100 4.045961e-01 86.896658 99.489480
09/26 09:18:56 AM valid 150 3.946321e-01 87.127483 99.461921
09/26 09:18:56 AM valid_acc 87.150000, best_acc 89.290000
09/26 09:18:57 AM epoch 30 lr 2.482529e-02
09/26 09:18:57 AM train 000 3.080255e-01 90.625000 100.000000
09/26 09:19:01 AM train 050 2.632707e-01 90.625000 99.754902
09/26 09:19:05 AM train 100 2.594392e-01 90.996287 99.798886
09/26 09:19:10 AM train 150 2.612852e-01 90.780215 99.741308
09/26 09:19:14 AM train 200 2.573714e-01 90.974813 99.759017
09/26 09:19:19 AM train 250 2.631284e-01 90.855329 99.794572
09/26 09:19:23 AM train 300 2.629238e-01 90.791113 99.766404
09/26 09:19:27 AM train 350 2.603979e-01 90.927707 99.746261
09/26 09:19:32 AM train 400 2.640705e-01 90.819825 99.746727
09/26 09:19:36 AM train 450 2.669107e-01 90.742794 99.740161
09/26 09:19:40 AM train 500 2.673045e-01 90.762226 99.766093
09/26 09:19:45 AM train 550 2.693678e-01 90.661865 99.767468
09/26 09:19:49 AM train 600 2.685202e-01 90.721194 99.768615
09/26 09:19:53 AM train 650 2.686827e-01 90.721006 99.774386
09/26 09:19:58 AM train 700 2.681710e-01 90.736448 99.781562
09/26 09:20:02 AM train 750 2.681679e-01 90.760236 99.781541
09/26 09:20:04 AM train_acc 90.764000
09/26 09:20:04 AM valid 000 3.921329e-01 89.062500 100.000000
09/26 09:20:06 AM valid 050 4.393228e-01 86.458333 99.448529
09/26 09:20:07 AM valid 100 4.490632e-01 85.782797 99.272896
09/26 09:20:08 AM valid 150 4.403917e-01 85.771937 99.337748
09/26 09:20:08 AM valid_acc 85.780000, best_acc 89.290000
09/26 09:20:08 AM epoch 31 lr 2.481421e-02
09/26 09:20:09 AM train 000 5.286766e-01 87.500000 96.875000
09/26 09:20:13 AM train 050 2.612557e-01 91.268382 99.662990
09/26 09:20:17 AM train 100 2.648001e-01 90.996287 99.706064
09/26 09:20:22 AM train 150 2.613041e-01 91.235513 99.720613
09/26 09:20:26 AM train 200 2.610714e-01 91.239117 99.727923
09/26 09:20:30 AM train 250 2.608740e-01 91.185259 99.750996
09/26 09:20:34 AM train 300 2.615762e-01 91.149294 99.745640
09/26 09:20:38 AM train 350 2.636630e-01 91.141382 99.719551
09/26 09:20:43 AM train 400 2.640605e-01 91.119857 99.738934
09/26 09:20:47 AM train 450 2.661201e-01 90.936807 99.733232
09/26 09:20:51 AM train 500 2.682359e-01 90.837076 99.719311
09/26 09:20:56 AM train 550 2.667966e-01 90.863203 99.733439
09/26 09:21:00 AM train 600 2.663942e-01 90.908382 99.742616
09/26 09:21:04 AM train 650 2.661098e-01 90.917819 99.747984
09/26 09:21:08 AM train 700 2.663495e-01 90.925909 99.743670
09/26 09:21:13 AM train 750 2.657312e-01 90.962051 99.744091
09/26 09:21:15 AM train_acc 90.952000
09/26 09:21:15 AM valid 000 6.358983e-01 82.812500 100.000000
09/26 09:21:17 AM valid 050 4.489825e-01 86.580882 99.417892
09/26 09:21:18 AM valid 100 4.343713e-01 86.664604 99.365718
09/26 09:21:19 AM valid 150 4.351778e-01 86.403146 99.368791
09/26 09:21:19 AM valid_acc 86.490000, best_acc 89.290000
09/26 09:21:19 AM epoch 32 lr 2.480279e-02
09/26 09:21:19 AM train 000 2.158650e-01 90.625000 100.000000
09/26 09:21:24 AM train 050 2.429307e-01 91.574755 99.908088
09/26 09:21:28 AM train 100 2.469733e-01 91.383045 99.876238
09/26 09:21:32 AM train 150 2.405777e-01 91.525248 99.813742
09/26 09:21:36 AM train 200 2.416807e-01 91.518968 99.821206
09/26 09:21:41 AM train 250 2.457126e-01 91.496514 99.788347
09/26 09:21:45 AM train 300 2.540158e-01 91.237542 99.776786
09/26 09:21:49 AM train 350 2.567082e-01 91.185897 99.781873
09/26 09:21:53 AM train 400 2.542301e-01 91.256234 99.789589
09/26 09:21:58 AM train 450 2.573393e-01 91.175859 99.750554
09/26 09:22:02 AM train 500 2.608099e-01 91.124002 99.738024
09/26 09:22:06 AM train 550 2.617061e-01 91.104242 99.733439
09/26 09:22:10 AM train 600 2.640360e-01 91.022775 99.737417
09/26 09:22:15 AM train 650 2.647998e-01 91.037826 99.735983
09/26 09:22:19 AM train 700 2.663436e-01 90.995007 99.732525
09/26 09:22:23 AM train 750 2.675354e-01 90.939164 99.731608
09/26 09:22:26 AM train_acc 90.916000
09/26 09:22:26 AM valid 000 4.035471e-01 84.375000 100.000000
09/26 09:22:27 AM valid 050 4.587797e-01 85.447304 99.234069
09/26 09:22:28 AM valid 100 4.532392e-01 85.473391 99.272896
09/26 09:22:30 AM valid 150 4.429975e-01 85.564983 99.368791
09/26 09:22:30 AM valid_acc 85.630000, best_acc 89.290000
09/26 09:22:30 AM epoch 33 lr 2.479103e-02
09/26 09:22:30 AM train 000 2.536263e-01 90.625000 100.000000
09/26 09:22:34 AM train 050 2.284241e-01 92.187500 99.816176
09/26 09:22:39 AM train 100 2.409403e-01 91.707921 99.798886
09/26 09:22:43 AM train 150 2.398424e-01 91.742550 99.813742
09/26 09:22:47 AM train 200 2.426498e-01 91.697761 99.797886
09/26 09:22:51 AM train 250 2.516395e-01 91.365787 99.782122
09/26 09:22:56 AM train 300 2.535471e-01 91.273879 99.761213
09/26 09:23:00 AM train 350 2.574489e-01 91.079060 99.777422
09/26 09:23:04 AM train 400 2.574112e-01 91.139339 99.777899
09/26 09:23:08 AM train 450 2.573007e-01 91.165466 99.774806
09/26 09:23:13 AM train 500 2.599329e-01 91.030439 99.753618
09/26 09:23:17 AM train 550 2.608832e-01 90.970962 99.756125
09/26 09:23:21 AM train 600 2.614079e-01 90.921381 99.758215
09/26 09:23:25 AM train 650 2.622415e-01 90.927419 99.757584
09/26 09:23:30 AM train 700 2.636955e-01 90.888017 99.754815
09/26 09:23:34 AM train 750 2.636698e-01 90.889231 99.762816
09/26 09:23:37 AM train_acc 90.938000
09/26 09:23:37 AM valid 000 2.837191e-01 92.187500 100.000000
09/26 09:23:38 AM valid 050 3.712992e-01 87.928922 99.509804
09/26 09:23:39 AM valid 100 3.702158e-01 88.165223 99.551361
09/26 09:23:41 AM valid 150 3.697711e-01 88.100166 99.565397
09/26 09:23:41 AM valid_acc 88.130000, best_acc 89.290000
09/26 09:23:41 AM epoch 34 lr 2.477893e-02
09/26 09:23:41 AM train 000 2.697402e-01 90.625000 100.000000
09/26 09:23:45 AM train 050 2.566921e-01 91.237745 99.877451
09/26 09:23:50 AM train 100 2.412890e-01 91.909035 99.860767
09/26 09:23:54 AM train 150 2.376307e-01 91.928808 99.855132
09/26 09:23:58 AM train 200 2.401666e-01 91.759950 99.883396
09/26 09:24:02 AM train 250 2.452070e-01 91.695717 99.813247
09/26 09:24:07 AM train 300 2.462342e-01 91.663206 99.807932
09/26 09:24:11 AM train 350 2.501858e-01 91.533120 99.808583
09/26 09:24:15 AM train 400 2.519249e-01 91.404302 99.812968
09/26 09:24:19 AM train 450 2.546389e-01 91.234756 99.812916
09/26 09:24:23 AM train 500 2.572557e-01 91.186377 99.797280
09/26 09:24:28 AM train 550 2.594556e-01 91.124093 99.787319
09/26 09:24:32 AM train 600 2.608870e-01 91.111169 99.779014
09/26 09:24:36 AM train 650 2.626108e-01 91.045027 99.779186
09/26 09:24:41 AM train 700 2.641448e-01 90.988320 99.768188
09/26 09:24:45 AM train 750 2.653152e-01 90.949567 99.756575
09/26 09:24:48 AM train_acc 90.912000
09/26 09:24:48 AM valid 000 6.440955e-01 81.250000 100.000000
09/26 09:24:49 AM valid 050 3.540117e-01 88.296569 99.571078
09/26 09:24:50 AM valid 100 3.496136e-01 88.660272 99.504950
09/26 09:24:51 AM valid 150 3.415432e-01 88.752070 99.586093
09/26 09:24:52 AM valid_acc 88.780000, best_acc 89.290000
09/26 09:24:52 AM epoch 35 lr 2.476650e-02
09/26 09:24:52 AM train 000 2.039886e-01 93.750000 100.000000
09/26 09:24:56 AM train 050 2.856123e-01 90.287990 99.846814
09/26 09:25:00 AM train 100 2.757780e-01 90.563119 99.783416
09/26 09:25:05 AM train 150 2.715184e-01 90.749172 99.699917
09/26 09:25:09 AM train 200 2.682254e-01 90.819341 99.727923
09/26 09:25:13 AM train 250 2.653106e-01 90.898904 99.757221
09/26 09:25:17 AM train 300 2.656285e-01 90.874169 99.761213
09/26 09:25:22 AM train 350 2.669823e-01 90.811966 99.724003
09/26 09:25:26 AM train 400 2.640473e-01 90.878273 99.742830
09/26 09:25:30 AM train 450 2.622545e-01 90.902162 99.754019
09/26 09:25:34 AM train 500 2.628128e-01 90.902570 99.762974
09/26 09:25:39 AM train 550 2.619927e-01 91.016334 99.761797
09/26 09:25:43 AM train 600 2.610110e-01 91.022775 99.758215
09/26 09:25:47 AM train 650 2.598441e-01 91.088230 99.764785
09/26 09:25:51 AM train 700 2.609404e-01 91.075250 99.754815
09/26 09:25:55 AM train 750 2.624597e-01 91.026548 99.752413
09/26 09:25:58 AM train_acc 90.998000
09/26 09:25:58 AM valid 000 4.765512e-01 84.375000 100.000000
09/26 09:25:59 AM valid 050 3.751858e-01 88.357843 99.356618
09/26 09:26:01 AM valid 100 3.856632e-01 87.886757 99.350248
09/26 09:26:02 AM valid 150 3.826212e-01 88.007036 99.441225
09/26 09:26:02 AM valid_acc 87.990000, best_acc 89.290000
09/26 09:26:02 AM epoch 36 lr 2.475373e-02
09/26 09:26:02 AM train 000 2.236844e-01 92.187500 100.000000
09/26 09:26:07 AM train 050 2.445089e-01 91.299020 99.754902
09/26 09:26:11 AM train 100 2.427035e-01 91.630569 99.721535
09/26 09:26:15 AM train 150 2.455033e-01 91.525248 99.782699
09/26 09:26:19 AM train 200 2.404545e-01 91.775498 99.782338
09/26 09:26:24 AM train 250 2.398030e-01 91.807769 99.788347
09/26 09:26:28 AM train 300 2.444291e-01 91.658015 99.792359
09/26 09:26:32 AM train 350 2.478388e-01 91.533120 99.772970
09/26 09:26:36 AM train 400 2.491459e-01 91.564059 99.762313
09/26 09:26:41 AM train 450 2.514423e-01 91.484202 99.767877
09/26 09:26:45 AM train 500 2.531511e-01 91.404691 99.762974
09/26 09:26:49 AM train 550 2.557317e-01 91.288566 99.767468
09/26 09:26:53 AM train 600 2.560103e-01 91.282758 99.776414
09/26 09:26:58 AM train 650 2.552663e-01 91.313844 99.788786
09/26 09:27:02 AM train 700 2.568220e-01 91.287001 99.788249
09/26 09:27:06 AM train 750 2.570203e-01 91.251248 99.783622
09/26 09:27:09 AM train_acc 91.170000
09/26 09:27:09 AM valid 000 4.571052e-01 87.500000 98.437500
09/26 09:27:10 AM valid 050 4.165648e-01 86.642157 99.203431
09/26 09:27:11 AM valid 100 4.139323e-01 86.927599 99.350248
09/26 09:27:13 AM valid 150 4.036122e-01 87.303394 99.358444
09/26 09:27:13 AM valid_acc 87.340000, best_acc 89.290000
09/26 09:27:13 AM epoch 37 lr 2.474063e-02
09/26 09:27:13 AM train 000 2.062443e-01 93.750000 100.000000
09/26 09:27:17 AM train 050 2.259599e-01 92.156863 99.969363
09/26 09:27:22 AM train 100 2.405068e-01 91.522277 99.860767
09/26 09:27:26 AM train 150 2.423153e-01 91.608030 99.834437
09/26 09:27:30 AM train 200 2.456915e-01 91.487873 99.844527
09/26 09:27:34 AM train 250 2.534112e-01 91.185259 99.813247
09/26 09:27:38 AM train 300 2.532225e-01 91.227159 99.802741
09/26 09:27:43 AM train 350 2.524176e-01 91.297187 99.781873
09/26 09:27:47 AM train 400 2.554166e-01 91.240648 99.785692
09/26 09:27:51 AM train 450 2.567297e-01 91.207040 99.781735
09/26 09:27:55 AM train 500 2.575435e-01 91.142715 99.784805
09/26 09:28:00 AM train 550 2.598881e-01 91.087228 99.778811
09/26 09:28:04 AM train 600 2.613326e-01 91.048773 99.771215
09/26 09:28:08 AM train 650 2.608770e-01 91.064228 99.776786
09/26 09:28:12 AM train 700 2.611582e-01 91.055189 99.777104
09/26 09:28:17 AM train 750 2.619612e-01 91.036951 99.773219
09/26 09:28:19 AM train_acc 91.038000
09/26 09:28:19 AM valid 000 5.187276e-01 85.937500 98.437500
09/26 09:28:21 AM valid 050 3.655809e-01 88.143382 99.632353
09/26 09:28:22 AM valid 100 3.585279e-01 88.459158 99.644183
09/26 09:28:23 AM valid 150 3.457253e-01 88.938328 99.668874
09/26 09:28:23 AM valid_acc 88.950000, best_acc 89.290000
09/26 09:28:23 AM epoch 38 lr 2.472719e-02
09/26 09:28:24 AM train 000 2.009332e-01 90.625000 100.000000
09/26 09:28:28 AM train 050 2.606530e-01 91.053922 99.693627
09/26 09:28:32 AM train 100 2.396881e-01 91.909035 99.814356
09/26 09:28:36 AM train 150 2.316070e-01 92.270281 99.803394
09/26 09:28:41 AM train 200 2.402899e-01 91.845460 99.813433
09/26 09:28:45 AM train 250 2.457244e-01 91.633466 99.800797
09/26 09:28:49 AM train 300 2.451684e-01 91.652824 99.813123
09/26 09:28:53 AM train 350 2.464872e-01 91.550926 99.817486
09/26 09:28:58 AM train 400 2.465877e-01 91.525094 99.781796
09/26 09:29:02 AM train 450 2.480340e-01 91.449557 99.781735
09/26 09:29:06 AM train 500 2.499244e-01 91.351672 99.778568
09/26 09:29:10 AM train 550 2.495110e-01 91.348117 99.781647
09/26 09:29:15 AM train 600 2.517557e-01 91.233361 99.784214
09/26 09:29:19 AM train 650 2.540340e-01 91.186636 99.764785
09/26 09:29:23 AM train 700 2.558887e-01 91.142118 99.774875
09/26 09:29:27 AM train 750 2.554861e-01 91.170107 99.766977
09/26 09:29:30 AM train_acc 91.166000
09/26 09:29:30 AM valid 000 5.059023e-01 85.937500 100.000000
09/26 09:29:31 AM valid 050 4.537958e-01 86.366422 99.356618
09/26 09:29:33 AM valid 100 4.502819e-01 86.401609 99.427599
09/26 09:29:34 AM valid 150 4.542224e-01 86.278974 99.503311
09/26 09:29:34 AM valid_acc 86.400000, best_acc 89.290000
09/26 09:29:34 AM epoch 39 lr 2.471341e-02
09/26 09:29:34 AM train 000 1.906110e-01 92.187500 100.000000
09/26 09:29:39 AM train 050 2.371670e-01 92.003676 99.816176
09/26 09:29:43 AM train 100 2.402949e-01 91.847153 99.845297
09/26 09:29:47 AM train 150 2.388617e-01 91.887417 99.886175
09/26 09:29:51 AM train 200 2.333062e-01 92.148632 99.852301
09/26 09:29:56 AM train 250 2.303068e-01 92.193725 99.856823
09/26 09:30:00 AM train 300 2.339169e-01 91.990241 99.859842
09/26 09:30:04 AM train 350 2.367786e-01 91.840278 99.866453
09/26 09:30:08 AM train 400 2.424645e-01 91.665368 99.848036
09/26 09:30:12 AM train 450 2.459988e-01 91.463415 99.840632
09/26 09:30:17 AM train 500 2.464135e-01 91.498253 99.847181
09/26 09:30:21 AM train 550 2.468179e-01 91.498412 99.849705
09/26 09:30:25 AM train 600 2.476055e-01 91.501144 99.841410
09/26 09:30:29 AM train 650 2.502650e-01 91.453053 99.817588
09/26 09:30:33 AM train 700 2.501528e-01 91.458631 99.817225
09/26 09:30:38 AM train 750 2.505035e-01 91.446821 99.816911
09/26 09:30:40 AM train_acc 91.408000
09/26 09:30:40 AM valid 000 4.948747e-01 84.375000 98.437500
09/26 09:30:42 AM valid 050 3.886272e-01 88.020833 99.601716
09/26 09:30:43 AM valid 100 3.840233e-01 88.025990 99.566832
09/26 09:30:44 AM valid 150 3.859373e-01 88.027732 99.627483
09/26 09:30:44 AM valid_acc 88.050000, best_acc 89.290000
09/26 09:30:44 AM epoch 40 lr 2.469930e-02
09/26 09:30:44 AM train 000 3.121263e-01 90.625000 98.437500
09/26 09:30:49 AM train 050 2.596264e-01 90.533088 99.785539
09/26 09:30:53 AM train 100 2.451416e-01 91.321163 99.829827
09/26 09:30:57 AM train 150 2.519508e-01 91.028560 99.855132
09/26 09:31:01 AM train 200 2.552741e-01 90.943719 99.844527
09/26 09:31:06 AM train 250 2.512669e-01 91.054532 99.838147
09/26 09:31:10 AM train 300 2.519895e-01 91.092193 99.828696
09/26 09:31:14 AM train 350 2.518852e-01 91.136930 99.813034
09/26 09:31:18 AM train 400 2.528848e-01 91.205580 99.809071
09/26 09:31:23 AM train 450 2.527638e-01 91.193182 99.809451
09/26 09:31:27 AM train 500 2.542886e-01 91.173902 99.800399
09/26 09:31:31 AM train 550 2.553301e-01 91.189315 99.790154
09/26 09:31:35 AM train 600 2.557083e-01 91.173565 99.792013
09/26 09:31:40 AM train 650 2.546282e-01 91.217838 99.793587
09/26 09:31:44 AM train 700 2.575937e-01 91.088623 99.781562
09/26 09:31:49 AM train 750 2.573462e-01 91.122254 99.779461
09/26 09:31:51 AM train_acc 91.158000
09/26 09:31:51 AM valid 000 3.770516e-01 84.375000 100.000000
09/26 09:31:53 AM valid 050 4.713702e-01 85.876225 99.295343
09/26 09:31:54 AM valid 100 4.635667e-01 85.720916 99.334777
09/26 09:31:55 AM valid 150 4.544434e-01 85.802980 99.399834
09/26 09:31:56 AM valid_acc 85.870000, best_acc 89.290000
09/26 09:31:56 AM epoch 41 lr 2.468486e-02
09/26 09:31:56 AM train 000 2.217962e-01 92.187500 100.000000
09/26 09:32:00 AM train 050 2.421628e-01 91.697304 99.724265
09/26 09:32:05 AM train 100 2.474671e-01 91.537748 99.675124
09/26 09:32:09 AM train 150 2.387225e-01 91.897765 99.710265
09/26 09:32:13 AM train 200 2.361170e-01 91.930970 99.766791
09/26 09:32:18 AM train 250 2.386982e-01 91.745518 99.763446
09/26 09:32:22 AM train 300 2.390751e-01 91.709925 99.771595
09/26 09:32:26 AM train 350 2.415838e-01 91.599893 99.772970
09/26 09:32:30 AM train 400 2.420883e-01 91.591334 99.785692
09/26 09:32:34 AM train 450 2.446856e-01 91.522312 99.771341
09/26 09:32:38 AM train 500 2.451381e-01 91.529441 99.769212
09/26 09:32:42 AM train 550 2.445137e-01 91.543784 99.773140
09/26 09:32:47 AM train 600 2.464684e-01 91.490745 99.771215
09/26 09:32:51 AM train 650 2.476239e-01 91.493856 99.774386
09/26 09:32:55 AM train 700 2.480636e-01 91.469775 99.757044
09/26 09:32:59 AM train 750 2.488753e-01 91.411451 99.762816
09/26 09:33:02 AM train_acc 91.366000
09/26 09:33:02 AM valid 000 4.173170e-01 90.625000 98.437500
09/26 09:33:03 AM valid 050 3.340877e-01 89.338235 99.234069
09/26 09:33:04 AM valid 100 3.264427e-01 89.356436 99.474010
09/26 09:33:05 AM valid 150 3.240409e-01 89.321192 99.503311
09/26 09:33:05 AM valid_acc 89.340000, best_acc 89.340000
09/26 09:33:05 AM epoch 42 lr 2.467008e-02
09/26 09:33:06 AM train 000 1.599504e-01 95.312500 100.000000
09/26 09:33:10 AM train 050 2.212084e-01 91.942402 99.908088
09/26 09:33:14 AM train 100 2.165270e-01 92.388614 99.876238
09/26 09:33:18 AM train 150 2.260189e-01 92.197848 99.855132
09/26 09:33:23 AM train 200 2.369113e-01 91.845460 99.860075
09/26 09:33:27 AM train 250 2.375980e-01 91.776643 99.813247
09/26 09:33:31 AM train 300 2.373929e-01 91.834510 99.792359
09/26 09:33:35 AM train 350 2.373615e-01 91.822472 99.799679
09/26 09:33:40 AM train 400 2.402042e-01 91.692643 99.777899
09/26 09:33:44 AM train 450 2.429042e-01 91.598531 99.750554
09/26 09:33:48 AM train 500 2.446653e-01 91.538797 99.762974
09/26 09:33:52 AM train 550 2.448144e-01 91.509755 99.764632
09/26 09:33:56 AM train 600 2.462706e-01 91.495944 99.758215
09/26 09:34:01 AM train 650 2.463615e-01 91.551459 99.767185
09/26 09:34:05 AM train 700 2.487433e-01 91.429654 99.768188
09/26 09:34:09 AM train 750 2.502512e-01 91.367760 99.777380
09/26 09:34:12 AM train_acc 91.356000
09/26 09:34:12 AM valid 000 4.153819e-01 87.500000 98.437500
09/26 09:34:13 AM valid 050 4.003190e-01 87.469363 99.509804
09/26 09:34:14 AM valid 100 4.055279e-01 87.376238 99.582302
09/26 09:34:16 AM valid 150 3.981990e-01 87.468957 99.606788
09/26 09:34:16 AM valid_acc 87.490000, best_acc 89.340000
09/26 09:34:16 AM epoch 43 lr 2.465497e-02
09/26 09:34:16 AM train 000 2.318518e-01 90.625000 100.000000
09/26 09:34:20 AM train 050 2.265222e-01 92.279412 99.877451
09/26 09:34:24 AM train 100 2.257339e-01 92.373144 99.845297
09/26 09:34:29 AM train 150 2.330608e-01 92.021937 99.772351
09/26 09:34:33 AM train 200 2.394732e-01 91.946517 99.759017
09/26 09:34:37 AM train 250 2.395073e-01 91.876245 99.757221
09/26 09:34:41 AM train 300 2.364532e-01 91.953904 99.787168
09/26 09:34:46 AM train 350 2.407826e-01 91.742343 99.804131
09/26 09:34:50 AM train 400 2.402687e-01 91.805642 99.785692
09/26 09:34:54 AM train 450 2.414896e-01 91.789080 99.792129
09/26 09:34:58 AM train 500 2.423878e-01 91.732161 99.791043
09/26 09:35:03 AM train 550 2.433480e-01 91.662886 99.778811
09/26 09:35:07 AM train 600 2.469833e-01 91.532342 99.771215
09/26 09:35:11 AM train 650 2.473068e-01 91.527458 99.769585
09/26 09:35:15 AM train 700 2.477337e-01 91.494294 99.768188
09/26 09:35:19 AM train 750 2.494196e-01 91.438499 99.766977
09/26 09:35:22 AM train_acc 91.436000
09/26 09:35:22 AM valid 000 4.624703e-01 82.812500 98.437500
09/26 09:35:23 AM valid 050 4.772307e-01 85.784314 99.111520
09/26 09:35:24 AM valid 100 4.638253e-01 86.107673 99.149134
09/26 09:35:26 AM valid 150 4.585436e-01 86.082368 99.120447
09/26 09:35:26 AM valid_acc 86.130000, best_acc 89.340000
09/26 09:35:26 AM epoch 44 lr 2.463952e-02
09/26 09:35:26 AM train 000 1.947282e-01 92.187500 98.437500
09/26 09:35:30 AM train 050 2.433381e-01 91.207108 99.846814
09/26 09:35:35 AM train 100 2.398911e-01 91.738861 99.737005
09/26 09:35:39 AM train 150 2.476558e-01 91.256209 99.782699
09/26 09:35:43 AM train 200 2.435706e-01 91.433458 99.782338
09/26 09:35:48 AM train 250 2.406785e-01 91.558765 99.794572
09/26 09:35:52 AM train 300 2.430369e-01 91.585341 99.771595
09/26 09:35:56 AM train 350 2.449603e-01 91.542023 99.781873
09/26 09:36:00 AM train 400 2.462409e-01 91.451060 99.777899
09/26 09:36:05 AM train 450 2.471729e-01 91.435698 99.774806
09/26 09:36:09 AM train 500 2.463143e-01 91.482660 99.784805
09/26 09:36:13 AM train 550 2.454999e-01 91.543784 99.781647
09/26 09:36:17 AM train 600 2.450848e-01 91.576539 99.771215
09/26 09:36:21 AM train 650 2.447888e-01 91.587462 99.771985
09/26 09:36:26 AM train 700 2.459939e-01 91.565621 99.774875
09/26 09:36:30 AM train 750 2.474247e-01 91.538366 99.773219
09/26 09:36:33 AM train_acc 91.524000
09/26 09:36:33 AM valid 000 3.774006e-01 87.500000 100.000000
09/26 09:36:34 AM valid 050 3.228415e-01 89.767157 99.448529
09/26 09:36:35 AM valid 100 3.171995e-01 89.882426 99.551361
09/26 09:36:36 AM valid 150 3.183751e-01 89.641970 99.617136
09/26 09:36:37 AM valid_acc 89.690000, best_acc 89.690000
09/26 09:36:37 AM epoch 45 lr 2.462374e-02
09/26 09:36:37 AM train 000 1.132484e-01 96.875000 100.000000
09/26 09:36:41 AM train 050 2.229906e-01 92.524510 99.785539
09/26 09:36:45 AM train 100 2.282194e-01 92.435025 99.814356
09/26 09:36:50 AM train 150 2.308173e-01 92.332368 99.824089
09/26 09:36:54 AM train 200 2.326576e-01 92.203047 99.844527
09/26 09:36:58 AM train 250 2.345009e-01 92.056773 99.819472
09/26 09:37:02 AM train 300 2.445567e-01 91.668397 99.797550
09/26 09:37:06 AM train 350 2.465115e-01 91.613248 99.795228
09/26 09:37:11 AM train 400 2.462672e-01 91.571852 99.809071
09/26 09:37:15 AM train 450 2.475780e-01 91.504989 99.826774
09/26 09:37:19 AM train 500 2.479001e-01 91.482660 99.809755
09/26 09:37:23 AM train 550 2.500141e-01 91.438861 99.807169
09/26 09:37:28 AM train 600 2.498461e-01 91.485545 99.802413
09/26 09:37:32 AM train 650 2.494684e-01 91.453053 99.798387
09/26 09:37:36 AM train 700 2.511099e-01 91.382846 99.794936
09/26 09:37:40 AM train 750 2.531425e-01 91.338632 99.791944
09/26 09:37:43 AM train_acc 91.316000
09/26 09:37:43 AM valid 000 3.367423e-01 87.500000 100.000000
09/26 09:37:44 AM valid 050 3.498414e-01 89.123775 99.356618
09/26 09:37:45 AM valid 100 3.515701e-01 89.093441 99.520421
09/26 09:37:47 AM valid 150 3.513495e-01 88.969371 99.482616
09/26 09:37:47 AM valid_acc 89.000000, best_acc 89.690000
09/26 09:37:47 AM epoch 46 lr 2.460763e-02
09/26 09:37:47 AM train 000 1.790277e-01 93.750000 100.000000
09/26 09:37:51 AM train 050 2.426273e-01 92.156863 99.846814
09/26 09:37:56 AM train 100 2.313740e-01 92.419554 99.814356
09/26 09:38:00 AM train 150 2.305082e-01 92.146109 99.844785
09/26 09:38:04 AM train 200 2.307537e-01 92.210821 99.836754
09/26 09:38:09 AM train 250 2.300723e-01 92.131474 99.838147
09/26 09:38:13 AM train 300 2.273984e-01 92.234219 99.844269
09/26 09:38:17 AM train 350 2.323353e-01 92.067308 99.813034
09/26 09:38:21 AM train 400 2.355963e-01 92.008261 99.805175
09/26 09:38:26 AM train 450 2.394521e-01 91.841048 99.805987
09/26 09:38:30 AM train 500 2.419860e-01 91.719686 99.809755
09/26 09:38:34 AM train 550 2.423828e-01 91.705422 99.812840
09/26 09:38:39 AM train 600 2.421414e-01 91.657134 99.820611
09/26 09:38:43 AM train 650 2.425671e-01 91.652266 99.824789
09/26 09:38:47 AM train 700 2.451114e-01 91.550018 99.817225
09/26 09:38:51 AM train 750 2.472561e-01 91.448901 99.818991
09/26 09:38:54 AM train_acc 91.440000
09/26 09:38:54 AM valid 000 5.400035e-01 81.250000 98.437500
09/26 09:38:55 AM valid 050 4.311193e-01 86.029412 99.203431
09/26 09:38:57 AM valid 100 4.369570e-01 86.185025 99.211015
09/26 09:38:58 AM valid 150 4.364725e-01 86.123758 99.296358
09/26 09:38:58 AM valid_acc 86.120000, best_acc 89.690000
09/26 09:38:58 AM epoch 47 lr 2.459119e-02
09/26 09:38:58 AM train 000 2.179412e-01 92.187500 100.000000
09/26 09:39:03 AM train 050 2.533279e-01 91.513480 99.816176
09/26 09:39:07 AM train 100 2.339462e-01 92.017327 99.829827
09/26 09:39:11 AM train 150 2.320397e-01 92.052980 99.813742
09/26 09:39:15 AM train 200 2.269161e-01 92.273010 99.821206
09/26 09:39:19 AM train 250 2.283173e-01 92.231076 99.831922
09/26 09:39:24 AM train 300 2.325445e-01 92.094061 99.823505
09/26 09:39:28 AM train 350 2.367608e-01 91.929309 99.826389
09/26 09:39:32 AM train 400 2.364961e-01 91.953709 99.832450
09/26 09:39:36 AM train 450 2.421643e-01 91.792544 99.819845
09/26 09:39:41 AM train 500 2.398149e-01 91.847555 99.831587
09/26 09:39:45 AM train 550 2.405528e-01 91.810345 99.832691
09/26 09:39:49 AM train 600 2.430571e-01 91.774126 99.823211
09/26 09:39:53 AM train 650 2.449410e-01 91.721870 99.817588
09/26 09:39:57 AM train 700 2.471340e-01 91.636947 99.810539
09/26 09:40:02 AM train 750 2.475302e-01 91.629910 99.800266
09/26 09:40:04 AM train_acc 91.618000
09/26 09:40:04 AM valid 000 4.890400e-01 81.250000 98.437500
09/26 09:40:06 AM valid 050 3.820234e-01 87.591912 99.417892
09/26 09:40:07 AM valid 100 3.880493e-01 87.500000 99.427599
09/26 09:40:08 AM valid 150 3.913078e-01 87.396523 99.472268
09/26 09:40:08 AM valid_acc 87.370000, best_acc 89.690000
09/26 09:40:08 AM epoch 48 lr 2.457442e-02
09/26 09:40:08 AM train 000 3.328651e-01 90.625000 98.437500
09/26 09:40:13 AM train 050 2.416502e-01 91.513480 99.877451
09/26 09:40:17 AM train 100 2.282793e-01 92.202970 99.798886
09/26 09:40:21 AM train 150 2.345771e-01 91.970199 99.782699
09/26 09:40:25 AM train 200 2.392627e-01 91.962065 99.797886
09/26 09:40:30 AM train 250 2.378542e-01 91.969622 99.800797
09/26 09:40:34 AM train 300 2.437061e-01 91.782600 99.797550
09/26 09:40:38 AM train 350 2.404276e-01 91.844729 99.804131
09/26 09:40:42 AM train 400 2.414217e-01 91.762781 99.801278
09/26 09:40:46 AM train 450 2.398887e-01 91.816796 99.799058
09/26 09:40:51 AM train 500 2.400504e-01 91.813249 99.806637
09/26 09:40:55 AM train 550 2.384850e-01 91.869896 99.804333
09/26 09:40:59 AM train 600 2.409271e-01 91.813124 99.799813
09/26 09:41:03 AM train 650 2.423267e-01 91.753072 99.793587
09/26 09:41:07 AM train 700 2.417777e-01 91.735021 99.803852
09/26 09:41:12 AM train 750 2.435097e-01 91.648635 99.804427
09/26 09:41:14 AM train_acc 91.662000
09/26 09:41:14 AM valid 000 2.708336e-01 87.500000 100.000000
09/26 09:41:16 AM valid 050 3.083220e-01 89.552696 99.571078
09/26 09:41:17 AM valid 100 3.107503e-01 89.650371 99.644183
09/26 09:41:18 AM valid 150 3.043807e-01 89.962748 99.658526
09/26 09:41:18 AM valid_acc 90.070000, best_acc 90.070000
09/26 09:41:18 AM epoch 49 lr 2.455731e-02
09/26 09:41:19 AM train 000 1.977273e-01 93.750000 100.000000
09/26 09:41:23 AM train 050 2.407250e-01 91.881127 99.754902
09/26 09:41:27 AM train 100 2.478254e-01 91.599629 99.798886
09/26 09:41:31 AM train 150 2.464539e-01 91.659768 99.793046
09/26 09:41:36 AM train 200 2.432315e-01 91.884328 99.813433
09/26 09:41:40 AM train 250 2.470900e-01 91.701942 99.819472
09/26 09:41:44 AM train 300 2.488549e-01 91.600914 99.807932
09/26 09:41:48 AM train 350 2.478399e-01 91.653312 99.808583
09/26 09:41:53 AM train 400 2.493561e-01 91.591334 99.797382
09/26 09:41:57 AM train 450 2.479623e-01 91.595067 99.799058
09/26 09:42:01 AM train 500 2.497321e-01 91.541916 99.797280
09/26 09:42:05 AM train 550 2.505628e-01 91.518262 99.781647
09/26 09:42:10 AM train 600 2.485177e-01 91.594738 99.781614
09/26 09:42:14 AM train 650 2.478463e-01 91.609063 99.781586
09/26 09:42:18 AM train 700 2.480637e-01 91.576765 99.779333
09/26 09:42:22 AM train 750 2.480738e-01 91.567493 99.781541
09/26 09:42:25 AM train_acc 91.554000
09/26 09:42:25 AM valid 000 4.093872e-01 87.500000 98.437500
09/26 09:42:26 AM valid 050 3.832203e-01 87.653186 99.264706
09/26 09:42:27 AM valid 100 3.652239e-01 88.025990 99.443069
09/26 09:42:29 AM valid 150 3.691624e-01 87.996689 99.492964
09/26 09:42:29 AM valid_acc 88.000000, best_acc 90.070000
09/26 09:42:29 AM epoch 50 lr 2.453987e-02
09/26 09:42:29 AM train 000 1.822706e-01 93.750000 100.000000
09/26 09:42:33 AM train 050 2.208424e-01 92.310049 99.846814
09/26 09:42:38 AM train 100 2.195086e-01 92.465965 99.876238
09/26 09:42:42 AM train 150 2.273314e-01 92.177152 99.865480
09/26 09:42:46 AM train 200 2.330903e-01 92.125311 99.828980
09/26 09:42:51 AM train 250 2.302234e-01 92.094124 99.825697
09/26 09:42:55 AM train 300 2.337480e-01 92.005814 99.818314
09/26 09:42:59 AM train 350 2.409889e-01 91.809117 99.813034
09/26 09:43:03 AM train 400 2.394885e-01 91.844607 99.820761
09/26 09:43:08 AM train 450 2.419584e-01 91.768293 99.816380
09/26 09:43:12 AM train 500 2.434057e-01 91.713448 99.806637
09/26 09:43:16 AM train 550 2.455982e-01 91.606171 99.804333
09/26 09:43:21 AM train 600 2.474168e-01 91.563540 99.802413
09/26 09:43:25 AM train 650 2.470225e-01 91.573061 99.805588
09/26 09:43:29 AM train 700 2.462972e-01 91.614658 99.806081
09/26 09:43:34 AM train 750 2.469877e-01 91.602863 99.800266
09/26 09:43:36 AM train_acc 91.584000
09/26 09:43:36 AM valid 000 3.655934e-01 85.937500 100.000000
09/26 09:43:38 AM valid 050 3.314679e-01 89.338235 99.295343
09/26 09:43:39 AM valid 100 3.214434e-01 89.449257 99.520421
09/26 09:43:40 AM valid 150 3.223887e-01 89.455712 99.596440
09/26 09:43:40 AM valid_acc 89.440000, best_acc 90.070000
09/26 09:43:40 AM epoch 51 lr 2.452211e-02
09/26 09:43:41 AM train 000 7.001744e-02 100.000000 100.000000
09/26 09:43:45 AM train 050 2.255287e-01 92.371324 99.846814
09/26 09:43:49 AM train 100 2.258752e-01 92.125619 99.814356
09/26 09:43:53 AM train 150 2.264932e-01 92.052980 99.803394
09/26 09:43:57 AM train 200 2.280110e-01 92.024254 99.813433
09/26 09:44:02 AM train 250 2.283651e-01 91.901145 99.800797
09/26 09:44:06 AM train 300 2.303631e-01 91.865656 99.807932
09/26 09:44:10 AM train 350 2.348025e-01 91.742343 99.813034
09/26 09:44:14 AM train 400 2.353793e-01 91.716022 99.816864
09/26 09:44:19 AM train 450 2.344075e-01 91.740576 99.823309
09/26 09:44:23 AM train 500 2.375225e-01 91.644835 99.812874
09/26 09:44:27 AM train 550 2.405049e-01 91.521098 99.804333
09/26 09:44:32 AM train 600 2.430161e-01 91.407550 99.805012
09/26 09:44:36 AM train 650 2.431830e-01 91.402650 99.812788
09/26 09:44:40 AM train 700 2.412676e-01 91.500981 99.817225
09/26 09:44:44 AM train 750 2.422305e-01 91.448901 99.821072
09/26 09:44:47 AM train_acc 91.458000
09/26 09:44:47 AM valid 000 3.928306e-01 90.625000 100.000000
09/26 09:44:48 AM valid 050 3.798539e-01 87.928922 99.448529
09/26 09:44:49 AM valid 100 3.803088e-01 87.747525 99.551361
09/26 09:44:51 AM valid 150 3.811112e-01 87.727649 99.544702
09/26 09:44:51 AM valid_acc 87.750000, best_acc 90.070000
09/26 09:44:51 AM epoch 52 lr 2.450401e-02
09/26 09:44:51 AM train 000 1.003212e-01 96.875000 100.000000
09/26 09:44:55 AM train 050 2.210903e-01 92.830882 99.908088
09/26 09:45:00 AM train 100 2.222525e-01 92.790842 99.860767
09/26 09:45:04 AM train 150 2.217148e-01 92.497930 99.844785
09/26 09:45:08 AM train 200 2.262346e-01 92.389614 99.844527
09/26 09:45:12 AM train 250 2.243737e-01 92.417829 99.813247
09/26 09:45:17 AM train 300 2.241262e-01 92.384759 99.813123
09/26 09:45:21 AM train 350 2.279673e-01 92.307692 99.808583
09/26 09:45:25 AM train 400 2.293086e-01 92.277120 99.805175
09/26 09:45:29 AM train 450 2.284761e-01 92.308758 99.812916
09/26 09:45:33 AM train 500 2.334152e-01 92.175025 99.797280
09/26 09:45:38 AM train 550 2.369715e-01 92.042877 99.795826
09/26 09:45:42 AM train 600 2.371792e-01 91.992512 99.799813
09/26 09:45:46 AM train 650 2.373796e-01 91.961886 99.795987
09/26 09:45:50 AM train 700 2.375947e-01 91.926712 99.799394
09/26 09:45:55 AM train 750 2.398677e-01 91.842127 99.789864
09/26 09:45:57 AM train_acc 91.804000
09/26 09:45:57 AM valid 000 4.630815e-01 87.500000 100.000000
09/26 09:45:59 AM valid 050 4.386433e-01 86.642157 99.448529
09/26 09:46:00 AM valid 100 4.080721e-01 87.438119 99.535891
09/26 09:46:01 AM valid 150 3.988331e-01 87.613825 99.503311
09/26 09:46:01 AM valid_acc 87.560000, best_acc 90.070000
09/26 09:46:01 AM epoch 53 lr 2.448559e-02
09/26 09:46:01 AM train 000 1.593966e-01 93.750000 100.000000
09/26 09:46:06 AM train 050 2.285949e-01 92.310049 99.785539
09/26 09:46:10 AM train 100 2.351319e-01 92.063738 99.798886
09/26 09:46:14 AM train 150 2.349470e-01 91.970199 99.803394
09/26 09:46:18 AM train 200 2.344516e-01 91.977612 99.828980
09/26 09:46:23 AM train 250 2.343817e-01 91.944721 99.807022
09/26 09:46:27 AM train 300 2.351941e-01 91.933140 99.802741
09/26 09:46:31 AM train 350 2.332077e-01 91.996083 99.813034
09/26 09:46:36 AM train 400 2.329728e-01 92.008261 99.816864
09/26 09:46:40 AM train 450 2.362952e-01 91.893016 99.819845
09/26 09:46:44 AM train 500 2.337866e-01 91.997255 99.825349
09/26 09:46:49 AM train 550 2.343441e-01 92.008848 99.824183
09/26 09:46:53 AM train 600 2.355470e-01 92.008111 99.823211
09/26 09:46:57 AM train 650 2.374975e-01 91.969086 99.815188
09/26 09:47:01 AM train 700 2.369650e-01 91.973520 99.821683
09/26 09:47:06 AM train 750 2.385467e-01 91.917027 99.816911
09/26 09:47:08 AM train_acc 91.880000
09/26 09:47:08 AM valid 000 5.803788e-01 87.500000 98.437500
09/26 09:47:10 AM valid 050 3.785240e-01 88.020833 99.479167
09/26 09:47:11 AM valid 100 3.737479e-01 88.134282 99.489480
09/26 09:47:12 AM valid 150 3.743147e-01 88.131209 99.503311
09/26 09:47:12 AM valid_acc 88.140000, best_acc 90.070000
09/26 09:47:12 AM epoch 54 lr 2.446684e-02
09/26 09:47:13 AM train 000 2.373761e-01 92.187500 100.000000
09/26 09:47:17 AM train 050 2.032899e-01 92.861520 99.816176
09/26 09:47:21 AM train 100 2.104889e-01 92.775371 99.829827
09/26 09:47:25 AM train 150 2.130839e-01 92.642798 99.834437
09/26 09:47:30 AM train 200 2.212047e-01 92.249689 99.844527
09/26 09:47:34 AM train 250 2.301642e-01 91.957171 99.788347
09/26 09:47:38 AM train 300 2.360559e-01 91.767027 99.776786
09/26 09:47:42 AM train 350 2.337541e-01 91.853632 99.795228
09/26 09:47:47 AM train 400 2.332209e-01 91.852400 99.805175
09/26 09:47:51 AM train 450 2.365406e-01 91.757899 99.799058
09/26 09:47:55 AM train 500 2.352447e-01 91.853792 99.787924
09/26 09:47:59 AM train 550 2.374118e-01 91.787659 99.801497
09/26 09:48:04 AM train 600 2.372692e-01 91.797525 99.802413
09/26 09:48:08 AM train 650 2.375290e-01 91.791475 99.795987
09/26 09:48:12 AM train 700 2.380075e-01 91.784058 99.792707
09/26 09:48:16 AM train 750 2.394532e-01 91.748502 99.791944
09/26 09:48:19 AM train_acc 91.758000
09/26 09:48:19 AM valid 000 7.347063e-01 84.375000 98.437500
09/26 09:48:20 AM valid 050 5.751592e-01 83.026961 99.111520
09/26 09:48:22 AM valid 100 5.651010e-01 83.168317 99.040842
09/26 09:48:23 AM valid 150 5.485052e-01 83.464404 99.141142
09/26 09:48:23 AM valid_acc 83.500000, best_acc 90.070000
09/26 09:48:23 AM epoch 55 lr 2.444776e-02
09/26 09:48:23 AM train 000 2.780332e-01 90.625000 100.000000
09/26 09:48:27 AM train 050 2.260141e-01 92.126225 99.816176
09/26 09:48:32 AM train 100 2.266172e-01 92.342203 99.860767
09/26 09:48:36 AM train 150 2.215233e-01 92.322020 99.886175
09/26 09:48:40 AM train 200 2.226005e-01 92.296331 99.844527
09/26 09:48:44 AM train 250 2.260931e-01 92.249751 99.844373
09/26 09:48:49 AM train 300 2.296573e-01 92.161545 99.844269
09/26 09:48:53 AM train 350 2.329278e-01 92.022792 99.826389
09/26 09:48:57 AM train 400 2.340839e-01 91.969296 99.812968
09/26 09:49:01 AM train 450 2.353888e-01 91.958841 99.805987
09/26 09:49:06 AM train 500 2.356673e-01 91.953593 99.797280
09/26 09:49:10 AM train 550 2.348615e-01 92.000340 99.801497
09/26 09:49:14 AM train 600 2.372530e-01 91.945715 99.799813
09/26 09:49:18 AM train 650 2.389946e-01 91.853879 99.798387
09/26 09:49:23 AM train 700 2.390688e-01 91.873217 99.799394
09/26 09:49:27 AM train 750 2.389086e-01 91.887899 99.800266
09/26 09:49:30 AM train_acc 91.930000
09/26 09:49:30 AM valid 000 2.394700e-01 90.625000 100.000000
09/26 09:49:31 AM valid 050 3.238103e-01 89.981618 99.632353
09/26 09:49:32 AM valid 100 3.183879e-01 90.021658 99.644183
09/26 09:49:33 AM valid 150 3.144135e-01 90.097268 99.689570
09/26 09:49:33 AM valid_acc 90.110000, best_acc 90.110000
09/26 09:49:34 AM epoch 56 lr 2.442835e-02
09/26 09:49:34 AM train 000 1.297883e-01 98.437500 100.000000
09/26 09:49:38 AM train 050 2.196980e-01 92.769608 99.724265
09/26 09:49:42 AM train 100 2.141206e-01 92.899134 99.845297
09/26 09:49:46 AM train 150 2.164069e-01 92.694536 99.834437
09/26 09:49:51 AM train 200 2.206509e-01 92.552861 99.821206
09/26 09:49:55 AM train 250 2.237378e-01 92.473855 99.800797
09/26 09:49:59 AM train 300 2.227404e-01 92.431478 99.807932
09/26 09:50:03 AM train 350 2.257187e-01 92.361111 99.808583
09/26 09:50:07 AM train 400 2.256383e-01 92.370636 99.809071
09/26 09:50:12 AM train 450 2.258017e-01 92.333010 99.809451
09/26 09:50:16 AM train 500 2.271494e-01 92.340319 99.797280
09/26 09:50:20 AM train 550 2.290039e-01 92.230036 99.801497
09/26 09:50:24 AM train 600 2.317837e-01 92.177101 99.799813
09/26 09:50:28 AM train 650 2.320711e-01 92.137097 99.803187
09/26 09:50:33 AM train 700 2.343056e-01 92.040389 99.794936
09/26 09:50:37 AM train 750 2.365412e-01 91.983605 99.796105
09/26 09:50:40 AM train_acc 91.998000
09/26 09:50:40 AM valid 000 2.804660e-01 87.500000 100.000000
09/26 09:50:41 AM valid 050 3.655246e-01 87.990196 99.601716
09/26 09:50:42 AM valid 100 3.673558e-01 88.041460 99.628713
09/26 09:50:43 AM valid 150 3.630184e-01 88.410596 99.637831
09/26 09:50:44 AM valid_acc 88.430000, best_acc 90.110000
09/26 09:50:44 AM epoch 57 lr 2.440861e-02
09/26 09:50:44 AM train 000 8.835505e-02 96.875000 100.000000
09/26 09:50:48 AM train 050 2.100019e-01 92.953431 99.938725
09/26 09:50:52 AM train 100 2.171877e-01 92.450495 99.876238
09/26 09:50:56 AM train 150 2.197569e-01 92.353063 99.886175
09/26 09:51:01 AM train 200 2.239532e-01 92.273010 99.860075
09/26 09:51:05 AM train 250 2.312459e-01 92.056773 99.850598
09/26 09:51:09 AM train 300 2.324779e-01 92.078488 99.859842
09/26 09:51:13 AM train 350 2.295785e-01 92.120726 99.862001
09/26 09:51:17 AM train 400 2.336285e-01 91.922537 99.875312
09/26 09:51:22 AM train 450 2.322651e-01 91.979629 99.868348
09/26 09:51:26 AM train 500 2.338873e-01 91.953593 99.862774
09/26 09:51:30 AM train 550 2.341496e-01 91.949297 99.855377
09/26 09:51:34 AM train 600 2.361505e-01 91.867720 99.854409
09/26 09:51:39 AM train 650 2.373988e-01 91.829877 99.843990
09/26 09:51:43 AM train 700 2.374974e-01 91.819722 99.846202
09/26 09:51:47 AM train 750 2.389628e-01 91.740180 99.841877
09/26 09:51:50 AM train_acc 91.746000
09/26 09:51:50 AM valid 000 3.029612e-01 89.062500 98.437500
09/26 09:51:51 AM valid 050 3.239568e-01 89.522059 99.601716
09/26 09:51:52 AM valid 100 3.082896e-01 89.820545 99.644183
09/26 09:51:54 AM valid 150 3.001072e-01 90.169702 99.699917
09/26 09:51:54 AM valid_acc 90.090000, best_acc 90.110000
09/26 09:51:54 AM epoch 58 lr 2.438855e-02
09/26 09:51:54 AM train 000 1.904412e-01 93.750000 100.000000
09/26 09:51:58 AM train 050 2.165598e-01 92.218137 99.785539
09/26 09:52:03 AM train 100 2.245979e-01 92.280322 99.737005
09/26 09:52:07 AM train 150 2.263813e-01 92.290977 99.772351
09/26 09:52:11 AM train 200 2.255939e-01 92.397388 99.805659
09/26 09:52:15 AM train 250 2.267830e-01 92.343127 99.819472
09/26 09:52:20 AM train 300 2.284697e-01 92.249792 99.828696
09/26 09:52:24 AM train 350 2.273029e-01 92.200855 99.844195
09/26 09:52:28 AM train 400 2.294385e-01 92.078398 99.824657
09/26 09:52:32 AM train 450 2.300644e-01 92.107816 99.812916
09/26 09:52:37 AM train 500 2.287479e-01 92.137600 99.831587
09/26 09:52:41 AM train 550 2.328404e-01 92.020191 99.827019
09/26 09:52:45 AM train 600 2.315528e-01 92.044509 99.833611
09/26 09:52:49 AM train 650 2.320479e-01 92.043491 99.829589
09/26 09:52:54 AM train 700 2.350866e-01 91.949001 99.826141
09/26 09:52:58 AM train 750 2.362833e-01 91.902463 99.829394
09/26 09:53:01 AM train_acc 91.884000
09/26 09:53:01 AM valid 000 5.010443e-01 82.812500 98.437500
09/26 09:53:02 AM valid 050 3.515523e-01 88.602941 99.387255
09/26 09:53:03 AM valid 100 3.599518e-01 88.536510 99.427599
09/26 09:53:04 AM valid 150 3.615758e-01 88.462334 99.482616
09/26 09:53:04 AM valid_acc 88.470000, best_acc 90.110000
09/26 09:53:05 AM epoch 59 lr 2.436816e-02
09/26 09:53:05 AM train 000 1.877804e-01 95.312500 100.000000
09/26 09:53:09 AM train 050 2.312954e-01 92.401961 99.938725
09/26 09:53:13 AM train 100 2.205632e-01 92.698020 99.876238
09/26 09:53:17 AM train 150 2.221192e-01 92.508278 99.844785
09/26 09:53:22 AM train 200 2.266477e-01 92.327425 99.844527
09/26 09:53:26 AM train 250 2.276179e-01 92.206175 99.819472
09/26 09:53:30 AM train 300 2.220781e-01 92.395141 99.828696
09/26 09:53:35 AM train 350 2.248744e-01 92.294338 99.813034
09/26 09:53:39 AM train 400 2.222826e-01 92.413498 99.816864
09/26 09:53:43 AM train 450 2.267720e-01 92.236003 99.816380
09/26 09:53:47 AM train 500 2.276908e-01 92.171906 99.812874
09/26 09:53:52 AM train 550 2.283811e-01 92.133621 99.815676
09/26 09:53:56 AM train 600 2.293316e-01 92.166701 99.807612
09/26 09:54:00 AM train 650 2.305870e-01 92.117896 99.815188
09/26 09:54:04 AM train 700 2.334548e-01 91.998039 99.806081
09/26 09:54:09 AM train 750 2.339672e-01 92.002330 99.802347
09/26 09:54:11 AM train_acc 92.002000
09/26 09:54:11 AM valid 000 2.554142e-01 92.187500 98.437500
09/26 09:54:13 AM valid 050 3.372353e-01 89.246324 99.662990
09/26 09:54:14 AM valid 100 3.342904e-01 89.557550 99.706064
09/26 09:54:15 AM valid 150 3.328934e-01 89.528146 99.720613
09/26 09:54:15 AM valid_acc 89.530000, best_acc 90.110000
09/26 09:54:15 AM epoch 60 lr 2.434745e-02
09/26 09:54:16 AM train 000 2.090485e-01 90.625000 100.000000
09/26 09:54:20 AM train 050 1.862280e-01 93.566176 99.846814
09/26 09:54:24 AM train 100 1.936988e-01 93.146658 99.860767
09/26 09:54:28 AM train 150 2.007801e-01 92.953228 99.886175
09/26 09:54:33 AM train 200 2.102198e-01 92.622823 99.852301
09/26 09:54:37 AM train 250 2.164385e-01 92.343127 99.807022
09/26 09:54:41 AM train 300 2.258608e-01 92.120017 99.792359
09/26 09:54:45 AM train 350 2.272526e-01 92.045050 99.808583
09/26 09:54:49 AM train 400 2.295208e-01 91.988778 99.809071
09/26 09:54:54 AM train 450 2.299968e-01 91.955377 99.816380
09/26 09:54:58 AM train 500 2.338655e-01 91.853792 99.815993
09/26 09:55:02 AM train 550 2.349795e-01 91.813181 99.804333
09/26 09:55:06 AM train 600 2.363700e-01 91.805324 99.799813
09/26 09:55:11 AM train 650 2.361598e-01 91.817876 99.805588
09/26 09:55:15 AM train 700 2.356843e-01 91.862072 99.806081
09/26 09:55:19 AM train 750 2.364075e-01 91.858772 99.814830
09/26 09:55:22 AM train_acc 91.860000
09/26 09:55:22 AM valid 000 3.463063e-01 85.937500 100.000000
09/26 09:55:23 AM valid 050 4.593043e-01 86.029412 99.448529
09/26 09:55:24 AM valid 100 4.633502e-01 85.937500 99.334777
09/26 09:55:26 AM valid 150 4.567732e-01 85.927152 99.389487
09/26 09:55:26 AM valid_acc 85.920000, best_acc 90.110000
09/26 09:55:26 AM epoch 61 lr 2.432641e-02
09/26 09:55:26 AM train 000 2.915260e-01 90.625000 100.000000
09/26 09:55:30 AM train 050 2.257918e-01 92.524510 99.908088
09/26 09:55:34 AM train 100 2.264881e-01 92.125619 99.922649
09/26 09:55:39 AM train 150 2.256235e-01 92.177152 99.886175
09/26 09:55:43 AM train 200 2.318950e-01 91.962065 99.867848
09/26 09:55:47 AM train 250 2.304340e-01 92.000747 99.869273
09/26 09:55:51 AM train 300 2.284036e-01 92.135590 99.885797
09/26 09:55:56 AM train 350 2.281263e-01 92.138533 99.866453
09/26 09:56:00 AM train 400 2.279744e-01 92.132949 99.859726
09/26 09:56:04 AM train 450 2.301162e-01 92.069706 99.844096
09/26 09:56:08 AM train 500 2.320910e-01 92.022206 99.844062
09/26 09:56:13 AM train 550 2.325124e-01 92.051384 99.838362
09/26 09:56:17 AM train 600 2.338181e-01 92.018511 99.825811
09/26 09:56:21 AM train 650 2.349894e-01 91.983487 99.810388
09/26 09:56:25 AM train 700 2.345658e-01 92.013641 99.806081
09/26 09:56:29 AM train 750 2.339641e-01 92.004411 99.806508
09/26 09:56:32 AM train_acc 91.980000
09/26 09:56:32 AM valid 000 3.900337e-01 89.062500 100.000000
09/26 09:56:33 AM valid 050 3.559175e-01 88.817402 99.325980
09/26 09:56:35 AM valid 100 3.660818e-01 88.582921 99.396658
09/26 09:56:36 AM valid 150 3.539557e-01 88.803808 99.503311
09/26 09:56:36 AM valid_acc 88.890000, best_acc 90.110000
09/26 09:56:36 AM epoch 62 lr 2.430505e-02
09/26 09:56:36 AM train 000 1.719494e-01 93.750000 100.000000
09/26 09:56:41 AM train 050 2.283062e-01 91.605392 99.877451
09/26 09:56:45 AM train 100 2.082598e-01 92.419554 99.907178
09/26 09:56:49 AM train 150 2.082563e-01 92.539321 99.896523
09/26 09:56:53 AM train 200 2.142292e-01 92.327425 99.883396
09/26 09:56:58 AM train 250 2.222396e-01 92.094124 99.813247
09/26 09:57:02 AM train 300 2.319961e-01 91.881229 99.787168
09/26 09:57:06 AM train 350 2.318450e-01 91.951567 99.790776
09/26 09:57:10 AM train 400 2.303370e-01 92.023847 99.809071
09/26 09:57:15 AM train 450 2.319001e-01 92.052384 99.812916
09/26 09:57:19 AM train 500 2.307867e-01 92.115768 99.819112
09/26 09:57:23 AM train 550 2.305643e-01 92.085413 99.821348
09/26 09:57:27 AM train 600 2.330714e-01 92.015911 99.818012
09/26 09:57:32 AM train 650 2.348409e-01 91.971486 99.812788
09/26 09:57:36 AM train 700 2.369616e-01 91.855385 99.812767
09/26 09:57:40 AM train 750 2.359644e-01 91.885819 99.810669
09/26 09:57:43 AM train_acc 91.886000
09/26 09:57:43 AM valid 000 3.618794e-01 90.625000 100.000000
09/26 09:57:44 AM valid 050 3.479149e-01 88.909314 99.387255
09/26 09:57:45 AM valid 100 3.386290e-01 89.093441 99.443069
09/26 09:57:47 AM valid 150 3.403585e-01 89.300497 99.544702
09/26 09:57:47 AM valid_acc 89.290000, best_acc 90.110000
09/26 09:57:47 AM epoch 63 lr 2.428336e-02
09/26 09:57:47 AM train 000 2.338835e-01 90.625000 100.000000
09/26 09:57:51 AM train 050 2.201002e-01 92.463235 99.816176
09/26 09:57:56 AM train 100 2.227420e-01 92.280322 99.814356
09/26 09:58:00 AM train 150 2.244744e-01 92.415149 99.813742
09/26 09:58:04 AM train 200 2.268982e-01 92.381841 99.821206
09/26 09:58:09 AM train 250 2.275162e-01 92.392928 99.831922
09/26 09:58:13 AM train 300 2.274453e-01 92.431478 99.839078
09/26 09:58:18 AM train 350 2.249704e-01 92.467949 99.835292
09/26 09:58:22 AM train 400 2.282414e-01 92.405704 99.820761
09/26 09:58:26 AM train 450 2.278991e-01 92.388442 99.833703
09/26 09:58:31 AM train 500 2.280922e-01 92.427645 99.837824
09/26 09:58:35 AM train 550 2.287838e-01 92.351974 99.838362
09/26 09:58:39 AM train 600 2.323120e-01 92.145903 99.838810
09/26 09:58:43 AM train 650 2.322168e-01 92.132296 99.834389
09/26 09:58:48 AM train 700 2.337608e-01 92.080510 99.832828
09/26 09:58:52 AM train 750 2.356637e-01 92.016894 99.827314
09/26 09:58:54 AM train_acc 91.986000
09/26 09:58:54 AM valid 000 5.689990e-01 85.937500 100.000000
09/26 09:58:56 AM valid 050 3.317147e-01 89.368873 99.448529
09/26 09:58:57 AM valid 100 3.384850e-01 89.232673 99.582302
09/26 09:58:58 AM valid 150 3.366516e-01 89.041805 99.637831
09/26 09:58:58 AM valid_acc 89.060000, best_acc 90.110000
09/26 09:58:58 AM epoch 64 lr 2.426135e-02
09/26 09:58:58 AM train 000 4.046618e-01 85.937500 100.000000
09/26 09:59:03 AM train 050 2.189613e-01 92.524510 99.938725
09/26 09:59:07 AM train 100 2.108667e-01 92.605198 99.860767
09/26 09:59:11 AM train 150 2.195222e-01 92.156457 99.834437
09/26 09:59:15 AM train 200 2.221078e-01 92.148632 99.860075
09/26 09:59:20 AM train 250 2.264800e-01 92.193725 99.844373
09/26 09:59:24 AM train 300 2.289920e-01 92.166736 99.823505
09/26 09:59:28 AM train 350 2.282185e-01 92.205306 99.821937
09/26 09:59:32 AM train 400 2.287305e-01 92.191397 99.840243
09/26 09:59:37 AM train 450 2.305915e-01 92.170177 99.826774
09/26 09:59:41 AM train 500 2.302690e-01 92.184381 99.819112
09/26 09:59:45 AM train 550 2.286695e-01 92.207350 99.824183
09/26 09:59:49 AM train 600 2.278560e-01 92.221298 99.823211
09/26 09:59:54 AM train 650 2.297246e-01 92.122696 99.829589
09/26 09:59:58 AM train 700 2.311644e-01 92.087197 99.835057
09/26 10:00:02 AM train 750 2.320007e-01 92.116761 99.835636
09/26 10:00:05 AM train_acc 92.092000
09/26 10:00:06 AM valid 000 4.627706e-01 89.062500 100.000000
09/26 10:00:07 AM valid 050 4.129879e-01 87.591912 99.448529
09/26 10:00:08 AM valid 100 4.061359e-01 87.314356 99.551361
09/26 10:00:09 AM valid 150 3.957955e-01 87.386175 99.637831
09/26 10:00:10 AM valid_acc 87.380000, best_acc 90.110000
09/26 10:00:10 AM epoch 65 lr 2.423902e-02
09/26 10:00:10 AM train 000 2.082481e-01 89.062500 100.000000
09/26 10:00:14 AM train 050 2.023040e-01 93.137255 99.908088
09/26 10:00:18 AM train 100 2.100062e-01 92.821782 99.907178
09/26 10:00:22 AM train 150 2.111001e-01 92.725579 99.917219
09/26 10:00:27 AM train 200 2.040504e-01 93.011505 99.891169
09/26 10:00:31 AM train 250 2.114982e-01 92.785110 99.881723
09/26 10:00:35 AM train 300 2.121030e-01 92.727367 99.875415
09/26 10:00:39 AM train 350 2.151718e-01 92.632657 99.879808
09/26 10:00:44 AM train 400 2.190354e-01 92.534289 99.879208
09/26 10:00:48 AM train 450 2.207138e-01 92.520094 99.875277
09/26 10:00:52 AM train 500 2.211567e-01 92.502495 99.878368
09/26 10:00:56 AM train 550 2.231133e-01 92.394510 99.875227
09/26 10:01:00 AM train 600 2.246989e-01 92.359089 99.875208
09/26 10:01:05 AM train 650 2.241211e-01 92.377112 99.863191
09/26 10:01:09 AM train 700 2.255328e-01 92.316780 99.852889
09/26 10:01:13 AM train 750 2.256852e-01 92.297770 99.841877
09/26 10:01:16 AM train_acc 92.284000
09/26 10:01:16 AM valid 000 7.027783e-01 84.375000 100.000000
09/26 10:01:17 AM valid 050 4.166600e-01 88.848039 99.448529
09/26 10:01:18 AM valid 100 3.987893e-01 88.459158 99.474010
09/26 10:01:20 AM valid 150 3.973440e-01 88.441639 99.565397
09/26 10:01:20 AM valid_acc 88.420000, best_acc 90.110000
09/26 10:01:20 AM epoch 66 lr 2.421637e-02
09/26 10:01:20 AM train 000 1.566663e-01 93.750000 100.000000
09/26 10:01:24 AM train 050 2.347462e-01 92.218137 99.632353
09/26 10:01:28 AM train 100 2.275820e-01 92.280322 99.752475
09/26 10:01:33 AM train 150 2.260201e-01 92.270281 99.730960
09/26 10:01:37 AM train 200 2.275063e-01 92.288557 99.774565
09/26 10:01:41 AM train 250 2.331761e-01 91.982072 99.738546
09/26 10:01:45 AM train 300 2.372726e-01 91.829319 99.766404
09/26 10:01:50 AM train 350 2.335251e-01 91.964922 99.790776
09/26 10:01:54 AM train 400 2.350754e-01 91.883572 99.789589
09/26 10:01:58 AM train 450 2.337261e-01 91.924196 99.785200
09/26 10:02:02 AM train 500 2.318601e-01 91.969187 99.791043
09/26 10:02:07 AM train 550 2.312638e-01 91.988997 99.798662
09/26 10:02:11 AM train 600 2.303045e-01 92.028910 99.810212
09/26 10:02:15 AM train 650 2.303596e-01 92.021889 99.819988
09/26 10:02:20 AM train 700 2.312983e-01 91.995810 99.814996
09/26 10:02:24 AM train 750 2.307288e-01 92.018975 99.812750
09/26 10:02:27 AM train_acc 91.988000
09/26 10:02:27 AM valid 000 3.192832e-01 89.062500 100.000000
09/26 10:02:28 AM valid 050 3.256445e-01 89.613971 99.724265
09/26 10:02:30 AM valid 100 3.371621e-01 89.402847 99.644183
09/26 10:02:31 AM valid 150 3.399216e-01 89.259106 99.720613
09/26 10:02:31 AM valid_acc 89.300000, best_acc 90.110000
09/26 10:02:31 AM epoch 67 lr 2.419339e-02
09/26 10:02:31 AM train 000 2.772733e-01 92.187500 98.437500
09/26 10:02:36 AM train 050 2.056384e-01 93.321078 99.785539
09/26 10:02:40 AM train 100 2.133214e-01 92.775371 99.706064
09/26 10:02:45 AM train 150 2.129156e-01 92.694536 99.772351
09/26 10:02:49 AM train 200 2.158193e-01 92.552861 99.782338
09/26 10:02:53 AM train 250 2.184835e-01 92.554781 99.800797
09/26 10:02:57 AM train 300 2.215892e-01 92.384759 99.802741
09/26 10:03:01 AM train 350 2.238164e-01 92.329950 99.790776
09/26 10:03:05 AM train 400 2.312147e-01 92.109570 99.793485
09/26 10:03:09 AM train 450 2.293682e-01 92.190965 99.802522
09/26 10:03:13 AM train 500 2.306132e-01 92.134481 99.812874
09/26 10:03:17 AM train 550 2.300279e-01 92.119442 99.795826
09/26 10:03:22 AM train 600 2.304110e-01 92.049709 99.807612
09/26 10:03:26 AM train 650 2.303956e-01 92.098694 99.798387
09/26 10:03:30 AM train 700 2.316337e-01 92.011412 99.801623
09/26 10:03:34 AM train 750 2.342847e-01 91.944075 99.798186
09/26 10:03:36 AM train_acc 91.932000
09/26 10:03:37 AM valid 000 2.938639e-01 92.187500 100.000000
09/26 10:03:38 AM valid 050 3.434499e-01 88.909314 99.632353
09/26 10:03:39 AM valid 100 3.438236e-01 89.108911 99.628713
09/26 10:03:40 AM valid 150 3.257056e-01 89.424669 99.710265
09/26 10:03:40 AM valid_acc 89.460000, best_acc 90.110000
09/26 10:03:40 AM epoch 68 lr 2.417010e-02
09/26 10:03:41 AM train 000 2.218158e-01 89.062500 100.000000
09/26 10:03:45 AM train 050 2.240961e-01 92.371324 99.724265
09/26 10:03:49 AM train 100 2.195878e-01 92.543317 99.829827
09/26 10:03:53 AM train 150 2.153993e-01 92.829056 99.865480
09/26 10:03:57 AM train 200 2.152114e-01 92.801617 99.844527
09/26 10:04:01 AM train 250 2.163816e-01 92.697958 99.856823
09/26 10:04:05 AM train 300 2.169192e-01 92.711794 99.849460
09/26 10:04:10 AM train 350 2.193138e-01 92.565883 99.830840
09/26 10:04:14 AM train 400 2.240810e-01 92.413498 99.824657
09/26 10:04:18 AM train 450 2.241013e-01 92.447339 99.819845
09/26 10:04:23 AM train 500 2.277894e-01 92.268588 99.822231
09/26 10:04:27 AM train 550 2.297391e-01 92.207350 99.815676
09/26 10:04:32 AM train 600 2.291227e-01 92.242097 99.810212
09/26 10:04:36 AM train 650 2.305512e-01 92.211502 99.798387
09/26 10:04:40 AM train 700 2.312432e-01 92.171897 99.797165
09/26 10:04:44 AM train 750 2.331320e-01 92.081391 99.783622
09/26 10:04:47 AM train_acc 92.032000
09/26 10:04:47 AM valid 000 4.453353e-01 81.250000 100.000000
09/26 10:04:48 AM valid 050 3.685982e-01 87.745098 99.632353
09/26 10:04:50 AM valid 100 3.599828e-01 88.459158 99.737005
09/26 10:04:51 AM valid 150 3.496218e-01 88.793460 99.741308
09/26 10:04:51 AM valid_acc 88.780000, best_acc 90.110000
09/26 10:04:51 AM epoch 69 lr 2.414648e-02
09/26 10:04:52 AM train 000 3.108533e-01 89.062500 98.437500
09/26 10:04:56 AM train 050 2.131378e-01 92.677696 99.754902
09/26 10:05:00 AM train 100 2.000870e-01 93.100248 99.860767
09/26 10:05:05 AM train 150 2.033260e-01 92.808361 99.896523
09/26 10:05:09 AM train 200 2.094247e-01 92.716107 99.914490
09/26 10:05:13 AM train 250 2.118105e-01 92.573456 99.906624
09/26 10:05:17 AM train 300 2.154477e-01 92.498962 99.896179
09/26 10:05:21 AM train 350 2.160955e-01 92.490207 99.897614
09/26 10:05:26 AM train 400 2.183831e-01 92.366739 99.894794
09/26 10:05:30 AM train 450 2.196271e-01 92.329545 99.892600
09/26 10:05:34 AM train 500 2.225160e-01 92.249875 99.881487
09/26 10:05:39 AM train 550 2.236317e-01 92.258394 99.866720
09/26 10:05:43 AM train 600 2.239520e-01 92.249896 99.849210
09/26 10:05:47 AM train 650 2.239097e-01 92.257104 99.846390
09/26 10:05:52 AM train 700 2.264463e-01 92.154066 99.850660
09/26 10:05:56 AM train 750 2.265727e-01 92.175017 99.846039
09/26 10:05:59 AM train_acc 92.192000
09/26 10:05:59 AM valid 000 3.189937e-01 87.500000 100.000000
09/26 10:06:00 AM valid 050 3.195045e-01 90.042892 99.632353
09/26 10:06:01 AM valid 100 3.111011e-01 90.176361 99.690594
09/26 10:06:03 AM valid 150 3.038691e-01 90.345613 99.689570
09/26 10:06:03 AM valid_acc 90.330000, best_acc 90.330000
09/26 10:06:03 AM epoch 70 lr 2.412255e-02
09/26 10:06:03 AM train 000 1.696972e-01 93.750000 100.000000
09/26 10:06:07 AM train 050 1.894183e-01 92.861520 99.938725
09/26 10:06:12 AM train 100 2.089553e-01 92.667079 99.876238
09/26 10:06:16 AM train 150 2.143806e-01 92.591060 99.865480
09/26 10:06:21 AM train 200 2.249342e-01 92.311878 99.813433
09/26 10:06:25 AM train 250 2.272305e-01 92.268426 99.825697
09/26 10:06:29 AM train 300 2.292800e-01 92.125208 99.844269
09/26 10:06:34 AM train 350 2.305165e-01 92.205306 99.835292
09/26 10:06:38 AM train 400 2.298383e-01 92.230362 99.828554
09/26 10:06:42 AM train 450 2.298664e-01 92.201358 99.844096
09/26 10:06:47 AM train 500 2.287223e-01 92.243638 99.850299
09/26 10:06:51 AM train 550 2.301545e-01 92.215858 99.849705
09/26 10:06:55 AM train 600 2.297361e-01 92.210899 99.849210
09/26 10:07:00 AM train 650 2.276327e-01 92.269105 99.851190
09/26 10:07:04 AM train 700 2.290096e-01 92.196416 99.848431
09/26 10:07:08 AM train 750 2.303040e-01 92.154211 99.846039
09/26 10:07:11 AM train_acc 92.160000
09/26 10:07:11 AM valid 000 6.020896e-01 84.375000 100.000000
09/26 10:07:12 AM valid 050 3.568297e-01 88.572304 99.632353
09/26 10:07:14 AM valid 100 3.661964e-01 88.582921 99.597772
09/26 10:07:15 AM valid 150 3.507507e-01 88.886589 99.637831
09/26 10:07:15 AM valid_acc 88.950000, best_acc 90.330000
09/26 10:07:15 AM epoch 71 lr 2.409830e-02
09/26 10:07:16 AM train 000 1.810777e-01 93.750000 100.000000
09/26 10:07:20 AM train 050 2.121206e-01 92.800245 99.846814
09/26 10:07:24 AM train 100 2.087148e-01 92.744431 99.876238
09/26 10:07:28 AM train 150 2.063479e-01 92.901490 99.865480
09/26 10:07:33 AM train 200 2.125234e-01 92.786070 99.875622
09/26 10:07:37 AM train 250 2.182822e-01 92.573456 99.869273
09/26 10:07:41 AM train 300 2.211938e-01 92.473007 99.844269
09/26 10:07:46 AM train 350 2.213307e-01 92.454594 99.844195
09/26 10:07:50 AM train 400 2.226692e-01 92.397911 99.836347
09/26 10:07:54 AM train 450 2.193044e-01 92.454268 99.840632
09/26 10:07:59 AM train 500 2.210368e-01 92.352794 99.831587
09/26 10:08:03 AM train 550 2.209142e-01 92.340631 99.835526
09/26 10:08:07 AM train 600 2.239070e-01 92.265495 99.812812
09/26 10:08:12 AM train 650 2.252013e-01 92.247504 99.807988
09/26 10:08:16 AM train 700 2.260071e-01 92.216476 99.812767
09/26 10:08:20 AM train 750 2.254462e-01 92.212467 99.810669
09/26 10:08:23 AM train_acc 92.180000
09/26 10:08:23 AM valid 000 3.759676e-01 87.500000 98.437500
09/26 10:08:24 AM valid 050 3.703535e-01 88.480392 99.601716
09/26 10:08:26 AM valid 100 3.934720e-01 88.025990 99.520421
09/26 10:08:27 AM valid 150 3.940519e-01 88.079470 99.555050
09/26 10:08:27 AM valid_acc 88.030000, best_acc 90.330000
09/26 10:08:27 AM epoch 72 lr 2.407372e-02
09/26 10:08:27 AM train 000 1.641025e-01 93.750000 100.000000
09/26 10:08:31 AM train 050 2.043016e-01 92.555147 99.908088
09/26 10:08:36 AM train 100 2.028391e-01 92.775371 99.907178
09/26 10:08:40 AM train 150 2.039480e-01 92.798013 99.937914
09/26 10:08:44 AM train 200 2.088901e-01 92.692786 99.898943
09/26 10:08:49 AM train 250 2.118028e-01 92.623257 99.900398
09/26 10:08:53 AM train 300 2.121311e-01 92.727367 99.885797
09/26 10:08:57 AM train 350 2.122092e-01 92.739494 99.875356
09/26 10:09:02 AM train 400 2.170229e-01 92.545979 99.859726
09/26 10:09:06 AM train 450 2.196044e-01 92.433481 99.857955
09/26 10:09:10 AM train 500 2.224598e-01 92.340319 99.862774
09/26 10:09:15 AM train 550 2.250583e-01 92.286751 99.858212
09/26 10:09:19 AM train 600 2.262908e-01 92.255096 99.864809
09/26 10:09:23 AM train 650 2.252138e-01 92.276306 99.867992
09/26 10:09:27 AM train 700 2.260166e-01 92.247682 99.843973
09/26 10:09:32 AM train 750 2.260213e-01 92.227031 99.843958
09/26 10:09:34 AM train_acc 92.210000
09/26 10:09:34 AM valid 000 3.638683e-01 87.500000 100.000000
09/26 10:09:35 AM valid 050 4.019440e-01 87.316176 99.693627
09/26 10:09:37 AM valid 100 4.075369e-01 87.500000 99.675124
09/26 10:09:38 AM valid 150 4.016501e-01 87.427566 99.679222
09/26 10:09:38 AM valid_acc 87.510000, best_acc 90.330000
09/26 10:09:38 AM epoch 73 lr 2.404884e-02
09/26 10:09:38 AM train 000 1.176552e-01 96.875000 100.000000
09/26 10:09:43 AM train 050 1.946259e-01 93.504902 99.877451
09/26 10:09:47 AM train 100 2.019815e-01 93.378713 99.860767
09/26 10:09:51 AM train 150 2.075310e-01 93.015315 99.824089
09/26 10:09:56 AM train 200 2.205636e-01 92.490672 99.813433
09/26 10:10:00 AM train 250 2.183878e-01 92.592131 99.819472
09/26 10:10:04 AM train 300 2.167954e-01 92.675457 99.833887
09/26 10:10:09 AM train 350 2.142400e-01 92.770655 99.817486
09/26 10:10:13 AM train 400 2.190527e-01 92.569358 99.812968
09/26 10:10:17 AM train 450 2.239934e-01 92.398836 99.812916
09/26 10:10:22 AM train 500 2.245094e-01 92.390220 99.819112
09/26 10:10:26 AM train 550 2.272910e-01 92.303766 99.798662
09/26 10:10:30 AM train 600 2.267344e-01 92.322691 99.805012
09/26 10:10:34 AM train 650 2.286676e-01 92.278706 99.805588
09/26 10:10:39 AM train 700 2.268759e-01 92.334611 99.814996
09/26 10:10:43 AM train 750 2.273210e-01 92.316495 99.821072
09/26 10:10:46 AM train_acc 92.296000
09/26 10:10:46 AM valid 000 3.200319e-01 87.500000 100.000000
09/26 10:10:47 AM valid 050 3.763581e-01 88.848039 99.417892
09/26 10:10:48 AM valid 100 3.650844e-01 88.954208 99.489480
09/26 10:10:50 AM valid 150 3.622299e-01 89.031457 99.534354
09/26 10:10:50 AM valid_acc 89.060000, best_acc 90.330000
09/26 10:10:50 AM epoch 74 lr 2.402363e-02
09/26 10:10:50 AM train 000 1.331345e-01 93.750000 100.000000
09/26 10:10:55 AM train 050 2.175451e-01 92.340686 100.000000
09/26 10:10:59 AM train 100 2.142047e-01 92.651609 99.922649
09/26 10:11:03 AM train 150 2.177451e-01 92.415149 99.875828
09/26 10:11:07 AM train 200 2.171274e-01 92.374067 99.867848
09/26 10:11:11 AM train 250 2.139841e-01 92.579681 99.863048
09/26 10:11:15 AM train 300 2.159890e-01 92.462625 99.865033
09/26 10:11:20 AM train 350 2.172934e-01 92.418981 99.862001
09/26 10:11:24 AM train 400 2.218902e-01 92.331671 99.836347
09/26 10:11:28 AM train 450 2.239731e-01 92.312223 99.823309
09/26 10:11:33 AM train 500 2.252172e-01 92.249875 99.825349
09/26 10:11:37 AM train 550 2.261774e-01 92.207350 99.829855
09/26 10:11:41 AM train 600 2.263354e-01 92.203099 99.820611
09/26 10:11:46 AM train 650 2.261670e-01 92.240303 99.827189
09/26 10:11:50 AM train 700 2.276463e-01 92.198645 99.828370
09/26 10:11:54 AM train 750 2.297492e-01 92.131325 99.818991
09/26 10:11:57 AM train_acc 92.148000
09/26 10:11:57 AM valid 000 3.227105e-01 90.625000 98.437500
09/26 10:11:58 AM valid 050 3.274664e-01 89.552696 99.325980
09/26 10:11:59 AM valid 100 3.199792e-01 89.789604 99.520421
09/26 10:12:01 AM valid 150 3.109493e-01 89.952401 99.586093
09/26 10:12:01 AM valid_acc 89.960000, best_acc 90.330000
09/26 10:12:01 AM epoch 75 lr 2.399811e-02
09/26 10:12:01 AM train 000 2.646308e-01 93.750000 100.000000
09/26 10:12:06 AM train 050 1.809893e-01 93.964461 99.908088
09/26 10:12:10 AM train 100 1.958967e-01 93.270421 99.907178
09/26 10:12:14 AM train 150 1.952186e-01 93.398179 99.875828
09/26 10:12:19 AM train 200 1.987782e-01 93.283582 99.875622
09/26 10:12:23 AM train 250 2.073237e-01 92.984313 99.844373
09/26 10:12:27 AM train 300 2.097954e-01 92.997301 99.849460
09/26 10:12:32 AM train 350 2.146402e-01 92.846332 99.826389
09/26 10:12:36 AM train 400 2.167089e-01 92.701839 99.824657
09/26 10:12:40 AM train 450 2.160676e-01 92.738359 99.840632
09/26 10:12:44 AM train 500 2.204101e-01 92.586702 99.837824
09/26 10:12:48 AM train 550 2.208377e-01 92.556148 99.838362
09/26 10:12:53 AM train 600 2.215968e-01 92.538478 99.836210
09/26 10:12:57 AM train 650 2.244024e-01 92.432316 99.812788
09/26 10:13:01 AM train 700 2.260865e-01 92.363588 99.810539
09/26 10:13:06 AM train 750 2.259021e-01 92.343542 99.814830
09/26 10:13:08 AM train_acc 92.318000
09/26 10:13:09 AM valid 000 4.431241e-01 84.375000 100.000000
09/26 10:13:10 AM valid 050 3.329173e-01 89.031863 99.540441
09/26 10:13:11 AM valid 100 3.441309e-01 88.845916 99.582302
09/26 10:13:12 AM valid 150 3.440583e-01 88.772765 99.627483
09/26 10:13:12 AM valid_acc 88.740000, best_acc 90.330000
09/26 10:13:13 AM epoch 76 lr 2.397228e-02
09/26 10:13:13 AM train 000 3.166592e-01 90.625000 100.000000
09/26 10:13:17 AM train 050 2.009728e-01 93.474265 99.908088
09/26 10:13:21 AM train 100 2.028939e-01 93.456064 99.891708
09/26 10:13:25 AM train 150 1.988840e-01 93.449917 99.886175
09/26 10:13:29 AM train 200 2.016233e-01 93.268035 99.883396
09/26 10:13:33 AM train 250 2.073885e-01 93.052789 99.875498
09/26 10:13:37 AM train 300 2.099200e-01 92.945390 99.865033
09/26 10:13:42 AM train 350 2.102833e-01 92.944266 99.870905
09/26 10:13:46 AM train 400 2.112430e-01 92.904458 99.851933
09/26 10:13:50 AM train 450 2.158142e-01 92.748753 99.854490
09/26 10:13:55 AM train 500 2.169171e-01 92.708333 99.837824
09/26 10:13:59 AM train 550 2.196408e-01 92.601520 99.829855
09/26 10:14:03 AM train 600 2.206444e-01 92.551477 99.823211
09/26 10:14:08 AM train 650 2.230013e-01 92.468318 99.829589
09/26 10:14:12 AM train 700 2.237233e-01 92.448288 99.823912
09/26 10:14:16 AM train 750 2.247605e-01 92.372670 99.823152
09/26 10:14:19 AM train_acc 92.370000
09/26 10:14:19 AM valid 000 3.299075e-01 84.375000 100.000000
09/26 10:14:20 AM valid 050 3.325620e-01 89.675245 99.601716
09/26 10:14:22 AM valid 100 3.265528e-01 89.464728 99.675124
09/26 10:14:23 AM valid 150 3.261635e-01 89.621275 99.658526
09/26 10:14:23 AM valid_acc 89.610000, best_acc 90.330000
09/26 10:14:23 AM epoch 77 lr 2.394612e-02
09/26 10:14:23 AM train 000 4.386468e-01 92.187500 100.000000
09/26 10:14:28 AM train 050 2.078649e-01 93.382353 99.908088
09/26 10:14:32 AM train 100 2.017249e-01 93.363243 99.907178
09/26 10:14:36 AM train 150 1.988504e-01 93.398179 99.844785
09/26 10:14:41 AM train 200 2.045175e-01 93.135883 99.844527
09/26 10:14:45 AM train 250 2.077889e-01 93.077689 99.825697
09/26 10:14:49 AM train 300 2.090919e-01 93.012874 99.807932
09/26 10:14:53 AM train 350 2.112015e-01 92.886396 99.817486
09/26 10:14:58 AM train 400 2.164677e-01 92.713529 99.816864
09/26 10:15:02 AM train 450 2.202634e-01 92.606707 99.819845
09/26 10:15:07 AM train 500 2.193838e-01 92.608533 99.825349
09/26 10:15:11 AM train 550 2.208234e-01 92.522119 99.829855
09/26 10:15:15 AM train 600 2.237139e-01 92.390287 99.831011
09/26 10:15:19 AM train 650 2.236621e-01 92.367512 99.836790
09/26 10:15:23 AM train 700 2.240263e-01 92.363588 99.835057
09/26 10:15:28 AM train 750 2.253552e-01 92.316495 99.825233
09/26 10:15:31 AM train_acc 92.270000
09/26 10:15:31 AM valid 000 4.983391e-01 85.937500 100.000000
09/26 10:15:32 AM valid 050 3.676332e-01 89.613971 99.571078
09/26 10:15:33 AM valid 100 3.558784e-01 89.310025 99.582302
09/26 10:15:35 AM valid 150 3.485954e-01 89.352235 99.606788
09/26 10:15:35 AM valid_acc 89.290000, best_acc 90.330000
09/26 10:15:35 AM epoch 78 lr 2.391966e-02
09/26 10:15:35 AM train 000 7.945025e-02 98.437500 100.000000
09/26 10:15:39 AM train 050 2.020408e-01 93.382353 99.846814
09/26 10:15:44 AM train 100 2.210361e-01 92.620668 99.876238
09/26 10:15:48 AM train 150 2.238170e-01 92.415149 99.886175
09/26 10:15:52 AM train 200 2.322170e-01 92.117537 99.836754
09/26 10:15:57 AM train 250 2.309765e-01 92.181275 99.838147
09/26 10:16:01 AM train 300 2.291355e-01 92.192691 99.849460
09/26 10:16:06 AM train 350 2.275865e-01 92.205306 99.853098
09/26 10:16:10 AM train 400 2.306263e-01 92.062812 99.836347
09/26 10:16:14 AM train 450 2.297495e-01 92.080100 99.830238
09/26 10:16:19 AM train 500 2.312868e-01 92.019087 99.822231
09/26 10:16:23 AM train 550 2.310445e-01 92.006012 99.821348
09/26 10:16:27 AM train 600 2.315505e-01 91.992512 99.823211
09/26 10:16:32 AM train 650 2.326805e-01 91.973886 99.810388
09/26 10:16:36 AM train 700 2.319147e-01 91.989123 99.817225
09/26 10:16:40 AM train 750 2.321587e-01 92.008572 99.810669
09/26 10:16:43 AM train_acc 92.002000
09/26 10:16:43 AM valid 000 5.568788e-01 84.375000 100.000000
09/26 10:16:44 AM valid 050 3.535310e-01 88.756127 99.724265
09/26 10:16:45 AM valid 100 3.484968e-01 88.954208 99.690594
09/26 10:16:46 AM valid 150 3.458285e-01 89.134934 99.710265
09/26 10:16:47 AM valid_acc 89.080000, best_acc 90.330000
09/26 10:16:47 AM epoch 79 lr 2.389288e-02
09/26 10:16:47 AM train 000 1.309065e-01 95.312500 100.000000
09/26 10:16:51 AM train 050 2.292723e-01 92.463235 99.754902
09/26 10:16:55 AM train 100 2.093650e-01 93.146658 99.829827
09/26 10:16:59 AM train 150 2.045698e-01 93.191225 99.834437
09/26 10:17:03 AM train 200 2.047380e-01 93.213619 99.844527
09/26 10:17:07 AM train 250 2.087530e-01 93.009213 99.838147
09/26 10:17:11 AM train 300 2.148206e-01 92.789659 99.844269
09/26 10:17:16 AM train 350 2.200017e-01 92.543625 99.826389
09/26 10:17:20 AM train 400 2.242136e-01 92.432980 99.824657
09/26 10:17:24 AM train 450 2.248313e-01 92.419623 99.819845
09/26 10:17:28 AM train 500 2.236894e-01 92.440120 99.825349
09/26 10:17:32 AM train 550 2.240959e-01 92.411525 99.824183
09/26 10:17:36 AM train 600 2.224155e-01 92.424085 99.833611
09/26 10:17:40 AM train 650 2.214118e-01 92.441916 99.839190
09/26 10:17:44 AM train 700 2.224402e-01 92.441601 99.835057
09/26 10:17:48 AM train 750 2.237167e-01 92.403878 99.837716
09/26 10:17:51 AM train_acc 92.380000
09/26 10:17:51 AM valid 000 5.037631e-01 87.500000 98.437500
09/26 10:17:52 AM valid 050 3.348141e-01 89.644608 99.295343
09/26 10:17:53 AM valid 100 3.410570e-01 89.681312 99.427599
09/26 10:17:54 AM valid 150 3.372390e-01 89.817881 99.503311
09/26 10:17:55 AM valid_acc 89.830000, best_acc 90.330000
09/26 10:17:55 AM epoch 80 lr 2.386579e-02
09/26 10:17:55 AM train 000 1.728261e-01 95.312500 100.000000
09/26 10:17:59 AM train 050 2.214217e-01 92.800245 99.754902
09/26 10:18:03 AM train 100 2.218626e-01 92.868193 99.767946
09/26 10:18:07 AM train 150 2.159580e-01 92.860099 99.793046
09/26 10:18:11 AM train 200 2.165161e-01 92.824938 99.813433
09/26 10:18:15 AM train 250 2.203505e-01 92.753984 99.807022
09/26 10:18:19 AM train 300 2.198086e-01 92.789659 99.807932
09/26 10:18:23 AM train 350 2.195930e-01 92.748397 99.808583
09/26 10:18:27 AM train 400 2.169381e-01 92.830424 99.801278
09/26 10:18:31 AM train 450 2.158222e-01 92.870011 99.809451
09/26 10:18:36 AM train 500 2.180613e-01 92.792540 99.819112
09/26 10:18:40 AM train 550 2.194797e-01 92.661071 99.829855
09/26 10:18:44 AM train 600 2.221992e-01 92.561876 99.828411
09/26 10:18:48 AM train 650 2.227157e-01 92.511521 99.827189
09/26 10:18:52 AM train 700 2.231714e-01 92.492867 99.830599
09/26 10:18:56 AM train 750 2.245252e-01 92.426764 99.831475
09/26 10:18:59 AM train_acc 92.380000
09/26 10:18:59 AM valid 000 7.627788e-01 81.250000 100.000000
09/26 10:19:00 AM valid 050 4.248294e-01 86.427696 99.509804
09/26 10:19:01 AM valid 100 4.076329e-01 86.803837 99.535891
09/26 10:19:02 AM valid 150 4.043766e-01 86.972268 99.544702
09/26 10:19:02 AM valid_acc 87.120000, best_acc 90.330000
09/26 10:19:02 AM epoch 81 lr 2.383839e-02
09/26 10:19:03 AM train 000 2.868109e-01 92.187500 98.437500
09/26 10:19:07 AM train 050 2.242309e-01 92.310049 99.938725
09/26 10:19:11 AM train 100 2.164823e-01 92.311262 99.907178
09/26 10:19:15 AM train 150 2.162836e-01 92.384106 99.855132
09/26 10:19:19 AM train 200 2.212088e-01 92.280784 99.860075
09/26 10:19:23 AM train 250 2.203527e-01 92.355578 99.869273
09/26 10:19:27 AM train 300 2.214004e-01 92.265365 99.870224
09/26 10:19:31 AM train 350 2.183492e-01 92.423433 99.848647
09/26 10:19:35 AM train 400 2.215994e-01 92.304395 99.824657
09/26 10:19:39 AM train 450 2.221344e-01 92.346868 99.833703
09/26 10:19:43 AM train 500 2.232499e-01 92.318488 99.828468
09/26 10:19:48 AM train 550 2.228638e-01 92.360481 99.829855
09/26 10:19:52 AM train 600 2.240498e-01 92.348690 99.820611
09/26 10:19:56 AM train 650 2.233136e-01 92.396313 99.819988
09/26 10:20:00 AM train 700 2.233850e-01 92.363588 99.826141
09/26 10:20:04 AM train 750 2.236812e-01 92.318575 99.827314
09/26 10:20:06 AM train_acc 92.304000
09/26 10:20:07 AM valid 000 4.994092e-01 87.500000 100.000000
09/26 10:20:08 AM valid 050 3.550906e-01 89.062500 99.234069
09/26 10:20:10 AM valid 100 3.430881e-01 89.325495 99.474010
09/26 10:20:11 AM valid 150 3.349056e-01 89.424669 99.586093
09/26 10:20:11 AM valid_acc 89.460000, best_acc 90.330000
09/26 10:20:11 AM epoch 82 lr 2.381068e-02
09/26 10:20:11 AM train 000 3.574284e-01 89.062500 100.000000
09/26 10:20:15 AM train 050 2.230353e-01 92.493873 99.938725
09/26 10:20:19 AM train 100 2.331007e-01 92.125619 99.922649
09/26 10:20:24 AM train 150 2.275136e-01 92.228891 99.896523
09/26 10:20:28 AM train 200 2.229179e-01 92.319652 99.860075
09/26 10:20:32 AM train 250 2.201797e-01 92.318227 99.869273
09/26 10:20:36 AM train 300 2.188335e-01 92.389950 99.865033
09/26 10:20:40 AM train 350 2.198825e-01 92.365563 99.862001
09/26 10:20:44 AM train 400 2.209723e-01 92.355050 99.851933
09/26 10:20:48 AM train 450 2.224255e-01 92.319152 99.854490
09/26 10:20:52 AM train 500 2.220512e-01 92.346557 99.844062
09/26 10:20:56 AM train 550 2.207873e-01 92.374660 99.852541
09/26 10:21:01 AM train 600 2.221034e-01 92.330491 99.846610
09/26 10:21:05 AM train 650 2.232677e-01 92.300307 99.841590
09/26 10:21:09 AM train 700 2.233739e-01 92.305635 99.848431
09/26 10:21:13 AM train 750 2.246297e-01 92.283206 99.841877
09/26 10:21:16 AM train_acc 92.216000
09/26 10:21:16 AM valid 000 3.802814e-01 92.187500 98.437500
09/26 10:21:17 AM valid 050 3.142406e-01 90.625000 99.601716
09/26 10:21:18 AM valid 100 3.011828e-01 90.671411 99.628713
09/26 10:21:19 AM valid 150 2.974831e-01 90.656043 99.679222
09/26 10:21:20 AM valid_acc 90.680000, best_acc 90.680000
09/26 10:21:20 AM epoch 83 lr 2.378266e-02
09/26 10:21:20 AM train 000 2.462704e-01 92.187500 100.000000
09/26 10:21:24 AM train 050 1.955237e-01 93.321078 99.969363
09/26 10:21:28 AM train 100 1.949441e-01 93.456064 99.891708
09/26 10:21:32 AM train 150 1.944791e-01 93.398179 99.834437
09/26 10:21:37 AM train 200 2.017217e-01 93.081468 99.844527
09/26 10:21:41 AM train 250 2.003540e-01 93.177291 99.850598
09/26 10:21:45 AM train 300 2.015706e-01 93.116694 99.854651
09/26 10:21:49 AM train 350 2.036404e-01 93.060007 99.844195
09/26 10:21:53 AM train 400 2.073559e-01 92.888872 99.836347
09/26 10:21:58 AM train 450 2.122510e-01 92.793792 99.837167
09/26 10:22:02 AM train 500 2.158306e-01 92.680264 99.828468
09/26 10:22:06 AM train 550 2.182951e-01 92.561819 99.835526
09/26 10:22:10 AM train 600 2.197577e-01 92.507280 99.838810
09/26 10:22:14 AM train 650 2.207270e-01 92.497120 99.827189
09/26 10:22:19 AM train 700 2.216640e-01 92.448288 99.821683
09/26 10:22:23 AM train 750 2.217699e-01 92.439248 99.816911
09/26 10:22:25 AM train_acc 92.432000
09/26 10:22:26 AM valid 000 5.217949e-01 87.500000 98.437500
09/26 10:22:27 AM valid 050 3.314812e-01 89.828431 99.387255
09/26 10:22:28 AM valid 100 3.254296e-01 89.866955 99.458540
09/26 10:22:29 AM valid 150 3.227163e-01 90.035182 99.482616
09/26 10:22:29 AM valid_acc 90.040000, best_acc 90.680000
09/26 10:22:29 AM epoch 84 lr 2.375433e-02
09/26 10:22:30 AM train 000 2.566817e-01 90.625000 100.000000
09/26 10:22:34 AM train 050 2.306064e-01 92.524510 99.785539
09/26 10:22:38 AM train 100 2.322629e-01 92.264851 99.845297
09/26 10:22:42 AM train 150 2.259536e-01 92.301325 99.813742
09/26 10:22:47 AM train 200 2.282614e-01 92.342973 99.828980
09/26 10:22:51 AM train 250 2.234604e-01 92.417829 99.831922
09/26 10:22:55 AM train 300 2.199908e-01 92.478198 99.828696
09/26 10:22:59 AM train 350 2.224378e-01 92.450142 99.808583
09/26 10:23:03 AM train 400 2.234388e-01 92.390118 99.824657
09/26 10:23:08 AM train 450 2.234992e-01 92.384978 99.819845
09/26 10:23:12 AM train 500 2.243486e-01 92.371507 99.819112
09/26 10:23:16 AM train 550 2.256721e-01 92.303766 99.827019
09/26 10:23:20 AM train 600 2.244989e-01 92.322691 99.831011
09/26 10:23:25 AM train 650 2.245252e-01 92.331509 99.824789
09/26 10:23:29 AM train 700 2.247579e-01 92.352443 99.826141
09/26 10:23:33 AM train 750 2.249478e-01 92.335220 99.825233
09/26 10:23:36 AM train_acc 92.306000
09/26 10:23:36 AM valid 000 6.468258e-01 79.687500 98.437500
09/26 10:23:37 AM valid 050 4.136974e-01 87.561275 99.601716
09/26 10:23:38 AM valid 100 4.050382e-01 87.824876 99.659653
09/26 10:23:40 AM valid 150 4.044636e-01 87.872517 99.679222
09/26 10:23:40 AM valid_acc 87.810000, best_acc 90.680000
09/26 10:23:40 AM epoch 85 lr 2.372569e-02
09/26 10:23:40 AM train 000 2.210995e-01 90.625000 100.000000
09/26 10:23:44 AM train 050 2.345326e-01 92.279412 99.662990
09/26 10:23:48 AM train 100 2.225678e-01 92.574257 99.767946
09/26 10:23:52 AM train 150 2.203324e-01 92.653146 99.793046
09/26 10:23:57 AM train 200 2.181040e-01 92.723881 99.805659
09/26 10:24:01 AM train 250 2.158456e-01 92.791335 99.831922
09/26 10:24:05 AM train 300 2.165281e-01 92.691030 99.828696
09/26 10:24:09 AM train 350 2.168852e-01 92.703882 99.835292
09/26 10:24:14 AM train 400 2.227701e-01 92.495324 99.844140
09/26 10:24:18 AM train 450 2.225418e-01 92.516630 99.830238
09/26 10:24:22 AM train 500 2.228148e-01 92.480664 99.828468
09/26 10:24:26 AM train 550 2.235445e-01 92.448389 99.835526
09/26 10:24:30 AM train 600 2.220315e-01 92.478681 99.838810
09/26 10:24:35 AM train 650 2.232888e-01 92.410714 99.839190
09/26 10:24:39 AM train 700 2.238354e-01 92.379190 99.841744
09/26 10:24:43 AM train 750 2.262000e-01 92.310253 99.833555
09/26 10:24:46 AM train_acc 92.300000
09/26 10:24:46 AM valid 000 3.693803e-01 84.375000 98.437500
09/26 10:24:47 AM valid 050 3.199493e-01 89.675245 99.540441
09/26 10:24:48 AM valid 100 3.232594e-01 89.774134 99.597772
09/26 10:24:49 AM valid 150 3.224751e-01 89.828228 99.617136
09/26 10:24:50 AM valid_acc 89.900000, best_acc 90.680000
09/26 10:24:50 AM epoch 86 lr 2.369674e-02
09/26 10:24:50 AM train 000 1.607651e-01 96.875000 100.000000
09/26 10:24:54 AM train 050 2.109677e-01 92.830882 99.969363
09/26 10:24:58 AM train 100 2.164909e-01 92.651609 99.876238
09/26 10:25:02 AM train 150 2.145952e-01 92.766970 99.886175
09/26 10:25:07 AM train 200 2.123870e-01 92.879353 99.875622
09/26 10:25:11 AM train 250 2.122159e-01 92.834910 99.887948
09/26 10:25:15 AM train 300 2.149446e-01 92.706603 99.844269
09/26 10:25:19 AM train 350 2.141932e-01 92.677172 99.848647
09/26 10:25:23 AM train 400 2.135606e-01 92.631702 99.840243
09/26 10:25:28 AM train 450 2.153351e-01 92.572062 99.844096
09/26 10:25:32 AM train 500 2.156289e-01 92.574227 99.847181
09/26 10:25:36 AM train 550 2.190031e-01 92.417196 99.846869
09/26 10:25:40 AM train 600 2.205378e-01 92.359089 99.846610
09/26 10:25:44 AM train 650 2.212736e-01 92.343510 99.841590
09/26 10:25:49 AM train 700 2.211696e-01 92.392564 99.848431
09/26 10:25:53 AM train 750 2.209482e-01 92.380992 99.837716
09/26 10:25:55 AM train_acc 92.384000
09/26 10:25:55 AM valid 000 4.706176e-01 87.500000 98.437500
09/26 10:25:57 AM valid 050 3.359470e-01 89.552696 99.662990
09/26 10:25:58 AM valid 100 3.223843e-01 89.851485 99.752475
09/26 10:25:59 AM valid 150 3.241477e-01 89.807533 99.782699
09/26 10:25:59 AM valid_acc 89.790000, best_acc 90.680000
09/26 10:25:59 AM epoch 87 lr 2.366748e-02
09/26 10:26:00 AM train 000 8.462939e-02 96.875000 100.000000
09/26 10:26:04 AM train 050 2.358179e-01 92.003676 99.785539
09/26 10:26:08 AM train 100 2.247959e-01 92.404084 99.845297
09/26 10:26:12 AM train 150 2.214108e-01 92.611755 99.834437
09/26 10:26:16 AM train 200 2.132382e-01 92.832711 99.852301
09/26 10:26:21 AM train 250 2.141214e-01 92.760209 99.844373
09/26 10:26:25 AM train 300 2.145911e-01 92.763704 99.839078
09/26 10:26:29 AM train 350 2.156859e-01 92.712785 99.839744
09/26 10:26:33 AM train 400 2.194056e-01 92.549875 99.836347
09/26 10:26:38 AM train 450 2.237745e-01 92.378049 99.809451
09/26 10:26:42 AM train 500 2.218662e-01 92.452595 99.815993
09/26 10:26:46 AM train 550 2.198104e-01 92.564655 99.815676
09/26 10:26:50 AM train 600 2.192734e-01 92.561876 99.823211
09/26 10:26:55 AM train 650 2.209074e-01 92.523522 99.824789
09/26 10:26:59 AM train 700 2.203503e-01 92.566423 99.821683
09/26 10:27:03 AM train 750 2.193239e-01 92.599451 99.827314
09/26 10:27:06 AM train_acc 92.572000
09/26 10:27:06 AM valid 000 7.360322e-01 84.375000 98.437500
09/26 10:27:07 AM valid 050 4.421744e-01 87.469363 99.325980
09/26 10:27:08 AM valid 100 4.179566e-01 87.902228 99.489480
09/26 10:27:10 AM valid 150 4.127317e-01 88.017384 99.555050
09/26 10:27:10 AM valid_acc 88.040000, best_acc 90.680000
09/26 10:27:10 AM epoch 88 lr 2.363792e-02
09/26 10:27:10 AM train 000 1.907745e-01 90.625000 100.000000
09/26 10:27:14 AM train 050 2.269617e-01 92.371324 99.754902
09/26 10:27:18 AM train 100 2.109297e-01 92.682550 99.845297
09/26 10:27:23 AM train 150 2.092501e-01 92.880795 99.875828
09/26 10:27:27 AM train 200 2.055736e-01 92.949316 99.883396
09/26 10:27:31 AM train 250 2.012205e-01 93.108815 99.887948
09/26 10:27:35 AM train 300 2.066203e-01 92.971346 99.865033
09/26 10:27:40 AM train 350 2.097508e-01 92.828526 99.857550
09/26 10:27:44 AM train 400 2.100875e-01 92.826527 99.848036
09/26 10:27:48 AM train 450 2.121782e-01 92.745288 99.847561
09/26 10:27:52 AM train 500 2.122178e-01 92.745758 99.850299
09/26 10:27:56 AM train 550 2.120259e-01 92.771665 99.849705
09/26 10:28:01 AM train 600 2.138024e-01 92.673669 99.851809
09/26 10:28:05 AM train 650 2.170330e-01 92.578725 99.843990
09/26 10:28:09 AM train 700 2.179476e-01 92.521844 99.841744
09/26 10:28:13 AM train 750 2.178039e-01 92.522470 99.839797
09/26 10:28:16 AM train_acc 92.486000
09/26 10:28:16 AM valid 000 7.417930e-01 75.000000 100.000000
09/26 10:28:17 AM valid 050 4.231144e-01 86.887255 99.448529
09/26 10:28:18 AM valid 100 4.391375e-01 86.881188 99.520421
09/26 10:28:20 AM valid 150 4.361672e-01 86.992964 99.575745
09/26 10:28:20 AM valid_acc 87.070000, best_acc 90.680000
09/26 10:28:20 AM epoch 89 lr 2.360806e-02
09/26 10:28:20 AM train 000 1.073544e-01 93.750000 100.000000
09/26 10:28:24 AM train 050 2.140131e-01 92.647059 99.846814
09/26 10:28:28 AM train 100 2.100054e-01 92.821782 99.845297
09/26 10:28:33 AM train 150 2.095721e-01 92.911838 99.824089
09/26 10:28:37 AM train 200 2.105836e-01 92.894900 99.797886
09/26 10:28:41 AM train 250 2.137065e-01 92.834910 99.800797
09/26 10:28:45 AM train 300 2.146632e-01 92.841570 99.807932
09/26 10:28:49 AM train 350 2.143862e-01 92.868590 99.826389
09/26 10:28:54 AM train 400 2.144726e-01 92.865493 99.836347
09/26 10:28:58 AM train 450 2.164268e-01 92.779933 99.847561
09/26 10:29:02 AM train 500 2.173010e-01 92.748877 99.834706
09/26 10:29:06 AM train 550 2.190530e-01 92.669578 99.832691
09/26 10:29:10 AM train 600 2.219040e-01 92.564476 99.825811
09/26 10:29:15 AM train 650 2.220660e-01 92.537922 99.819988
09/26 10:29:19 AM train 700 2.223542e-01 92.524073 99.819454
09/26 10:29:23 AM train 750 2.254449e-01 92.412200 99.814830
09/26 10:29:26 AM train_acc 92.388000
09/26 10:29:26 AM valid 000 3.630504e-01 87.500000 98.437500
09/26 10:29:27 AM valid 050 3.511936e-01 89.093137 99.571078
09/26 10:29:28 AM valid 100 3.443399e-01 89.186262 99.628713
09/26 10:29:29 AM valid 150 3.409879e-01 89.134934 99.689570
09/26 10:29:30 AM valid_acc 89.140000, best_acc 90.680000
09/26 10:29:30 AM epoch 90 lr 2.357789e-02
09/26 10:29:30 AM train 000 1.560691e-01 93.750000 100.000000
09/26 10:29:34 AM train 050 2.311395e-01 92.340686 99.846814
09/26 10:29:38 AM train 100 2.126095e-01 92.868193 99.814356
09/26 10:29:42 AM train 150 2.065978e-01 92.994619 99.834437
09/26 10:29:47 AM train 200 2.064025e-01 92.879353 99.867848
09/26 10:29:51 AM train 250 2.102097e-01 92.785110 99.838147
09/26 10:29:55 AM train 300 2.132910e-01 92.659884 99.844269
09/26 10:29:59 AM train 350 2.164505e-01 92.525819 99.839744
09/26 10:30:03 AM train 400 2.183863e-01 92.440773 99.840243
09/26 10:30:08 AM train 450 2.192904e-01 92.416159 99.840632
09/26 10:30:12 AM train 500 2.214953e-01 92.374626 99.834706
09/26 10:30:16 AM train 550 2.202059e-01 92.425703 99.841198
09/26 10:30:20 AM train 600 2.210908e-01 92.413686 99.844010
09/26 10:30:24 AM train 650 2.209089e-01 92.405914 99.839190
09/26 10:30:29 AM train 700 2.193272e-01 92.475036 99.843973
09/26 10:30:33 AM train 750 2.209023e-01 92.435087 99.837716
09/26 10:30:35 AM train_acc 92.448000
09/26 10:30:36 AM valid 000 3.231132e-01 89.062500 100.000000
09/26 10:30:37 AM valid 050 3.100024e-01 90.165441 99.754902
09/26 10:30:38 AM valid 100 3.151547e-01 89.913366 99.752475
09/26 10:30:39 AM valid 150 3.029048e-01 90.159354 99.751656
09/26 10:30:39 AM valid_acc 90.250000, best_acc 90.680000
09/26 10:30:39 AM epoch 91 lr 2.354741e-02
09/26 10:30:40 AM train 000 1.494540e-01 96.875000 98.437500
09/26 10:30:44 AM train 050 2.073618e-01 92.922794 99.846814
09/26 10:30:48 AM train 100 2.103969e-01 92.930074 99.814356
09/26 10:30:52 AM train 150 2.105309e-01 92.818709 99.824089
09/26 10:30:57 AM train 200 2.151136e-01 92.630597 99.797886
09/26 10:31:01 AM train 250 2.160233e-01 92.592131 99.813247
09/26 10:31:05 AM train 300 2.172645e-01 92.488580 99.833887
09/26 10:31:09 AM train 350 2.175287e-01 92.534722 99.826389
09/26 10:31:13 AM train 400 2.200292e-01 92.444670 99.828554
09/26 10:31:18 AM train 450 2.184520e-01 92.492378 99.840632
09/26 10:31:22 AM train 500 2.216655e-01 92.377745 99.837824
09/26 10:31:26 AM train 550 2.210816e-01 92.403017 99.838362
09/26 10:31:30 AM train 600 2.213150e-01 92.377288 99.838810
09/26 10:31:35 AM train 650 2.219026e-01 92.360311 99.839190
09/26 10:31:39 AM train 700 2.239135e-01 92.314551 99.837286
09/26 10:31:43 AM train 750 2.270281e-01 92.218708 99.831475
09/26 10:31:46 AM train_acc 92.196000
09/26 10:31:46 AM valid 000 3.466386e-01 87.500000 100.000000
09/26 10:31:47 AM valid 050 3.691991e-01 88.327206 99.509804
09/26 10:31:48 AM valid 100 3.675460e-01 88.459158 99.597772
09/26 10:31:49 AM valid 150 3.622629e-01 88.679636 99.586093
09/26 10:31:50 AM valid_acc 88.690000, best_acc 90.680000
09/26 10:31:50 AM epoch 92 lr 2.351664e-02
09/26 10:31:50 AM train 000 2.054593e-01 92.187500 100.000000
09/26 10:31:54 AM train 050 2.287776e-01 92.156863 99.754902
09/26 10:31:58 AM train 100 2.142057e-01 92.744431 99.814356
09/26 10:32:03 AM train 150 2.040721e-01 93.160182 99.855132
09/26 10:32:07 AM train 200 2.015753e-01 93.174751 99.875622
09/26 10:32:11 AM train 250 2.051303e-01 93.090139 99.875498
09/26 10:32:15 AM train 300 2.073827e-01 93.018065 99.875415
09/26 10:32:20 AM train 350 2.071779e-01 93.042201 99.870905
09/26 10:32:24 AM train 400 2.099013e-01 92.927837 99.867519
09/26 10:32:28 AM train 450 2.138814e-01 92.776469 99.854490
09/26 10:32:32 AM train 500 2.152616e-01 92.661552 99.847181
09/26 10:32:37 AM train 550 2.145175e-01 92.720622 99.838362
09/26 10:32:41 AM train 600 2.150270e-01 92.694468 99.836210
09/26 10:32:45 AM train 650 2.146177e-01 92.686732 99.831989
09/26 10:32:49 AM train 700 2.164954e-01 92.635521 99.832828
09/26 10:32:53 AM train 750 2.164297e-01 92.618176 99.833555
09/26 10:32:56 AM train_acc 92.632000
09/26 10:32:56 AM valid 000 2.680936e-01 87.500000 100.000000
09/26 10:32:57 AM valid 050 3.463280e-01 89.062500 99.662990
09/26 10:32:59 AM valid 100 3.482957e-01 89.031559 99.690594
09/26 10:33:00 AM valid 150 3.435011e-01 89.217715 99.720613
09/26 10:33:00 AM valid_acc 89.250000, best_acc 90.680000
09/26 10:33:00 AM epoch 93 lr 2.348556e-02
09/26 10:33:00 AM train 000 1.649848e-01 96.875000 100.000000
09/26 10:33:04 AM train 050 2.392578e-01 92.064951 99.846814
09/26 10:33:09 AM train 100 2.327728e-01 92.094678 99.845297
09/26 10:33:13 AM train 150 2.185133e-01 92.632450 99.844785
09/26 10:33:17 AM train 200 2.115767e-01 92.871580 99.860075
09/26 10:33:21 AM train 250 2.101953e-01 92.834910 99.856823
09/26 10:33:26 AM train 300 2.126368e-01 92.794850 99.844269
09/26 10:33:30 AM train 350 2.145262e-01 92.779558 99.853098
09/26 10:33:34 AM train 400 2.162609e-01 92.725218 99.848036
09/26 10:33:38 AM train 450 2.156403e-01 92.727966 99.851025
09/26 10:33:42 AM train 500 2.159535e-01 92.717690 99.847181
09/26 10:33:47 AM train 550 2.169642e-01 92.615699 99.841198
09/26 10:33:51 AM train 600 2.192678e-01 92.567076 99.836210
09/26 10:33:55 AM train 650 2.196839e-01 92.528322 99.836790
09/26 10:33:59 AM train 700 2.200581e-01 92.499554 99.843973
09/26 10:34:03 AM train 750 2.220033e-01 92.449650 99.841877
09/26 10:34:06 AM train_acc 92.462000
09/26 10:34:06 AM valid 000 4.709765e-01 85.937500 100.000000
09/26 10:34:07 AM valid 050 3.241585e-01 89.430147 99.479167
09/26 10:34:09 AM valid 100 3.266646e-01 89.588490 99.582302
09/26 10:34:10 AM valid 150 3.242590e-01 90.004139 99.637831
09/26 10:34:10 AM valid_acc 90.050000, best_acc 90.680000
09/26 10:34:10 AM epoch 94 lr 2.345418e-02
09/26 10:34:10 AM train 000 2.572200e-01 89.062500 100.000000
09/26 10:34:14 AM train 050 1.850965e-01 93.933824 99.877451
09/26 10:34:19 AM train 100 1.925473e-01 93.641708 99.891708
09/26 10:34:23 AM train 150 1.971317e-01 93.367136 99.886175
09/26 10:34:27 AM train 200 2.015882e-01 93.174751 99.875622
09/26 10:34:31 AM train 250 2.016427e-01 93.227092 99.863048
09/26 10:34:35 AM train 300 2.058509e-01 93.111503 99.865033
09/26 10:34:40 AM train 350 2.069087e-01 93.068910 99.862001
09/26 10:34:44 AM train 400 2.114427e-01 92.904458 99.863622
09/26 10:34:48 AM train 450 2.116693e-01 92.880405 99.857955
09/26 10:34:52 AM train 500 2.135982e-01 92.823728 99.856537
09/26 10:34:56 AM train 550 2.134584e-01 92.842559 99.855377
09/26 10:35:01 AM train 600 2.169033e-01 92.738665 99.854409
09/26 10:35:05 AM train 650 2.196054e-01 92.619528 99.851190
09/26 10:35:09 AM train 700 2.201380e-01 92.564194 99.850660
09/26 10:35:13 AM train 750 2.201958e-01 92.574484 99.850200
09/26 10:35:16 AM train_acc 92.566000
09/26 10:35:16 AM valid 000 2.915791e-01 92.187500 100.000000
09/26 10:35:17 AM valid 050 3.376824e-01 89.430147 99.785539
09/26 10:35:18 AM valid 100 3.199105e-01 89.712252 99.783416
09/26 10:35:19 AM valid 150 3.150720e-01 89.786838 99.762003
09/26 10:35:19 AM valid_acc 89.890000, best_acc 90.680000
09/26 10:35:20 AM epoch 95 lr 2.342250e-02
09/26 10:35:20 AM train 000 2.792554e-01 92.187500 100.000000
09/26 10:35:24 AM train 050 2.210774e-01 92.493873 99.846814
09/26 10:35:28 AM train 100 2.155680e-01 92.759901 99.860767
09/26 10:35:32 AM train 150 2.144787e-01 92.798013 99.865480
09/26 10:35:37 AM train 200 2.164993e-01 92.669465 99.828980
09/26 10:35:41 AM train 250 2.145142e-01 92.685508 99.838147
09/26 10:35:45 AM train 300 2.148384e-01 92.571636 99.833887
09/26 10:35:49 AM train 350 2.166062e-01 92.508013 99.844195
09/26 10:35:53 AM train 400 2.180812e-01 92.471945 99.832450
09/26 10:35:58 AM train 450 2.198514e-01 92.447339 99.840632
09/26 10:36:02 AM train 500 2.183511e-01 92.486901 99.850299
09/26 10:36:06 AM train 550 2.180199e-01 92.522119 99.849705
09/26 10:36:10 AM train 600 2.194151e-01 92.444884 99.851809
09/26 10:36:14 AM train 650 2.201104e-01 92.401114 99.858391
09/26 10:36:19 AM train 700 2.203259e-01 92.412625 99.859576
09/26 10:36:23 AM train 750 2.190833e-01 92.482939 99.862683
09/26 10:36:25 AM train_acc 92.480000
09/26 10:36:25 AM valid 000 3.206027e-01 85.937500 100.000000
09/26 10:36:27 AM valid 050 3.893556e-01 87.898284 99.632353
09/26 10:36:28 AM valid 100 3.936624e-01 87.732054 99.551361
09/26 10:36:29 AM valid 150 3.840743e-01 88.017384 99.555050
09/26 10:36:29 AM valid_acc 88.050000, best_acc 90.680000
09/26 10:36:29 AM epoch 96 lr 2.339051e-02
09/26 10:36:30 AM train 000 1.279564e-01 95.312500 100.000000
09/26 10:36:34 AM train 050 2.005418e-01 93.106618 99.877451
09/26 10:36:38 AM train 100 1.956775e-01 93.131188 99.907178
09/26 10:36:42 AM train 150 2.042210e-01 92.798013 99.906871
09/26 10:36:46 AM train 200 2.052166e-01 92.754975 99.883396
09/26 10:36:51 AM train 250 2.109790e-01 92.610807 99.863048
09/26 10:36:55 AM train 300 2.122352e-01 92.571636 99.870224
09/26 10:36:59 AM train 350 2.134782e-01 92.530271 99.879808
09/26 10:37:03 AM train 400 2.109683e-01 92.600530 99.887001
09/26 10:37:07 AM train 450 2.095907e-01 92.627494 99.889135
09/26 10:37:12 AM train 500 2.090906e-01 92.714571 99.884606
09/26 10:37:16 AM train 550 2.089248e-01 92.706443 99.878063
09/26 10:37:20 AM train 600 2.110754e-01 92.647671 99.872608
09/26 10:37:24 AM train 650 2.113096e-01 92.619528 99.877592
09/26 10:37:28 AM train 700 2.136387e-01 92.555278 99.868491
09/26 10:37:33 AM train 750 2.139690e-01 92.547437 99.862683
09/26 10:37:35 AM train_acc 92.542000
09/26 10:37:35 AM valid 000 2.999776e-01 89.062500 100.000000
09/26 10:37:36 AM valid 050 3.194266e-01 90.042892 99.479167
09/26 10:37:38 AM valid 100 3.127125e-01 90.284653 99.566832
09/26 10:37:39 AM valid 150 3.091166e-01 90.335265 99.658526
09/26 10:37:39 AM valid_acc 90.420000, best_acc 90.680000
09/26 10:37:39 AM epoch 97 lr 2.335824e-02
09/26 10:37:39 AM train 000 1.136411e-01 96.875000 100.000000
09/26 10:37:44 AM train 050 1.902926e-01 93.443627 99.846814
09/26 10:37:48 AM train 100 1.918329e-01 93.502475 99.922649
09/26 10:37:52 AM train 150 1.894852e-01 93.449917 99.906871
09/26 10:37:56 AM train 200 1.975403e-01 93.174751 99.875622
09/26 10:38:00 AM train 250 2.058248e-01 92.959412 99.863048
09/26 10:38:05 AM train 300 2.051545e-01 92.950581 99.870224
09/26 10:38:09 AM train 350 2.108397e-01 92.797365 99.875356
09/26 10:38:13 AM train 400 2.148929e-01 92.647288 99.875312
09/26 10:38:17 AM train 450 2.145565e-01 92.662140 99.861419
09/26 10:38:21 AM train 500 2.121193e-01 92.711452 99.862774
09/26 10:38:26 AM train 550 2.112608e-01 92.720622 99.863884
09/26 10:38:30 AM train 600 2.120299e-01 92.730865 99.857009
09/26 10:38:34 AM train 650 2.142193e-01 92.703533 99.860791
09/26 10:38:38 AM train 700 2.166127e-01 92.660039 99.852889
09/26 10:38:42 AM train 750 2.183711e-01 92.599451 99.854361
09/26 10:38:45 AM train_acc 92.552000
09/26 10:38:45 AM valid 000 2.516878e-01 92.187500 100.000000
09/26 10:38:46 AM valid 050 3.045850e-01 89.920343 99.877451
09/26 10:38:48 AM valid 100 3.081964e-01 89.928837 99.767946
09/26 10:38:49 AM valid 150 3.014232e-01 90.107616 99.803394
09/26 10:38:49 AM valid_acc 90.150000, best_acc 90.680000
09/26 10:38:49 AM epoch 98 lr 2.332566e-02
09/26 10:38:49 AM train 000 2.414081e-01 92.187500 100.000000
09/26 10:38:53 AM train 050 1.856085e-01 93.658088 99.877451
09/26 10:38:58 AM train 100 1.970021e-01 93.332302 99.845297
09/26 10:39:02 AM train 150 2.027644e-01 93.170530 99.834437
09/26 10:39:06 AM train 200 2.089509e-01 92.988184 99.828980
09/26 10:39:10 AM train 250 2.067319e-01 93.034114 99.819472
09/26 10:39:15 AM train 300 2.084720e-01 92.950581 99.833887
09/26 10:39:19 AM train 350 2.125626e-01 92.864138 99.844195
09/26 10:39:23 AM train 400 2.104968e-01 92.888872 99.855829
09/26 10:39:27 AM train 450 2.118254e-01 92.807650 99.847561
09/26 10:39:31 AM train 500 2.095512e-01 92.839321 99.859656
09/26 10:39:36 AM train 550 2.104024e-01 92.731965 99.863884
09/26 10:39:40 AM train 600 2.104031e-01 92.689268 99.870008
09/26 10:39:44 AM train 650 2.113809e-01 92.693932 99.867992
09/26 10:39:48 AM train 700 2.126297e-01 92.662268 99.870720
09/26 10:39:52 AM train 750 2.151059e-01 92.599451 99.868925
09/26 10:39:55 AM train_acc 92.610000
09/26 10:39:55 AM valid 000 3.543310e-01 85.937500 100.000000
09/26 10:39:56 AM valid 050 3.342484e-01 90.165441 99.448529
09/26 10:39:58 AM valid 100 3.283150e-01 90.114480 99.582302
09/26 10:39:59 AM valid 150 3.245527e-01 90.107616 99.565397
09/26 10:39:59 AM valid_acc 90.120000, best_acc 90.680000
09/26 10:39:59 AM epoch 99 lr 2.329279e-02
09/26 10:39:59 AM train 000 1.634762e-01 93.750000 100.000000
09/26 10:40:03 AM train 050 2.092387e-01 92.861520 99.846814
09/26 10:40:08 AM train 100 2.067774e-01 92.775371 99.814356
09/26 10:40:12 AM train 150 2.043371e-01 92.891142 99.855132
09/26 10:40:16 AM train 200 2.093381e-01 92.739428 99.813433
09/26 10:40:20 AM train 250 2.085531e-01 92.816235 99.813247
09/26 10:40:24 AM train 300 2.059195e-01 92.877907 99.807932
09/26 10:40:29 AM train 350 2.096520e-01 92.797365 99.799679
09/26 10:40:33 AM train 400 2.109370e-01 92.760287 99.805175
09/26 10:40:37 AM train 450 2.109155e-01 92.738359 99.809451
09/26 10:40:41 AM train 500 2.111828e-01 92.720808 99.815993
09/26 10:40:45 AM train 550 2.128395e-01 92.697936 99.812840
09/26 10:40:50 AM train 600 2.140442e-01 92.632072 99.825811
09/26 10:40:54 AM train 650 2.170489e-01 92.533122 99.819988
09/26 10:40:58 AM train 700 2.174259e-01 92.517386 99.826141
09/26 10:41:02 AM train 750 2.206844e-01 92.399717 99.816911
09/26 10:41:05 AM train_acc 92.386000
09/26 10:41:05 AM valid 000 7.755114e-01 82.812500 100.000000
09/26 10:41:06 AM valid 050 3.367625e-01 90.073529 99.448529
09/26 10:41:07 AM valid 100 3.240612e-01 89.944307 99.504950
09/26 10:41:09 AM valid 150 3.165636e-01 90.190397 99.575745
09/26 10:41:09 AM valid_acc 90.230000, best_acc 90.680000
09/26 10:41:09 AM epoch 100 lr 2.325962e-02
09/26 10:41:09 AM train 000 3.822583e-01 92.187500 100.000000
09/26 10:41:13 AM train 050 2.285079e-01 92.371324 99.908088
09/26 10:41:17 AM train 100 2.163421e-01 92.744431 99.891708
09/26 10:41:22 AM train 150 2.131041e-01 92.766970 99.855132
09/26 10:41:26 AM train 200 2.129171e-01 92.824938 99.844527
09/26 10:41:30 AM train 250 2.092387e-01 92.915837 99.869273
09/26 10:41:34 AM train 300 2.093648e-01 92.914244 99.854651
09/26 10:41:38 AM train 350 2.115094e-01 92.855235 99.862001
09/26 10:41:43 AM train 400 2.134229e-01 92.799252 99.855829
09/26 10:41:47 AM train 450 2.122770e-01 92.866547 99.851025
09/26 10:41:51 AM train 500 2.142160e-01 92.761352 99.850299
09/26 10:41:55 AM train 550 2.152221e-01 92.706443 99.855377
09/26 10:41:59 AM train 600 2.158405e-01 92.678869 99.851809
09/26 10:42:04 AM train 650 2.153706e-01 92.672331 99.843990
09/26 10:42:08 AM train 700 2.168991e-01 92.617689 99.846202
09/26 10:42:12 AM train 750 2.159067e-01 92.645223 99.848119
09/26 10:42:15 AM train_acc 92.614000
09/26 10:42:15 AM valid 000 5.083315e-01 85.937500 100.000000
09/26 10:42:16 AM valid 050 3.134181e-01 90.502451 99.693627
09/26 10:42:17 AM valid 100 2.978034e-01 90.594059 99.690594
09/26 10:42:18 AM valid 150 2.986893e-01 90.366308 99.720613
09/26 10:42:18 AM valid_acc 90.380000, best_acc 90.680000
09/26 10:42:19 AM epoch 101 lr 2.322615e-02
09/26 10:42:19 AM train 000 1.131412e-01 96.875000 100.000000
09/26 10:42:23 AM train 050 2.270303e-01 92.279412 99.785539
09/26 10:42:27 AM train 100 2.163946e-01 92.759901 99.783416
09/26 10:42:31 AM train 150 2.162273e-01 92.704884 99.813742
09/26 10:42:35 AM train 200 2.140757e-01 92.770522 99.836754
09/26 10:42:40 AM train 250 2.104037e-01 92.884711 99.844373
09/26 10:42:44 AM train 300 2.086707e-01 92.935008 99.839078
09/26 10:42:48 AM train 350 2.089831e-01 92.850783 99.830840
09/26 10:42:52 AM train 400 2.111830e-01 92.795355 99.844140
09/26 10:42:57 AM train 450 2.153058e-01 92.641353 99.830238
09/26 10:43:01 AM train 500 2.155108e-01 92.630364 99.834706
09/26 10:43:05 AM train 550 2.159840e-01 92.618534 99.824183
09/26 10:43:09 AM train 600 2.169806e-01 92.556676 99.831011
09/26 10:43:13 AM train 650 2.173158e-01 92.564324 99.827189
09/26 10:43:18 AM train 700 2.200356e-01 92.470578 99.821683
09/26 10:43:22 AM train 750 2.212423e-01 92.422603 99.825233
09/26 10:43:24 AM train_acc 92.384000
09/26 10:43:25 AM valid 000 5.072019e-01 87.500000 98.437500
09/26 10:43:26 AM valid 050 3.808141e-01 88.020833 99.509804
09/26 10:43:27 AM valid 100 3.698775e-01 88.428218 99.597772
09/26 10:43:28 AM valid 150 3.695557e-01 88.493377 99.596440
09/26 10:43:28 AM valid_acc 88.560000, best_acc 90.680000
09/26 10:43:28 AM epoch 102 lr 2.319240e-02
09/26 10:43:29 AM train 000 2.716860e-01 89.062500 100.000000
09/26 10:43:33 AM train 050 2.130400e-01 92.953431 99.846814
09/26 10:43:37 AM train 100 2.076472e-01 93.115718 99.876238
09/26 10:43:41 AM train 150 2.143504e-01 92.942881 99.844785
09/26 10:43:45 AM train 200 2.042470e-01 93.112562 99.860075
09/26 10:43:50 AM train 250 2.060864e-01 92.965637 99.863048
09/26 10:43:54 AM train 300 2.115032e-01 92.815615 99.849460
09/26 10:43:58 AM train 350 2.171399e-01 92.570335 99.839744
09/26 10:44:02 AM train 400 2.181421e-01 92.471945 99.840243
09/26 10:44:06 AM train 450 2.167961e-01 92.551275 99.847561
09/26 10:44:11 AM train 500 2.190773e-01 92.493139 99.847181
09/26 10:44:15 AM train 550 2.194223e-01 92.471075 99.846869
09/26 10:44:19 AM train 600 2.168669e-01 92.577475 99.846610
09/26 10:44:23 AM train 650 2.176777e-01 92.528322 99.848790
09/26 10:44:28 AM train 700 2.185921e-01 92.497325 99.848431
09/26 10:44:32 AM train 750 2.200672e-01 92.428845 99.850200
09/26 10:44:34 AM train_acc 92.434000
09/26 10:44:34 AM valid 000 2.822022e-01 89.062500 100.000000
09/26 10:44:36 AM valid 050 3.269517e-01 89.399510 99.754902
09/26 10:44:37 AM valid 100 3.339432e-01 89.263614 99.675124
09/26 10:44:38 AM valid 150 3.365682e-01 89.217715 99.668874
09/26 10:44:38 AM valid_acc 89.260000, best_acc 90.680000
09/26 10:44:38 AM epoch 103 lr 2.315834e-02
09/26 10:44:39 AM train 000 2.084171e-01 92.187500 100.000000
09/26 10:44:43 AM train 050 1.944401e-01 93.658088 99.877451
09/26 10:44:47 AM train 100 2.077775e-01 92.991955 99.907178
09/26 10:44:51 AM train 150 2.069309e-01 92.932533 99.937914
09/26 10:44:55 AM train 200 2.057367e-01 92.972637 99.883396
09/26 10:45:00 AM train 250 2.062560e-01 92.922062 99.875498
09/26 10:45:04 AM train 300 2.035270e-01 93.069975 99.849460
09/26 10:45:08 AM train 350 2.019810e-01 93.131232 99.866453
09/26 10:45:12 AM train 400 2.050606e-01 92.982388 99.859726
09/26 10:45:16 AM train 450 2.069598e-01 92.949695 99.857955
09/26 10:45:21 AM train 500 2.087696e-01 92.882984 99.859656
09/26 10:45:25 AM train 550 2.111152e-01 92.817037 99.852541
09/26 10:45:29 AM train 600 2.130985e-01 92.743864 99.851809
09/26 10:45:33 AM train 650 2.146201e-01 92.669931 99.846390
09/26 10:45:38 AM train 700 2.157917e-01 92.651123 99.841744
09/26 10:45:42 AM train 750 2.164933e-01 92.643142 99.839797
09/26 10:45:44 AM train_acc 92.624000
09/26 10:45:45 AM valid 000 4.067488e-01 90.625000 100.000000
09/26 10:45:46 AM valid 050 2.703139e-01 90.839461 99.724265
09/26 10:45:47 AM valid 100 2.780769e-01 90.733292 99.798886
09/26 10:45:48 AM valid 150 2.662550e-01 91.080298 99.824089
09/26 10:45:48 AM valid_acc 91.110000, best_acc 91.110000
09/26 10:45:49 AM epoch 104 lr 2.312400e-02
09/26 10:45:49 AM train 000 8.934528e-02 96.875000 100.000000
09/26 10:45:53 AM train 050 1.833782e-01 93.750000 99.938725
09/26 10:45:57 AM train 100 1.865929e-01 93.703589 99.938119
09/26 10:46:01 AM train 150 1.961957e-01 93.315397 99.875828
09/26 10:46:06 AM train 200 1.998026e-01 93.112562 99.891169
09/26 10:46:10 AM train 250 2.037043e-01 92.946962 99.887948
09/26 10:46:14 AM train 300 2.096630e-01 92.836379 99.890988
09/26 10:46:18 AM train 350 2.127920e-01 92.717236 99.866453
09/26 10:46:22 AM train 400 2.144920e-01 92.662874 99.844140
09/26 10:46:27 AM train 450 2.124061e-01 92.759146 99.847561
09/26 10:46:31 AM train 500 2.140410e-01 92.708333 99.853418
09/26 10:46:35 AM train 550 2.134901e-01 92.720622 99.855377
09/26 10:46:39 AM train 600 2.138407e-01 92.678869 99.854409
09/26 10:46:43 AM train 650 2.152521e-01 92.653130 99.851190
09/26 10:46:48 AM train 700 2.158939e-01 92.597628 99.846202
09/26 10:46:52 AM train 750 2.153506e-01 92.626498 99.852280
09/26 10:46:54 AM train_acc 92.618000
09/26 10:46:54 AM valid 000 3.561373e-01 90.625000 100.000000
09/26 10:46:56 AM valid 050 2.917674e-01 90.655637 99.571078
09/26 10:46:57 AM valid 100 2.801525e-01 91.104579 99.659653
09/26 10:46:58 AM valid 150 2.776954e-01 91.028560 99.720613
09/26 10:46:58 AM valid_acc 91.130000, best_acc 91.130000
09/26 10:46:58 AM epoch 105 lr 2.308937e-02
09/26 10:46:58 AM train 000 2.385096e-01 95.312500 100.000000
09/26 10:47:03 AM train 050 1.980061e-01 93.321078 100.000000
09/26 10:47:07 AM train 100 1.978730e-01 93.022896 99.953589
09/26 10:47:11 AM train 150 2.024128e-01 93.004967 99.927566
09/26 10:47:15 AM train 200 2.028445e-01 93.081468 99.875622
09/26 10:47:20 AM train 250 2.057982e-01 92.965637 99.863048
09/26 10:47:24 AM train 300 2.074758e-01 92.960963 99.854651
09/26 10:47:28 AM train 350 2.115758e-01 92.828526 99.844195
09/26 10:47:32 AM train 400 2.100075e-01 92.865493 99.851933
09/26 10:47:37 AM train 450 2.083049e-01 92.932373 99.851025
09/26 10:47:41 AM train 500 2.074592e-01 92.882984 99.856537
09/26 10:47:45 AM train 550 2.074891e-01 92.896438 99.861048
09/26 10:47:49 AM train 600 2.098277e-01 92.840058 99.870008
09/26 10:47:54 AM train 650 2.132627e-01 92.725134 99.858391
09/26 10:47:58 AM train 700 2.138056e-01 92.715763 99.855118
09/26 10:48:02 AM train 750 2.150312e-01 92.661868 99.854361
09/26 10:48:05 AM train_acc 92.594000
09/26 10:48:05 AM valid 000 2.348872e-01 90.625000 100.000000
09/26 10:48:06 AM valid 050 3.180511e-01 90.655637 99.387255
09/26 10:48:07 AM valid 100 3.123790e-01 90.423886 99.412129
09/26 10:48:08 AM valid 150 3.099772e-01 90.407699 99.451573
09/26 10:48:09 AM valid_acc 90.410000, best_acc 91.130000
09/26 10:48:09 AM epoch 106 lr 2.305444e-02
09/26 10:48:09 AM train 000 1.457371e-01 96.875000 100.000000
09/26 10:48:13 AM train 050 1.818200e-01 93.719363 99.877451
09/26 10:48:17 AM train 100 1.934434e-01 93.131188 99.860767
09/26 10:48:22 AM train 150 1.979811e-01 93.129139 99.855132
09/26 10:48:26 AM train 200 2.023272e-01 93.050373 99.844527
09/26 10:48:30 AM train 250 2.085289e-01 92.897161 99.831922
09/26 10:48:34 AM train 300 2.114784e-01 92.758513 99.823505
09/26 10:48:38 AM train 350 2.150966e-01 92.583689 99.821937
09/26 10:48:43 AM train 400 2.162587e-01 92.545979 99.832450
09/26 10:48:47 AM train 450 2.175939e-01 92.502772 99.833703
09/26 10:48:51 AM train 500 2.162081e-01 92.558633 99.844062
09/26 10:48:55 AM train 550 2.162950e-01 92.558984 99.832691
09/26 10:49:00 AM train 600 2.172920e-01 92.551477 99.828411
09/26 10:49:04 AM train 650 2.180552e-01 92.528322 99.834389
09/26 10:49:08 AM train 700 2.177281e-01 92.528531 99.835057
09/26 10:49:12 AM train 750 2.176643e-01 92.539115 99.831475
09/26 10:49:15 AM train_acc 92.520000
09/26 10:49:15 AM valid 000 5.694843e-01 89.062500 98.437500
09/26 10:49:16 AM valid 050 3.778974e-01 88.725490 99.356618
09/26 10:49:17 AM valid 100 3.661080e-01 88.814975 99.535891
09/26 10:49:19 AM valid 150 3.617848e-01 88.917632 99.575745
09/26 10:49:19 AM valid_acc 88.870000, best_acc 91.130000
09/26 10:49:19 AM epoch 107 lr 2.301923e-02
09/26 10:49:19 AM train 000 2.026219e-01 92.187500 100.000000
09/26 10:49:23 AM train 050 2.138807e-01 92.677696 99.816176
09/26 10:49:28 AM train 100 2.109162e-01 92.728960 99.829827
09/26 10:49:32 AM train 150 2.087320e-01 92.777318 99.824089
09/26 10:49:36 AM train 200 2.074886e-01 92.941542 99.828980
09/26 10:49:40 AM train 250 2.061895e-01 92.990538 99.844373
09/26 10:49:45 AM train 300 2.071317e-01 92.909053 99.844269
09/26 10:49:49 AM train 350 2.109460e-01 92.810719 99.844195
09/26 10:49:53 AM train 400 2.111827e-01 92.760287 99.844140
09/26 10:49:57 AM train 450 2.079548e-01 92.890798 99.844096
09/26 10:50:01 AM train 500 2.110734e-01 92.742640 99.837824
09/26 10:50:06 AM train 550 2.134978e-01 92.703607 99.835526
09/26 10:50:10 AM train 600 2.135022e-01 92.663270 99.838810
09/26 10:50:14 AM train 650 2.132866e-01 92.674731 99.843990
09/26 10:50:18 AM train 700 2.162687e-01 92.597628 99.839515
09/26 10:50:23 AM train 750 2.165200e-01 92.589048 99.843958
09/26 10:50:25 AM train_acc 92.596000
09/26 10:50:25 AM valid 000 5.548930e-01 87.500000 100.000000
09/26 10:50:27 AM valid 050 3.447872e-01 88.602941 99.662990
09/26 10:50:28 AM valid 100 3.315290e-01 89.016089 99.737005
09/26 10:50:29 AM valid 150 3.289780e-01 89.372930 99.730960
09/26 10:50:29 AM valid_acc 89.350000, best_acc 91.130000
09/26 10:50:29 AM epoch 108 lr 2.298372e-02
09/26 10:50:29 AM train 000 3.994928e-01 89.062500 100.000000
09/26 10:50:34 AM train 050 2.227234e-01 92.677696 99.816176
09/26 10:50:38 AM train 100 2.111049e-01 93.100248 99.829827
09/26 10:50:42 AM train 150 2.046022e-01 93.180877 99.855132
09/26 10:50:46 AM train 200 2.033104e-01 93.213619 99.836754
09/26 10:50:50 AM train 250 2.048976e-01 93.139940 99.844373
09/26 10:50:55 AM train 300 2.065155e-01 93.028447 99.844269
09/26 10:50:59 AM train 350 2.082789e-01 92.948718 99.826389
09/26 10:51:03 AM train 400 2.109790e-01 92.881079 99.824657
09/26 10:51:07 AM train 450 2.117801e-01 92.852688 99.823309
09/26 10:51:11 AM train 500 2.139637e-01 92.795659 99.828468
09/26 10:51:15 AM train 550 2.148688e-01 92.746143 99.832691
09/26 10:51:20 AM train 600 2.154456e-01 92.762063 99.836210
09/26 10:51:24 AM train 650 2.142637e-01 92.825941 99.836790
09/26 10:51:28 AM train 700 2.150208e-01 92.769258 99.832828
09/26 10:51:32 AM train 750 2.152165e-01 92.753412 99.827314
09/26 10:51:35 AM train_acc 92.734000
09/26 10:51:35 AM valid 000 3.517699e-01 90.625000 100.000000
09/26 10:51:36 AM valid 050 3.179142e-01 90.471814 99.724265
09/26 10:51:37 AM valid 100 3.100144e-01 90.470297 99.798886
09/26 10:51:39 AM valid 150 3.091005e-01 90.552566 99.772351
09/26 10:51:39 AM valid_acc 90.520000, best_acc 91.130000
09/26 10:51:39 AM epoch 109 lr 2.294793e-02
09/26 10:51:39 AM train 000 2.115128e-01 93.750000 100.000000
09/26 10:51:43 AM train 050 1.932706e-01 93.137255 99.938725
09/26 10:51:47 AM train 100 1.924360e-01 93.471535 99.922649
09/26 10:51:51 AM train 150 1.903249e-01 93.470613 99.927566
09/26 10:51:56 AM train 200 1.921156e-01 93.376866 99.930037
09/26 10:52:00 AM train 250 2.011578e-01 93.158616 99.925299
09/26 10:52:04 AM train 300 2.080574e-01 92.893480 99.875415
09/26 10:52:08 AM train 350 2.099263e-01 92.846332 99.875356
09/26 10:52:12 AM train 400 2.147046e-01 92.733011 99.875312
09/26 10:52:17 AM train 450 2.162993e-01 92.648282 99.868348
09/26 10:52:21 AM train 500 2.152992e-01 92.698977 99.865893
09/26 10:52:25 AM train 550 2.151059e-01 92.686593 99.863884
09/26 10:52:29 AM train 600 2.166460e-01 92.632072 99.862209
09/26 10:52:33 AM train 650 2.185543e-01 92.549923 99.855991
09/26 10:52:37 AM train 700 2.195972e-01 92.515157 99.841744
09/26 10:52:42 AM train 750 2.196914e-01 92.514148 99.843958
09/26 10:52:44 AM train_acc 92.486000
09/26 10:52:44 AM valid 000 2.677738e-01 90.625000 100.000000
09/26 10:52:46 AM valid 050 2.851977e-01 90.686275 99.754902
09/26 10:52:47 AM valid 100 2.915417e-01 90.578589 99.721535
09/26 10:52:48 AM valid 150 2.826223e-01 90.738825 99.689570
09/26 10:52:48 AM valid_acc 90.770000, best_acc 91.130000
09/26 10:52:48 AM epoch 110 lr 2.291186e-02
09/26 10:52:48 AM train 000 1.712960e-01 96.875000 100.000000
09/26 10:52:53 AM train 050 2.135492e-01 93.075980 99.816176
09/26 10:52:57 AM train 100 2.009511e-01 93.316832 99.814356
09/26 10:53:01 AM train 150 1.979008e-01 93.377483 99.834437
09/26 10:53:05 AM train 200 1.951472e-01 93.322450 99.844527
09/26 10:53:09 AM train 250 1.982142e-01 93.258217 99.856823
09/26 10:53:13 AM train 300 2.008766e-01 93.163414 99.865033
09/26 10:53:18 AM train 350 2.039325e-01 93.033298 99.870905
09/26 10:53:22 AM train 400 2.021121e-01 93.087594 99.851933
09/26 10:53:26 AM train 450 2.017816e-01 93.098670 99.840632
09/26 10:53:30 AM train 500 2.043621e-01 93.010853 99.831587
09/26 10:53:34 AM train 550 2.090932e-01 92.811366 99.835526
09/26 10:53:39 AM train 600 2.109329e-01 92.775062 99.831011
09/26 10:53:43 AM train 650 2.112488e-01 92.789939 99.834389
09/26 10:53:47 AM train 700 2.105485e-01 92.773716 99.837286
09/26 10:53:51 AM train 750 2.112521e-01 92.782540 99.827314
09/26 10:53:54 AM train_acc 92.752000
09/26 10:53:54 AM valid 000 5.569063e-01 87.500000 100.000000
09/26 10:53:55 AM valid 050 2.930858e-01 90.962010 99.479167
09/26 10:53:56 AM valid 100 3.034298e-01 90.392946 99.613243
09/26 10:53:57 AM valid 150 2.967395e-01 90.438742 99.679222
09/26 10:53:58 AM valid_acc 90.490000, best_acc 91.130000
09/26 10:53:58 AM epoch 111 lr 2.287550e-02
09/26 10:53:58 AM train 000 6.311791e-02 98.437500 100.000000
09/26 10:54:02 AM train 050 1.840999e-01 93.290441 99.785539
09/26 10:54:06 AM train 100 1.887104e-01 93.285891 99.814356
09/26 10:54:10 AM train 150 1.878506e-01 93.387831 99.803394
09/26 10:54:15 AM train 200 1.940225e-01 93.205846 99.790112
09/26 10:54:19 AM train 250 2.064682e-01 92.834910 99.800797
09/26 10:54:23 AM train 300 2.118056e-01 92.659884 99.792359
09/26 10:54:27 AM train 350 2.115532e-01 92.686075 99.786325
09/26 10:54:31 AM train 400 2.097384e-01 92.740804 99.793485
09/26 10:54:35 AM train 450 2.117165e-01 92.651746 99.805987
09/26 10:54:40 AM train 500 2.108830e-01 92.677146 99.812874
09/26 10:54:44 AM train 550 2.114654e-01 92.680921 99.821348
09/26 10:54:48 AM train 600 2.127496e-01 92.652870 99.815412
09/26 10:54:52 AM train 650 2.141321e-01 92.559524 99.822389
09/26 10:54:56 AM train 700 2.147426e-01 92.557507 99.823912
09/26 10:55:00 AM train 750 2.145872e-01 92.562001 99.821072
09/26 10:55:03 AM train_acc 92.562000
09/26 10:55:03 AM valid 000 4.790372e-01 87.500000 100.000000
09/26 10:55:04 AM valid 050 3.071362e-01 90.441176 99.571078
09/26 10:55:06 AM valid 100 3.070577e-01 90.485767 99.628713
09/26 10:55:07 AM valid 150 3.060112e-01 90.490480 99.668874
09/26 10:55:07 AM valid_acc 90.530000, best_acc 91.130000
09/26 10:55:07 AM epoch 112 lr 2.283885e-02
09/26 10:55:07 AM train 000 1.870411e-01 90.625000 100.000000
09/26 10:55:11 AM train 050 2.216322e-01 92.677696 99.754902
09/26 10:55:16 AM train 100 2.024506e-01 93.038366 99.767946
09/26 10:55:20 AM train 150 2.000581e-01 93.087748 99.844785
09/26 10:55:24 AM train 200 2.013063e-01 93.065920 99.821206
09/26 10:55:28 AM train 250 2.034145e-01 92.934512 99.794572
09/26 10:55:32 AM train 300 2.101253e-01 92.727367 99.787168
09/26 10:55:37 AM train 350 2.114559e-01 92.726140 99.799679
09/26 10:55:41 AM train 400 2.129533e-01 92.694046 99.785692
09/26 10:55:45 AM train 450 2.137524e-01 92.675998 99.774806
09/26 10:55:49 AM train 500 2.172619e-01 92.589820 99.778568
09/26 10:55:53 AM train 550 2.196237e-01 92.524955 99.790154
09/26 10:55:58 AM train 600 2.197799e-01 92.509879 99.794613
09/26 10:56:02 AM train 650 2.204441e-01 92.492320 99.798387
09/26 10:56:06 AM train 700 2.204188e-01 92.492867 99.801623
09/26 10:56:10 AM train 750 2.207487e-01 92.487101 99.806508
09/26 10:56:13 AM train_acc 92.434000
09/26 10:56:13 AM valid 000 2.930321e-01 90.625000 100.000000
09/26 10:56:14 AM valid 050 3.027969e-01 90.502451 99.693627
09/26 10:56:15 AM valid 100 3.012671e-01 90.625000 99.690594
09/26 10:56:17 AM valid 150 2.985625e-01 90.666391 99.720613
09/26 10:56:17 AM valid_acc 90.660000, best_acc 91.130000
09/26 10:56:17 AM epoch 113 lr 2.280192e-02
09/26 10:56:17 AM train 000 2.299156e-01 95.312500 100.000000
09/26 10:56:21 AM train 050 2.031318e-01 93.290441 99.816176
09/26 10:56:25 AM train 100 1.958464e-01 93.254950 99.860767
09/26 10:56:29 AM train 150 2.007998e-01 93.077401 99.875828
09/26 10:56:34 AM train 200 2.078648e-01 92.894900 99.828980
09/26 10:56:38 AM train 250 2.074901e-01 92.915837 99.844373
09/26 10:56:42 AM train 300 2.098544e-01 92.872716 99.849460
09/26 10:56:46 AM train 350 2.131660e-01 92.761752 99.853098
09/26 10:56:50 AM train 400 2.145508e-01 92.674564 99.840243
09/26 10:56:55 AM train 450 2.152295e-01 92.693320 99.851025
09/26 10:56:59 AM train 500 2.150348e-01 92.655314 99.844062
09/26 10:57:03 AM train 550 2.141396e-01 92.706443 99.846869
09/26 10:57:07 AM train 600 2.163165e-01 92.639871 99.831011
09/26 10:57:11 AM train 650 2.171644e-01 92.602727 99.829589
09/26 10:57:16 AM train 700 2.183006e-01 92.541904 99.821683
09/26 10:57:20 AM train 750 2.184519e-01 92.528712 99.821072
09/26 10:57:22 AM train_acc 92.546000
09/26 10:57:22 AM valid 000 5.356151e-01 85.937500 98.437500
09/26 10:57:24 AM valid 050 3.807158e-01 88.909314 99.540441
09/26 10:57:25 AM valid 100 3.808379e-01 88.784035 99.597772
09/26 10:57:26 AM valid 150 3.883861e-01 88.814156 99.596440
09/26 10:57:26 AM valid_acc 88.820000, best_acc 91.130000
09/26 10:57:26 AM epoch 114 lr 2.276471e-02
09/26 10:57:26 AM train 000 3.236560e-01 87.500000 100.000000
09/26 10:57:31 AM train 050 2.287069e-01 92.003676 99.785539
09/26 10:57:35 AM train 100 2.225869e-01 92.249381 99.814356
09/26 10:57:39 AM train 150 2.118697e-01 92.622103 99.803394
09/26 10:57:43 AM train 200 2.114270e-01 92.646144 99.828980
09/26 10:57:47 AM train 250 2.112775e-01 92.660608 99.850598
09/26 10:57:52 AM train 300 2.126768e-01 92.623547 99.849460
09/26 10:57:56 AM train 350 2.126553e-01 92.623754 99.862001
09/26 10:58:00 AM train 400 2.112491e-01 92.682357 99.851933
09/26 10:58:04 AM train 450 2.109237e-01 92.689856 99.847561
09/26 10:58:08 AM train 500 2.118725e-01 92.655314 99.850299
09/26 10:58:13 AM train 550 2.122074e-01 92.714950 99.852541
09/26 10:58:17 AM train 600 2.140112e-01 92.645071 99.844010
09/26 10:58:21 AM train 650 2.131585e-01 92.672331 99.843990
09/26 10:58:25 AM train 700 2.110431e-01 92.746969 99.848431
09/26 10:58:29 AM train 750 2.120349e-01 92.724284 99.848119
09/26 10:58:32 AM train_acc 92.686000
09/26 10:58:32 AM valid 000 3.910792e-01 87.500000 100.000000
09/26 10:58:33 AM valid 050 3.223191e-01 90.625000 99.632353
09/26 10:58:34 AM valid 100 3.234389e-01 90.408416 99.644183
09/26 10:58:36 AM valid 150 3.114393e-01 90.614652 99.689570
09/26 10:58:36 AM valid_acc 90.730000, best_acc 91.130000
09/26 10:58:36 AM epoch 115 lr 2.272721e-02
09/26 10:58:36 AM train 000 2.201836e-01 95.312500 100.000000
09/26 10:58:40 AM train 050 2.264218e-01 92.555147 99.908088
09/26 10:58:44 AM train 100 2.171540e-01 92.744431 99.938119
09/26 10:58:49 AM train 150 2.139327e-01 92.911838 99.917219
09/26 10:58:53 AM train 200 2.102723e-01 92.840485 99.914490
09/26 10:58:57 AM train 250 2.104744e-01 92.778884 99.919074
09/26 10:59:01 AM train 300 2.104009e-01 92.784468 99.916944
09/26 10:59:05 AM train 350 2.118593e-01 92.735043 99.884259
09/26 10:59:10 AM train 400 2.147336e-01 92.658978 99.863622
09/26 10:59:14 AM train 450 2.130457e-01 92.707178 99.861419
09/26 10:59:18 AM train 500 2.134859e-01 92.680264 99.856537
09/26 10:59:22 AM train 550 2.121547e-01 92.720622 99.861048
09/26 10:59:26 AM train 600 2.117608e-01 92.759463 99.854409
09/26 10:59:31 AM train 650 2.109838e-01 92.777938 99.855991
09/26 10:59:35 AM train 700 2.108484e-01 92.787090 99.855118
09/26 10:59:39 AM train 750 2.109546e-01 92.759654 99.852280
09/26 10:59:42 AM train_acc 92.754000
09/26 10:59:42 AM valid 000 2.891037e-01 92.187500 100.000000
09/26 10:59:43 AM valid 050 3.062312e-01 90.471814 99.724265
09/26 10:59:44 AM valid 100 3.037564e-01 90.578589 99.829827
09/26 10:59:45 AM valid 150 3.014406e-01 90.666391 99.813742
09/26 10:59:45 AM valid_acc 90.700000, best_acc 91.130000
09/26 10:59:46 AM epoch 116 lr 2.268944e-02
09/26 10:59:46 AM train 000 8.541110e-02 96.875000 100.000000
09/26 10:59:50 AM train 050 2.127848e-01 92.463235 99.816176
09/26 10:59:54 AM train 100 2.077643e-01 92.744431 99.891708
09/26 10:59:58 AM train 150 2.043950e-01 92.818709 99.844785
09/26 11:00:03 AM train 200 2.093922e-01 92.622823 99.860075
09/26 11:00:07 AM train 250 2.138020e-01 92.561006 99.863048
09/26 11:00:11 AM train 300 2.176787e-01 92.436669 99.849460
09/26 11:00:15 AM train 350 2.184828e-01 92.374466 99.844195
09/26 11:00:19 AM train 400 2.183568e-01 92.409601 99.828554
09/26 11:00:23 AM train 450 2.206730e-01 92.339939 99.830238
09/26 11:00:28 AM train 500 2.192040e-01 92.399576 99.828468
09/26 11:00:32 AM train 550 2.204713e-01 92.377495 99.832691
09/26 11:00:36 AM train 600 2.179915e-01 92.463082 99.838810
09/26 11:00:40 AM train 650 2.176387e-01 92.487519 99.848790
09/26 11:00:44 AM train 700 2.191494e-01 92.439372 99.846202
09/26 11:00:49 AM train 750 2.187384e-01 92.424684 99.848119
09/26 11:00:51 AM train_acc 92.414000
09/26 11:00:51 AM valid 000 3.702698e-01 81.250000 100.000000
09/26 11:00:53 AM valid 050 3.291005e-01 89.705882 99.693627
09/26 11:00:54 AM valid 100 3.230205e-01 90.099010 99.690594
09/26 11:00:55 AM valid 150 3.169500e-01 90.293874 99.689570
09/26 11:00:55 AM valid_acc 90.250000, best_acc 91.130000
09/26 11:00:55 AM epoch 117 lr 2.265139e-02
09/26 11:00:55 AM train 000 3.365521e-01 92.187500 100.000000
09/26 11:01:00 AM train 050 2.179732e-01 92.800245 99.877451
09/26 11:01:04 AM train 100 2.142480e-01 92.790842 99.860767
09/26 11:01:08 AM train 150 2.090758e-01 93.004967 99.875828
09/26 11:01:12 AM train 200 2.095512e-01 92.957090 99.860075
09/26 11:01:16 AM train 250 2.074083e-01 92.928287 99.869273
09/26 11:01:20 AM train 300 2.065766e-01 92.992110 99.859842
09/26 11:01:25 AM train 350 2.069870e-01 93.006588 99.844195
09/26 11:01:29 AM train 400 2.089773e-01 92.943423 99.851933
09/26 11:01:33 AM train 450 2.090663e-01 92.939302 99.840632
09/26 11:01:37 AM train 500 2.103933e-01 92.889222 99.834706
09/26 11:01:41 AM train 550 2.106242e-01 92.899274 99.841198
09/26 11:01:46 AM train 600 2.097570e-01 92.925853 99.846610
09/26 11:01:50 AM train 650 2.101602e-01 92.945949 99.843990
09/26 11:01:54 AM train 700 2.085032e-01 92.983238 99.848431
09/26 11:01:58 AM train 750 2.108785e-01 92.909454 99.841877
09/26 11:02:01 AM train_acc 92.864000
09/26 11:02:01 AM valid 000 3.092789e-01 90.625000 100.000000
09/26 11:02:02 AM valid 050 3.218231e-01 89.920343 99.509804
09/26 11:02:03 AM valid 100 3.222838e-01 89.820545 99.597772
09/26 11:02:04 AM valid 150 3.267242e-01 89.497103 99.679222
09/26 11:02:05 AM valid_acc 89.540000, best_acc 91.130000
09/26 11:02:05 AM epoch 118 lr 2.261305e-02
09/26 11:02:05 AM train 000 2.605047e-01 93.750000 100.000000
09/26 11:02:09 AM train 050 2.060826e-01 93.045343 99.938725
09/26 11:02:13 AM train 100 2.132137e-01 92.806312 99.860767
09/26 11:02:17 AM train 150 2.108362e-01 92.953228 99.844785
09/26 11:02:22 AM train 200 2.123952e-01 93.003731 99.844527
09/26 11:02:26 AM train 250 2.184836e-01 92.691733 99.825697
09/26 11:02:30 AM train 300 2.199517e-01 92.628738 99.813123
09/26 11:02:34 AM train 350 2.161782e-01 92.730591 99.821937
09/26 11:02:38 AM train 400 2.157250e-01 92.721322 99.816864
09/26 11:02:42 AM train 450 2.154982e-01 92.755682 99.816380
09/26 11:02:47 AM train 500 2.137085e-01 92.833084 99.825349
09/26 11:02:51 AM train 550 2.145392e-01 92.771665 99.815676
09/26 11:02:55 AM train 600 2.173078e-01 92.658070 99.815412
09/26 11:02:59 AM train 650 2.180322e-01 92.619528 99.810388
09/26 11:03:03 AM train 700 2.171588e-01 92.642208 99.817225
09/26 11:03:08 AM train 750 2.166469e-01 92.655626 99.825233
09/26 11:03:10 AM train_acc 92.658000
09/26 11:03:10 AM valid 000 3.551709e-01 85.937500 100.000000
09/26 11:03:12 AM valid 050 3.217367e-01 89.736520 99.662990
09/26 11:03:13 AM valid 100 2.978795e-01 90.671411 99.690594
09/26 11:03:14 AM valid 150 2.960878e-01 90.562914 99.710265
09/26 11:03:14 AM valid_acc 90.590000, best_acc 91.130000
09/26 11:03:14 AM epoch 119 lr 2.257445e-02
09/26 11:03:14 AM train 000 2.421281e-01 93.750000 100.000000
09/26 11:03:19 AM train 050 1.989961e-01 93.351716 99.846814
09/26 11:03:23 AM train 100 2.022710e-01 93.193069 99.860767
09/26 11:03:27 AM train 150 2.031223e-01 93.108444 99.886175
09/26 11:03:31 AM train 200 1.979812e-01 93.221393 99.898943
09/26 11:03:35 AM train 250 1.958834e-01 93.276892 99.881723
09/26 11:03:39 AM train 300 1.984918e-01 93.204942 99.870224
09/26 11:03:44 AM train 350 1.993277e-01 93.113426 99.866453
09/26 11:03:48 AM train 400 2.001322e-01 93.099283 99.875312
09/26 11:03:52 AM train 450 2.028976e-01 92.980876 99.882206
09/26 11:03:56 AM train 500 2.050199e-01 92.911053 99.878368
09/26 11:04:00 AM train 550 2.082499e-01 92.805694 99.875227
09/26 11:04:05 AM train 600 2.122754e-01 92.665869 99.864809
09/26 11:04:09 AM train 650 2.128046e-01 92.631528 99.860791
09/26 11:04:13 AM train 700 2.122519e-01 92.697932 99.859576
09/26 11:04:17 AM train 750 2.117273e-01 92.726365 99.862683
09/26 11:04:20 AM train_acc 92.724000
09/26 11:04:20 AM valid 000 2.444797e-01 92.187500 100.000000
09/26 11:04:21 AM valid 050 2.810285e-01 91.636029 99.693627
09/26 11:04:22 AM valid 100 2.952839e-01 91.413985 99.690594
09/26 11:04:24 AM valid 150 2.800472e-01 91.494205 99.751656
09/26 11:04:24 AM valid_acc 91.470000, best_acc 91.470000
09/26 11:04:24 AM epoch 120 lr 2.253556e-02
09/26 11:04:24 AM train 000 2.756378e-01 92.187500 100.000000
09/26 11:04:28 AM train 050 1.971709e-01 93.229167 99.816176
09/26 11:04:32 AM train 100 1.926268e-01 93.456064 99.829827
09/26 11:04:37 AM train 150 2.015642e-01 93.098096 99.793046
09/26 11:04:41 AM train 200 2.011918e-01 93.143657 99.828980
09/26 11:04:45 AM train 250 1.997071e-01 93.115040 99.856823
09/26 11:04:49 AM train 300 1.995096e-01 93.132267 99.849460
09/26 11:04:53 AM train 350 2.045783e-01 92.970976 99.844195
09/26 11:04:58 AM train 400 2.035057e-01 93.021353 99.851933
09/26 11:05:02 AM train 450 2.052011e-01 93.025915 99.840632
09/26 11:05:06 AM train 500 2.070532e-01 92.957834 99.837824
09/26 11:05:10 AM train 550 2.061134e-01 92.987182 99.841198
09/26 11:05:15 AM train 600 2.075480e-01 92.946651 99.844010
09/26 11:05:19 AM train 650 2.120116e-01 92.806740 99.841590
09/26 11:05:23 AM train 700 2.128784e-01 92.775945 99.839515
09/26 11:05:27 AM train 750 2.114315e-01 92.822071 99.831475
09/26 11:05:30 AM train_acc 92.838000
09/26 11:05:30 AM valid 000 3.825816e-01 87.500000 98.437500
09/26 11:05:31 AM valid 050 2.983369e-01 90.502451 99.693627
09/26 11:05:32 AM valid 100 2.967930e-01 90.841584 99.737005
09/26 11:05:33 AM valid 150 2.889059e-01 91.059603 99.751656
09/26 11:05:34 AM valid_acc 91.060000, best_acc 91.470000
09/26 11:05:34 AM epoch 121 lr 2.249640e-02
09/26 11:05:34 AM train 000 1.547341e-01 95.312500 100.000000
09/26 11:05:38 AM train 050 1.968386e-01 93.198529 99.908088
09/26 11:05:42 AM train 100 1.943294e-01 93.332302 99.891708
09/26 11:05:47 AM train 150 1.963728e-01 93.180877 99.875828
09/26 11:05:51 AM train 200 1.913637e-01 93.516791 99.852301
09/26 11:05:55 AM train 250 1.930030e-01 93.457420 99.856823
09/26 11:05:59 AM train 300 1.976379e-01 93.282807 99.854651
09/26 11:06:03 AM train 350 2.029412e-01 93.122329 99.848647
09/26 11:06:08 AM train 400 2.053101e-01 93.029146 99.832450
09/26 11:06:12 AM train 450 2.048912e-01 93.046702 99.840632
09/26 11:06:16 AM train 500 2.092711e-01 92.936003 99.819112
09/26 11:06:20 AM train 550 2.118712e-01 92.828380 99.824183
09/26 11:06:25 AM train 600 2.136860e-01 92.730865 99.820611
09/26 11:06:29 AM train 650 2.145336e-01 92.737135 99.822389
09/26 11:06:33 AM train 700 2.158674e-01 92.675642 99.826141
09/26 11:06:37 AM train 750 2.164996e-01 92.630659 99.825233
09/26 11:06:40 AM train_acc 92.632000
09/26 11:06:40 AM valid 000 5.544000e-01 87.500000 100.000000
09/26 11:06:41 AM valid 050 3.416405e-01 89.705882 99.632353
09/26 11:06:43 AM valid 100 3.371752e-01 89.433787 99.597772
09/26 11:06:44 AM valid 150 3.285456e-01 89.673013 99.648179
09/26 11:06:44 AM valid_acc 89.570000, best_acc 91.470000
09/26 11:06:44 AM epoch 122 lr 2.245697e-02
09/26 11:06:44 AM train 000 2.198980e-01 92.187500 100.000000
09/26 11:06:48 AM train 050 2.299392e-01 92.034314 99.938725
09/26 11:06:53 AM train 100 2.060537e-01 92.914604 99.907178
09/26 11:06:57 AM train 150 1.985427e-01 93.129139 99.875828
09/26 11:07:01 AM train 200 1.995476e-01 93.011505 99.860075
09/26 11:07:05 AM train 250 2.005113e-01 93.071464 99.856823
09/26 11:07:10 AM train 300 1.976578e-01 93.199751 99.849460
09/26 11:07:14 AM train 350 1.999184e-01 93.108974 99.835292
09/26 11:07:18 AM train 400 1.989930e-01 93.192799 99.812968
09/26 11:07:22 AM train 450 1.983863e-01 93.209534 99.812916
09/26 11:07:26 AM train 500 2.024849e-01 93.007735 99.828468
09/26 11:07:31 AM train 550 2.033593e-01 92.998525 99.827019
09/26 11:07:35 AM train 600 2.048569e-01 92.957051 99.828411
09/26 11:07:39 AM train 650 2.065455e-01 92.890745 99.831989
09/26 11:07:43 AM train 700 2.082890e-01 92.858417 99.832828
09/26 11:07:48 AM train 750 2.097234e-01 92.815829 99.831475
09/26 11:07:50 AM train_acc 92.788000
09/26 11:07:50 AM valid 000 3.122982e-01 89.062500 98.437500
09/26 11:07:52 AM valid 050 3.494041e-01 89.123775 99.724265
09/26 11:07:53 AM valid 100 3.362008e-01 89.603960 99.659653
09/26 11:07:54 AM valid 150 3.296965e-01 89.600579 99.679222
09/26 11:07:54 AM valid_acc 89.680000, best_acc 91.470000
09/26 11:07:54 AM epoch 123 lr 2.241726e-02
09/26 11:07:54 AM train 000 1.811373e-01 93.750000 100.000000
09/26 11:07:59 AM train 050 1.968521e-01 93.382353 99.816176
09/26 11:08:03 AM train 100 1.909070e-01 93.471535 99.829827
09/26 11:08:07 AM train 150 1.886679e-01 93.522351 99.834437
09/26 11:08:11 AM train 200 1.927332e-01 93.407960 99.860075
09/26 11:08:16 AM train 250 1.983606e-01 93.276892 99.844373
09/26 11:08:20 AM train 300 2.023055e-01 93.178987 99.833887
09/26 11:08:24 AM train 350 2.031743e-01 93.108974 99.839744
09/26 11:08:28 AM train 400 2.053224e-01 93.064214 99.832450
09/26 11:08:32 AM train 450 2.053792e-01 93.081347 99.844096
09/26 11:08:37 AM train 500 2.048630e-01 93.138723 99.844062
09/26 11:08:41 AM train 550 2.061481e-01 93.086434 99.838362
09/26 11:08:45 AM train 600 2.079683e-01 92.972650 99.836210
09/26 11:08:49 AM train 650 2.096428e-01 92.909946 99.836790
09/26 11:08:53 AM train 700 2.101005e-01 92.920827 99.828370
09/26 11:08:58 AM train 750 2.105284e-01 92.913615 99.835636
09/26 11:09:00 AM train_acc 92.916000
09/26 11:09:00 AM valid 000 5.546317e-01 85.937500 100.000000
09/26 11:09:02 AM valid 050 3.728157e-01 88.878676 99.540441
09/26 11:09:03 AM valid 100 3.586348e-01 89.170792 99.597772
09/26 11:09:04 AM valid 150 3.537374e-01 89.186672 99.596440
09/26 11:09:04 AM valid_acc 89.230000, best_acc 91.470000
09/26 11:09:04 AM epoch 124 lr 2.237728e-02
09/26 11:09:05 AM train 000 1.731047e-01 92.187500 100.000000
09/26 11:09:09 AM train 050 2.173179e-01 92.677696 99.938725
09/26 11:09:13 AM train 100 2.110575e-01 92.790842 99.891708
09/26 11:09:17 AM train 150 2.119511e-01 92.756623 99.886175
09/26 11:09:21 AM train 200 2.141252e-01 92.731654 99.875622
09/26 11:09:26 AM train 250 2.142486e-01 92.704183 99.856823
09/26 11:09:30 AM train 300 2.124139e-01 92.763704 99.870224
09/26 11:09:34 AM train 350 2.115076e-01 92.748397 99.879808
09/26 11:09:38 AM train 400 2.118072e-01 92.764183 99.890898
09/26 11:09:43 AM train 450 2.130621e-01 92.717572 99.892600
09/26 11:09:47 AM train 500 2.163613e-01 92.633483 99.859656
09/26 11:09:51 AM train 550 2.172777e-01 92.604356 99.852541
09/26 11:09:56 AM train 600 2.181686e-01 92.582675 99.838810
09/26 11:10:00 AM train 650 2.192558e-01 92.523522 99.836790
09/26 11:10:04 AM train 700 2.174494e-01 92.568652 99.826141
09/26 11:10:08 AM train 750 2.167303e-01 92.620256 99.825233
09/26 11:10:11 AM train_acc 92.648000
09/26 11:10:11 AM valid 000 5.160057e-01 79.687500 98.437500
09/26 11:10:12 AM valid 050 3.425770e-01 89.859069 99.571078
09/26 11:10:13 AM valid 100 3.391598e-01 90.083540 99.597772
09/26 11:10:15 AM valid 150 3.315821e-01 90.138659 99.617136
09/26 11:10:15 AM valid_acc 90.190000, best_acc 91.470000
09/26 11:10:15 AM epoch 125 lr 2.233703e-02
09/26 11:10:15 AM train 000 2.017737e-01 93.750000 100.000000
09/26 11:10:19 AM train 050 2.012627e-01 92.922794 99.846814
09/26 11:10:24 AM train 100 1.981266e-01 93.007426 99.891708
09/26 11:10:28 AM train 150 2.005549e-01 92.973924 99.875828
09/26 11:10:32 AM train 200 1.991618e-01 92.941542 99.844527
09/26 11:10:36 AM train 250 2.008814e-01 92.922062 99.856823
09/26 11:10:41 AM train 300 2.079998e-01 92.758513 99.828696
09/26 11:10:45 AM train 350 2.085363e-01 92.730591 99.830840
09/26 11:10:49 AM train 400 2.088114e-01 92.733011 99.832450
09/26 11:10:53 AM train 450 2.086300e-01 92.804185 99.826774
09/26 11:10:57 AM train 500 2.094680e-01 92.789421 99.822231
09/26 11:11:02 AM train 550 2.091743e-01 92.797187 99.827019
09/26 11:11:06 AM train 600 2.088845e-01 92.821859 99.820611
09/26 11:11:10 AM train 650 2.099844e-01 92.773137 99.815188
09/26 11:11:14 AM train 700 2.096800e-01 92.789319 99.819454
09/26 11:11:19 AM train 750 2.105344e-01 92.782540 99.823152
09/26 11:11:21 AM train_acc 92.760000
09/26 11:11:21 AM valid 000 4.328468e-01 87.500000 100.000000
09/26 11:11:23 AM valid 050 3.711103e-01 88.878676 99.509804
09/26 11:11:24 AM valid 100 3.839087e-01 88.675743 99.535891
09/26 11:11:25 AM valid 150 3.819601e-01 88.979719 99.575745
09/26 11:11:25 AM valid_acc 88.970000, best_acc 91.470000
09/26 11:11:25 AM epoch 126 lr 2.229651e-02
09/26 11:11:25 AM train 000 2.027769e-01 92.187500 100.000000
09/26 11:11:30 AM train 050 1.885832e-01 93.596814 99.785539
09/26 11:11:34 AM train 100 2.030393e-01 93.131188 99.767946
09/26 11:11:38 AM train 150 2.035250e-01 93.025662 99.813742
09/26 11:11:42 AM train 200 2.041298e-01 93.089241 99.813433
09/26 11:11:47 AM train 250 2.070859e-01 92.959412 99.813247
09/26 11:11:51 AM train 300 2.033532e-01 93.044020 99.818314
09/26 11:11:55 AM train 350 2.057078e-01 92.886396 99.821937
09/26 11:11:59 AM train 400 2.088689e-01 92.846010 99.812968
09/26 11:12:03 AM train 450 2.110679e-01 92.759146 99.812916
09/26 11:12:08 AM train 500 2.131259e-01 92.723927 99.815993
09/26 11:12:12 AM train 550 2.119489e-01 92.794351 99.827019
09/26 11:12:16 AM train 600 2.123330e-01 92.798461 99.831011
09/26 11:12:21 AM train 650 2.146711e-01 92.677131 99.829589
09/26 11:12:25 AM train 700 2.144686e-01 92.682329 99.841744
09/26 11:12:29 AM train 750 2.155072e-01 92.628579 99.848119
09/26 11:12:32 AM train_acc 92.612000
09/26 11:12:32 AM valid 000 3.994549e-01 87.500000 100.000000
09/26 11:12:33 AM valid 050 3.084521e-01 90.104167 99.785539
09/26 11:12:34 AM valid 100 3.261816e-01 89.866955 99.767946
09/26 11:12:35 AM valid 150 3.172059e-01 90.004139 99.803394
09/26 11:12:36 AM valid_acc 90.020000, best_acc 91.470000
09/26 11:12:36 AM epoch 127 lr 2.225572e-02
09/26 11:12:36 AM train 000 2.344690e-01 89.062500 100.000000
09/26 11:12:40 AM train 050 2.043536e-01 93.382353 99.785539
09/26 11:12:44 AM train 100 1.987674e-01 93.487005 99.829827
09/26 11:12:49 AM train 150 2.006448e-01 93.253311 99.834437
09/26 11:12:53 AM train 200 1.988895e-01 93.275808 99.867848
09/26 11:12:57 AM train 250 2.009605e-01 93.214641 99.863048
09/26 11:13:01 AM train 300 2.051573e-01 93.059593 99.859842
09/26 11:13:06 AM train 350 2.093168e-01 92.908654 99.866453
09/26 11:13:10 AM train 400 2.081948e-01 92.920044 99.867519
09/26 11:13:14 AM train 450 2.057869e-01 92.994734 99.875277
09/26 11:13:18 AM train 500 2.076888e-01 92.901697 99.872131
09/26 11:13:22 AM train 550 2.083780e-01 92.893603 99.869555
09/26 11:13:27 AM train 600 2.076249e-01 92.936252 99.877808
09/26 11:13:31 AM train 650 2.082421e-01 92.902746 99.872792
09/26 11:13:35 AM train 700 2.099992e-01 92.831669 99.870720
09/26 11:13:39 AM train 750 2.110291e-01 92.813748 99.871005
09/26 11:13:42 AM train_acc 92.790000
09/26 11:13:42 AM valid 000 2.935613e-01 90.625000 100.000000
09/26 11:13:43 AM valid 050 2.981430e-01 90.655637 99.509804
09/26 11:13:45 AM valid 100 2.851749e-01 91.197401 99.690594
09/26 11:13:46 AM valid 150 2.777964e-01 91.401076 99.710265
09/26 11:13:46 AM valid_acc 91.440000, best_acc 91.470000
09/26 11:13:46 AM epoch 128 lr 2.221467e-02
09/26 11:13:46 AM train 000 7.996096e-02 98.437500 100.000000
09/26 11:13:50 AM train 050 1.815764e-01 94.178922 99.846814
09/26 11:13:55 AM train 100 1.680962e-01 94.430693 99.922649
09/26 11:13:59 AM train 150 1.713619e-01 94.370861 99.937914
09/26 11:14:03 AM train 200 1.864651e-01 93.866604 99.945585
09/26 11:14:07 AM train 250 1.932565e-01 93.563247 99.912849
09/26 11:14:12 AM train 300 1.993469e-01 93.376246 99.880606
09/26 11:14:16 AM train 350 2.006102e-01 93.340456 99.875356
09/26 11:14:20 AM train 400 2.000388e-01 93.340867 99.879208
09/26 11:14:24 AM train 450 2.001746e-01 93.310006 99.868348
09/26 11:14:29 AM train 500 2.014811e-01 93.201098 99.865893
09/26 11:14:33 AM train 550 2.035295e-01 93.182849 99.861048
09/26 11:14:37 AM train 600 2.051203e-01 93.175437 99.851809
09/26 11:14:41 AM train 650 2.073212e-01 93.085157 99.841590
09/26 11:14:46 AM train 700 2.105785e-01 92.949804 99.828370
09/26 11:14:50 AM train 750 2.116969e-01 92.932340 99.827314
09/26 11:14:53 AM train_acc 92.912000
09/26 11:14:53 AM valid 000 5.821584e-01 82.812500 100.000000
09/26 11:14:54 AM valid 050 3.234695e-01 89.920343 99.693627
09/26 11:14:55 AM valid 100 3.218772e-01 89.913366 99.737005
09/26 11:14:56 AM valid 150 3.164787e-01 89.807533 99.762003
09/26 11:14:56 AM valid_acc 89.860000, best_acc 91.470000
09/26 11:14:57 AM epoch 129 lr 2.217334e-02
09/26 11:14:57 AM train 000 2.121303e-01 92.187500 100.000000
09/26 11:15:01 AM train 050 1.936115e-01 93.596814 99.846814
09/26 11:15:05 AM train 100 1.777959e-01 93.966584 99.907178
09/26 11:15:09 AM train 150 1.840096e-01 93.698262 99.896523
09/26 11:15:14 AM train 200 1.854674e-01 93.656716 99.914490
09/26 11:15:18 AM train 250 1.840406e-01 93.756225 99.906624
09/26 11:15:22 AM train 300 1.898810e-01 93.531977 99.906561
09/26 11:15:26 AM train 350 1.933356e-01 93.402778 99.910969
09/26 11:15:30 AM train 400 1.984926e-01 93.235661 99.894794
09/26 11:15:35 AM train 450 1.983316e-01 93.296147 99.882206
09/26 11:15:39 AM train 500 1.995232e-01 93.291542 99.878368
09/26 11:15:43 AM train 550 2.028889e-01 93.128970 99.878063
09/26 11:15:47 AM train 600 2.046200e-01 93.048045 99.880408
09/26 11:15:51 AM train 650 2.047486e-01 93.075557 99.872792
09/26 11:15:56 AM train 700 2.062726e-01 93.003299 99.870720
09/26 11:16:00 AM train 750 2.080266e-01 92.955226 99.873086
09/26 11:16:02 AM train_acc 92.942000
09/26 11:16:03 AM valid 000 3.432393e-01 90.625000 100.000000
09/26 11:16:04 AM valid 050 2.772280e-01 90.900735 99.754902
09/26 11:16:05 AM valid 100 2.686714e-01 91.212871 99.798886
09/26 11:16:06 AM valid 150 2.677229e-01 91.235513 99.813742
09/26 11:16:06 AM valid_acc 91.210000, best_acc 91.470000
09/26 11:16:06 AM epoch 130 lr 2.213176e-02
09/26 11:16:07 AM train 000 2.664443e-01 92.187500 100.000000
09/26 11:16:11 AM train 050 1.832831e-01 94.025735 99.938725
09/26 11:16:15 AM train 100 1.835739e-01 93.719059 99.829827
09/26 11:16:19 AM train 150 1.835323e-01 93.739652 99.834437
09/26 11:16:23 AM train 200 1.831639e-01 93.687811 99.860075
09/26 11:16:28 AM train 250 1.913525e-01 93.469871 99.856823
09/26 11:16:32 AM train 300 1.980537e-01 93.199751 99.839078
09/26 11:16:36 AM train 350 2.007816e-01 93.095620 99.839744
09/26 11:16:40 AM train 400 2.003482e-01 93.075904 99.851933
09/26 11:16:44 AM train 450 2.004039e-01 93.043237 99.851025
09/26 11:16:49 AM train 500 2.032685e-01 92.960953 99.844062
09/26 11:16:53 AM train 550 2.032261e-01 92.998525 99.858212
09/26 11:16:57 AM train 600 2.030613e-01 93.032446 99.862209
09/26 11:17:01 AM train 650 2.037524e-01 93.003552 99.858391
09/26 11:17:06 AM train 700 2.032013e-01 93.045649 99.857347
09/26 11:17:10 AM train 750 2.062522e-01 92.942743 99.854361
09/26 11:17:13 AM train_acc 92.888000
09/26 11:17:13 AM valid 000 3.660921e-01 85.937500 100.000000
09/26 11:17:14 AM valid 050 3.310822e-01 89.430147 99.448529
09/26 11:17:15 AM valid 100 3.146283e-01 90.160891 99.551361
09/26 11:17:16 AM valid 150 3.046396e-01 90.387003 99.596440
09/26 11:17:17 AM valid_acc 90.350000, best_acc 91.470000
09/26 11:17:17 AM epoch 131 lr 2.208991e-02
09/26 11:17:17 AM train 000 2.284948e-01 90.625000 100.000000
09/26 11:17:21 AM train 050 2.102911e-01 93.075980 99.908088
09/26 11:17:25 AM train 100 2.182047e-01 92.543317 99.767946
09/26 11:17:30 AM train 150 2.127243e-01 92.766970 99.793046
09/26 11:17:34 AM train 200 2.079190e-01 93.027052 99.828980
09/26 11:17:38 AM train 250 2.020950e-01 93.121265 99.850598
09/26 11:17:42 AM train 300 2.033384e-01 93.127076 99.839078
09/26 11:17:46 AM train 350 2.041469e-01 93.064459 99.848647
09/26 11:17:51 AM train 400 2.037226e-01 93.048628 99.851933
09/26 11:17:55 AM train 450 2.057977e-01 93.032844 99.844096
09/26 11:17:59 AM train 500 2.064412e-01 92.992141 99.850299
09/26 11:18:03 AM train 550 2.077023e-01 92.933303 99.852541
09/26 11:18:08 AM train 600 2.092395e-01 92.871256 99.857009
09/26 11:18:12 AM train 650 2.108303e-01 92.801939 99.858391
09/26 11:18:16 AM train 700 2.116245e-01 92.762571 99.857347
09/26 11:18:20 AM train 750 2.126623e-01 92.713881 99.852280
09/26 11:18:23 AM train_acc 92.700000
09/26 11:18:23 AM valid 000 4.002170e-01 90.625000 100.000000
09/26 11:18:24 AM valid 050 3.142250e-01 90.441176 99.571078
09/26 11:18:25 AM valid 100 3.084575e-01 90.671411 99.582302
09/26 11:18:27 AM valid 150 3.116097e-01 90.697434 99.637831
09/26 11:18:27 AM valid_acc 90.720000, best_acc 91.470000
09/26 11:18:27 AM epoch 132 lr 2.204779e-02
09/26 11:18:27 AM train 000 1.365510e-01 96.875000 100.000000
09/26 11:18:31 AM train 050 2.091241e-01 92.677696 99.816176
09/26 11:18:35 AM train 100 2.019211e-01 93.084777 99.876238
09/26 11:18:40 AM train 150 1.982266e-01 93.232616 99.865480
09/26 11:18:44 AM train 200 2.014918e-01 93.166978 99.844527
09/26 11:18:48 AM train 250 2.023049e-01 93.152390 99.813247
09/26 11:18:52 AM train 300 2.058834e-01 92.955772 99.828696
09/26 11:18:57 AM train 350 2.087894e-01 92.864138 99.835292
09/26 11:19:01 AM train 400 2.102588e-01 92.803148 99.836347
09/26 11:19:05 AM train 450 2.070760e-01 92.890798 99.847561
09/26 11:19:09 AM train 500 2.064138e-01 92.936003 99.844062
09/26 11:19:14 AM train 550 2.083224e-01 92.842559 99.841198
09/26 11:19:18 AM train 600 2.086632e-01 92.832259 99.849210
09/26 11:19:22 AM train 650 2.095070e-01 92.847542 99.855991
09/26 11:19:26 AM train 700 2.111849e-01 92.836127 99.864034
09/26 11:19:30 AM train 750 2.136477e-01 92.763815 99.860603
09/26 11:19:33 AM train_acc 92.730000
09/26 11:19:33 AM valid 000 5.677895e-01 85.937500 100.000000
09/26 11:19:34 AM valid 050 2.844349e-01 91.176471 99.601716
09/26 11:19:36 AM valid 100 2.937658e-01 90.903465 99.706064
09/26 11:19:37 AM valid 150 2.840794e-01 90.976821 99.710265
09/26 11:19:37 AM valid_acc 90.990000, best_acc 91.470000
09/26 11:19:37 AM epoch 133 lr 2.200542e-02
09/26 11:19:37 AM train 000 2.289682e-01 93.750000 100.000000
09/26 11:19:41 AM train 050 1.838402e-01 93.995098 99.969363
09/26 11:19:46 AM train 100 1.838390e-01 93.811881 99.938119
09/26 11:19:50 AM train 150 1.877182e-01 93.729305 99.896523
09/26 11:19:54 AM train 200 1.834577e-01 93.788868 99.891169
09/26 11:19:58 AM train 250 1.953952e-01 93.426295 99.850598
09/26 11:20:03 AM train 300 1.989691e-01 93.287998 99.849460
09/26 11:20:07 AM train 350 2.020466e-01 93.193554 99.853098
09/26 11:20:11 AM train 400 2.050801e-01 93.114869 99.851933
09/26 11:20:15 AM train 450 2.052594e-01 93.091741 99.851025
09/26 11:20:19 AM train 500 2.019413e-01 93.201098 99.847181
09/26 11:20:24 AM train 550 2.018291e-01 93.205535 99.861048
09/26 11:20:28 AM train 600 2.024157e-01 93.219634 99.854409
09/26 11:20:32 AM train 650 2.037597e-01 93.183564 99.858391
09/26 11:20:36 AM train 700 2.038937e-01 93.159326 99.852889
09/26 11:20:41 AM train 750 2.052042e-01 93.121671 99.858522
09/26 11:20:43 AM train_acc 93.084000
09/26 11:20:43 AM valid 000 3.849400e-01 87.500000 100.000000
09/26 11:20:45 AM valid 050 3.455199e-01 89.552696 99.632353
09/26 11:20:46 AM valid 100 3.363572e-01 89.526609 99.690594
09/26 11:20:47 AM valid 150 3.251944e-01 89.704056 99.689570
09/26 11:20:47 AM valid_acc 89.830000, best_acc 91.470000
09/26 11:20:47 AM epoch 134 lr 2.196278e-02
09/26 11:20:47 AM train 000 2.839628e-01 90.625000 100.000000
09/26 11:20:52 AM train 050 2.104908e-01 92.830882 99.877451
09/26 11:20:56 AM train 100 1.973008e-01 93.347772 99.922649
09/26 11:21:00 AM train 150 1.988201e-01 93.274007 99.927566
09/26 11:21:04 AM train 200 1.980250e-01 93.353545 99.906716
09/26 11:21:09 AM train 250 1.966954e-01 93.413845 99.912849
09/26 11:21:13 AM train 300 1.976345e-01 93.412583 99.906561
09/26 11:21:17 AM train 350 1.986040e-01 93.353811 99.906517
09/26 11:21:22 AM train 400 2.004016e-01 93.294108 99.898691
09/26 11:21:26 AM train 450 2.027079e-01 93.195676 99.899529
09/26 11:21:30 AM train 500 2.040222e-01 93.169910 99.906437
09/26 11:21:34 AM train 550 2.043110e-01 93.131806 99.906420
09/26 11:21:39 AM train 600 2.052077e-01 93.094842 99.896007
09/26 11:21:43 AM train 650 2.063337e-01 93.029954 99.896793
09/26 11:21:47 AM train 700 2.087100e-01 92.940888 99.886323
09/26 11:21:51 AM train 750 2.090306e-01 92.888648 99.887650
09/26 11:21:54 AM train_acc 92.874000
09/26 11:21:54 AM valid 000 4.225961e-01 87.500000 100.000000
09/26 11:21:55 AM valid 050 3.172196e-01 90.747549 99.693627
09/26 11:21:57 AM valid 100 3.169234e-01 90.485767 99.628713
09/26 11:21:58 AM valid 150 3.156804e-01 90.428394 99.710265
09/26 11:21:58 AM valid_acc 90.420000, best_acc 91.470000
09/26 11:21:58 AM epoch 135 lr 2.191988e-02
09/26 11:21:58 AM train 000 1.163323e-01 95.312500 100.000000
09/26 11:22:03 AM train 050 2.053454e-01 93.351716 99.877451
09/26 11:22:07 AM train 100 1.933498e-01 93.703589 99.891708
09/26 11:22:11 AM train 150 1.921881e-01 93.574089 99.886175
09/26 11:22:15 AM train 200 1.867279e-01 93.765547 99.883396
09/26 11:22:20 AM train 250 1.939488e-01 93.525896 99.900398
09/26 11:22:24 AM train 300 1.971429e-01 93.376246 99.911752
09/26 11:22:28 AM train 350 1.986240e-01 93.242521 99.910969
09/26 11:22:32 AM train 400 1.990732e-01 93.255143 99.906484
09/26 11:22:37 AM train 450 2.016814e-01 93.226857 99.899529
09/26 11:22:41 AM train 500 2.004844e-01 93.269711 99.897081
09/26 11:22:45 AM train 550 2.009600e-01 93.253743 99.897913
09/26 11:22:49 AM train 600 2.048768e-01 93.105241 99.888207
09/26 11:22:54 AM train 650 2.056963e-01 93.065956 99.877592
09/26 11:22:58 AM train 700 2.063710e-01 93.047878 99.877407
09/26 11:23:02 AM train 750 2.077590e-01 92.994757 99.871005
09/26 11:23:05 AM train_acc 92.934000
09/26 11:23:05 AM valid 000 4.327993e-01 87.500000 100.000000
09/26 11:23:06 AM valid 050 3.381143e-01 89.491422 99.601716
09/26 11:23:07 AM valid 100 3.335439e-01 89.619431 99.659653
09/26 11:23:09 AM valid 150 3.342713e-01 89.435017 99.658526
09/26 11:23:09 AM valid_acc 89.460000, best_acc 91.470000
09/26 11:23:09 AM epoch 136 lr 2.187673e-02
09/26 11:23:09 AM train 000 2.693477e-01 85.937500 100.000000
09/26 11:23:13 AM train 050 1.982884e-01 93.321078 99.938725
09/26 11:23:17 AM train 100 1.943346e-01 93.378713 99.876238
09/26 11:23:22 AM train 150 1.961191e-01 93.242964 99.896523
09/26 11:23:26 AM train 200 1.980016e-01 93.174751 99.883396
09/26 11:23:30 AM train 250 2.011074e-01 93.146165 99.875498
09/26 11:23:34 AM train 300 2.040424e-01 93.033638 99.875415
09/26 11:23:39 AM train 350 2.058170e-01 92.970976 99.879808
09/26 11:23:43 AM train 400 2.074424e-01 92.920044 99.879208
09/26 11:23:47 AM train 450 2.074516e-01 92.887334 99.882206
09/26 11:23:51 AM train 500 2.068161e-01 92.939122 99.884606
09/26 11:23:56 AM train 550 2.057309e-01 93.012704 99.886570
09/26 11:24:00 AM train 600 2.060316e-01 92.983049 99.880408
09/26 11:24:04 AM train 650 2.063860e-01 92.974750 99.887193
09/26 11:24:09 AM train 700 2.079809e-01 92.907454 99.879636
09/26 11:24:13 AM train 750 2.089675e-01 92.872004 99.881408
09/26 11:24:16 AM train_acc 92.806000
09/26 11:24:16 AM valid 000 5.051438e-01 84.375000 96.875000
09/26 11:24:17 AM valid 050 3.469645e-01 89.031863 99.571078
09/26 11:24:18 AM valid 100 3.259542e-01 89.866955 99.644183
09/26 11:24:19 AM valid 150 3.266085e-01 89.704056 99.689570
09/26 11:24:20 AM valid_acc 89.750000, best_acc 91.470000
09/26 11:24:20 AM epoch 137 lr 2.183332e-02
09/26 11:24:20 AM train 000 1.908095e-01 95.312500 100.000000
09/26 11:24:24 AM train 050 2.193897e-01 92.800245 99.785539
09/26 11:24:28 AM train 100 2.070869e-01 93.115718 99.845297
09/26 11:24:33 AM train 150 2.017399e-01 93.232616 99.834437
09/26 11:24:37 AM train 200 2.010585e-01 93.213619 99.875622
09/26 11:24:41 AM train 250 2.054681e-01 93.002988 99.875498
09/26 11:24:45 AM train 300 2.042884e-01 93.023256 99.890988
09/26 11:24:50 AM train 350 2.037783e-01 93.064459 99.884259
09/26 11:24:54 AM train 400 2.035818e-01 93.068111 99.867519
09/26 11:24:58 AM train 450 2.044186e-01 93.032844 99.868348
09/26 11:25:03 AM train 500 2.045239e-01 93.023328 99.865893
09/26 11:25:07 AM train 550 2.032041e-01 93.063748 99.863884
09/26 11:25:11 AM train 600 2.056586e-01 92.985649 99.864809
09/26 11:25:15 AM train 650 2.071541e-01 92.931548 99.855991
09/26 11:25:19 AM train 700 2.072242e-01 92.943117 99.852889
09/26 11:25:24 AM train 750 2.076803e-01 92.921937 99.848119
09/26 11:25:26 AM train_acc 92.950000
09/26 11:25:27 AM valid 000 3.414088e-01 89.062500 100.000000
09/26 11:25:28 AM valid 050 2.946955e-01 91.115196 99.662990
09/26 11:25:29 AM valid 100 3.046498e-01 90.795173 99.706064
09/26 11:25:30 AM valid 150 2.977486e-01 90.873344 99.741308
09/26 11:25:30 AM valid_acc 90.880000, best_acc 91.470000
09/26 11:25:31 AM epoch 138 lr 2.178965e-02
09/26 11:25:31 AM train 000 2.362079e-01 89.062500 100.000000
09/26 11:25:35 AM train 050 1.901102e-01 92.647059 99.938725
09/26 11:25:39 AM train 100 1.990265e-01 92.636139 99.922649
09/26 11:25:43 AM train 150 2.030875e-01 92.704884 99.906871
09/26 11:25:48 AM train 200 2.053817e-01 92.817164 99.852301
09/26 11:25:52 AM train 250 2.038663e-01 92.884711 99.850598
09/26 11:25:56 AM train 300 2.060258e-01 92.774086 99.844269
09/26 11:26:01 AM train 350 2.048842e-01 92.801816 99.839744
09/26 11:26:05 AM train 400 2.072868e-01 92.748597 99.832450
09/26 11:26:09 AM train 450 2.088738e-01 92.731430 99.840632
09/26 11:26:13 AM train 500 2.069935e-01 92.861153 99.847181
09/26 11:26:18 AM train 550 2.070665e-01 92.902110 99.841198
09/26 11:26:22 AM train 600 2.069774e-01 92.938852 99.828411
09/26 11:26:26 AM train 650 2.078803e-01 92.881144 99.836790
09/26 11:26:30 AM train 700 2.080413e-01 92.896309 99.839515
09/26 11:26:35 AM train 750 2.088151e-01 92.884487 99.837716
09/26 11:26:37 AM train_acc 92.862000
09/26 11:26:37 AM valid 000 4.560900e-01 87.500000 100.000000
09/26 11:26:39 AM valid 050 3.227233e-01 90.226716 99.387255
09/26 11:26:40 AM valid 100 3.032810e-01 90.686881 99.535891
09/26 11:26:41 AM valid 150 2.997676e-01 90.635348 99.637831
09/26 11:26:41 AM valid_acc 90.650000, best_acc 91.470000
09/26 11:26:42 AM epoch 139 lr 2.174573e-02
09/26 11:26:42 AM train 000 2.090013e-01 90.625000 100.000000
09/26 11:26:46 AM train 050 1.862038e-01 93.229167 100.000000
09/26 11:26:50 AM train 100 1.948399e-01 93.162129 99.922649
09/26 11:26:54 AM train 150 2.004875e-01 93.056705 99.896523
09/26 11:26:59 AM train 200 2.037887e-01 93.089241 99.875622
09/26 11:27:03 AM train 250 2.004355e-01 93.090139 99.887948
09/26 11:27:07 AM train 300 1.960375e-01 93.225706 99.880606
09/26 11:27:11 AM train 350 1.984162e-01 93.166845 99.879808
09/26 11:27:16 AM train 400 1.986792e-01 93.153834 99.871415
09/26 11:27:20 AM train 450 1.989204e-01 93.077882 99.871813
09/26 11:27:24 AM train 500 1.993538e-01 93.070110 99.872131
09/26 11:27:28 AM train 550 1.993480e-01 93.114791 99.866720
09/26 11:27:32 AM train 600 2.025651e-01 93.045445 99.859609
09/26 11:27:37 AM train 650 2.034487e-01 93.056356 99.851190
09/26 11:27:41 AM train 700 2.049713e-01 93.032275 99.852889
09/26 11:27:45 AM train 750 2.064804e-01 92.986435 99.846039
09/26 11:27:48 AM train_acc 92.984000
09/26 11:27:48 AM valid 000 3.643095e-01 84.375000 100.000000
09/26 11:27:49 AM valid 050 3.095384e-01 89.981618 99.632353
09/26 11:27:50 AM valid 100 3.145544e-01 90.300124 99.659653
09/26 11:27:52 AM valid 150 3.092226e-01 90.438742 99.668874
09/26 11:27:52 AM valid_acc 90.430000, best_acc 91.470000
09/26 11:27:52 AM epoch 140 lr 2.170156e-02
09/26 11:27:52 AM train 000 2.829423e-01 90.625000 100.000000
09/26 11:27:56 AM train 050 1.895151e-01 93.412990 99.846814
09/26 11:28:01 AM train 100 1.879156e-01 93.579827 99.845297
09/26 11:28:05 AM train 150 1.870819e-01 93.553394 99.865480
09/26 11:28:09 AM train 200 1.922372e-01 93.345771 99.852301
09/26 11:28:13 AM train 250 1.903833e-01 93.426295 99.863048
09/26 11:28:17 AM train 300 1.945757e-01 93.329527 99.854651
09/26 11:28:22 AM train 350 1.930468e-01 93.460648 99.862001
09/26 11:28:26 AM train 400 1.971990e-01 93.278522 99.867519
09/26 11:28:30 AM train 450 1.982096e-01 93.254573 99.878742
09/26 11:28:34 AM train 500 2.012135e-01 93.166791 99.878368
09/26 11:28:39 AM train 550 2.043254e-01 93.083598 99.878063
09/26 11:28:43 AM train 600 2.092152e-01 92.957051 99.859609
09/26 11:28:47 AM train 650 2.105166e-01 92.917147 99.855991
09/26 11:28:51 AM train 700 2.100842e-01 92.938659 99.857347
09/26 11:28:56 AM train 750 2.102756e-01 92.930260 99.858522
09/26 11:28:58 AM train_acc 92.930000
09/26 11:28:58 AM valid 000 3.948254e-01 87.500000 98.437500
09/26 11:29:00 AM valid 050 2.773458e-01 91.513480 99.601716
09/26 11:29:01 AM valid 100 2.714547e-01 91.537748 99.690594
09/26 11:29:02 AM valid 150 2.608413e-01 91.794288 99.741308
09/26 11:29:02 AM valid_acc 91.760000, best_acc 91.760000
09/26 11:29:02 AM epoch 141 lr 2.165713e-02
09/26 11:29:02 AM train 000 2.593147e-01 92.187500 98.437500
09/26 11:29:07 AM train 050 2.126425e-01 92.738971 99.785539
09/26 11:29:11 AM train 100 2.116133e-01 92.852723 99.798886
09/26 11:29:15 AM train 150 2.032660e-01 93.232616 99.803394
09/26 11:29:19 AM train 200 2.031996e-01 93.174751 99.844527
09/26 11:29:23 AM train 250 2.010851e-01 93.308018 99.825697
09/26 11:29:28 AM train 300 2.020064e-01 93.225706 99.823505
09/26 11:29:32 AM train 350 2.019524e-01 93.260328 99.817486
09/26 11:29:36 AM train 400 2.011651e-01 93.266833 99.824657
09/26 11:29:40 AM train 450 2.010821e-01 93.278825 99.826774
09/26 11:29:45 AM train 500 2.015136e-01 93.260354 99.828468
09/26 11:29:49 AM train 550 2.035215e-01 93.185685 99.827019
09/26 11:29:53 AM train 600 2.051016e-01 93.141639 99.820611
09/26 11:29:58 AM train 650 2.058474e-01 93.094758 99.824789
09/26 11:30:02 AM train 700 2.073404e-01 93.032275 99.826141
09/26 11:30:06 AM train 750 2.079105e-01 93.007240 99.831475
09/26 11:30:09 AM train_acc 92.984000
09/26 11:30:09 AM valid 000 3.799624e-01 87.500000 98.437500
09/26 11:30:10 AM valid 050 2.831220e-01 90.655637 99.724265
09/26 11:30:11 AM valid 100 2.877074e-01 90.841584 99.783416
09/26 11:30:12 AM valid 150 2.861189e-01 90.956126 99.834437
09/26 11:30:13 AM valid_acc 90.950000, best_acc 91.760000
09/26 11:30:13 AM epoch 142 lr 2.161245e-02
09/26 11:30:13 AM train 000 2.583862e-01 93.750000 100.000000
09/26 11:30:17 AM train 050 1.938444e-01 93.504902 99.846814
09/26 11:30:21 AM train 100 1.901241e-01 93.564356 99.891708
09/26 11:30:26 AM train 150 1.875572e-01 93.667219 99.917219
09/26 11:30:30 AM train 200 1.930696e-01 93.470149 99.906716
09/26 11:30:34 AM train 250 1.969806e-01 93.376494 99.856823
09/26 11:30:38 AM train 300 1.969883e-01 93.313953 99.865033
09/26 11:30:43 AM train 350 1.974738e-01 93.282585 99.879808
09/26 11:30:47 AM train 400 1.998114e-01 93.235661 99.875312
09/26 11:30:51 AM train 450 2.018489e-01 93.185283 99.878742
09/26 11:30:55 AM train 500 2.030962e-01 93.120010 99.878368
09/26 11:30:59 AM train 550 2.035094e-01 93.094941 99.886570
09/26 11:31:04 AM train 600 2.039352e-01 93.079243 99.890807
09/26 11:31:08 AM train 650 2.035295e-01 93.089958 99.884793
09/26 11:31:12 AM train 700 2.044107e-01 93.056794 99.875178
09/26 11:31:16 AM train 750 2.054145e-01 93.019724 99.877247
09/26 11:31:19 AM train_acc 92.958000
09/26 11:31:19 AM valid 000 3.015132e-01 90.625000 100.000000
09/26 11:31:20 AM valid 050 2.636826e-01 91.636029 99.724265
09/26 11:31:21 AM valid 100 2.630080e-01 91.692450 99.767946
09/26 11:31:22 AM valid 150 2.626327e-01 91.597682 99.751656
09/26 11:31:23 AM valid_acc 91.590000, best_acc 91.760000
09/26 11:31:23 AM epoch 143 lr 2.156752e-02
09/26 11:31:23 AM train 000 1.995435e-01 93.750000 98.437500
09/26 11:31:27 AM train 050 2.230017e-01 92.800245 99.816176
09/26 11:31:31 AM train 100 2.169113e-01 92.821782 99.829827
09/26 11:31:35 AM train 150 2.071654e-01 93.077401 99.824089
09/26 11:31:40 AM train 200 2.074503e-01 93.058147 99.828980
09/26 11:31:44 AM train 250 2.058239e-01 93.214641 99.807022
09/26 11:31:48 AM train 300 2.084214e-01 93.049211 99.802741
09/26 11:31:52 AM train 350 2.082223e-01 93.037749 99.813034
09/26 11:31:57 AM train 400 2.067019e-01 93.040835 99.828554
09/26 11:32:01 AM train 450 2.090702e-01 92.994734 99.826774
09/26 11:32:05 AM train 500 2.091043e-01 92.954716 99.822231
09/26 11:32:09 AM train 550 2.063422e-01 93.058076 99.827019
09/26 11:32:13 AM train 600 2.060600e-01 93.053245 99.831011
09/26 11:32:18 AM train 650 2.055732e-01 93.056356 99.836790
09/26 11:32:22 AM train 700 2.065760e-01 92.994383 99.839515
09/26 11:32:26 AM train 750 2.068773e-01 92.980193 99.837716
09/26 11:32:29 AM train_acc 92.964000
09/26 11:32:29 AM valid 000 3.378668e-01 85.937500 100.000000
09/26 11:32:30 AM valid 050 3.097396e-01 90.441176 99.601716
09/26 11:32:31 AM valid 100 3.281170e-01 90.006188 99.644183
09/26 11:32:32 AM valid 150 3.250877e-01 90.117964 99.658526
09/26 11:32:32 AM valid_acc 90.140000, best_acc 91.760000
09/26 11:32:33 AM epoch 144 lr 2.152234e-02
09/26 11:32:33 AM train 000 1.647195e-01 93.750000 100.000000
09/26 11:32:37 AM train 050 1.823883e-01 93.933824 99.908088
09/26 11:32:41 AM train 100 1.882159e-01 93.765470 99.860767
09/26 11:32:45 AM train 150 2.001497e-01 93.274007 99.855132
09/26 11:32:50 AM train 200 2.000423e-01 93.283582 99.844527
09/26 11:32:54 AM train 250 2.036069e-01 93.164841 99.856823
09/26 11:32:58 AM train 300 2.059303e-01 93.064784 99.844269
09/26 11:33:02 AM train 350 2.009818e-01 93.255876 99.862001
09/26 11:33:06 AM train 400 2.015809e-01 93.196696 99.863622
09/26 11:33:11 AM train 450 2.034646e-01 93.091741 99.868348
09/26 11:33:15 AM train 500 2.028643e-01 93.095060 99.875250
09/26 11:33:19 AM train 550 2.041547e-01 93.055240 99.875227
09/26 11:33:23 AM train 600 2.065788e-01 92.923253 99.875208
09/26 11:33:27 AM train 650 2.092404e-01 92.825941 99.870392
09/26 11:33:32 AM train 700 2.105718e-01 92.796006 99.866262
09/26 11:33:36 AM train 750 2.122113e-01 92.705559 99.856441
09/26 11:33:39 AM train_acc 92.704000
09/26 11:33:39 AM valid 000 3.841116e-01 90.625000 100.000000
09/26 11:33:40 AM valid 050 2.640447e-01 91.482843 99.571078
09/26 11:33:41 AM valid 100 2.784179e-01 91.058168 99.613243
09/26 11:33:42 AM valid 150 2.721159e-01 91.370033 99.679222
09/26 11:33:43 AM valid_acc 91.360000, best_acc 91.760000
09/26 11:33:43 AM epoch 145 lr 2.147692e-02
09/26 11:33:43 AM train 000 1.307254e-01 98.437500 100.000000
09/26 11:33:47 AM train 050 1.987260e-01 93.504902 99.785539
09/26 11:33:51 AM train 100 1.903373e-01 93.734530 99.783416
09/26 11:33:56 AM train 150 1.942623e-01 93.615480 99.793046
09/26 11:34:00 AM train 200 1.957156e-01 93.524565 99.782338
09/26 11:34:04 AM train 250 2.004806e-01 93.276892 99.775896
09/26 11:34:09 AM train 300 1.973743e-01 93.412583 99.792359
09/26 11:34:13 AM train 350 1.981591e-01 93.349359 99.817486
09/26 11:34:17 AM train 400 1.987594e-01 93.294108 99.832450
09/26 11:34:21 AM train 450 1.999176e-01 93.240715 99.833703
09/26 11:34:26 AM train 500 2.005001e-01 93.250998 99.837824
09/26 11:34:30 AM train 550 2.017872e-01 93.188521 99.832691
09/26 11:34:34 AM train 600 2.027435e-01 93.144239 99.841410
09/26 11:34:39 AM train 650 2.045765e-01 93.049155 99.839190
09/26 11:34:43 AM train 700 2.055406e-01 93.045649 99.843973
09/26 11:34:47 AM train 750 2.067664e-01 92.986435 99.846039
09/26 11:34:50 AM train_acc 92.966000
09/26 11:34:50 AM valid 000 3.429912e-01 89.062500 98.437500
09/26 11:34:51 AM valid 050 2.607197e-01 91.911765 99.693627
09/26 11:34:52 AM valid 100 2.664741e-01 91.491337 99.706064
09/26 11:34:54 AM valid 150 2.600557e-01 91.556291 99.741308
09/26 11:34:54 AM valid_acc 91.620000, best_acc 91.760000
09/26 11:34:54 AM epoch 146 lr 2.143125e-02
09/26 11:34:54 AM train 000 1.435357e-01 95.312500 100.000000
09/26 11:34:59 AM train 050 2.048403e-01 93.259804 99.908088
09/26 11:35:03 AM train 100 1.912109e-01 93.750000 99.922649
09/26 11:35:07 AM train 150 1.959305e-01 93.346440 99.886175
09/26 11:35:11 AM train 200 2.027756e-01 93.198072 99.860075
09/26 11:35:15 AM train 250 2.046254e-01 93.139940 99.863048
09/26 11:35:20 AM train 300 2.059536e-01 93.095930 99.859842
09/26 11:35:24 AM train 350 2.052605e-01 93.091168 99.862001
09/26 11:35:28 AM train 400 2.016518e-01 93.169420 99.867519
09/26 11:35:32 AM train 450 2.017656e-01 93.192212 99.864884
09/26 11:35:37 AM train 500 2.043023e-01 93.107535 99.859656
09/26 11:35:41 AM train 550 2.038226e-01 93.148820 99.861048
09/26 11:35:45 AM train 600 2.055429e-01 93.068844 99.844010
09/26 11:35:49 AM train 650 2.064094e-01 93.034754 99.848790
09/26 11:35:54 AM train 700 2.073148e-01 92.978780 99.846202
09/26 11:35:58 AM train 750 2.071540e-01 92.984354 99.852280
09/26 11:36:00 AM train_acc 92.972000
09/26 11:36:01 AM valid 000 3.548655e-01 90.625000 100.000000
09/26 11:36:02 AM valid 050 3.060790e-01 91.023284 99.724265
09/26 11:36:03 AM valid 100 2.880985e-01 91.228342 99.767946
09/26 11:36:04 AM valid 150 2.805427e-01 91.183775 99.803394
09/26 11:36:04 AM valid_acc 91.250000, best_acc 91.760000
09/26 11:36:05 AM epoch 147 lr 2.138534e-02
09/26 11:36:05 AM train 000 2.022273e-01 93.750000 100.000000
09/26 11:36:09 AM train 050 1.991005e-01 92.953431 100.000000
09/26 11:36:13 AM train 100 2.010713e-01 93.053837 99.953589
09/26 11:36:17 AM train 150 1.951818e-01 93.367136 99.937914
09/26 11:36:22 AM train 200 1.992827e-01 93.345771 99.937811
09/26 11:36:26 AM train 250 1.989717e-01 93.370269 99.937749
09/26 11:36:30 AM train 300 2.034325e-01 93.184178 99.906561
09/26 11:36:34 AM train 350 2.074160e-01 93.068910 99.893162
09/26 11:36:39 AM train 400 2.108217e-01 92.959009 99.875312
09/26 11:36:43 AM train 450 2.094337e-01 92.980876 99.882206
09/26 11:36:47 AM train 500 2.073193e-01 93.004616 99.884606
09/26 11:36:52 AM train 550 2.079021e-01 93.001361 99.875227
09/26 11:36:56 AM train 600 2.076212e-01 93.035046 99.875208
09/26 11:37:00 AM train 650 2.061011e-01 93.070757 99.877592
09/26 11:37:04 AM train 700 2.080549e-01 93.014444 99.868491
09/26 11:37:08 AM train 750 2.094424e-01 92.971871 99.864764
09/26 11:37:11 AM train_acc 92.960000
09/26 11:37:11 AM valid 000 3.991949e-01 90.625000 100.000000
09/26 11:37:12 AM valid 050 2.885410e-01 90.778186 99.601716
09/26 11:37:14 AM valid 100 2.903149e-01 90.686881 99.644183
09/26 11:37:15 AM valid 150 2.893369e-01 90.718129 99.710265
09/26 11:37:15 AM valid_acc 90.760000, best_acc 91.760000
09/26 11:37:15 AM epoch 148 lr 2.133918e-02
09/26 11:37:15 AM train 000 2.987245e-01 92.187500 100.000000
09/26 11:37:20 AM train 050 1.978004e-01 93.443627 99.908088
09/26 11:37:24 AM train 100 1.902076e-01 93.626238 99.845297
09/26 11:37:28 AM train 150 1.896883e-01 93.543046 99.855132
09/26 11:37:32 AM train 200 1.870761e-01 93.610075 99.860075
09/26 11:37:37 AM train 250 1.920626e-01 93.469871 99.838147
09/26 11:37:41 AM train 300 1.986111e-01 93.158223 99.828696
09/26 11:37:45 AM train 350 2.002895e-01 93.077813 99.835292
09/26 11:37:49 AM train 400 2.003714e-01 93.091490 99.836347
09/26 11:37:54 AM train 450 2.011838e-01 93.098670 99.823309
09/26 11:37:58 AM train 500 2.020915e-01 93.076347 99.822231
09/26 11:38:02 AM train 550 2.024224e-01 93.063748 99.827019
09/26 11:38:06 AM train 600 2.039115e-01 93.055844 99.815412
09/26 11:38:11 AM train 650 2.052261e-01 92.996352 99.822389
09/26 11:38:15 AM train 700 2.069937e-01 92.972093 99.821683
09/26 11:38:19 AM train 750 2.081605e-01 92.901132 99.827314
09/26 11:38:22 AM train_acc 92.860000
09/26 11:38:22 AM valid 000 3.657007e-01 84.375000 100.000000
09/26 11:38:23 AM valid 050 2.827748e-01 91.268382 99.724265
09/26 11:38:24 AM valid 100 2.887842e-01 91.228342 99.721535
09/26 11:38:26 AM valid 150 2.917409e-01 91.183775 99.730960
09/26 11:38:26 AM valid_acc 91.200000, best_acc 91.760000
09/26 11:38:26 AM epoch 149 lr 2.129278e-02
09/26 11:38:26 AM train 000 2.694045e-01 92.187500 100.000000
09/26 11:38:30 AM train 050 2.083013e-01 93.259804 99.908088
09/26 11:38:35 AM train 100 1.990030e-01 93.285891 99.938119
09/26 11:38:39 AM train 150 1.901204e-01 93.636175 99.906871
09/26 11:38:43 AM train 200 1.942098e-01 93.415734 99.883396
09/26 11:38:47 AM train 250 1.951667e-01 93.332918 99.881723
09/26 11:38:52 AM train 300 1.972980e-01 93.220515 99.865033
09/26 11:38:56 AM train 350 1.946524e-01 93.349359 99.857550
09/26 11:39:00 AM train 400 1.981835e-01 93.251247 99.855829
09/26 11:39:04 AM train 450 2.009942e-01 93.164496 99.857955
09/26 11:39:09 AM train 500 2.042757e-01 93.095060 99.850299
09/26 11:39:13 AM train 550 2.059460e-01 93.032554 99.846869
09/26 11:39:17 AM train 600 2.066367e-01 93.009047 99.846610
09/26 11:39:22 AM train 650 2.065236e-01 92.986751 99.834389
09/26 11:39:26 AM train 700 2.066763e-01 92.974322 99.837286
09/26 11:39:30 AM train 750 2.079311e-01 92.936501 99.831475
09/26 11:39:33 AM train_acc 92.932000
09/26 11:39:33 AM valid 000 2.607405e-01 92.187500 100.000000
09/26 11:39:34 AM valid 050 2.610892e-01 91.819853 99.601716
09/26 11:39:35 AM valid 100 2.627501e-01 91.893564 99.706064
09/26 11:39:37 AM valid 150 2.576970e-01 91.990894 99.730960
09/26 11:39:37 AM valid_acc 92.000000, best_acc 92.000000
09/26 11:39:37 AM epoch 150 lr 2.124613e-02
09/26 11:39:37 AM train 000 1.708884e-01 92.187500 100.000000
09/26 11:39:41 AM train 050 1.934799e-01 93.229167 99.908088
09/26 11:39:46 AM train 100 1.969196e-01 93.270421 99.891708
09/26 11:39:50 AM train 150 1.915474e-01 93.563742 99.886175
09/26 11:39:54 AM train 200 1.997650e-01 93.213619 99.883396
09/26 11:39:58 AM train 250 1.962077e-01 93.395169 99.881723
09/26 11:40:03 AM train 300 1.978892e-01 93.282807 99.875415
09/26 11:40:07 AM train 350 1.970948e-01 93.349359 99.870905
09/26 11:40:11 AM train 400 1.950767e-01 93.403211 99.883105
09/26 11:40:15 AM train 450 1.990262e-01 93.264967 99.864884
09/26 11:40:20 AM train 500 2.015630e-01 93.176148 99.865893
09/26 11:40:24 AM train 550 2.040330e-01 93.077926 99.869555
09/26 11:40:28 AM train 600 2.052139e-01 93.074043 99.870008
09/26 11:40:32 AM train 650 2.066473e-01 93.017953 99.865591
09/26 11:40:37 AM train 700 2.079753e-01 92.974322 99.864034
09/26 11:40:41 AM train 750 2.073581e-01 92.969790 99.860603
09/26 11:40:44 AM train_acc 92.972000
09/26 11:40:44 AM valid 000 3.235254e-01 89.062500 100.000000
09/26 11:40:45 AM valid 050 2.791108e-01 91.115196 99.846814
09/26 11:40:46 AM valid 100 2.807189e-01 91.120050 99.814356
09/26 11:40:47 AM valid 150 2.793828e-01 91.183775 99.844785
09/26 11:40:48 AM valid_acc 91.250000, best_acc 92.000000
09/26 11:40:48 AM epoch 151 lr 2.119925e-02
09/26 11:40:48 AM train 000 2.621682e-01 92.187500 98.437500
09/26 11:40:52 AM train 050 1.965729e-01 93.504902 99.785539
09/26 11:40:56 AM train 100 1.933364e-01 93.811881 99.829827
09/26 11:41:01 AM train 150 1.960892e-01 93.677566 99.865480
09/26 11:41:05 AM train 200 2.014435e-01 93.415734 99.875622
09/26 11:41:09 AM train 250 2.025123e-01 93.314243 99.881723
09/26 11:41:14 AM train 300 2.018785e-01 93.313953 99.854651
09/26 11:41:18 AM train 350 2.045806e-01 93.122329 99.853098
09/26 11:41:22 AM train 400 2.017309e-01 93.227868 99.840243
09/26 11:41:26 AM train 450 2.032599e-01 93.174889 99.826774
09/26 11:41:31 AM train 500 2.062867e-01 93.063872 99.834706
09/26 11:41:35 AM train 550 2.082755e-01 92.975839 99.835526
09/26 11:41:39 AM train 600 2.090774e-01 92.928453 99.844010
09/26 11:41:43 AM train 650 2.089145e-01 92.962750 99.836790
09/26 11:41:48 AM train 700 2.086538e-01 92.969864 99.837286
09/26 11:41:52 AM train 750 2.097484e-01 92.936501 99.833555
09/26 11:41:55 AM train_acc 92.926000
09/26 11:41:55 AM valid 000 2.987089e-01 92.187500 100.000000
09/26 11:41:56 AM valid 050 2.902675e-01 91.329657 99.693627
09/26 11:41:57 AM valid 100 3.052061e-01 90.949876 99.659653
09/26 11:41:59 AM valid 150 2.960136e-01 91.007864 99.668874
09/26 11:41:59 AM valid_acc 91.020000, best_acc 92.000000
09/26 11:41:59 AM epoch 152 lr 2.115213e-02
09/26 11:41:59 AM train 000 3.613122e-01 90.625000 98.437500
09/26 11:42:03 AM train 050 2.175332e-01 92.892157 99.754902
09/26 11:42:07 AM train 100 2.087196e-01 92.991955 99.814356
09/26 11:42:12 AM train 150 2.049990e-01 93.108444 99.855132
09/26 11:42:16 AM train 200 2.055464e-01 93.104789 99.867848
09/26 11:42:20 AM train 250 2.046347e-01 93.177291 99.863048
09/26 11:42:24 AM train 300 2.012017e-01 93.267234 99.865033
09/26 11:42:28 AM train 350 1.974107e-01 93.407229 99.875356
09/26 11:42:33 AM train 400 1.994696e-01 93.301901 99.875312
09/26 11:42:37 AM train 450 2.004258e-01 93.244180 99.868348
09/26 11:42:41 AM train 500 1.987843e-01 93.291542 99.872131
09/26 11:42:45 AM train 550 2.003968e-01 93.216878 99.866720
09/26 11:42:49 AM train 600 2.013695e-01 93.204035 99.870008
09/26 11:42:54 AM train 650 2.040684e-01 93.164363 99.855991
09/26 11:42:58 AM train 700 2.041214e-01 93.130350 99.857347
09/26 11:43:02 AM train 750 2.049840e-01 93.090463 99.854361
09/26 11:43:05 AM train_acc 93.090000
09/26 11:43:05 AM valid 000 3.983444e-01 84.375000 100.000000
09/26 11:43:06 AM valid 050 3.228439e-01 90.073529 99.662990
09/26 11:43:07 AM valid 100 3.109953e-01 90.191832 99.706064
09/26 11:43:08 AM valid 150 2.996257e-01 90.469785 99.730960
09/26 11:43:09 AM valid_acc 90.490000, best_acc 92.000000
09/26 11:43:09 AM epoch 153 lr 2.110477e-02
09/26 11:43:09 AM train 000 1.987322e-01 92.187500 100.000000
09/26 11:43:13 AM train 050 1.939101e-01 92.861520 99.938725
09/26 11:43:17 AM train 100 2.019717e-01 92.837252 99.922649
09/26 11:43:21 AM train 150 1.931451e-01 93.232616 99.917219
09/26 11:43:26 AM train 200 1.879603e-01 93.454602 99.922264
09/26 11:43:30 AM train 250 1.877188e-01 93.494771 99.925299
09/26 11:43:34 AM train 300 1.950411e-01 93.272425 99.932517
09/26 11:43:38 AM train 350 1.986682e-01 93.149038 99.915420
09/26 11:43:43 AM train 400 1.981784e-01 93.138248 99.894794
09/26 11:43:47 AM train 450 1.993169e-01 93.081347 99.892600
09/26 11:43:51 AM train 500 1.985837e-01 93.104416 99.893962
09/26 11:43:55 AM train 550 1.998601e-01 93.075091 99.892241
09/26 11:43:59 AM train 600 2.003640e-01 93.061044 99.880408
09/26 11:44:04 AM train 650 2.018936e-01 93.005952 99.877592
09/26 11:44:08 AM train 700 2.033163e-01 92.963178 99.870720
09/26 11:44:12 AM train 750 2.054982e-01 92.874085 99.871005
09/26 11:44:15 AM train_acc 92.870000
09/26 11:44:15 AM valid 000 4.005392e-01 82.812500 98.437500
09/26 11:44:16 AM valid 050 2.990667e-01 90.471814 99.601716
09/26 11:44:17 AM valid 100 2.927037e-01 90.826114 99.675124
09/26 11:44:18 AM valid 150 2.872090e-01 90.883692 99.699917
09/26 11:44:18 AM valid_acc 90.980000, best_acc 92.000000
09/26 11:44:19 AM epoch 154 lr 2.105718e-02
09/26 11:44:19 AM train 000 4.174489e-02 100.000000 100.000000
09/26 11:44:23 AM train 050 1.776018e-01 93.841912 99.938725
09/26 11:44:27 AM train 100 1.829769e-01 93.873762 99.907178
09/26 11:44:31 AM train 150 1.839427e-01 93.832781 99.865480
09/26 11:44:36 AM train 200 1.907098e-01 93.547886 99.860075
09/26 11:44:40 AM train 250 1.959919e-01 93.339143 99.856823
09/26 11:44:44 AM train 300 1.945246e-01 93.438538 99.865033
09/26 11:44:48 AM train 350 1.961876e-01 93.407229 99.866453
09/26 11:44:52 AM train 400 1.959963e-01 93.375935 99.867519
09/26 11:44:57 AM train 450 1.963209e-01 93.375831 99.861419
09/26 11:45:01 AM train 500 1.967334e-01 93.357036 99.850299
09/26 11:45:05 AM train 550 1.971954e-01 93.318966 99.852541
09/26 11:45:09 AM train 600 1.968764e-01 93.328827 99.862209
09/26 11:45:13 AM train 650 1.982551e-01 93.279570 99.867992
09/26 11:45:18 AM train 700 2.000475e-01 93.215050 99.868491
09/26 11:45:22 AM train 750 2.005859e-01 93.209055 99.866844
09/26 11:45:24 AM train_acc 93.200000
09/26 11:45:24 AM valid 000 4.030643e-01 89.062500 100.000000
09/26 11:45:26 AM valid 050 2.935404e-01 90.931373 99.724265
09/26 11:45:27 AM valid 100 2.930619e-01 91.042698 99.659653
09/26 11:45:28 AM valid 150 2.868161e-01 91.318295 99.710265
09/26 11:45:28 AM valid_acc 91.300000, best_acc 92.000000
09/26 11:45:28 AM epoch 155 lr 2.100935e-02
09/26 11:45:29 AM train 000 3.221316e-01 87.500000 100.000000
09/26 11:45:33 AM train 050 1.799086e-01 94.148284 99.908088
09/26 11:45:37 AM train 100 1.797025e-01 94.043936 99.876238
09/26 11:45:41 AM train 150 1.901367e-01 93.574089 99.834437
09/26 11:45:45 AM train 200 1.917481e-01 93.540112 99.844527
09/26 11:45:50 AM train 250 1.959419e-01 93.339143 99.831922
09/26 11:45:54 AM train 300 1.974238e-01 93.241279 99.833887
09/26 11:45:58 AM train 350 1.995606e-01 93.189103 99.844195
09/26 11:46:02 AM train 400 2.014628e-01 93.068111 99.851933
09/26 11:46:06 AM train 450 2.039829e-01 92.946231 99.854490
09/26 11:46:11 AM train 500 2.040091e-01 92.948478 99.856537
09/26 11:46:15 AM train 550 2.059002e-01 92.927632 99.858212
09/26 11:46:19 AM train 600 2.055607e-01 92.941452 99.864809
09/26 11:46:23 AM train 650 2.082241e-01 92.854743 99.865591
09/26 11:46:28 AM train 700 2.083224e-01 92.867332 99.866262
09/26 11:46:32 AM train 750 2.084033e-01 92.853279 99.864764
09/26 11:46:34 AM train_acc 92.846000
09/26 11:46:34 AM valid 000 5.389877e-01 84.375000 98.437500
09/26 11:46:36 AM valid 050 2.878102e-01 90.900735 99.816176
09/26 11:46:37 AM valid 100 2.857440e-01 90.965347 99.860767
09/26 11:46:38 AM valid 150 2.842987e-01 90.966474 99.844785
09/26 11:46:38 AM valid_acc 90.990000, best_acc 92.000000
09/26 11:46:38 AM epoch 156 lr 2.096129e-02
09/26 11:46:38 AM train 000 2.161505e-01 92.187500 100.000000
09/26 11:46:43 AM train 050 1.928134e-01 93.351716 99.908088
09/26 11:46:47 AM train 100 1.854747e-01 93.750000 99.891708
09/26 11:46:51 AM train 150 1.859001e-01 93.718957 99.844785
09/26 11:46:55 AM train 200 1.885780e-01 93.680037 99.836754
09/26 11:47:00 AM train 250 1.891898e-01 93.762450 99.844373
09/26 11:47:04 AM train 300 1.915170e-01 93.635797 99.844269
09/26 11:47:08 AM train 350 1.942050e-01 93.522970 99.830840
09/26 11:47:12 AM train 400 1.998821e-01 93.266833 99.828554
09/26 11:47:16 AM train 450 2.022729e-01 93.192212 99.819845
09/26 11:47:21 AM train 500 2.007168e-01 93.244760 99.825349
09/26 11:47:25 AM train 550 2.024209e-01 93.216878 99.824183
09/26 11:47:29 AM train 600 2.029941e-01 93.214434 99.825811
09/26 11:47:33 AM train 650 2.039393e-01 93.214766 99.824789
09/26 11:47:37 AM train 700 2.059066e-01 93.112518 99.832828
09/26 11:47:41 AM train 750 2.061573e-01 93.092543 99.835636
09/26 11:47:44 AM train_acc 93.096000
09/26 11:47:44 AM valid 000 2.807636e-01 90.625000 100.000000
09/26 11:47:45 AM valid 050 3.194692e-01 90.839461 99.509804
09/26 11:47:47 AM valid 100 3.083199e-01 90.965347 99.675124
09/26 11:47:48 AM valid 150 3.081488e-01 90.811258 99.668874
09/26 11:47:48 AM valid_acc 90.820000, best_acc 92.000000
09/26 11:47:48 AM epoch 157 lr 2.091300e-02
09/26 11:47:48 AM train 000 2.694586e-01 90.625000 100.000000
09/26 11:47:52 AM train 050 1.904730e-01 93.903186 99.908088
09/26 11:47:57 AM train 100 1.844586e-01 93.827351 99.907178
09/26 11:48:01 AM train 150 1.929093e-01 93.543046 99.813742
09/26 11:48:05 AM train 200 1.894679e-01 93.695585 99.844527
09/26 11:48:09 AM train 250 1.910127e-01 93.625498 99.850598
09/26 11:48:13 AM train 300 1.910321e-01 93.578696 99.870224
09/26 11:48:18 AM train 350 1.915266e-01 93.558583 99.866453
09/26 11:48:22 AM train 400 1.927969e-01 93.535692 99.875312
09/26 11:48:26 AM train 450 1.944919e-01 93.445122 99.882206
09/26 11:48:30 AM train 500 1.947069e-01 93.406936 99.875250
09/26 11:48:34 AM train 550 1.962327e-01 93.361502 99.872391
09/26 11:48:38 AM train 600 1.989041e-01 93.261231 99.872608
09/26 11:48:43 AM train 650 2.009933e-01 93.197965 99.872792
09/26 11:48:47 AM train 700 2.019824e-01 93.192760 99.864034
09/26 11:48:51 AM train 750 2.031000e-01 93.173685 99.856441
09/26 11:48:54 AM train_acc 93.126000
09/26 11:48:54 AM valid 000 4.616390e-01 87.500000 100.000000
09/26 11:48:55 AM valid 050 2.997934e-01 90.471814 99.846814
09/26 11:48:56 AM valid 100 3.090741e-01 90.439356 99.814356
09/26 11:48:57 AM valid 150 3.140448e-01 90.345613 99.855132
09/26 11:48:57 AM valid_acc 90.350000, best_acc 92.000000
09/26 11:48:57 AM epoch 158 lr 2.086447e-02
09/26 11:48:58 AM train 000 2.473661e-01 93.750000 100.000000
09/26 11:49:02 AM train 050 2.070980e-01 92.953431 99.877451
09/26 11:49:06 AM train 100 1.949892e-01 93.378713 99.922649
09/26 11:49:10 AM train 150 2.020579e-01 93.201573 99.896523
09/26 11:49:15 AM train 200 2.046943e-01 93.042600 99.898943
09/26 11:49:19 AM train 250 2.015740e-01 93.239542 99.900398
09/26 11:49:23 AM train 300 2.049226e-01 93.173796 99.890988
09/26 11:49:27 AM train 350 2.031814e-01 93.193554 99.897614
09/26 11:49:31 AM train 400 2.017840e-01 93.223971 99.890898
09/26 11:49:35 AM train 450 2.028982e-01 93.105599 99.878742
09/26 11:49:40 AM train 500 2.027570e-01 93.116891 99.875250
09/26 11:49:44 AM train 550 2.036480e-01 93.063748 99.875227
09/26 11:49:48 AM train 600 2.042714e-01 93.066244 99.872608
09/26 11:49:52 AM train 650 2.059705e-01 92.993952 99.867992
09/26 11:49:57 AM train 700 2.052620e-01 93.050107 99.861805
09/26 11:50:01 AM train 750 2.060265e-01 93.034288 99.862683
09/26 11:50:03 AM train_acc 93.008000
09/26 11:50:03 AM valid 000 3.549761e-01 90.625000 100.000000
09/26 11:50:05 AM valid 050 2.653934e-01 91.697304 99.877451
09/26 11:50:06 AM valid 100 2.599650e-01 91.800743 99.798886
09/26 11:50:07 AM valid 150 2.454332e-01 92.135762 99.855132
09/26 11:50:07 AM valid_acc 92.140000, best_acc 92.140000
09/26 11:50:07 AM epoch 159 lr 2.081572e-02
09/26 11:50:07 AM train 000 1.823089e-01 95.312500 100.000000
09/26 11:50:12 AM train 050 2.207856e-01 92.463235 99.816176
09/26 11:50:16 AM train 100 2.216329e-01 92.605198 99.845297
09/26 11:50:20 AM train 150 2.103744e-01 93.118791 99.865480
09/26 11:50:24 AM train 200 2.018362e-01 93.376866 99.875622
09/26 11:50:28 AM train 250 1.982789e-01 93.494771 99.863048
09/26 11:50:33 AM train 300 1.957475e-01 93.474875 99.859842
09/26 11:50:37 AM train 350 1.984370e-01 93.425036 99.853098
09/26 11:50:41 AM train 400 1.994434e-01 93.407107 99.844140
09/26 11:50:45 AM train 450 2.015018e-01 93.368902 99.847561
09/26 11:50:50 AM train 500 2.041324e-01 93.269711 99.856537
09/26 11:50:54 AM train 550 2.038662e-01 93.265086 99.858212
09/26 11:50:58 AM train 600 2.037474e-01 93.240433 99.851809
09/26 11:51:02 AM train 650 2.036602e-01 93.255568 99.858391
09/26 11:51:06 AM train 700 2.050760e-01 93.190531 99.850660
09/26 11:51:11 AM train 750 2.050416e-01 93.177846 99.852280
09/26 11:51:13 AM train_acc 93.136000
09/26 11:51:13 AM valid 000 3.590919e-01 90.625000 100.000000
09/26 11:51:15 AM valid 050 3.042324e-01 90.349265 99.601716
09/26 11:51:16 AM valid 100 2.960849e-01 90.625000 99.706064
09/26 11:51:17 AM valid 150 2.846469e-01 90.894040 99.730960
09/26 11:51:17 AM valid_acc 90.890000, best_acc 92.140000
09/26 11:51:17 AM epoch 160 lr 2.076674e-02
09/26 11:51:17 AM train 000 2.154878e-01 92.187500 100.000000
09/26 11:51:22 AM train 050 1.968094e-01 93.259804 99.846814
09/26 11:51:26 AM train 100 1.878905e-01 93.564356 99.814356
09/26 11:51:30 AM train 150 1.860454e-01 93.615480 99.844785
09/26 11:51:34 AM train 200 1.866162e-01 93.586754 99.883396
09/26 11:51:38 AM train 250 1.861463e-01 93.631723 99.844373
09/26 11:51:43 AM train 300 1.899451e-01 93.531977 99.865033
09/26 11:51:47 AM train 350 1.914513e-01 93.451745 99.870905
09/26 11:51:51 AM train 400 1.948515e-01 93.368142 99.863622
09/26 11:51:55 AM train 450 1.960635e-01 93.344651 99.861419
09/26 11:51:59 AM train 500 1.969371e-01 93.297779 99.869012
09/26 11:52:04 AM train 550 1.963832e-01 93.375681 99.861048
09/26 11:52:08 AM train 600 1.971900e-01 93.308028 99.862209
09/26 11:52:12 AM train 650 1.968775e-01 93.353975 99.865591
09/26 11:52:16 AM train 700 1.989404e-01 93.304208 99.859576
09/26 11:52:20 AM train 750 1.994133e-01 93.288116 99.852280
09/26 11:52:23 AM train_acc 93.262000
09/26 11:52:23 AM valid 000 5.098906e-01 79.687500 96.875000
09/26 11:52:24 AM valid 050 3.984447e-01 88.541667 99.601716
09/26 11:52:25 AM valid 100 3.902558e-01 89.248144 99.566832
09/26 11:52:26 AM valid 150 3.837957e-01 89.186672 99.586093
09/26 11:52:27 AM valid_acc 89.200000, best_acc 92.140000
09/26 11:52:27 AM epoch 161 lr 2.071753e-02
09/26 11:52:27 AM train 000 1.193961e-01 95.312500 100.000000
09/26 11:52:31 AM train 050 2.108728e-01 92.892157 99.877451
09/26 11:52:35 AM train 100 2.091882e-01 92.914604 99.891708
09/26 11:52:39 AM train 150 2.114306e-01 92.653146 99.896523
09/26 11:52:44 AM train 200 2.072275e-01 92.762749 99.898943
09/26 11:52:48 AM train 250 2.058504e-01 92.760209 99.869273
09/26 11:52:52 AM train 300 2.069023e-01 92.742940 99.865033
09/26 11:52:56 AM train 350 2.085319e-01 92.721688 99.866453
09/26 11:53:00 AM train 400 2.094387e-01 92.783666 99.871415
09/26 11:53:05 AM train 450 2.121113e-01 92.727966 99.864884
09/26 11:53:09 AM train 500 2.113433e-01 92.823728 99.862774
09/26 11:53:13 AM train 550 2.122404e-01 92.802858 99.858212
09/26 11:53:17 AM train 600 2.105973e-01 92.868656 99.859609
09/26 11:53:21 AM train 650 2.112814e-01 92.857143 99.860791
09/26 11:53:25 AM train 700 2.095189e-01 92.920827 99.864034
09/26 11:53:30 AM train 750 2.089993e-01 92.948985 99.856441
09/26 11:53:32 AM train_acc 92.982000
09/26 11:53:32 AM valid 000 5.689601e-01 82.812500 100.000000
09/26 11:53:34 AM valid 050 2.862968e-01 91.636029 99.693627
09/26 11:53:35 AM valid 100 2.930577e-01 91.460396 99.690594
09/26 11:53:36 AM valid 150 2.822955e-01 91.525248 99.772351
09/26 11:53:36 AM valid_acc 91.510000, best_acc 92.140000
09/26 11:53:36 AM epoch 162 lr 2.066810e-02
09/26 11:53:36 AM train 000 1.992225e-01 93.750000 100.000000
09/26 11:53:41 AM train 050 2.009992e-01 93.443627 99.816176
09/26 11:53:45 AM train 100 1.989043e-01 93.394183 99.860767
09/26 11:53:49 AM train 150 2.030654e-01 93.191225 99.865480
09/26 11:53:53 AM train 200 2.013524e-01 93.213619 99.867848
09/26 11:53:57 AM train 250 2.027338e-01 93.164841 99.850598
09/26 11:54:02 AM train 300 2.029289e-01 93.178987 99.844269
09/26 11:54:06 AM train 350 2.036528e-01 93.091168 99.839744
09/26 11:54:10 AM train 400 2.035345e-01 93.099283 99.844140
09/26 11:54:14 AM train 450 2.018625e-01 93.147173 99.847561
09/26 11:54:18 AM train 500 2.035806e-01 93.091941 99.844062
09/26 11:54:23 AM train 550 2.037793e-01 93.092105 99.841198
09/26 11:54:27 AM train 600 2.030077e-01 93.133839 99.846610
09/26 11:54:31 AM train 650 2.061671e-01 93.051555 99.831989
09/26 11:54:35 AM train 700 2.060756e-01 93.038962 99.835057
09/26 11:54:39 AM train 750 2.052784e-01 93.090463 99.835636
09/26 11:54:42 AM train_acc 93.106000
09/26 11:54:42 AM valid 000 3.737274e-01 90.625000 96.875000
09/26 11:54:43 AM valid 050 2.761389e-01 92.156863 99.662990
09/26 11:54:44 AM valid 100 2.845799e-01 91.878094 99.659653
09/26 11:54:46 AM valid 150 2.829494e-01 91.649421 99.710265
09/26 11:54:46 AM valid_acc 91.640000, best_acc 92.140000
09/26 11:54:46 AM epoch 163 lr 2.061844e-02
09/26 11:54:46 AM train 000 1.818547e-01 95.312500 100.000000
09/26 11:54:50 AM train 050 1.998340e-01 93.504902 99.816176
09/26 11:54:54 AM train 100 1.950048e-01 93.889233 99.876238
09/26 11:54:59 AM train 150 1.954108e-01 93.698262 99.865480
09/26 11:55:03 AM train 200 1.912945e-01 93.757774 99.883396
09/26 11:55:07 AM train 250 1.893474e-01 93.806026 99.894173
09/26 11:55:11 AM train 300 1.883354e-01 93.791528 99.896179
09/26 11:55:15 AM train 350 1.895355e-01 93.714387 99.879808
09/26 11:55:20 AM train 400 1.897574e-01 93.683759 99.875312
09/26 11:55:24 AM train 450 1.924978e-01 93.583703 99.871813
09/26 11:55:28 AM train 500 1.930773e-01 93.525449 99.878368
09/26 11:55:32 AM train 550 1.956498e-01 93.418217 99.875227
09/26 11:55:36 AM train 600 1.973476e-01 93.310628 99.864809
09/26 11:55:41 AM train 650 1.987432e-01 93.284370 99.863191
09/26 11:55:45 AM train 700 1.994854e-01 93.266316 99.864034
09/26 11:55:49 AM train 750 2.008303e-01 93.252746 99.858522
09/26 11:55:52 AM train_acc 93.252000
09/26 11:55:52 AM valid 000 4.149206e-01 85.937500 100.000000
09/26 11:55:53 AM valid 050 2.918960e-01 90.655637 99.632353
09/26 11:55:54 AM valid 100 2.845481e-01 91.058168 99.644183
09/26 11:55:55 AM valid 150 2.785361e-01 91.173427 99.668874
09/26 11:55:55 AM valid_acc 91.200000, best_acc 92.140000
09/26 11:55:55 AM epoch 164 lr 2.056856e-02
09/26 11:55:56 AM train 000 2.032214e-01 90.625000 100.000000
09/26 11:56:00 AM train 050 1.762932e-01 94.056373 99.846814
09/26 11:56:04 AM train 100 1.720565e-01 94.183168 99.922649
09/26 11:56:08 AM train 150 1.804267e-01 93.853477 99.855132
09/26 11:56:12 AM train 200 1.818563e-01 93.765547 99.883396
09/26 11:56:17 AM train 250 1.858416e-01 93.538347 99.881723
09/26 11:56:21 AM train 300 1.913533e-01 93.386628 99.870224
09/26 11:56:25 AM train 350 1.933736e-01 93.353811 99.875356
09/26 11:56:29 AM train 400 1.947229e-01 93.336970 99.867519
09/26 11:56:33 AM train 450 1.967488e-01 93.310006 99.868348
09/26 11:56:37 AM train 500 1.989633e-01 93.266592 99.853418
09/26 11:56:42 AM train 550 1.992368e-01 93.248072 99.863884
09/26 11:56:46 AM train 600 2.004910e-01 93.167637 99.870008
09/26 11:56:50 AM train 650 2.003315e-01 93.178763 99.875192
09/26 11:56:54 AM train 700 2.014226e-01 93.130350 99.879636
09/26 11:56:58 AM train 750 2.000859e-01 93.198652 99.881408
09/26 11:57:01 AM train_acc 93.190000
09/26 11:57:01 AM valid 000 2.311302e-01 93.750000 100.000000
09/26 11:57:02 AM valid 050 2.495356e-01 92.156863 99.785539
09/26 11:57:03 AM valid 100 2.502535e-01 92.435025 99.783416
09/26 11:57:05 AM valid 150 2.409406e-01 92.673841 99.813742
09/26 11:57:05 AM valid_acc 92.680000, best_acc 92.680000
09/26 11:57:05 AM epoch 165 lr 2.051846e-02
09/26 11:57:05 AM train 000 3.361496e-01 90.625000 100.000000
09/26 11:57:09 AM train 050 1.969932e-01 93.229167 99.908088
09/26 11:57:13 AM train 100 1.864081e-01 93.579827 99.907178
09/26 11:57:18 AM train 150 1.954125e-01 93.346440 99.875828
09/26 11:57:22 AM train 200 1.951071e-01 93.330224 99.852301
09/26 11:57:26 AM train 250 1.980272e-01 93.270667 99.856823
09/26 11:57:30 AM train 300 1.981553e-01 93.350291 99.875415
09/26 11:57:34 AM train 350 2.011414e-01 93.291489 99.862001
09/26 11:57:38 AM train 400 2.035701e-01 93.196696 99.848036
09/26 11:57:43 AM train 450 2.056576e-01 93.115992 99.851025
09/26 11:57:47 AM train 500 2.075978e-01 93.082585 99.840943
09/26 11:57:51 AM train 550 2.059861e-01 93.126134 99.844034
09/26 11:57:55 AM train 600 2.070068e-01 93.068844 99.838810
09/26 11:57:59 AM train 650 2.076401e-01 93.034754 99.839190
09/26 11:58:03 AM train 700 2.069220e-01 93.045649 99.848431
09/26 11:58:08 AM train 750 2.054099e-01 93.082140 99.848119
09/26 11:58:10 AM train_acc 93.052000
09/26 11:58:10 AM valid 000 3.399674e-01 90.625000 100.000000
09/26 11:58:12 AM valid 050 2.669462e-01 91.237745 99.785539
09/26 11:58:13 AM valid 100 2.626938e-01 91.243812 99.829827
09/26 11:58:14 AM valid 150 2.532208e-01 91.514901 99.855132
09/26 11:58:14 AM valid_acc 91.560000, best_acc 92.680000
09/26 11:58:14 AM epoch 166 lr 2.046814e-02
09/26 11:58:14 AM train 000 2.071680e-01 92.187500 100.000000
09/26 11:58:18 AM train 050 1.997273e-01 92.769608 99.938725
09/26 11:58:23 AM train 100 1.884617e-01 93.162129 99.891708
09/26 11:58:27 AM train 150 1.903767e-01 93.305050 99.855132
09/26 11:58:31 AM train 200 1.857074e-01 93.532338 99.891169
09/26 11:58:35 AM train 250 1.861380e-01 93.581922 99.900398
09/26 11:58:39 AM train 300 1.854099e-01 93.599460 99.911752
09/26 11:58:43 AM train 350 1.910738e-01 93.460648 99.902066
09/26 11:58:48 AM train 400 1.947965e-01 93.348660 99.890898
09/26 11:58:52 AM train 450 1.963604e-01 93.264967 99.889135
09/26 11:58:56 AM train 500 1.980562e-01 93.244760 99.884606
09/26 11:59:00 AM train 550 1.989207e-01 93.214043 99.878063
09/26 11:59:04 AM train 600 2.007250e-01 93.162438 99.867408
09/26 11:59:08 AM train 650 2.028032e-01 93.123560 99.865591
09/26 11:59:13 AM train 700 2.024025e-01 93.143723 99.866262
09/26 11:59:17 AM train 750 2.013748e-01 93.177846 99.860603
09/26 11:59:19 AM train_acc 93.204000
09/26 11:59:19 AM valid 000 4.838999e-01 84.375000 100.000000
09/26 11:59:21 AM valid 050 2.613281e-01 91.452206 99.816176
09/26 11:59:22 AM valid 100 2.537222e-01 91.878094 99.767946
09/26 11:59:23 AM valid 150 2.515065e-01 91.939156 99.793046
09/26 11:59:23 AM valid_acc 91.940000, best_acc 92.680000
09/26 11:59:23 AM epoch 167 lr 2.041760e-02
09/26 11:59:23 AM train 000 2.030345e-01 92.187500 100.000000
09/26 11:59:28 AM train 050 1.783419e-01 93.780637 99.938725
09/26 11:59:32 AM train 100 1.831176e-01 93.719059 99.907178
09/26 11:59:36 AM train 150 1.944220e-01 93.377483 99.896523
09/26 11:59:40 AM train 200 1.898320e-01 93.625622 99.883396
09/26 11:59:44 AM train 250 1.834490e-01 93.781125 99.900398
09/26 11:59:48 AM train 300 1.894511e-01 93.625415 99.875415
09/26 11:59:53 AM train 350 1.929055e-01 93.491809 99.875356
09/26 11:59:57 AM train 400 1.955858e-01 93.356453 99.871415
09/26 12:00:01 PM train 450 1.963706e-01 93.365438 99.878742
09/26 12:00:05 PM train 500 1.972649e-01 93.310254 99.878368
09/26 12:00:09 PM train 550 1.957927e-01 93.358666 99.872391
09/26 12:00:13 PM train 600 1.965514e-01 93.305428 99.870008
09/26 12:00:18 PM train 650 2.003885e-01 93.164363 99.867992
09/26 12:00:22 PM train 700 2.010797e-01 93.163784 99.864034
09/26 12:00:26 PM train 750 2.006823e-01 93.182007 99.862683
09/26 12:00:28 PM train_acc 93.178000
09/26 12:00:28 PM valid 000 3.807909e-01 89.062500 100.000000
09/26 12:00:30 PM valid 050 2.990626e-01 90.900735 99.693627
09/26 12:00:31 PM valid 100 2.857806e-01 91.383045 99.737005
09/26 12:00:32 PM valid 150 2.820760e-01 91.152732 99.751656
09/26 12:00:32 PM valid_acc 91.110000, best_acc 92.680000
09/26 12:00:32 PM epoch 168 lr 2.036685e-02
09/26 12:00:32 PM train 000 1.193319e-01 96.875000 100.000000
09/26 12:00:37 PM train 050 1.956753e-01 92.953431 99.908088
09/26 12:00:41 PM train 100 1.963632e-01 93.146658 99.876238
09/26 12:00:45 PM train 150 1.881553e-01 93.429222 99.906871
09/26 12:00:49 PM train 200 1.933362e-01 93.299129 99.914490
09/26 12:00:53 PM train 250 1.931207e-01 93.345369 99.906624
09/26 12:00:57 PM train 300 1.879570e-01 93.557932 99.906561
09/26 12:01:02 PM train 350 1.898252e-01 93.398326 99.910969
09/26 12:01:06 PM train 400 1.919697e-01 93.336970 99.914277
09/26 12:01:10 PM train 450 1.968844e-01 93.192212 99.916851
09/26 12:01:14 PM train 500 1.994346e-01 93.157435 99.893962
09/26 12:01:18 PM train 550 2.006958e-01 93.131806 99.883734
09/26 12:01:23 PM train 600 2.005154e-01 93.175437 99.880408
09/26 12:01:27 PM train 650 1.989193e-01 93.243568 99.884793
09/26 12:01:31 PM train 700 2.003235e-01 93.188302 99.877407
09/26 12:01:35 PM train 750 2.011676e-01 93.150799 99.866844
09/26 12:01:38 PM train_acc 93.178000
09/26 12:01:38 PM valid 000 3.990676e-01 89.062500 100.000000
09/26 12:01:39 PM valid 050 3.011908e-01 91.084559 99.662990
09/26 12:01:40 PM valid 100 2.958682e-01 90.826114 99.706064
09/26 12:01:41 PM valid 150 2.912991e-01 90.925083 99.751656
09/26 12:01:42 PM valid_acc 90.940000, best_acc 92.680000
09/26 12:01:42 PM epoch 169 lr 2.031588e-02
09/26 12:01:42 PM train 000 1.809559e-01 93.750000 98.437500
09/26 12:01:46 PM train 050 1.801201e-01 93.964461 99.846814
09/26 12:01:50 PM train 100 1.743195e-01 94.167698 99.876238
09/26 12:01:54 PM train 150 1.762357e-01 93.977649 99.875828
09/26 12:01:59 PM train 200 1.798463e-01 93.975435 99.883396
09/26 12:02:03 PM train 250 1.861228e-01 93.706424 99.881723
09/26 12:02:07 PM train 300 1.906834e-01 93.557932 99.859842
09/26 12:02:11 PM train 350 1.930192e-01 93.465100 99.848647
09/26 12:02:15 PM train 400 1.961782e-01 93.344763 99.851933
09/26 12:02:20 PM train 450 2.005903e-01 93.192212 99.851025
09/26 12:02:24 PM train 500 2.005570e-01 93.213573 99.859656
09/26 12:02:28 PM train 550 2.008319e-01 93.191357 99.866720
09/26 12:02:32 PM train 600 2.013933e-01 93.136439 99.862209
09/26 12:02:36 PM train 650 2.006009e-01 93.185964 99.860791
09/26 12:02:41 PM train 700 2.001872e-01 93.159326 99.859576
09/26 12:02:45 PM train 750 2.019005e-01 93.140396 99.860603
09/26 12:02:47 PM train_acc 93.152000
09/26 12:02:47 PM valid 000 3.176812e-01 87.500000 98.437500
09/26 12:02:49 PM valid 050 2.734811e-01 91.574755 99.662990
09/26 12:02:50 PM valid 100 2.702399e-01 91.692450 99.706064
09/26 12:02:51 PM valid 150 2.596803e-01 91.846026 99.782699
09/26 12:02:51 PM valid_acc 91.920000, best_acc 92.680000
09/26 12:02:51 PM epoch 170 lr 2.026469e-02
09/26 12:02:52 PM train 000 1.743625e-01 95.312500 100.000000
09/26 12:02:56 PM train 050 1.894582e-01 93.259804 99.908088
09/26 12:03:00 PM train 100 1.923288e-01 93.626238 99.814356
09/26 12:03:04 PM train 150 1.978611e-01 93.274007 99.844785
09/26 12:03:08 PM train 200 1.978737e-01 93.143657 99.867848
09/26 12:03:12 PM train 250 1.952748e-01 93.301793 99.881723
09/26 12:03:17 PM train 300 1.951770e-01 93.282807 99.885797
09/26 12:03:21 PM train 350 1.977552e-01 93.220264 99.866453
09/26 12:03:25 PM train 400 1.992335e-01 93.142145 99.879208
09/26 12:03:29 PM train 450 1.983057e-01 93.199141 99.875277
09/26 12:03:33 PM train 500 1.973844e-01 93.213573 99.872131
09/26 12:03:37 PM train 550 2.001496e-01 93.072255 99.880898
09/26 12:03:42 PM train 600 2.012273e-01 93.011647 99.880408
09/26 12:03:46 PM train 650 2.018021e-01 93.015553 99.875192
09/26 12:03:50 PM train 700 2.040133e-01 92.940888 99.877407
09/26 12:03:54 PM train 750 2.046236e-01 92.917776 99.873086
09/26 12:03:57 PM train_acc 92.932000
09/26 12:03:57 PM valid 000 3.498618e-01 85.937500 100.000000
09/26 12:03:58 PM valid 050 3.034394e-01 90.655637 99.601716
09/26 12:03:59 PM valid 100 3.187363e-01 90.114480 99.628713
09/26 12:04:01 PM valid 150 3.201889e-01 90.086921 99.679222
09/26 12:04:01 PM valid_acc 90.120000, best_acc 92.680000
09/26 12:04:01 PM epoch 171 lr 2.021329e-02
09/26 12:04:01 PM train 000 1.843951e-01 93.750000 100.000000
09/26 12:04:05 PM train 050 2.212241e-01 92.340686 99.816176
09/26 12:04:09 PM train 100 2.095792e-01 92.868193 99.845297
09/26 12:04:13 PM train 150 1.990473e-01 93.222268 99.875828
09/26 12:04:18 PM train 200 1.983989e-01 93.322450 99.860075
09/26 12:04:22 PM train 250 1.991581e-01 93.308018 99.844373
09/26 12:04:26 PM train 300 1.968754e-01 93.448920 99.849460
09/26 12:04:30 PM train 350 1.952175e-01 93.531873 99.844195
09/26 12:04:34 PM train 400 1.950872e-01 93.520106 99.855829
09/26 12:04:39 PM train 450 1.943957e-01 93.531735 99.864884
09/26 12:04:43 PM train 500 1.965219e-01 93.403817 99.859656
09/26 12:04:47 PM train 550 1.967595e-01 93.375681 99.869555
09/26 12:04:51 PM train 600 1.975376e-01 93.328827 99.867408
09/26 12:04:55 PM train 650 2.008687e-01 93.224366 99.870392
09/26 12:04:59 PM train 700 2.002999e-01 93.188302 99.875178
09/26 12:05:04 PM train 750 2.005927e-01 93.154960 99.873086
09/26 12:05:06 PM train_acc 93.162000
09/26 12:05:06 PM valid 000 4.000455e-01 89.062500 100.000000
09/26 12:05:08 PM valid 050 2.729311e-01 91.237745 99.693627
09/26 12:05:09 PM valid 100 2.685837e-01 91.676980 99.690594
09/26 12:05:10 PM valid 150 2.655974e-01 91.773593 99.751656
09/26 12:05:10 PM valid_acc 91.790000, best_acc 92.680000
09/26 12:05:10 PM epoch 172 lr 2.016168e-02
09/26 12:05:10 PM train 000 1.911886e-01 96.875000 100.000000
09/26 12:05:14 PM train 050 1.830699e-01 94.087010 99.846814
09/26 12:05:19 PM train 100 1.892311e-01 93.811881 99.829827
09/26 12:05:23 PM train 150 1.936139e-01 93.512003 99.875828
09/26 12:05:27 PM train 200 1.998280e-01 93.345771 99.852301
09/26 12:05:31 PM train 250 1.956223e-01 93.488546 99.869273
09/26 12:05:35 PM train 300 1.951666e-01 93.464493 99.870224
09/26 12:05:39 PM train 350 1.955015e-01 93.429487 99.866453
09/26 12:05:44 PM train 400 1.962936e-01 93.411004 99.863622
09/26 12:05:48 PM train 450 1.977134e-01 93.396619 99.871813
09/26 12:05:52 PM train 500 1.984002e-01 93.372630 99.865893
09/26 12:05:56 PM train 550 1.979558e-01 93.364338 99.858212
09/26 12:06:00 PM train 600 1.985531e-01 93.321027 99.857009
09/26 12:06:04 PM train 650 2.004619e-01 93.265169 99.853591
09/26 12:06:09 PM train 700 2.006622e-01 93.239568 99.857347
09/26 12:06:13 PM train 750 2.008645e-01 93.219457 99.856441
09/26 12:06:15 PM train_acc 93.194000
09/26 12:06:15 PM valid 000 3.540697e-01 92.187500 98.437500
09/26 12:06:17 PM valid 050 2.792608e-01 92.371324 99.693627
09/26 12:06:18 PM valid 100 2.686685e-01 92.202970 99.737005
09/26 12:06:19 PM valid 150 2.717602e-01 92.073675 99.762003
09/26 12:06:19 PM valid_acc 92.060000, best_acc 92.680000
09/26 12:06:19 PM epoch 173 lr 2.010986e-02
09/26 12:06:19 PM train 000 1.436074e-01 93.750000 100.000000
09/26 12:06:24 PM train 050 1.819152e-01 93.903186 99.846814
09/26 12:06:28 PM train 100 1.831473e-01 93.951114 99.860767
09/26 12:06:32 PM train 150 1.814353e-01 93.998344 99.865480
09/26 12:06:36 PM train 200 1.828900e-01 93.897699 99.867848
09/26 12:06:40 PM train 250 1.812849e-01 93.974104 99.863048
09/26 12:06:44 PM train 300 1.822482e-01 93.952450 99.854651
09/26 12:06:49 PM train 350 1.866624e-01 93.901353 99.853098
09/26 12:06:53 PM train 400 1.888618e-01 93.835723 99.848036
09/26 12:06:57 PM train 450 1.928904e-01 93.701497 99.826774
09/26 12:07:01 PM train 500 1.949119e-01 93.594062 99.834706
09/26 12:07:05 PM train 550 1.964654e-01 93.506125 99.838362
09/26 12:07:09 PM train 600 1.977794e-01 93.469218 99.838810
09/26 12:07:13 PM train 650 1.971576e-01 93.466782 99.846390
09/26 12:07:18 PM train 700 1.964716e-01 93.495899 99.855118
09/26 12:07:22 PM train 750 1.975176e-01 93.446238 99.852280
09/26 12:07:24 PM train_acc 93.368000
09/26 12:07:24 PM valid 000 3.267935e-01 89.062500 100.000000
09/26 12:07:26 PM valid 050 3.249835e-01 90.379902 99.540441
09/26 12:07:27 PM valid 100 3.149157e-01 90.563119 99.613243
09/26 12:07:28 PM valid 150 2.991216e-01 90.718129 99.699917
09/26 12:07:28 PM valid_acc 90.730000, best_acc 92.680000
09/26 12:07:28 PM epoch 174 lr 2.005783e-02
09/26 12:07:28 PM train 000 1.808890e-01 90.625000 100.000000
09/26 12:07:33 PM train 050 2.236410e-01 92.187500 99.785539
09/26 12:07:37 PM train 100 1.981957e-01 93.193069 99.845297
09/26 12:07:41 PM train 150 1.986771e-01 93.346440 99.844785
09/26 12:07:45 PM train 200 1.934781e-01 93.524565 99.867848
09/26 12:07:49 PM train 250 1.975851e-01 93.357819 99.856823
09/26 12:07:53 PM train 300 1.946188e-01 93.454111 99.833887
09/26 12:07:58 PM train 350 1.968444e-01 93.344907 99.835292
09/26 12:08:02 PM train 400 1.973983e-01 93.262936 99.840243
09/26 12:08:06 PM train 450 1.968863e-01 93.316935 99.844096
09/26 12:08:10 PM train 500 1.955056e-01 93.372630 99.853418
09/26 12:08:14 PM train 550 1.972130e-01 93.282101 99.861048
09/26 12:08:18 PM train 600 1.983885e-01 93.261231 99.862209
09/26 12:08:23 PM train 650 1.995071e-01 93.185964 99.865591
09/26 12:08:27 PM train 700 2.013255e-01 93.145952 99.861805
09/26 12:08:31 PM train 750 2.011372e-01 93.175766 99.862683
09/26 12:08:34 PM train_acc 93.186000
09/26 12:08:34 PM valid 000 3.837653e-01 89.062500 100.000000
09/26 12:08:35 PM valid 050 2.724620e-01 91.973039 99.662990
09/26 12:08:36 PM valid 100 2.712619e-01 91.738861 99.675124
09/26 12:08:37 PM valid 150 2.684597e-01 91.939156 99.720613
09/26 12:08:37 PM valid_acc 91.930000, best_acc 92.680000
09/26 12:08:37 PM epoch 175 lr 2.000559e-02
09/26 12:08:38 PM train 000 1.930865e-01 90.625000 100.000000
09/26 12:08:42 PM train 050 1.939574e-01 93.750000 99.908088
09/26 12:08:46 PM train 100 1.805437e-01 94.136757 99.907178
09/26 12:08:50 PM train 150 1.879100e-01 93.936258 99.865480
09/26 12:08:54 PM train 200 1.914081e-01 93.781095 99.867848
09/26 12:08:59 PM train 250 1.942132e-01 93.575697 99.869273
09/26 12:09:03 PM train 300 1.938825e-01 93.511213 99.880606
09/26 12:09:07 PM train 350 1.977253e-01 93.344907 99.884259
09/26 12:09:11 PM train 400 1.983114e-01 93.286315 99.871415
09/26 12:09:15 PM train 450 1.996683e-01 93.275360 99.864884
09/26 12:09:19 PM train 500 1.992717e-01 93.269711 99.856537
09/26 12:09:24 PM train 550 1.997778e-01 93.276429 99.858212
09/26 12:09:28 PM train 600 2.009111e-01 93.191036 99.862209
09/26 12:09:32 PM train 650 2.024514e-01 93.118760 99.855991
09/26 12:09:36 PM train 700 2.024918e-01 93.112518 99.859576
09/26 12:09:40 PM train 750 2.023546e-01 93.125832 99.866844
09/26 12:09:43 PM train_acc 93.112000
09/26 12:09:43 PM valid 000 5.340885e-01 87.500000 100.000000
09/26 12:09:44 PM valid 050 2.847688e-01 91.237745 99.632353
09/26 12:09:45 PM valid 100 2.819354e-01 91.243812 99.659653
09/26 12:09:47 PM valid 150 2.760018e-01 91.432119 99.710265
09/26 12:09:47 PM valid_acc 91.390000, best_acc 92.680000
09/26 12:09:47 PM epoch 176 lr 1.995315e-02
09/26 12:09:47 PM train 000 2.710490e-01 92.187500 100.000000
09/26 12:09:51 PM train 050 1.812969e-01 93.995098 99.877451
09/26 12:09:55 PM train 100 1.688941e-01 94.043936 99.907178
09/26 12:10:00 PM train 150 1.750608e-01 93.967301 99.875828
09/26 12:10:04 PM train 200 1.768841e-01 93.967662 99.875622
09/26 12:10:08 PM train 250 1.842129e-01 93.606823 99.869273
09/26 12:10:12 PM train 300 1.906300e-01 93.438538 99.854651
09/26 12:10:16 PM train 350 1.917581e-01 93.384972 99.848647
09/26 12:10:20 PM train 400 1.924230e-01 93.360349 99.855829
09/26 12:10:25 PM train 450 1.951385e-01 93.251109 99.857955
09/26 12:10:29 PM train 500 1.981850e-01 93.157435 99.847181
09/26 12:10:33 PM train 550 1.962547e-01 93.233893 99.846869
09/26 12:10:37 PM train 600 1.993512e-01 93.115641 99.849210
09/26 12:10:41 PM train 650 2.005244e-01 93.133161 99.853591
09/26 12:10:46 PM train 700 2.023159e-01 93.079083 99.859576
09/26 12:10:50 PM train 750 2.040400e-01 93.023885 99.848119
09/26 12:10:52 PM train_acc 92.990000
09/26 12:10:53 PM valid 000 2.180900e-01 93.750000 100.000000
09/26 12:10:54 PM valid 050 2.721965e-01 91.299020 99.662990
09/26 12:10:55 PM valid 100 2.700522e-01 91.475866 99.690594
09/26 12:10:56 PM valid 150 2.666197e-01 91.670116 99.658526
09/26 12:10:56 PM valid_acc 91.670000, best_acc 92.680000
09/26 12:10:56 PM epoch 177 lr 1.990051e-02
09/26 12:10:57 PM train 000 4.566546e-02 98.437500 100.000000
09/26 12:11:01 PM train 050 1.832295e-01 93.811275 99.938725
09/26 12:11:05 PM train 100 1.753591e-01 94.136757 99.876238
09/26 12:11:09 PM train 150 1.757329e-01 94.194950 99.875828
09/26 12:11:13 PM train 200 1.776806e-01 94.107587 99.883396
09/26 12:11:17 PM train 250 1.805383e-01 94.017679 99.881723
09/26 12:11:22 PM train 300 1.831749e-01 93.947259 99.870224
09/26 12:11:26 PM train 350 1.884449e-01 93.816774 99.870905
09/26 12:11:30 PM train 400 1.878976e-01 93.781172 99.883105
09/26 12:11:34 PM train 450 1.912175e-01 93.639135 99.871813
09/26 12:11:38 PM train 500 1.909673e-01 93.569112 99.875250
09/26 12:11:42 PM train 550 1.929418e-01 93.477768 99.875227
09/26 12:11:47 PM train 600 1.955387e-01 93.425021 99.870008
09/26 12:11:51 PM train 650 1.966488e-01 93.385177 99.875192
09/26 12:11:55 PM train 700 1.972797e-01 93.339872 99.872949
09/26 12:11:59 PM train 750 1.976319e-01 93.338049 99.877247
09/26 12:12:02 PM train_acc 93.288000
09/26 12:12:02 PM valid 000 3.667200e-01 92.187500 98.437500
09/26 12:12:03 PM valid 050 3.026580e-01 90.471814 99.632353
09/26 12:12:04 PM valid 100 2.855498e-01 91.073639 99.767946
09/26 12:12:05 PM valid 150 2.773880e-01 91.328642 99.741308
09/26 12:12:05 PM valid_acc 91.320000, best_acc 92.680000
09/26 12:12:06 PM epoch 178 lr 1.984766e-02
09/26 12:12:06 PM train 000 1.346454e-01 96.875000 100.000000
09/26 12:12:10 PM train 050 2.148301e-01 93.045343 99.938725
09/26 12:12:14 PM train 100 1.964946e-01 93.502475 99.891708
09/26 12:12:18 PM train 150 1.927786e-01 93.625828 99.906871
09/26 12:12:22 PM train 200 1.955413e-01 93.423507 99.914490
09/26 12:12:27 PM train 250 1.969282e-01 93.345369 99.919074
09/26 12:12:31 PM train 300 2.028716e-01 93.178987 99.885797
09/26 12:12:35 PM train 350 2.033725e-01 93.095620 99.893162
09/26 12:12:39 PM train 400 2.006366e-01 93.274626 99.898691
09/26 12:12:43 PM train 450 2.015276e-01 93.282289 99.878742
09/26 12:12:47 PM train 500 2.005752e-01 93.300898 99.887725
09/26 12:12:51 PM train 550 2.028341e-01 93.228221 99.883734
09/26 12:12:56 PM train 600 2.027408e-01 93.175437 99.885607
09/26 12:13:00 PM train 650 2.039018e-01 93.121160 99.882392
09/26 12:13:04 PM train 700 2.043600e-01 93.094686 99.877407
09/26 12:13:08 PM train 750 2.042539e-01 93.071738 99.877247
09/26 12:13:11 PM train_acc 93.070000
09/26 12:13:11 PM valid 000 4.608905e-01 89.062500 100.000000
09/26 12:13:12 PM valid 050 2.670086e-01 91.666667 99.693627
09/26 12:13:13 PM valid 100 2.710478e-01 91.537748 99.752475
09/26 12:13:14 PM valid 150 2.570957e-01 91.897765 99.782699
09/26 12:13:15 PM valid_acc 91.920000, best_acc 92.680000
09/26 12:13:15 PM epoch 179 lr 1.979461e-02
09/26 12:13:15 PM train 000 1.797866e-01 93.750000 100.000000
09/26 12:13:19 PM train 050 1.728817e-01 94.087010 99.877451
09/26 12:13:23 PM train 100 1.737639e-01 94.074876 99.891708
09/26 12:13:27 PM train 150 1.828691e-01 93.832781 99.875828
09/26 12:13:31 PM train 200 1.845664e-01 93.781095 99.867848
09/26 12:13:35 PM train 250 1.888315e-01 93.600598 99.838147
09/26 12:13:40 PM train 300 1.888762e-01 93.552741 99.849460
09/26 12:13:44 PM train 350 1.922876e-01 93.402778 99.853098
09/26 12:13:48 PM train 400 1.959976e-01 93.286315 99.844140
09/26 12:13:52 PM train 450 1.966504e-01 93.240715 99.847561
09/26 12:13:56 PM train 500 1.984094e-01 93.207335 99.850299
09/26 12:14:00 PM train 550 1.994330e-01 93.205535 99.858212
09/26 12:14:05 PM train 600 1.992670e-01 93.230033 99.849210
09/26 12:14:09 PM train 650 1.997753e-01 93.205165 99.843990
09/26 12:14:13 PM train 700 1.998511e-01 93.212821 99.850660
09/26 12:14:17 PM train 750 2.019561e-01 93.136235 99.854361
09/26 12:14:20 PM train_acc 93.134000
09/26 12:14:20 PM valid 000 3.178669e-01 90.625000 98.437500
09/26 12:14:21 PM valid 050 2.847864e-01 91.544118 99.632353
09/26 12:14:22 PM valid 100 2.746803e-01 91.630569 99.675124
09/26 12:14:23 PM valid 150 2.673710e-01 91.690811 99.730960
09/26 12:14:24 PM valid_acc 91.690000, best_acc 92.680000
09/26 12:14:24 PM epoch 180 lr 1.974136e-02
09/26 12:14:24 PM train 000 1.552061e-01 96.875000 100.000000
09/26 12:14:28 PM train 050 1.940111e-01 93.351716 99.846814
09/26 12:14:32 PM train 100 1.911589e-01 93.115718 99.891708
09/26 12:14:36 PM train 150 1.896807e-01 93.263659 99.886175
09/26 12:14:40 PM train 200 1.930696e-01 93.221393 99.875622
09/26 12:14:45 PM train 250 1.930875e-01 93.239542 99.881723
09/26 12:14:49 PM train 300 1.993900e-01 93.080357 99.854651
09/26 12:14:53 PM train 350 1.992369e-01 93.122329 99.848647
09/26 12:14:57 PM train 400 2.013174e-01 93.036939 99.832450
09/26 12:15:01 PM train 450 2.024964e-01 93.050166 99.840632
09/26 12:15:05 PM train 500 2.010757e-01 93.088822 99.847181
09/26 12:15:10 PM train 550 2.005329e-01 93.106284 99.852541
09/26 12:15:14 PM train 600 2.000236e-01 93.131240 99.854409
09/26 12:15:18 PM train 650 1.999017e-01 93.140361 99.855991
09/26 12:15:22 PM train 700 1.997836e-01 93.157097 99.855118
09/26 12:15:26 PM train 750 2.004119e-01 93.134154 99.850200
09/26 12:15:29 PM train_acc 93.158000
09/26 12:15:29 PM valid 000 3.823574e-01 89.062500 100.000000
09/26 12:15:30 PM valid 050 2.801970e-01 91.544118 99.509804
09/26 12:15:31 PM valid 100 2.834668e-01 91.506807 99.582302
09/26 12:15:32 PM valid 150 2.885614e-01 91.380381 99.575745
09/26 12:15:33 PM valid_acc 91.360000, best_acc 92.680000
09/26 12:15:33 PM epoch 181 lr 1.968791e-02
09/26 12:15:33 PM train 000 2.799947e-01 90.625000 100.000000
09/26 12:15:37 PM train 050 1.881919e-01 93.903186 99.846814
09/26 12:15:41 PM train 100 1.851607e-01 93.672649 99.907178
09/26 12:15:45 PM train 150 1.873799e-01 93.574089 99.917219
09/26 12:15:50 PM train 200 1.917917e-01 93.462376 99.914490
09/26 12:15:54 PM train 250 1.927867e-01 93.426295 99.894173
09/26 12:15:58 PM train 300 1.934496e-01 93.298380 99.896179
09/26 12:16:02 PM train 350 1.934792e-01 93.300392 99.897614
09/26 12:16:06 PM train 400 1.965074e-01 93.227868 99.890898
09/26 12:16:10 PM train 450 1.935166e-01 93.303076 99.896064
09/26 12:16:15 PM train 500 1.961397e-01 93.226048 99.884606
09/26 12:16:19 PM train 550 1.966682e-01 93.219714 99.886570
09/26 12:16:23 PM train 600 1.997132e-01 93.136439 99.875208
09/26 12:16:27 PM train 650 2.014383e-01 93.082757 99.870392
09/26 12:16:31 PM train 700 2.007431e-01 93.128121 99.868491
09/26 12:16:36 PM train 750 2.021205e-01 93.100866 99.875166
09/26 12:16:38 PM train_acc 93.084000
09/26 12:16:38 PM valid 000 2.458276e-01 89.062500 100.000000
09/26 12:16:39 PM valid 050 2.530006e-01 91.819853 99.785539
09/26 12:16:41 PM valid 100 2.659475e-01 91.785272 99.845297
09/26 12:16:42 PM valid 150 2.732741e-01 91.576987 99.834437
09/26 12:16:42 PM valid_acc 91.570000, best_acc 92.680000
09/26 12:16:42 PM epoch 182 lr 1.963426e-02
09/26 12:16:42 PM train 000 2.808217e-01 93.750000 100.000000
09/26 12:16:46 PM train 050 1.775731e-01 94.056373 99.816176
09/26 12:16:51 PM train 100 1.844773e-01 93.750000 99.860767
09/26 12:16:55 PM train 150 1.807001e-01 93.801738 99.865480
09/26 12:16:59 PM train 200 1.822953e-01 93.711132 99.844527
09/26 12:17:03 PM train 250 1.864190e-01 93.613048 99.831922
09/26 12:17:07 PM train 300 1.871980e-01 93.609842 99.844269
09/26 12:17:11 PM train 350 1.874391e-01 93.660969 99.857550
09/26 12:17:16 PM train 400 1.891700e-01 93.559071 99.848036
09/26 12:17:20 PM train 450 1.928208e-01 93.479767 99.840632
09/26 12:17:24 PM train 500 1.927953e-01 93.478668 99.844062
09/26 12:17:28 PM train 550 1.946944e-01 93.395531 99.841198
09/26 12:17:32 PM train 600 1.957835e-01 93.326227 99.841410
09/26 12:17:36 PM train 650 1.969928e-01 93.293971 99.843990
09/26 12:17:40 PM train 700 1.964883e-01 93.317582 99.850660
09/26 12:17:45 PM train 750 1.976896e-01 93.296438 99.848119
09/26 12:17:47 PM train_acc 93.314000
09/26 12:17:47 PM valid 000 3.133948e-01 90.625000 100.000000
09/26 12:17:48 PM valid 050 2.609139e-01 92.064951 99.754902
09/26 12:17:50 PM valid 100 2.679947e-01 91.723391 99.737005
09/26 12:17:51 PM valid 150 2.668448e-01 91.711507 99.782699
09/26 12:17:51 PM valid_acc 91.730000, best_acc 92.680000
09/26 12:17:51 PM epoch 183 lr 1.958042e-02
09/26 12:17:51 PM train 000 1.107470e-01 98.437500 100.000000
09/26 12:17:55 PM train 050 1.663529e-01 94.148284 100.000000
09/26 12:18:00 PM train 100 1.796107e-01 93.688119 99.938119
09/26 12:18:04 PM train 150 1.909450e-01 93.408526 99.906871
09/26 12:18:08 PM train 200 1.966988e-01 93.174751 99.867848
09/26 12:18:12 PM train 250 1.928141e-01 93.351594 99.875498
09/26 12:18:16 PM train 300 1.971650e-01 93.215324 99.870224
09/26 12:18:20 PM train 350 1.950503e-01 93.264779 99.888711
09/26 12:18:24 PM train 400 1.937074e-01 93.329177 99.887001
09/26 12:18:29 PM train 450 1.962581e-01 93.268431 99.885671
09/26 12:18:33 PM train 500 1.962079e-01 93.285304 99.887725
09/26 12:18:37 PM train 550 1.959014e-01 93.267922 99.883734
09/26 12:18:41 PM train 600 1.971488e-01 93.222234 99.883007
09/26 12:18:45 PM train 650 1.977612e-01 93.161962 99.882392
09/26 12:18:49 PM train 700 1.980920e-01 93.186073 99.881865
09/26 12:18:53 PM train 750 1.984302e-01 93.169524 99.885569
09/26 12:18:56 PM train_acc 93.144000
09/26 12:18:56 PM valid 000 4.506425e-01 89.062500 98.437500
09/26 12:18:57 PM valid 050 3.041501e-01 90.808824 99.601716
09/26 12:18:59 PM valid 100 3.050275e-01 90.810644 99.706064
09/26 12:19:00 PM valid 150 2.923027e-01 90.966474 99.751656
09/26 12:19:00 PM valid_acc 91.020000, best_acc 92.680000
09/26 12:19:00 PM epoch 184 lr 1.952638e-02
09/26 12:19:00 PM train 000 1.258620e-01 93.750000 100.000000
09/26 12:19:04 PM train 050 1.885849e-01 93.658088 99.785539
09/26 12:19:08 PM train 100 1.917964e-01 93.548886 99.798886
09/26 12:19:13 PM train 150 1.870188e-01 93.615480 99.813742
09/26 12:19:17 PM train 200 1.878758e-01 93.594527 99.844527
09/26 12:19:21 PM train 250 1.930998e-01 93.451195 99.863048
09/26 12:19:25 PM train 300 1.913273e-01 93.485257 99.875415
09/26 12:19:29 PM train 350 1.902455e-01 93.571937 99.866453
09/26 12:19:33 PM train 400 1.894347e-01 93.605829 99.863622
09/26 12:19:38 PM train 450 1.929114e-01 93.500554 99.857955
09/26 12:19:42 PM train 500 1.946581e-01 93.428767 99.853418
09/26 12:19:46 PM train 550 1.941315e-01 93.463589 99.858212
09/26 12:19:50 PM train 600 1.972288e-01 93.326227 99.859609
09/26 12:19:54 PM train 650 1.957466e-01 93.385177 99.858391
09/26 12:19:58 PM train 700 1.966792e-01 93.368848 99.861805
09/26 12:20:02 PM train 750 1.977299e-01 93.352613 99.858522
09/26 12:20:05 PM train_acc 93.336000
09/26 12:20:06 PM valid 000 3.844976e-01 89.062500 100.000000
09/26 12:20:07 PM valid 050 2.626653e-01 91.973039 99.693627
09/26 12:20:09 PM valid 100 2.575695e-01 91.986386 99.690594
09/26 12:20:10 PM valid 150 2.521034e-01 92.073675 99.710265
09/26 12:20:10 PM valid_acc 92.050000, best_acc 92.680000
09/26 12:20:10 PM epoch 185 lr 1.947216e-02
09/26 12:20:10 PM train 000 1.823989e-01 95.312500 98.437500
09/26 12:20:14 PM train 050 1.917979e-01 94.056373 99.938725
09/26 12:20:18 PM train 100 1.876388e-01 93.951114 99.953589
09/26 12:20:23 PM train 150 1.833667e-01 93.967301 99.927566
09/26 12:20:27 PM train 200 1.798041e-01 94.068719 99.937811
09/26 12:20:31 PM train 250 1.809442e-01 93.955428 99.937749
09/26 12:20:35 PM train 300 1.854580e-01 93.801910 99.937708
09/26 12:20:39 PM train 350 1.899071e-01 93.669872 99.928775
09/26 12:20:43 PM train 400 1.924204e-01 93.562968 99.910380
09/26 12:20:47 PM train 450 1.968993e-01 93.486696 99.889135
09/26 12:20:52 PM train 500 1.956224e-01 93.522330 99.884606
09/26 12:20:56 PM train 550 1.937093e-01 93.545826 99.883734
09/26 12:21:00 PM train 600 1.956069e-01 93.482217 99.877808
09/26 12:21:04 PM train 650 1.967040e-01 93.447581 99.872792
09/26 12:21:08 PM train 700 1.978209e-01 93.413427 99.859576
09/26 12:21:12 PM train 750 2.005285e-01 93.315163 99.848119
09/26 12:21:15 PM train_acc 93.342000
09/26 12:21:15 PM valid 000 3.435404e-01 90.625000 100.000000
09/26 12:21:16 PM valid 050 2.341183e-01 92.003676 99.785539
09/26 12:21:17 PM valid 100 2.359525e-01 92.357673 99.798886
09/26 12:21:18 PM valid 150 2.348210e-01 92.187500 99.824089
09/26 12:21:19 PM valid_acc 92.200000, best_acc 92.680000
09/26 12:21:19 PM epoch 186 lr 1.941774e-02
09/26 12:21:19 PM train 000 7.282916e-02 98.437500 100.000000
09/26 12:21:23 PM train 050 1.506899e-01 94.638480 100.000000
09/26 12:21:27 PM train 100 1.626097e-01 94.229579 99.922649
09/26 12:21:31 PM train 150 1.735238e-01 93.936258 99.906871
09/26 12:21:36 PM train 200 1.798336e-01 93.664490 99.906716
09/26 12:21:40 PM train 250 1.841878e-01 93.619273 99.894173
09/26 12:21:44 PM train 300 1.867321e-01 93.578696 99.901370
09/26 12:21:48 PM train 350 1.907821e-01 93.487358 99.875356
09/26 12:21:52 PM train 400 1.940201e-01 93.352556 99.863622
09/26 12:21:56 PM train 450 1.937884e-01 93.330793 99.875277
09/26 12:22:00 PM train 500 1.959545e-01 93.241642 99.865893
09/26 12:22:05 PM train 550 1.980110e-01 93.199864 99.866720
09/26 12:22:09 PM train 600 1.959722e-01 93.292429 99.870008
09/26 12:22:13 PM train 650 1.967355e-01 93.250768 99.863191
09/26 12:22:17 PM train 700 1.961979e-01 93.281919 99.861805
09/26 12:22:21 PM train 750 1.955897e-01 93.283955 99.868925
09/26 12:22:24 PM train_acc 93.256000
09/26 12:22:24 PM valid 000 2.888745e-01 89.062500 100.000000
09/26 12:22:25 PM valid 050 3.001599e-01 91.115196 99.509804
09/26 12:22:26 PM valid 100 2.864049e-01 91.259282 99.613243
09/26 12:22:27 PM valid 150 2.905199e-01 91.256209 99.627483
09/26 12:22:27 PM valid_acc 91.220000, best_acc 92.680000
09/26 12:22:28 PM epoch 187 lr 1.936313e-02
09/26 12:22:28 PM train 000 2.361848e-01 90.625000 100.000000
09/26 12:22:32 PM train 050 1.879192e-01 93.351716 99.908088
09/26 12:22:36 PM train 100 1.870135e-01 93.487005 99.876238
09/26 12:22:40 PM train 150 2.003155e-01 93.139487 99.834437
09/26 12:22:44 PM train 200 1.997109e-01 93.198072 99.860075
09/26 12:22:48 PM train 250 1.964876e-01 93.258217 99.869273
09/26 12:22:52 PM train 300 1.928778e-01 93.386628 99.870224
09/26 12:22:57 PM train 350 1.921255e-01 93.376068 99.870905
09/26 12:23:01 PM train 400 1.927300e-01 93.379832 99.879208
09/26 12:23:05 PM train 450 1.933097e-01 93.358509 99.885671
09/26 12:23:09 PM train 500 1.932958e-01 93.378867 99.881487
09/26 12:23:13 PM train 550 1.956678e-01 93.330309 99.883734
09/26 12:23:17 PM train 600 1.961548e-01 93.310628 99.888207
09/26 12:23:21 PM train 650 1.956029e-01 93.334773 99.882392
09/26 12:23:26 PM train 700 1.958632e-01 93.337643 99.875178
09/26 12:23:30 PM train 750 1.943030e-01 93.373419 99.877247
09/26 12:23:32 PM train_acc 93.378000
09/26 12:23:32 PM valid 000 1.456680e-01 93.750000 100.000000
09/26 12:23:34 PM valid 050 2.501225e-01 92.861520 99.724265
09/26 12:23:35 PM valid 100 2.546684e-01 92.435025 99.798886
09/26 12:23:36 PM valid 150 2.512314e-01 92.249586 99.824089
09/26 12:23:36 PM valid_acc 92.310000, best_acc 92.680000
09/26 12:23:36 PM epoch 188 lr 1.930833e-02
09/26 12:23:36 PM train 000 1.572521e-01 93.750000 100.000000
09/26 12:23:40 PM train 050 1.813430e-01 94.087010 99.908088
09/26 12:23:45 PM train 100 2.008642e-01 93.626238 99.814356
09/26 12:23:49 PM train 150 1.951165e-01 93.760348 99.813742
09/26 12:23:53 PM train 200 1.932153e-01 93.757774 99.836754
09/26 12:23:57 PM train 250 1.927626e-01 93.743775 99.863048
09/26 12:24:01 PM train 300 1.923831e-01 93.661752 99.870224
09/26 12:24:05 PM train 350 1.953104e-01 93.514067 99.870905
09/26 12:24:09 PM train 400 1.964301e-01 93.469451 99.859726
09/26 12:24:14 PM train 450 1.950306e-01 93.483232 99.868348
09/26 12:24:18 PM train 500 1.939327e-01 93.488024 99.869012
09/26 12:24:22 PM train 550 1.964861e-01 93.381352 99.869555
09/26 12:24:26 PM train 600 1.968990e-01 93.391223 99.867408
09/26 12:24:30 PM train 650 1.970544e-01 93.428379 99.858391
09/26 12:24:34 PM train 700 1.977559e-01 93.366619 99.857347
09/26 12:24:38 PM train 750 1.973937e-01 93.385902 99.862683
09/26 12:24:41 PM train_acc 93.390000
09/26 12:24:41 PM valid 000 5.288674e-01 87.500000 100.000000
09/26 12:24:42 PM valid 050 2.611370e-01 91.881127 99.724265
09/26 12:24:43 PM valid 100 2.587645e-01 91.955446 99.783416
09/26 12:24:44 PM valid 150 2.472949e-01 92.146109 99.824089
09/26 12:24:45 PM valid_acc 92.180000, best_acc 92.680000
09/26 12:24:45 PM epoch 189 lr 1.925335e-02
09/26 12:24:45 PM train 000 2.224441e-01 89.062500 100.000000
09/26 12:24:49 PM train 050 1.831735e-01 93.780637 99.877451
09/26 12:24:53 PM train 100 1.821680e-01 93.951114 99.907178
09/26 12:24:57 PM train 150 1.884151e-01 93.812086 99.896523
09/26 12:25:01 PM train 200 1.890514e-01 93.765547 99.898943
09/26 12:25:06 PM train 250 1.902413e-01 93.706424 99.894173
09/26 12:25:10 PM train 300 1.910535e-01 93.640988 99.885797
09/26 12:25:14 PM train 350 1.928210e-01 93.567486 99.884259
09/26 12:25:18 PM train 400 1.903481e-01 93.629208 99.890898
09/26 12:25:22 PM train 450 1.920651e-01 93.573309 99.882206
09/26 12:25:26 PM train 500 1.955484e-01 93.419411 99.878368
09/26 12:25:30 PM train 550 1.988595e-01 93.259415 99.875227
09/26 12:25:34 PM train 600 1.986667e-01 93.266431 99.870008
09/26 12:25:39 PM train 650 1.964833e-01 93.353975 99.870392
09/26 12:25:43 PM train 700 1.980280e-01 93.310895 99.870720
09/26 12:25:47 PM train 750 1.988294e-01 93.248585 99.873086
09/26 12:25:49 PM train_acc 93.278000
09/26 12:25:50 PM valid 000 3.281215e-01 93.750000 100.000000
09/26 12:25:51 PM valid 050 2.544464e-01 91.942402 99.785539
09/26 12:25:52 PM valid 100 2.523486e-01 92.141089 99.845297
09/26 12:25:53 PM valid 150 2.408638e-01 92.373758 99.886175
09/26 12:25:53 PM valid_acc 92.380000, best_acc 92.680000
09/26 12:25:53 PM epoch 190 lr 1.919818e-02
09/26 12:25:53 PM train 000 1.186251e-01 96.875000 100.000000
09/26 12:25:58 PM train 050 1.888857e-01 94.056373 99.846814
09/26 12:26:02 PM train 100 1.865854e-01 94.074876 99.829827
09/26 12:26:06 PM train 150 1.833695e-01 94.060430 99.865480
09/26 12:26:10 PM train 200 1.835694e-01 94.029851 99.852301
09/26 12:26:14 PM train 250 1.845793e-01 93.974104 99.863048
09/26 12:26:18 PM train 300 1.895150e-01 93.760382 99.865033
09/26 12:26:22 PM train 350 1.929183e-01 93.656517 99.857550
09/26 12:26:26 PM train 400 1.918205e-01 93.656484 99.863622
09/26 12:26:30 PM train 450 1.917594e-01 93.601025 99.871813
09/26 12:26:35 PM train 500 1.940432e-01 93.500499 99.869012
09/26 12:26:39 PM train 550 1.941826e-01 93.480603 99.872391
09/26 12:26:43 PM train 600 1.922968e-01 93.568012 99.859609
09/26 12:26:47 PM train 650 1.926176e-01 93.521985 99.860791
09/26 12:26:51 PM train 700 1.929741e-01 93.511501 99.859576
09/26 12:26:55 PM train 750 1.928417e-01 93.481608 99.860603
09/26 12:26:58 PM train_acc 93.442000
09/26 12:26:58 PM valid 000 4.128171e-01 84.375000 100.000000
09/26 12:26:59 PM valid 050 2.966788e-01 90.962010 99.571078
09/26 12:27:00 PM valid 100 2.956545e-01 90.779703 99.597772
09/26 12:27:01 PM valid 150 2.940317e-01 90.873344 99.606788
09/26 12:27:01 PM valid_acc 90.910000, best_acc 92.680000
09/26 12:27:02 PM epoch 191 lr 1.914282e-02
09/26 12:27:02 PM train 000 1.448441e-01 93.750000 100.000000
09/26 12:27:06 PM train 050 2.153409e-01 92.738971 99.816176
09/26 12:27:10 PM train 100 2.054371e-01 93.038366 99.860767
09/26 12:27:14 PM train 150 1.996749e-01 93.274007 99.886175
09/26 12:27:18 PM train 200 1.982155e-01 93.330224 99.891169
09/26 12:27:23 PM train 250 1.946476e-01 93.457420 99.894173
09/26 12:27:27 PM train 300 1.914001e-01 93.589078 99.885797
09/26 12:27:31 PM train 350 1.920368e-01 93.531873 99.888711
09/26 12:27:35 PM train 400 1.933129e-01 93.555175 99.883105
09/26 12:27:39 PM train 450 1.919580e-01 93.562916 99.882206
09/26 12:27:43 PM train 500 1.949273e-01 93.472430 99.875250
09/26 12:27:47 PM train 550 1.960114e-01 93.443739 99.878063
09/26 12:27:51 PM train 600 1.957353e-01 93.451019 99.877808
09/26 12:27:56 PM train 650 1.956351e-01 93.413978 99.877592
09/26 12:28:00 PM train 700 1.964180e-01 93.384451 99.875178
09/26 12:28:04 PM train 750 1.959757e-01 93.404627 99.881408
09/26 12:28:06 PM train_acc 93.400000
09/26 12:28:07 PM valid 000 2.220687e-01 92.187500 100.000000
09/26 12:28:08 PM valid 050 2.819577e-01 91.544118 99.693627
09/26 12:28:09 PM valid 100 2.805202e-01 91.568688 99.690594
09/26 12:28:10 PM valid 150 2.738686e-01 91.711507 99.741308
09/26 12:28:10 PM valid_acc 91.750000, best_acc 92.680000
09/26 12:28:10 PM epoch 192 lr 1.908729e-02
09/26 12:28:11 PM train 000 1.497158e-01 95.312500 100.000000
09/26 12:28:15 PM train 050 1.747430e-01 94.025735 99.816176
09/26 12:28:19 PM train 100 1.861078e-01 93.657178 99.814356
09/26 12:28:23 PM train 150 1.860718e-01 93.770695 99.834437
09/26 12:28:27 PM train 200 1.835064e-01 93.874378 99.844527
09/26 12:28:31 PM train 250 1.874154e-01 93.662849 99.838147
09/26 12:28:35 PM train 300 1.878085e-01 93.599460 99.854651
09/26 12:28:39 PM train 350 1.879146e-01 93.603098 99.870905
09/26 12:28:44 PM train 400 1.907884e-01 93.562968 99.859726
09/26 12:28:48 PM train 450 1.909034e-01 93.521341 99.864884
09/26 12:28:52 PM train 500 1.900285e-01 93.531687 99.872131
09/26 12:28:56 PM train 550 1.912806e-01 93.480603 99.875227
09/26 12:29:00 PM train 600 1.934359e-01 93.440620 99.872608
09/26 12:29:04 PM train 650 1.939409e-01 93.380376 99.867992
09/26 12:29:09 PM train 700 1.948669e-01 93.348787 99.875178
09/26 12:29:13 PM train 750 1.963611e-01 93.315163 99.868925
09/26 12:29:15 PM train_acc 93.306000
09/26 12:29:15 PM valid 000 1.269487e-01 95.312500 100.000000
09/26 12:29:17 PM valid 050 2.752121e-01 91.513480 99.846814
09/26 12:29:18 PM valid 100 2.820425e-01 91.676980 99.798886
09/26 12:29:19 PM valid 150 2.818592e-01 91.608030 99.813742
09/26 12:29:19 PM valid_acc 91.630000, best_acc 92.680000
09/26 12:29:19 PM epoch 193 lr 1.903157e-02
09/26 12:29:20 PM train 000 9.780760e-02 96.875000 100.000000
09/26 12:29:24 PM train 050 1.767889e-01 93.811275 99.908088
09/26 12:29:28 PM train 100 1.886964e-01 93.332302 99.891708
09/26 12:29:32 PM train 150 1.873946e-01 93.418874 99.865480
09/26 12:29:36 PM train 200 1.943753e-01 93.252488 99.852301
09/26 12:29:40 PM train 250 1.927689e-01 93.382719 99.869273
09/26 12:29:44 PM train 300 1.908090e-01 93.490449 99.870224
09/26 12:29:49 PM train 350 1.907361e-01 93.500712 99.857550
09/26 12:29:53 PM train 400 1.953698e-01 93.364246 99.851933
09/26 12:29:57 PM train 450 1.971258e-01 93.351580 99.857955
09/26 12:30:01 PM train 500 1.989738e-01 93.285304 99.850299
09/26 12:30:05 PM train 550 1.998063e-01 93.270758 99.852541
09/26 12:30:09 PM train 600 1.993146e-01 93.308028 99.864809
09/26 12:30:13 PM train 650 1.986330e-01 93.325173 99.855991
09/26 12:30:18 PM train 700 1.984601e-01 93.344330 99.859576
09/26 12:30:22 PM train 750 1.994456e-01 93.306841 99.858522
09/26 12:30:24 PM train_acc 93.314000
09/26 12:30:24 PM valid 000 2.846970e-01 92.187500 100.000000
09/26 12:30:26 PM valid 050 2.500069e-01 92.126225 99.785539
09/26 12:30:27 PM valid 100 2.562632e-01 91.909035 99.783416
09/26 12:30:28 PM valid 150 2.575089e-01 92.021937 99.782699
09/26 12:30:28 PM valid_acc 91.990000, best_acc 92.680000
09/26 12:30:28 PM epoch 194 lr 1.897568e-02
09/26 12:30:28 PM train 000 9.647245e-02 98.437500 100.000000
09/26 12:30:33 PM train 050 1.768538e-01 94.393382 99.877451
09/26 12:30:37 PM train 100 1.917227e-01 93.873762 99.829827
09/26 12:30:41 PM train 150 1.962300e-01 93.677566 99.865480
09/26 12:30:45 PM train 200 1.909979e-01 93.819963 99.867848
09/26 12:30:49 PM train 250 1.903372e-01 93.874502 99.856823
09/26 12:30:53 PM train 300 1.880824e-01 93.869394 99.844269
09/26 12:30:57 PM train 350 1.904443e-01 93.652066 99.857550
09/26 12:31:02 PM train 400 1.926066e-01 93.586347 99.863622
09/26 12:31:06 PM train 450 1.932759e-01 93.552522 99.864884
09/26 12:31:10 PM train 500 1.945811e-01 93.534805 99.853418
09/26 12:31:14 PM train 550 1.938200e-01 93.582691 99.858212
09/26 12:31:18 PM train 600 1.940443e-01 93.547213 99.859609
09/26 12:31:22 PM train 650 1.935383e-01 93.538786 99.863191
09/26 12:31:27 PM train 700 1.942828e-01 93.493670 99.864034
09/26 12:31:31 PM train 750 1.954566e-01 93.473286 99.856441
09/26 12:31:33 PM train_acc 93.438000
09/26 12:31:33 PM valid 000 3.424812e-01 92.187500 100.000000
09/26 12:31:35 PM valid 050 2.946672e-01 91.053922 99.785539
09/26 12:31:36 PM valid 100 2.955950e-01 90.980817 99.737005
09/26 12:31:37 PM valid 150 2.905497e-01 91.132036 99.730960
09/26 12:31:37 PM valid_acc 91.150000, best_acc 92.680000
09/26 12:31:37 PM epoch 195 lr 1.891961e-02
09/26 12:31:37 PM train 000 1.477952e-01 93.750000 100.000000
09/26 12:31:42 PM train 050 1.589233e-01 95.281863 99.846814
09/26 12:31:46 PM train 100 1.673141e-01 94.724629 99.907178
09/26 12:31:50 PM train 150 1.700318e-01 94.546772 99.917219
09/26 12:31:54 PM train 200 1.706545e-01 94.418532 99.914490
09/26 12:31:58 PM train 250 1.734403e-01 94.304034 99.912849
09/26 12:32:02 PM train 300 1.831353e-01 93.921304 99.896179
09/26 12:32:07 PM train 350 1.879201e-01 93.696581 99.870905
09/26 12:32:11 PM train 400 1.902235e-01 93.551278 99.871415
09/26 12:32:15 PM train 450 1.905993e-01 93.566380 99.878742
09/26 12:32:19 PM train 500 1.932535e-01 93.522330 99.872131
09/26 12:32:23 PM train 550 1.928780e-01 93.511797 99.875227
09/26 12:32:27 PM train 600 1.936661e-01 93.510815 99.875208
09/26 12:32:32 PM train 650 1.967712e-01 93.445180 99.872792
09/26 12:32:36 PM train 700 1.975634e-01 93.408969 99.875178
09/26 12:32:40 PM train 750 1.989666e-01 93.346372 99.866844
09/26 12:32:42 PM train_acc 93.366000
09/26 12:32:42 PM valid 000 3.405603e-01 90.625000 100.000000
09/26 12:32:44 PM valid 050 2.629218e-01 91.911765 99.816176
09/26 12:32:45 PM valid 100 2.682139e-01 92.079208 99.767946
09/26 12:32:46 PM valid 150 2.629708e-01 92.125414 99.762003
09/26 12:32:46 PM valid_acc 92.110000, best_acc 92.680000
09/26 12:32:46 PM epoch 196 lr 1.886336e-02
09/26 12:32:46 PM train 000 1.342134e-01 93.750000 100.000000
09/26 12:32:51 PM train 050 1.634975e-01 94.209559 99.969363
09/26 12:32:55 PM train 100 1.672124e-01 94.245050 99.953589
09/26 12:32:59 PM train 150 1.812696e-01 93.822434 99.896523
09/26 12:33:03 PM train 200 1.828963e-01 93.788868 99.867848
09/26 12:33:07 PM train 250 1.859831e-01 93.644173 99.869273
09/26 12:33:12 PM train 300 1.877977e-01 93.589078 99.875415
09/26 12:33:16 PM train 350 1.885729e-01 93.549679 99.888711
09/26 12:33:20 PM train 400 1.917851e-01 93.403211 99.883105
09/26 12:33:24 PM train 450 1.917945e-01 93.431264 99.882206
09/26 12:33:28 PM train 500 1.926739e-01 93.419411 99.869012
09/26 12:33:33 PM train 550 1.939059e-01 93.409710 99.866720
09/26 12:33:37 PM train 600 1.965282e-01 93.305428 99.859609
09/26 12:33:41 PM train 650 1.974604e-01 93.308372 99.851190
09/26 12:33:45 PM train 700 1.977537e-01 93.248484 99.848431
09/26 12:33:49 PM train 750 1.973583e-01 93.277713 99.848119
09/26 12:33:52 PM train_acc 93.260000
09/26 12:33:52 PM valid 000 4.447525e-01 89.062500 96.875000
09/26 12:33:53 PM valid 050 2.586989e-01 92.738971 99.662990
09/26 12:33:54 PM valid 100 2.434984e-01 92.930074 99.737005
09/26 12:33:56 PM valid 150 2.358082e-01 92.901490 99.730960
09/26 12:33:56 PM valid_acc 92.930000, best_acc 92.930000
09/26 12:33:56 PM epoch 197 lr 1.880694e-02
09/26 12:33:56 PM train 000 2.112527e-01 92.187500 100.000000
09/26 12:34:00 PM train 050 1.701711e-01 94.515931 100.000000
09/26 12:34:04 PM train 100 1.724967e-01 94.214109 99.922649
09/26 12:34:08 PM train 150 1.790135e-01 94.019040 99.927566
09/26 12:34:12 PM train 200 1.798414e-01 93.967662 99.883396
09/26 12:34:17 PM train 250 1.839818e-01 93.787351 99.887948
09/26 12:34:21 PM train 300 1.923459e-01 93.547550 99.839078
09/26 12:34:25 PM train 350 1.934850e-01 93.491809 99.862001
09/26 12:34:29 PM train 400 1.941743e-01 93.508416 99.859726
09/26 12:34:33 PM train 450 1.957064e-01 93.413941 99.861419
09/26 12:34:37 PM train 500 1.975900e-01 93.363273 99.856537
09/26 12:34:41 PM train 550 1.980733e-01 93.341652 99.844034
09/26 12:34:46 PM train 600 1.988875e-01 93.313228 99.841410
09/26 12:34:50 PM train 650 1.996085e-01 93.293971 99.839190
09/26 12:34:54 PM train 700 2.005151e-01 93.275232 99.843973
09/26 12:34:58 PM train 750 1.993784e-01 93.290196 99.841877
09/26 12:35:01 PM train_acc 93.266000
09/26 12:35:01 PM valid 000 3.791001e-01 89.062500 100.000000
09/26 12:35:02 PM valid 050 2.659632e-01 92.034314 99.693627
09/26 12:35:03 PM valid 100 2.644394e-01 92.141089 99.721535
09/26 12:35:04 PM valid 150 2.639203e-01 91.908113 99.772351
09/26 12:35:04 PM valid_acc 91.890000, best_acc 92.930000
09/26 12:35:05 PM epoch 198 lr 1.875034e-02
09/26 12:35:05 PM train 000 3.246127e-01 89.062500 100.000000
09/26 12:35:09 PM train 050 1.711006e-01 94.332108 99.846814
09/26 12:35:13 PM train 100 1.759520e-01 94.198639 99.860767
09/26 12:35:17 PM train 150 1.760562e-01 94.215646 99.865480
09/26 12:35:21 PM train 200 1.793282e-01 93.990983 99.867848
09/26 12:35:26 PM train 250 1.834527e-01 93.837151 99.894173
09/26 12:35:30 PM train 300 1.828540e-01 93.848630 99.890988
09/26 12:35:34 PM train 350 1.846540e-01 93.772258 99.884259
09/26 12:35:38 PM train 400 1.901220e-01 93.574657 99.875312
09/26 12:35:42 PM train 450 1.911493e-01 93.486696 99.882206
09/26 12:35:46 PM train 500 1.954383e-01 93.397580 99.878368
09/26 12:35:50 PM train 550 1.944303e-01 93.438067 99.883734
09/26 12:35:55 PM train 600 1.941207e-01 93.417221 99.888207
09/26 12:35:59 PM train 650 1.950903e-01 93.380376 99.879992
09/26 12:36:03 PM train 700 1.948852e-01 93.357703 99.886323
09/26 12:36:07 PM train 750 1.939695e-01 93.381741 99.887650
09/26 12:36:10 PM train_acc 93.336000
09/26 12:36:10 PM valid 000 3.440856e-01 90.625000 100.000000
09/26 12:36:11 PM valid 050 2.496367e-01 92.310049 99.754902
09/26 12:36:12 PM valid 100 2.489850e-01 92.404084 99.752475
09/26 12:36:13 PM valid 150 2.481907e-01 92.290977 99.751656
09/26 12:36:13 PM valid_acc 92.290000, best_acc 92.930000
09/26 12:36:13 PM epoch 199 lr 1.869358e-02
09/26 12:36:14 PM train 000 1.854224e-01 93.750000 100.000000
09/26 12:36:18 PM train 050 1.953711e-01 93.014706 99.969363
09/26 12:36:22 PM train 100 1.972413e-01 93.146658 99.953589
09/26 12:36:26 PM train 150 1.938130e-01 93.284354 99.937914
09/26 12:36:30 PM train 200 1.931011e-01 93.306903 99.922264
09/26 12:36:34 PM train 250 1.920429e-01 93.413845 99.919074
09/26 12:36:39 PM train 300 1.935679e-01 93.428156 99.901370
09/26 12:36:43 PM train 350 1.946191e-01 93.300392 99.888711
09/26 12:36:47 PM train 400 1.945507e-01 93.305798 99.887001
09/26 12:36:51 PM train 450 1.948633e-01 93.313470 99.889135
09/26 12:36:55 PM train 500 1.956757e-01 93.263473 99.890843
09/26 12:36:59 PM train 550 1.972095e-01 93.242400 99.883734
09/26 12:37:03 PM train 600 1.976433e-01 93.204035 99.877808
09/26 12:37:07 PM train 650 1.999437e-01 93.121160 99.872792
09/26 12:37:12 PM train 700 2.000232e-01 93.132578 99.872949
09/26 12:37:16 PM train 750 1.989396e-01 93.196571 99.875166
09/26 12:37:18 PM train_acc 93.182000
09/26 12:37:19 PM valid 000 2.332157e-01 90.625000 100.000000
09/26 12:37:20 PM valid 050 2.660364e-01 91.452206 99.785539
09/26 12:37:21 PM valid 100 2.649033e-01 91.847153 99.752475
09/26 12:37:22 PM valid 150 2.599719e-01 91.866722 99.824089
09/26 12:37:22 PM valid_acc 91.860000, best_acc 92.930000
09/26 12:37:22 PM epoch 200 lr 1.863664e-02
09/26 12:37:22 PM train 000 2.327027e-01 92.187500 100.000000
09/26 12:37:27 PM train 050 1.858912e-01 93.259804 99.846814
09/26 12:37:31 PM train 100 1.739485e-01 93.904703 99.907178
09/26 12:37:35 PM train 150 1.776804e-01 93.698262 99.917219
09/26 12:37:39 PM train 200 1.773668e-01 93.781095 99.930037
09/26 12:37:43 PM train 250 1.795151e-01 93.781125 99.919074
09/26 12:37:47 PM train 300 1.864654e-01 93.526786 99.890988
09/26 12:37:51 PM train 350 1.886196e-01 93.491809 99.884259
09/26 12:37:56 PM train 400 1.892757e-01 93.449969 99.879208
09/26 12:38:00 PM train 450 1.885994e-01 93.486696 99.885671
09/26 12:38:04 PM train 500 1.916366e-01 93.422530 99.878368
09/26 12:38:08 PM train 550 1.918139e-01 93.423888 99.878063
09/26 12:38:12 PM train 600 1.912993e-01 93.422421 99.877808
09/26 12:38:16 PM train 650 1.915527e-01 93.385177 99.879992
09/26 12:38:20 PM train 700 1.905750e-01 93.404511 99.881865
09/26 12:38:25 PM train 750 1.925128e-01 93.367177 99.879328
09/26 12:38:27 PM train_acc 93.332000
09/26 12:38:27 PM valid 000 5.560277e-01 84.375000 100.000000
09/26 12:38:29 PM valid 050 2.601739e-01 92.003676 99.693627
09/26 12:38:30 PM valid 100 2.724015e-01 91.646040 99.721535
09/26 12:38:31 PM valid 150 2.642371e-01 91.794288 99.762003
09/26 12:38:31 PM valid_acc 91.820000, best_acc 92.930000
09/26 12:38:31 PM epoch 201 lr 1.857953e-02
09/26 12:38:31 PM train 000 3.319451e-01 84.375000 100.000000
09/26 12:38:35 PM train 050 1.942941e-01 92.953431 99.908088
09/26 12:38:40 PM train 100 1.903102e-01 93.425124 99.891708
09/26 12:38:44 PM train 150 1.875643e-01 93.615480 99.875828
09/26 12:38:48 PM train 200 1.909083e-01 93.462376 99.867848
09/26 12:38:52 PM train 250 1.894571e-01 93.500996 99.894173
09/26 12:38:56 PM train 300 1.909961e-01 93.443729 99.885797
09/26 12:39:01 PM train 350 1.906903e-01 93.500712 99.870905
09/26 12:39:05 PM train 400 1.918067e-01 93.473348 99.879208
09/26 12:39:09 PM train 450 1.918163e-01 93.514412 99.875277
09/26 12:39:13 PM train 500 1.899961e-01 93.550399 99.878368
09/26 12:39:17 PM train 550 1.916674e-01 93.508961 99.883734
09/26 12:39:21 PM train 600 1.952497e-01 93.412022 99.880408
09/26 12:39:26 PM train 650 1.961457e-01 93.385177 99.870392
09/26 12:39:30 PM train 700 1.964413e-01 93.400053 99.868491
09/26 12:39:34 PM train 750 1.951893e-01 93.450399 99.873086
09/26 12:39:37 PM train_acc 93.450000
09/26 12:39:37 PM valid 000 3.220920e-01 87.500000 100.000000
09/26 12:39:38 PM valid 050 2.809510e-01 91.605392 99.724265
09/26 12:39:39 PM valid 100 2.859007e-01 91.336634 99.767946
09/26 12:39:40 PM valid 150 2.892256e-01 91.349338 99.793046
09/26 12:39:40 PM valid_acc 91.410000, best_acc 92.930000
09/26 12:39:40 PM epoch 202 lr 1.852226e-02
09/26 12:39:41 PM train 000 6.791799e-02 96.875000 100.000000
09/26 12:39:45 PM train 050 1.842198e-01 94.117647 99.846814
09/26 12:39:49 PM train 100 1.849569e-01 93.858292 99.891708
09/26 12:39:53 PM train 150 1.904303e-01 93.718957 99.896523
09/26 12:39:57 PM train 200 1.883491e-01 93.703358 99.898943
09/26 12:40:02 PM train 250 1.893022e-01 93.625498 99.875498
09/26 12:40:06 PM train 300 1.898072e-01 93.599460 99.885797
09/26 12:40:10 PM train 350 1.872651e-01 93.634259 99.893162
09/26 12:40:14 PM train 400 1.851458e-01 93.695449 99.883105
09/26 12:40:18 PM train 450 1.856555e-01 93.670316 99.889135
09/26 12:40:22 PM train 500 1.857612e-01 93.659556 99.872131
09/26 12:40:26 PM train 550 1.876344e-01 93.616720 99.869555
09/26 12:40:31 PM train 600 1.878734e-01 93.617408 99.870008
09/26 12:40:35 PM train 650 1.882336e-01 93.613191 99.870392
09/26 12:40:39 PM train 700 1.896107e-01 93.589515 99.864034
09/26 12:40:43 PM train 750 1.910311e-01 93.552347 99.850200
09/26 12:40:46 PM train_acc 93.542000
09/26 12:40:46 PM valid 000 4.909903e-01 89.062500 100.000000
09/26 12:40:47 PM valid 050 2.523801e-01 92.126225 99.724265
09/26 12:40:48 PM valid 100 2.578421e-01 91.831683 99.737005
09/26 12:40:49 PM valid 150 2.522227e-01 91.949503 99.793046
09/26 12:40:50 PM valid_acc 91.910000, best_acc 92.930000
09/26 12:40:50 PM epoch 203 lr 1.846483e-02
09/26 12:40:50 PM train 000 2.540887e-01 90.625000 100.000000
09/26 12:40:54 PM train 050 1.733442e-01 93.566176 99.938725
09/26 12:40:58 PM train 100 1.831181e-01 93.533416 99.922649
09/26 12:41:02 PM train 150 1.813949e-01 93.708609 99.906871
09/26 12:41:07 PM train 200 1.804411e-01 93.812189 99.906716
09/26 12:41:11 PM train 250 1.835466e-01 93.725100 99.925299
09/26 12:41:15 PM train 300 1.855214e-01 93.666944 99.911752
09/26 12:41:19 PM train 350 1.901536e-01 93.558583 99.906517
09/26 12:41:23 PM train 400 1.928365e-01 93.469451 99.914277
09/26 12:41:28 PM train 450 1.934272e-01 93.427799 99.920316
09/26 12:41:32 PM train 500 1.956114e-01 93.304017 99.922031
09/26 12:41:36 PM train 550 1.973502e-01 93.253743 99.920599
09/26 12:41:40 PM train 600 1.985765e-01 93.183236 99.916805
09/26 12:41:44 PM train 650 1.993449e-01 93.169163 99.918395
09/26 12:41:49 PM train 700 2.005550e-01 93.161555 99.910842
09/26 12:41:53 PM train 750 2.000804e-01 93.198652 99.906375
09/26 12:41:55 PM train_acc 93.228000
09/26 12:41:55 PM valid 000 3.419362e-01 90.625000 100.000000
09/26 12:41:57 PM valid 050 2.568773e-01 92.432598 99.877451
09/26 12:41:58 PM valid 100 2.613217e-01 92.202970 99.829827
09/26 12:41:59 PM valid 150 2.518485e-01 92.208195 99.844785
09/26 12:41:59 PM valid_acc 92.260000, best_acc 92.930000
09/26 12:41:59 PM epoch 204 lr 1.840723e-02
09/26 12:41:59 PM train 000 1.370559e-01 92.187500 100.000000
09/26 12:42:04 PM train 050 1.785626e-01 94.087010 99.908088
09/26 12:42:08 PM train 100 1.856471e-01 93.811881 99.907178
09/26 12:42:12 PM train 150 1.773398e-01 94.070778 99.917219
09/26 12:42:16 PM train 200 1.752886e-01 94.099813 99.906716
09/26 12:42:20 PM train 250 1.798211e-01 93.986554 99.856823
09/26 12:42:25 PM train 300 1.833358e-01 93.859012 99.839078
09/26 12:42:29 PM train 350 1.861372e-01 93.696581 99.835292
09/26 12:42:33 PM train 400 1.868969e-01 93.633105 99.840243
09/26 12:42:37 PM train 450 1.877997e-01 93.594096 99.847561
09/26 12:42:41 PM train 500 1.894795e-01 93.565993 99.844062
09/26 12:42:46 PM train 550 1.919210e-01 93.511797 99.841198
09/26 12:42:50 PM train 600 1.925757e-01 93.477017 99.844010
09/26 12:42:54 PM train 650 1.922286e-01 93.485983 99.851190
09/26 12:42:58 PM train 700 1.944668e-01 93.422343 99.850660
09/26 12:43:02 PM train 750 1.957214e-01 93.373419 99.841877
09/26 12:43:05 PM train_acc 93.348000
09/26 12:43:05 PM valid 000 3.324023e-01 90.625000 100.000000
09/26 12:43:06 PM valid 050 2.477729e-01 91.819853 99.632353
09/26 12:43:07 PM valid 100 2.379647e-01 92.110149 99.752475
09/26 12:43:09 PM valid 150 2.313729e-01 92.404801 99.782699
09/26 12:43:09 PM valid_acc 92.420000, best_acc 92.930000
09/26 12:43:09 PM epoch 205 lr 1.834946e-02
09/26 12:43:09 PM train 000 1.533093e-01 92.187500 100.000000
09/26 12:43:13 PM train 050 1.758082e-01 94.362745 99.938725
09/26 12:43:18 PM train 100 1.757469e-01 93.873762 99.953589
09/26 12:43:22 PM train 150 1.766558e-01 93.987997 99.958609
09/26 12:43:26 PM train 200 1.740030e-01 94.068719 99.945585
09/26 12:43:31 PM train 250 1.779381e-01 93.967878 99.919074
09/26 12:43:35 PM train 300 1.815268e-01 93.827865 99.896179
09/26 12:43:39 PM train 350 1.831870e-01 93.745548 99.906517
09/26 12:43:44 PM train 400 1.867053e-01 93.640898 99.890898
09/26 12:43:48 PM train 450 1.877181e-01 93.632206 99.889135
09/26 12:43:53 PM train 500 1.911044e-01 93.528568 99.890843
09/26 12:43:57 PM train 550 1.911485e-01 93.560005 99.886570
09/26 12:44:01 PM train 600 1.934886e-01 93.471818 99.872608
09/26 12:44:06 PM train 650 1.934281e-01 93.483583 99.875192
09/26 12:44:10 PM train 700 1.931480e-01 93.498128 99.879636
09/26 12:44:14 PM train 750 1.931974e-01 93.454561 99.883489
09/26 12:44:17 PM train_acc 93.452000
09/26 12:44:17 PM valid 000 2.835887e-01 92.187500 100.000000
09/26 12:44:19 PM valid 050 2.289084e-01 92.953431 99.724265
09/26 12:44:20 PM valid 100 2.307139e-01 93.007426 99.767946
09/26 12:44:21 PM valid 150 2.270523e-01 92.963576 99.782699
09/26 12:44:22 PM valid_acc 92.940000, best_acc 92.940000
09/26 12:44:22 PM epoch 206 lr 1.829154e-02
09/26 12:44:22 PM train 000 1.403836e-01 95.312500 100.000000
09/26 12:44:26 PM train 050 1.701910e-01 93.995098 99.908088
09/26 12:44:30 PM train 100 1.827748e-01 93.688119 99.814356
09/26 12:44:35 PM train 150 1.835767e-01 93.687914 99.793046
09/26 12:44:39 PM train 200 1.838763e-01 93.718905 99.805659
09/26 12:44:43 PM train 250 1.854005e-01 93.712649 99.813247
09/26 12:44:48 PM train 300 1.888488e-01 93.563123 99.828696
09/26 12:44:52 PM train 350 1.892513e-01 93.576389 99.826389
09/26 12:44:56 PM train 400 1.898702e-01 93.555175 99.828554
09/26 12:45:00 PM train 450 1.902706e-01 93.552522 99.826774
09/26 12:45:05 PM train 500 1.898134e-01 93.569112 99.837824
09/26 12:45:09 PM train 550 1.891057e-01 93.585526 99.846869
09/26 12:45:13 PM train 600 1.910237e-01 93.513415 99.841410
09/26 12:45:18 PM train 650 1.901789e-01 93.543587 99.839190
09/26 12:45:22 PM train 700 1.910635e-01 93.502586 99.841744
09/26 12:45:26 PM train 750 1.911261e-01 93.514897 99.843958
09/26 12:45:29 PM train_acc 93.504000
09/26 12:45:29 PM valid 000 3.492032e-01 90.625000 100.000000
09/26 12:45:30 PM valid 050 2.459283e-01 92.401961 99.816176
09/26 12:45:32 PM valid 100 2.528842e-01 92.450495 99.721535
09/26 12:45:33 PM valid 150 2.557045e-01 92.270281 99.741308
09/26 12:45:33 PM valid_acc 92.310000, best_acc 92.940000
09/26 12:45:33 PM epoch 207 lr 1.823346e-02
09/26 12:45:33 PM train 000 1.430863e-01 92.187500 100.000000
09/26 12:45:38 PM train 050 1.775481e-01 94.056373 99.938725
09/26 12:45:42 PM train 100 1.768992e-01 94.074876 99.922649
09/26 12:45:46 PM train 150 1.858439e-01 93.801738 99.886175
09/26 12:45:51 PM train 200 1.834988e-01 93.905473 99.867848
09/26 12:45:55 PM train 250 1.792152e-01 94.092380 99.875498
09/26 12:46:00 PM train 300 1.798418e-01 94.019934 99.896179
09/26 12:46:04 PM train 350 1.800496e-01 93.981481 99.902066
09/26 12:46:08 PM train 400 1.820506e-01 93.933136 99.898691
09/26 12:46:12 PM train 450 1.841342e-01 93.860865 99.896064
09/26 12:46:17 PM train 500 1.854686e-01 93.781188 99.897081
09/26 12:46:21 PM train 550 1.865873e-01 93.741493 99.883734
09/26 12:46:25 PM train 600 1.885720e-01 93.656406 99.883007
09/26 12:46:30 PM train 650 1.881851e-01 93.617992 99.879992
09/26 12:46:34 PM train 700 1.897711e-01 93.560539 99.881865
09/26 12:46:38 PM train 750 1.901954e-01 93.564830 99.883489
09/26 12:46:41 PM train_acc 93.524000
09/26 12:46:41 PM valid 000 2.566274e-01 92.187500 98.437500
09/26 12:46:42 PM valid 050 2.806058e-01 91.544118 99.724265
09/26 12:46:44 PM valid 100 2.717182e-01 91.553218 99.814356
09/26 12:46:45 PM valid 150 2.749943e-01 91.576987 99.824089
09/26 12:46:45 PM valid_acc 91.580000, best_acc 92.940000
09/26 12:46:45 PM epoch 208 lr 1.817522e-02
09/26 12:46:45 PM train 000 1.905330e-01 93.750000 100.000000
09/26 12:46:50 PM train 050 1.948890e-01 93.075980 99.816176
09/26 12:46:54 PM train 100 1.863113e-01 93.502475 99.860767
09/26 12:46:58 PM train 150 1.858800e-01 93.605132 99.834437
09/26 12:47:03 PM train 200 1.876698e-01 93.680037 99.828980
09/26 12:47:07 PM train 250 1.856808e-01 93.743775 99.838147
09/26 12:47:11 PM train 300 1.874121e-01 93.656561 99.833887
09/26 12:47:16 PM train 350 1.867818e-01 93.665420 99.835292
09/26 12:47:20 PM train 400 1.865450e-01 93.683759 99.848036
09/26 12:47:24 PM train 450 1.869965e-01 93.680710 99.837167
09/26 12:47:28 PM train 500 1.878381e-01 93.643962 99.840943
09/26 12:47:33 PM train 550 1.885442e-01 93.628063 99.855377
09/26 12:47:37 PM train 600 1.914613e-01 93.542013 99.857009
09/26 12:47:41 PM train 650 1.931330e-01 93.473982 99.858391
09/26 12:47:45 PM train 700 1.933472e-01 93.469151 99.866262
09/26 12:47:50 PM train 750 1.942311e-01 93.444158 99.858522
09/26 12:47:53 PM train_acc 93.392000
09/26 12:47:53 PM valid 000 2.228006e-01 90.625000 100.000000
09/26 12:47:54 PM valid 050 2.295248e-01 92.647059 99.846814
09/26 12:47:55 PM valid 100 2.379381e-01 92.357673 99.737005
09/26 12:47:57 PM valid 150 2.423643e-01 92.228891 99.762003
09/26 12:47:57 PM valid_acc 92.210000, best_acc 92.940000
09/26 12:47:57 PM epoch 209 lr 1.811683e-02
09/26 12:47:57 PM train 000 1.802741e-01 92.187500 100.000000
09/26 12:48:01 PM train 050 1.793932e-01 94.178922 99.846814
09/26 12:48:06 PM train 100 1.733199e-01 94.214109 99.814356
09/26 12:48:10 PM train 150 1.817094e-01 94.050083 99.793046
09/26 12:48:14 PM train 200 1.825017e-01 94.006530 99.797886
09/26 12:48:19 PM train 250 1.829213e-01 94.017679 99.800797
09/26 12:48:23 PM train 300 1.807686e-01 94.056271 99.823505
09/26 12:48:27 PM train 350 1.832211e-01 93.999288 99.817486
09/26 12:48:32 PM train 400 1.841496e-01 93.917550 99.812968
09/26 12:48:36 PM train 450 1.869165e-01 93.826220 99.823309
09/26 12:48:40 PM train 500 1.874618e-01 93.799900 99.828468
09/26 12:48:45 PM train 550 1.865028e-01 93.840744 99.832691
09/26 12:48:49 PM train 600 1.885916e-01 93.747400 99.818012
09/26 12:48:53 PM train 650 1.897343e-01 93.661194 99.819988
09/26 12:48:58 PM train 700 1.894602e-01 93.674215 99.832828
09/26 12:49:02 PM train 750 1.892390e-01 93.656375 99.839797
09/26 12:49:04 PM train_acc 93.652000
09/26 12:49:05 PM valid 000 2.982599e-01 90.625000 100.000000
09/26 12:49:06 PM valid 050 2.657728e-01 91.942402 99.662990
09/26 12:49:07 PM valid 100 2.660600e-01 91.769802 99.737005
09/26 12:49:08 PM valid 150 2.697230e-01 91.639073 99.772351
09/26 12:49:08 PM valid_acc 91.630000, best_acc 92.940000
09/26 12:49:08 PM epoch 210 lr 1.805828e-02
09/26 12:49:09 PM train 000 1.872399e-01 95.312500 100.000000
09/26 12:49:13 PM train 050 1.729982e-01 94.270833 99.969363
09/26 12:49:17 PM train 100 1.739721e-01 94.059406 99.891708
09/26 12:49:22 PM train 150 1.759298e-01 94.132864 99.865480
09/26 12:49:26 PM train 200 1.804938e-01 93.967662 99.852301
09/26 12:49:30 PM train 250 1.830556e-01 93.924303 99.869273
09/26 12:49:35 PM train 300 1.856650e-01 93.817483 99.865033
09/26 12:49:39 PM train 350 1.868943e-01 93.750000 99.870905
09/26 12:49:43 PM train 400 1.861139e-01 93.785069 99.879208
09/26 12:49:48 PM train 450 1.864787e-01 93.746535 99.875277
09/26 12:49:52 PM train 500 1.890868e-01 93.653318 99.875250
09/26 12:49:56 PM train 550 1.884339e-01 93.664927 99.878063
09/26 12:50:01 PM train 600 1.897756e-01 93.601809 99.875208
09/26 12:50:05 PM train 650 1.893001e-01 93.596390 99.879992
09/26 12:50:09 PM train 700 1.896835e-01 93.585057 99.879636
09/26 12:50:14 PM train 750 1.908410e-01 93.521138 99.879328
09/26 12:50:16 PM train_acc 93.502000
09/26 12:50:17 PM valid 000 2.307697e-01 92.187500 100.000000
09/26 12:50:18 PM valid 050 2.638208e-01 92.034314 99.754902
09/26 12:50:19 PM valid 100 2.673659e-01 91.785272 99.767946
09/26 12:50:20 PM valid 150 2.656198e-01 91.804636 99.793046
09/26 12:50:21 PM valid_acc 91.770000, best_acc 92.940000
09/26 12:50:21 PM epoch 211 lr 1.799958e-02
09/26 12:50:21 PM train 000 7.464822e-02 98.437500 100.000000
09/26 12:50:25 PM train 050 1.892598e-01 93.841912 99.785539
09/26 12:50:30 PM train 100 1.814759e-01 94.012995 99.829827
09/26 12:50:34 PM train 150 1.834504e-01 94.081126 99.865480
09/26 12:50:38 PM train 200 1.833475e-01 93.990983 99.852301
09/26 12:50:42 PM train 250 1.799056e-01 94.079930 99.869273
09/26 12:50:47 PM train 300 1.807128e-01 94.056271 99.865033
09/26 12:50:51 PM train 350 1.809631e-01 94.025997 99.866453
09/26 12:50:55 PM train 400 1.799771e-01 94.042238 99.871415
09/26 12:51:00 PM train 450 1.878652e-01 93.829684 99.854490
09/26 12:51:04 PM train 500 1.906375e-01 93.768713 99.837824
09/26 12:51:08 PM train 550 1.938568e-01 93.602541 99.846869
09/26 12:51:13 PM train 600 1.940520e-01 93.601809 99.851809
09/26 12:51:17 PM train 650 1.929057e-01 93.627592 99.855991
09/26 12:51:21 PM train 700 1.938604e-01 93.598431 99.855118
09/26 12:51:26 PM train 750 1.935393e-01 93.596039 99.854361
09/26 12:51:28 PM train_acc 93.554000
09/26 12:51:29 PM valid 000 2.392880e-01 89.062500 100.000000
09/26 12:51:30 PM valid 050 2.526883e-01 92.126225 99.693627
09/26 12:51:31 PM valid 100 2.467719e-01 92.342203 99.767946
09/26 12:51:32 PM valid 150 2.416757e-01 92.466887 99.793046
09/26 12:51:33 PM valid_acc 92.450000, best_acc 92.940000
09/26 12:51:33 PM epoch 212 lr 1.794073e-02
09/26 12:51:33 PM train 000 1.255975e-01 96.875000 100.000000
09/26 12:51:37 PM train 050 1.761315e-01 94.148284 99.908088
09/26 12:51:41 PM train 100 1.626590e-01 94.337871 99.938119
09/26 12:51:46 PM train 150 1.661761e-01 94.329470 99.927566
09/26 12:51:50 PM train 200 1.718067e-01 93.975435 99.937811
09/26 12:51:54 PM train 250 1.754457e-01 93.918078 99.937749
09/26 12:51:59 PM train 300 1.751298e-01 93.884967 99.937708
09/26 12:52:03 PM train 350 1.763359e-01 93.852386 99.942130
09/26 12:52:07 PM train 400 1.788899e-01 93.707138 99.937656
09/26 12:52:12 PM train 450 1.814113e-01 93.673780 99.906458
09/26 12:52:16 PM train 500 1.841657e-01 93.606537 99.890843
09/26 12:52:20 PM train 550 1.840372e-01 93.599705 99.897913
09/26 12:52:25 PM train 600 1.834033e-01 93.638207 99.896007
09/26 12:52:29 PM train 650 1.839687e-01 93.620392 99.894393
09/26 12:52:33 PM train 700 1.850184e-01 93.564996 99.895239
09/26 12:52:38 PM train 750 1.874314e-01 93.489930 99.883489
09/26 12:52:40 PM train_acc 93.458000
09/26 12:52:40 PM valid 000 2.306885e-01 93.750000 100.000000
09/26 12:52:42 PM valid 050 2.531168e-01 92.524510 99.571078
09/26 12:52:43 PM valid 100 2.550460e-01 92.218441 99.659653
09/26 12:52:44 PM valid 150 2.553898e-01 92.084023 99.720613
09/26 12:52:45 PM valid_acc 92.120000, best_acc 92.940000
09/26 12:52:45 PM epoch 213 lr 1.788173e-02
09/26 12:52:45 PM train 000 3.309138e-01 89.062500 98.437500
09/26 12:52:49 PM train 050 2.013289e-01 93.535539 99.785539
09/26 12:52:53 PM train 100 1.944867e-01 93.610767 99.845297
09/26 12:52:58 PM train 150 1.906767e-01 93.677566 99.813742
09/26 12:53:02 PM train 200 1.858657e-01 93.889925 99.852301
09/26 12:53:06 PM train 250 1.837791e-01 93.999004 99.875498
09/26 12:53:10 PM train 300 1.843971e-01 93.895349 99.885797
09/26 12:53:15 PM train 350 1.862855e-01 93.798967 99.884259
09/26 12:53:19 PM train 400 1.866626e-01 93.827930 99.883105
09/26 12:53:23 PM train 450 1.860672e-01 93.836613 99.882206
09/26 12:53:28 PM train 500 1.866013e-01 93.815494 99.865893
09/26 12:53:32 PM train 550 1.881820e-01 93.801044 99.861048
09/26 12:53:36 PM train 600 1.873080e-01 93.846194 99.862209
09/26 12:53:41 PM train 650 1.892463e-01 93.762001 99.865591
09/26 12:53:45 PM train 700 1.903165e-01 93.721024 99.866262
09/26 12:53:49 PM train 750 1.922707e-01 93.637650 99.864764
09/26 12:53:52 PM train_acc 93.644000
09/26 12:53:52 PM valid 000 3.201191e-01 90.625000 100.000000
09/26 12:53:53 PM valid 050 2.273735e-01 92.463235 99.785539
09/26 12:53:55 PM valid 100 2.304796e-01 92.713490 99.798886
09/26 12:53:56 PM valid 150 2.232582e-01 92.766970 99.824089
09/26 12:53:56 PM valid_acc 92.800000, best_acc 92.940000
09/26 12:53:56 PM epoch 214 lr 1.782258e-02
09/26 12:53:57 PM train 000 1.885134e-01 95.312500 96.875000
09/26 12:54:01 PM train 050 1.539011e-01 95.067402 99.785539
09/26 12:54:05 PM train 100 1.707888e-01 94.415223 99.783416
09/26 12:54:10 PM train 150 1.771425e-01 94.153560 99.813742
09/26 12:54:14 PM train 200 1.762856e-01 94.216418 99.844527
09/26 12:54:19 PM train 250 1.739454e-01 94.254233 99.869273
09/26 12:54:23 PM train 300 1.759315e-01 94.134136 99.870224
09/26 12:54:28 PM train 350 1.767564e-01 94.034900 99.866453
09/26 12:54:32 PM train 400 1.814613e-01 93.862999 99.863622
09/26 12:54:36 PM train 450 1.850308e-01 93.743071 99.857955
09/26 12:54:40 PM train 500 1.851495e-01 93.762475 99.862774
09/26 12:54:45 PM train 550 1.872663e-01 93.735821 99.866720
09/26 12:54:49 PM train 600 1.875995e-01 93.724002 99.864809
09/26 12:54:53 PM train 650 1.875585e-01 93.737999 99.870392
09/26 12:54:58 PM train 700 1.867104e-01 93.761145 99.866262
09/26 12:55:02 PM train 750 1.887955e-01 93.675100 99.854361
09/26 12:55:05 PM train_acc 93.670000
09/26 12:55:06 PM valid 000 3.555253e-01 92.187500 98.437500
09/26 12:55:07 PM valid 050 2.549278e-01 92.401961 99.846814
09/26 12:55:08 PM valid 100 2.572772e-01 92.698020 99.783416
09/26 12:55:10 PM valid 150 2.541020e-01 92.642798 99.813742
09/26 12:55:10 PM valid_acc 92.630000, best_acc 92.940000
09/26 12:55:10 PM epoch 215 lr 1.776329e-02
09/26 12:55:10 PM train 000 1.098049e-01 96.875000 100.000000
09/26 12:55:14 PM train 050 1.862391e-01 93.474265 99.877451
09/26 12:55:19 PM train 100 1.964264e-01 93.239480 99.876238
09/26 12:55:23 PM train 150 2.056410e-01 92.963576 99.886175
09/26 12:55:27 PM train 200 2.054577e-01 92.949316 99.883396
09/26 12:55:32 PM train 250 2.021782e-01 93.108815 99.869273
09/26 12:55:36 PM train 300 1.971082e-01 93.308762 99.870224
09/26 12:55:40 PM train 350 1.969573e-01 93.300392 99.870905
09/26 12:55:44 PM train 400 1.938276e-01 93.422693 99.879208
09/26 12:55:49 PM train 450 1.943654e-01 93.334257 99.878742
09/26 12:55:53 PM train 500 1.945693e-01 93.341442 99.875250
09/26 12:55:58 PM train 550 1.954710e-01 93.341652 99.872391
09/26 12:56:02 PM train 600 1.945260e-01 93.347026 99.875208
09/26 12:56:06 PM train 650 1.937989e-01 93.373176 99.882392
09/26 12:56:10 PM train 700 1.922453e-01 93.424572 99.884094
09/26 12:56:15 PM train 750 1.927353e-01 93.433755 99.877247
09/26 12:56:17 PM train_acc 93.412000
09/26 12:56:17 PM valid 000 3.606836e-01 90.625000 100.000000
09/26 12:56:19 PM valid 050 2.525511e-01 92.585784 99.724265
09/26 12:56:20 PM valid 100 2.586370e-01 92.218441 99.737005
09/26 12:56:22 PM valid 150 2.504538e-01 92.280629 99.782699
09/26 12:56:22 PM valid_acc 92.290000, best_acc 92.940000
09/26 12:56:22 PM epoch 216 lr 1.770385e-02
09/26 12:56:22 PM train 000 3.147556e-01 90.625000 100.000000
09/26 12:56:26 PM train 050 1.827021e-01 93.596814 99.938725
09/26 12:56:31 PM train 100 1.862264e-01 93.579827 99.922649
09/26 12:56:35 PM train 150 1.851855e-01 93.656871 99.906871
09/26 12:56:39 PM train 200 1.878184e-01 93.602301 99.906716
09/26 12:56:44 PM train 250 1.877530e-01 93.669074 99.887948
09/26 12:56:48 PM train 300 1.896824e-01 93.656561 99.880606
09/26 12:56:52 PM train 350 1.920331e-01 93.643162 99.870905
09/26 12:56:57 PM train 400 1.902870e-01 93.691552 99.883105
09/26 12:57:01 PM train 450 1.894909e-01 93.715355 99.889135
09/26 12:57:05 PM train 500 1.897416e-01 93.668912 99.881487
09/26 12:57:09 PM train 550 1.910663e-01 93.616720 99.878063
09/26 12:57:14 PM train 600 1.914519e-01 93.575811 99.880408
09/26 12:57:18 PM train 650 1.918363e-01 93.577189 99.879992
09/26 12:57:22 PM train 700 1.916159e-01 93.585057 99.877407
09/26 12:57:27 PM train 750 1.921495e-01 93.579394 99.879328
09/26 12:57:29 PM train_acc 93.558000
09/26 12:57:29 PM valid 000 5.692850e-01 84.375000 100.000000
09/26 12:57:31 PM valid 050 2.648613e-01 91.881127 99.662990
09/26 12:57:32 PM valid 100 2.599685e-01 91.692450 99.737005
09/26 12:57:33 PM valid 150 2.545825e-01 91.939156 99.762003
09/26 12:57:33 PM valid_acc 91.970000, best_acc 92.940000
09/26 12:57:34 PM epoch 217 lr 1.764427e-02
09/26 12:57:34 PM train 000 3.811571e-01 84.375000 100.000000
09/26 12:57:38 PM train 050 1.962723e-01 93.474265 99.816176
09/26 12:57:42 PM train 100 1.893842e-01 93.595297 99.876238
09/26 12:57:47 PM train 150 1.797970e-01 93.915563 99.906871
09/26 12:57:51 PM train 200 1.788348e-01 93.921020 99.875622
09/26 12:57:55 PM train 250 1.832273e-01 93.687749 99.875498
09/26 12:58:00 PM train 300 1.845190e-01 93.703281 99.859842
09/26 12:58:04 PM train 350 1.815876e-01 93.825677 99.853098
09/26 12:58:08 PM train 400 1.850733e-01 93.664277 99.848036
09/26 12:58:13 PM train 450 1.881693e-01 93.621813 99.847561
09/26 12:58:17 PM train 500 1.907175e-01 93.497380 99.837824
09/26 12:58:21 PM train 550 1.903963e-01 93.514632 99.835526
09/26 12:58:26 PM train 600 1.892157e-01 93.586210 99.844010
09/26 12:58:30 PM train 650 1.881556e-01 93.622792 99.855991
09/26 12:58:34 PM train 700 1.885185e-01 93.609576 99.859576
09/26 12:58:39 PM train 750 1.895999e-01 93.610603 99.854361
09/26 12:58:41 PM train_acc 93.590000
09/26 12:58:41 PM valid 000 3.479126e-01 89.062500 100.000000
09/26 12:58:42 PM valid 050 2.814224e-01 91.544118 99.724265
09/26 12:58:44 PM valid 100 2.864172e-01 91.568688 99.721535
09/26 12:58:45 PM valid 150 2.777984e-01 91.721854 99.741308
09/26 12:58:45 PM valid_acc 91.810000, best_acc 92.940000
09/26 12:58:45 PM epoch 218 lr 1.758455e-02
09/26 12:58:45 PM train 000 1.567036e-01 95.312500 100.000000
09/26 12:58:49 PM train 050 1.869180e-01 93.566176 99.938725
09/26 12:58:54 PM train 100 1.726181e-01 94.275990 99.922649
09/26 12:58:58 PM train 150 1.737384e-01 94.153560 99.927566
09/26 12:59:03 PM train 200 1.816812e-01 93.827736 99.906716
09/26 12:59:07 PM train 250 1.797240e-01 93.942978 99.906624
09/26 12:59:11 PM train 300 1.814365e-01 93.884967 99.916944
09/26 12:59:16 PM train 350 1.819228e-01 93.843483 99.906517
09/26 12:59:20 PM train 400 1.827669e-01 93.804551 99.906484
09/26 12:59:24 PM train 450 1.826924e-01 93.729213 99.896064
09/26 12:59:29 PM train 500 1.829102e-01 93.725050 99.893962
09/26 12:59:33 PM train 550 1.854563e-01 93.630898 99.886570
09/26 12:59:37 PM train 600 1.868841e-01 93.609609 99.888207
09/26 12:59:41 PM train 650 1.881104e-01 93.593990 99.882392
09/26 12:59:46 PM train 700 1.885316e-01 93.582828 99.877407
09/26 12:59:50 PM train 750 1.895058e-01 93.548186 99.875166
09/26 12:59:53 PM train_acc 93.554000
09/26 12:59:53 PM valid 000 2.301675e-01 90.625000 100.000000
09/26 12:59:54 PM valid 050 2.299666e-01 92.340686 99.816176
09/26 12:59:55 PM valid 100 2.363479e-01 92.280322 99.798886
09/26 12:59:57 PM valid 150 2.377481e-01 92.125414 99.803394
09/26 12:59:57 PM valid_acc 92.070000, best_acc 92.940000
09/26 12:59:57 PM epoch 219 lr 1.752469e-02
09/26 12:59:57 PM train 000 3.333303e-01 90.625000 100.000000
09/26 01:00:01 PM train 050 1.794070e-01 93.627451 99.969363
09/26 01:00:06 PM train 100 1.845259e-01 93.641708 99.922649
09/26 01:00:10 PM train 150 1.892016e-01 93.532699 99.906871
09/26 01:00:14 PM train 200 1.840755e-01 93.687811 99.898943
09/26 01:00:19 PM train 250 1.836346e-01 93.718875 99.906624
09/26 01:00:23 PM train 300 1.814070e-01 93.791528 99.906561
09/26 01:00:28 PM train 350 1.827117e-01 93.767806 99.910969
09/26 01:00:32 PM train 400 1.857008e-01 93.660380 99.906484
09/26 01:00:36 PM train 450 1.876008e-01 93.625277 99.902993
09/26 01:00:40 PM train 500 1.878551e-01 93.615893 99.903318
09/26 01:00:45 PM train 550 1.904319e-01 93.523140 99.900749
09/26 01:00:49 PM train 600 1.920387e-01 93.443220 99.898606
09/26 01:00:53 PM train 650 1.918751e-01 93.457181 99.894393
09/26 01:00:58 PM train 700 1.929184e-01 93.442404 99.895239
09/26 01:01:02 PM train 750 1.926792e-01 93.435836 99.887650
09/26 01:01:05 PM train_acc 93.460000
09/26 01:01:05 PM valid 000 2.481728e-01 89.062500 100.000000
09/26 01:01:06 PM valid 050 2.436972e-01 92.126225 99.662990
09/26 01:01:07 PM valid 100 2.390890e-01 92.280322 99.752475
09/26 01:01:09 PM valid 150 2.407151e-01 92.384106 99.762003
09/26 01:01:09 PM valid_acc 92.410000, best_acc 92.940000
09/26 01:01:09 PM epoch 220 lr 1.746469e-02
09/26 01:01:09 PM train 000 1.168964e-01 93.750000 100.000000
09/26 01:01:14 PM train 050 1.704753e-01 94.546569 99.877451
09/26 01:01:18 PM train 100 1.725938e-01 94.245050 99.891708
09/26 01:01:22 PM train 150 1.803774e-01 93.863825 99.865480
09/26 01:01:26 PM train 200 1.820080e-01 93.874378 99.883396
09/26 01:01:31 PM train 250 1.814343e-01 93.849602 99.900398
09/26 01:01:35 PM train 300 1.849543e-01 93.755191 99.890988
09/26 01:01:39 PM train 350 1.906808e-01 93.554131 99.888711
09/26 01:01:43 PM train 400 1.943604e-01 93.477244 99.871415
09/26 01:01:48 PM train 450 1.942667e-01 93.476303 99.875277
09/26 01:01:52 PM train 500 1.939744e-01 93.447480 99.884606
09/26 01:01:56 PM train 550 1.928296e-01 93.528811 99.880898
09/26 01:02:01 PM train 600 1.926497e-01 93.539413 99.880408
09/26 01:02:05 PM train 650 1.924746e-01 93.560388 99.872792
09/26 01:02:09 PM train 700 1.912408e-01 93.600660 99.875178
09/26 01:02:14 PM train 750 1.919357e-01 93.585636 99.868925
09/26 01:02:16 PM train_acc 93.594000
09/26 01:02:16 PM valid 000 2.755182e-01 92.187500 100.000000
09/26 01:02:18 PM valid 050 2.457800e-01 92.524510 99.662990
09/26 01:02:19 PM valid 100 2.473948e-01 92.636139 99.721535
09/26 01:02:20 PM valid 150 2.381585e-01 92.891142 99.741308
09/26 01:02:20 PM valid_acc 92.890000, best_acc 92.940000
09/26 01:02:20 PM epoch 221 lr 1.740456e-02
09/26 01:02:21 PM train 000 8.511760e-02 96.875000 100.000000
09/26 01:02:25 PM train 050 1.787582e-01 94.270833 99.785539
09/26 01:02:29 PM train 100 1.814254e-01 93.966584 99.829827
09/26 01:02:33 PM train 150 1.785023e-01 94.091474 99.865480
09/26 01:02:38 PM train 200 1.779800e-01 94.099813 99.867848
09/26 01:02:42 PM train 250 1.797692e-01 94.036355 99.869273
09/26 01:02:46 PM train 300 1.815321e-01 94.009551 99.849460
09/26 01:02:51 PM train 350 1.844233e-01 93.914708 99.862001
09/26 01:02:55 PM train 400 1.852394e-01 93.890274 99.859726
09/26 01:02:59 PM train 450 1.853959e-01 93.860865 99.864884
09/26 01:03:03 PM train 500 1.870406e-01 93.831088 99.865893
09/26 01:03:08 PM train 550 1.903927e-01 93.701792 99.863884
09/26 01:03:12 PM train 600 1.919789e-01 93.594010 99.851809
09/26 01:03:16 PM train 650 1.928529e-01 93.562788 99.846390
09/26 01:03:21 PM train 700 1.918130e-01 93.587286 99.850660
09/26 01:03:25 PM train 750 1.924484e-01 93.579394 99.843958
09/26 01:03:27 PM train_acc 93.638000
09/26 01:03:28 PM valid 000 3.713821e-01 90.625000 100.000000
09/26 01:03:29 PM valid 050 2.859143e-01 91.666667 99.601716
09/26 01:03:30 PM valid 100 2.776995e-01 91.924505 99.628713
09/26 01:03:32 PM valid 150 2.699163e-01 92.021937 99.648179
09/26 01:03:32 PM valid_acc 92.070000, best_acc 92.940000
09/26 01:03:32 PM epoch 222 lr 1.734429e-02
09/26 01:03:32 PM train 000 2.328641e-01 93.750000 98.437500
09/26 01:03:36 PM train 050 1.762942e-01 94.178922 99.846814
09/26 01:03:41 PM train 100 1.709177e-01 94.136757 99.876238
09/26 01:03:45 PM train 150 1.675459e-01 94.308775 99.886175
09/26 01:03:49 PM train 200 1.710477e-01 94.239739 99.906716
09/26 01:03:53 PM train 250 1.702519e-01 94.254233 99.919074
09/26 01:03:58 PM train 300 1.725466e-01 94.212002 99.916944
09/26 01:04:02 PM train 350 1.727043e-01 94.181802 99.928775
09/26 01:04:06 PM train 400 1.739365e-01 94.116272 99.929863
09/26 01:04:11 PM train 450 1.758956e-01 94.061807 99.930710
09/26 01:04:15 PM train 500 1.783069e-01 93.996382 99.918912
09/26 01:04:19 PM train 550 1.788155e-01 93.988203 99.917763
09/26 01:04:23 PM train 600 1.791578e-01 93.968386 99.919405
09/26 01:04:28 PM train 650 1.807949e-01 93.932412 99.915995
09/26 01:04:32 PM train 700 1.819488e-01 93.874822 99.910842
09/26 01:04:36 PM train 750 1.838927e-01 93.831142 99.906375
09/26 01:04:39 PM train_acc 93.812000
09/26 01:04:39 PM valid 000 3.288796e-01 90.625000 98.437500
09/26 01:04:40 PM valid 050 2.882531e-01 91.544118 99.662990
09/26 01:04:42 PM valid 100 2.730107e-01 92.001856 99.690594
09/26 01:04:43 PM valid 150 2.662713e-01 92.166805 99.762003
09/26 01:04:43 PM valid_acc 92.130000, best_acc 92.940000
09/26 01:04:43 PM epoch 223 lr 1.728388e-02
09/26 01:04:43 PM train 000 1.139715e-01 95.312500 100.000000
09/26 01:04:48 PM train 050 1.602626e-01 94.730392 99.938725
09/26 01:04:52 PM train 100 1.706224e-01 94.028465 99.891708
09/26 01:04:56 PM train 150 1.703857e-01 94.215646 99.927566
09/26 01:05:01 PM train 200 1.707088e-01 94.107587 99.937811
09/26 01:05:05 PM train 250 1.720146e-01 94.142181 99.925299
09/26 01:05:09 PM train 300 1.757332e-01 94.004360 99.916944
09/26 01:05:14 PM train 350 1.805587e-01 93.847934 99.910969
09/26 01:05:18 PM train 400 1.792886e-01 93.886378 99.914277
09/26 01:05:22 PM train 450 1.841052e-01 93.812361 99.892600
09/26 01:05:26 PM train 500 1.855204e-01 93.771831 99.897081
09/26 01:05:30 PM train 550 1.863032e-01 93.735821 99.900749
09/26 01:05:35 PM train 600 1.885768e-01 93.677205 99.901206
09/26 01:05:39 PM train 650 1.884252e-01 93.661194 99.896793
09/26 01:05:44 PM train 700 1.886386e-01 93.658613 99.893010
09/26 01:05:48 PM train 750 1.905182e-01 93.568991 99.895972
09/26 01:05:51 PM train_acc 93.504000
09/26 01:05:51 PM valid 000 4.045634e-01 93.750000 98.437500
09/26 01:05:52 PM valid 050 2.613574e-01 91.574755 99.632353
09/26 01:05:53 PM valid 100 2.556230e-01 91.862624 99.737005
09/26 01:05:55 PM valid 150 2.531896e-01 91.970199 99.751656
09/26 01:05:55 PM valid_acc 91.980000, best_acc 92.940000
09/26 01:05:55 PM epoch 224 lr 1.722335e-02
09/26 01:05:55 PM train 000 2.813216e-01 87.500000 100.000000
09/26 01:05:59 PM train 050 1.919126e-01 93.811275 99.938725
09/26 01:06:04 PM train 100 1.820469e-01 94.152228 99.907178
09/26 01:06:08 PM train 150 1.806283e-01 94.163907 99.917219
09/26 01:06:12 PM train 200 1.807874e-01 94.006530 99.891169
09/26 01:06:17 PM train 250 1.841167e-01 93.818476 99.887948
09/26 01:06:21 PM train 300 1.895125e-01 93.640988 99.885797
09/26 01:06:25 PM train 350 1.881510e-01 93.705484 99.893162
09/26 01:06:29 PM train 400 1.861440e-01 93.742207 99.898691
09/26 01:06:34 PM train 450 1.857493e-01 93.736142 99.902993
09/26 01:06:38 PM train 500 1.865848e-01 93.712575 99.900200
09/26 01:06:42 PM train 550 1.865716e-01 93.701792 99.900749
09/26 01:06:47 PM train 600 1.869869e-01 93.711002 99.898606
09/26 01:06:51 PM train 650 1.875568e-01 93.661194 99.896793
09/26 01:06:55 PM train 700 1.874666e-01 93.634094 99.899697
09/26 01:06:59 PM train 750 1.914037e-01 93.489930 99.885569
09/26 01:07:02 PM train_acc 93.470000
09/26 01:07:02 PM valid 000 3.713371e-01 89.062500 98.437500
09/26 01:07:03 PM valid 050 2.729415e-01 92.064951 99.816176
09/26 01:07:05 PM valid 100 2.716960e-01 91.769802 99.767946
09/26 01:07:06 PM valid 150 2.580178e-01 91.980546 99.782699
09/26 01:07:06 PM valid_acc 92.020000, best_acc 92.940000
09/26 01:07:06 PM epoch 225 lr 1.716269e-02
09/26 01:07:06 PM train 000 1.387804e-01 98.437500 100.000000
09/26 01:07:11 PM train 050 1.911915e-01 93.382353 99.877451
09/26 01:07:15 PM train 100 1.814732e-01 93.858292 99.860767
09/26 01:07:19 PM train 150 1.898823e-01 93.625828 99.865480
09/26 01:07:24 PM train 200 1.900301e-01 93.407960 99.875622
09/26 01:07:28 PM train 250 1.951172e-01 93.264442 99.869273
09/26 01:07:32 PM train 300 1.919750e-01 93.480066 99.875415
09/26 01:07:37 PM train 350 1.914616e-01 93.456197 99.879808
09/26 01:07:41 PM train 400 1.916120e-01 93.411004 99.883105
09/26 01:07:45 PM train 450 1.906715e-01 93.431264 99.885671
09/26 01:07:50 PM train 500 1.930889e-01 93.357036 99.875250
09/26 01:07:54 PM train 550 1.918572e-01 93.438067 99.875227
09/26 01:07:58 PM train 600 1.909263e-01 93.469218 99.880408
09/26 01:08:03 PM train 650 1.922117e-01 93.418779 99.879992
09/26 01:08:07 PM train 700 1.908189e-01 93.462464 99.879636
09/26 01:08:11 PM train 750 1.908404e-01 93.473286 99.877247
09/26 01:08:14 PM train_acc 93.500000
09/26 01:08:14 PM valid 000 4.062178e-01 87.500000 100.000000
09/26 01:08:15 PM valid 050 2.469656e-01 92.738971 99.846814
09/26 01:08:17 PM valid 100 2.578163e-01 92.218441 99.814356
09/26 01:08:18 PM valid 150 2.504360e-01 92.208195 99.844785
09/26 01:08:18 PM valid_acc 92.220000, best_acc 92.940000
09/26 01:08:18 PM epoch 226 lr 1.710190e-02
09/26 01:08:18 PM train 000 2.051002e-01 95.312500 100.000000
09/26 01:08:23 PM train 050 1.818474e-01 94.178922 99.908088
09/26 01:08:27 PM train 100 1.779114e-01 93.935644 99.922649
09/26 01:08:31 PM train 150 1.741653e-01 94.019040 99.927566
09/26 01:08:36 PM train 200 1.761962e-01 94.022077 99.898943
09/26 01:08:40 PM train 250 1.765485e-01 94.030129 99.900398
09/26 01:08:44 PM train 300 1.766494e-01 94.019934 99.901370
09/26 01:08:49 PM train 350 1.787391e-01 93.901353 99.906517
09/26 01:08:53 PM train 400 1.822643e-01 93.781172 99.906484
09/26 01:08:58 PM train 450 1.833121e-01 93.767323 99.902993
09/26 01:09:02 PM train 500 1.858954e-01 93.675150 99.897081
09/26 01:09:06 PM train 550 1.875910e-01 93.659256 99.889406
09/26 01:09:11 PM train 600 1.868992e-01 93.692804 99.893407
09/26 01:09:15 PM train 650 1.881351e-01 93.661194 99.896793
09/26 01:09:19 PM train 700 1.873881e-01 93.694276 99.897468
09/26 01:09:24 PM train 750 1.868051e-01 93.687583 99.898053
09/26 01:09:26 PM train_acc 93.674000
09/26 01:09:26 PM valid 000 4.014692e-01 84.375000 100.000000
09/26 01:09:28 PM valid 050 2.643166e-01 91.574755 99.846814
09/26 01:09:29 PM valid 100 2.682906e-01 91.676980 99.829827
09/26 01:09:30 PM valid 150 2.544114e-01 92.021937 99.875828
09/26 01:09:30 PM valid_acc 92.100000, best_acc 92.940000
09/26 01:09:30 PM epoch 227 lr 1.704098e-02
09/26 01:09:31 PM train 000 1.445737e-01 95.312500 100.000000
09/26 01:09:35 PM train 050 1.680548e-01 94.730392 99.908088
09/26 01:09:39 PM train 100 1.664934e-01 94.523515 99.845297
09/26 01:09:43 PM train 150 1.682383e-01 94.370861 99.875828
09/26 01:09:48 PM train 200 1.711495e-01 94.193097 99.844527
09/26 01:09:52 PM train 250 1.774573e-01 94.061255 99.856823
09/26 01:09:57 PM train 300 1.798702e-01 93.973214 99.870224
09/26 01:10:01 PM train 350 1.786988e-01 94.012642 99.879808
09/26 01:10:05 PM train 400 1.829196e-01 93.839620 99.875312
09/26 01:10:10 PM train 450 1.856142e-01 93.725748 99.868348
09/26 01:10:14 PM train 500 1.877677e-01 93.647081 99.872131
09/26 01:10:18 PM train 550 1.890003e-01 93.622391 99.861048
09/26 01:10:23 PM train 600 1.889631e-01 93.622608 99.864809
09/26 01:10:27 PM train 650 1.890870e-01 93.615591 99.867992
09/26 01:10:31 PM train 700 1.873042e-01 93.692047 99.872949
09/26 01:10:36 PM train 750 1.872674e-01 93.679261 99.873086
09/26 01:10:38 PM train_acc 93.622000
09/26 01:10:38 PM valid 000 3.376788e-01 92.187500 98.437500
09/26 01:10:40 PM valid 050 2.675471e-01 91.911765 99.724265
09/26 01:10:41 PM valid 100 2.651977e-01 92.202970 99.737005
09/26 01:10:43 PM valid 150 2.594672e-01 92.322020 99.793046
09/26 01:10:43 PM valid_acc 92.350000, best_acc 92.940000
09/26 01:10:43 PM epoch 228 lr 1.697994e-02
09/26 01:10:43 PM train 000 1.671664e-01 90.625000 100.000000
09/26 01:10:47 PM train 050 1.745354e-01 94.087010 99.938725
09/26 01:10:52 PM train 100 1.702205e-01 94.198639 99.953589
09/26 01:10:56 PM train 150 1.762163e-01 94.081126 99.958609
09/26 01:11:00 PM train 200 1.748845e-01 94.169776 99.961132
09/26 01:11:04 PM train 250 1.783800e-01 94.079930 99.937749
09/26 01:11:09 PM train 300 1.836522e-01 93.874585 99.937708
09/26 01:11:13 PM train 350 1.859467e-01 93.754452 99.924323
09/26 01:11:17 PM train 400 1.880590e-01 93.656484 99.925966
09/26 01:11:22 PM train 450 1.873687e-01 93.701497 99.909922
09/26 01:11:26 PM train 500 1.871982e-01 93.712575 99.912675
09/26 01:11:31 PM train 550 1.852548e-01 93.767015 99.914927
09/26 01:11:35 PM train 600 1.871835e-01 93.729201 99.914205
09/26 01:11:39 PM train 650 1.878260e-01 93.646793 99.908794
09/26 01:11:43 PM train 700 1.871110e-01 93.667529 99.910842
09/26 01:11:48 PM train 750 1.866408e-01 93.681342 99.906375
09/26 01:11:51 PM train_acc 93.652000
09/26 01:11:51 PM valid 000 3.968244e-01 89.062500 100.000000
09/26 01:11:52 PM valid 050 2.374333e-01 92.647059 99.785539
09/26 01:11:53 PM valid 100 2.403459e-01 92.558787 99.798886
09/26 01:11:55 PM valid 150 2.333286e-01 92.684189 99.813742
09/26 01:11:55 PM valid_acc 92.630000, best_acc 92.940000
09/26 01:11:55 PM epoch 229 lr 1.691878e-02
09/26 01:11:55 PM train 000 1.614523e-01 93.750000 100.000000
09/26 01:11:59 PM train 050 1.571103e-01 94.761029 99.938725
09/26 01:12:04 PM train 100 1.708689e-01 94.322401 99.891708
09/26 01:12:08 PM train 150 1.735044e-01 94.184603 99.917219
09/26 01:12:12 PM train 200 1.756434e-01 94.060945 99.930037
09/26 01:12:17 PM train 250 1.820286e-01 93.818476 99.906624
09/26 01:12:21 PM train 300 1.860677e-01 93.734427 99.901370
09/26 01:12:25 PM train 350 1.840006e-01 93.718839 99.902066
09/26 01:12:30 PM train 400 1.826680e-01 93.765586 99.902587
09/26 01:12:34 PM train 450 1.831228e-01 93.812361 99.906458
09/26 01:12:38 PM train 500 1.835183e-01 93.756238 99.903318
09/26 01:12:43 PM train 550 1.856228e-01 93.687613 99.889406
09/26 01:12:47 PM train 600 1.870385e-01 93.640807 99.885607
09/26 01:12:51 PM train 650 1.869502e-01 93.620392 99.887193
09/26 01:12:56 PM train 700 1.895789e-01 93.540478 99.888552
09/26 01:13:00 PM train 750 1.914870e-01 93.471205 99.877247
09/26 01:13:03 PM train_acc 93.438000
09/26 01:13:03 PM valid 000 3.228978e-01 90.625000 100.000000
09/26 01:13:04 PM valid 050 2.480684e-01 92.708333 99.846814
09/26 01:13:05 PM valid 100 2.501408e-01 92.713490 99.798886
09/26 01:13:07 PM valid 150 2.463356e-01 92.632450 99.834437
09/26 01:13:07 PM valid_acc 92.580000, best_acc 92.940000
09/26 01:13:07 PM epoch 230 lr 1.685749e-02
09/26 01:13:07 PM train 000 2.384744e-01 89.062500 100.000000
09/26 01:13:12 PM train 050 1.865571e-01 93.841912 99.908088
09/26 01:13:16 PM train 100 1.812427e-01 93.873762 99.891708
09/26 01:13:20 PM train 150 1.764198e-01 94.070778 99.906871
09/26 01:13:25 PM train 200 1.773401e-01 94.014303 99.883396
09/26 01:13:29 PM train 250 1.760092e-01 94.011454 99.875498
09/26 01:13:33 PM train 300 1.759242e-01 93.978405 99.870224
09/26 01:13:37 PM train 350 1.806011e-01 93.781161 99.870905
09/26 01:13:42 PM train 400 1.834547e-01 93.699345 99.863622
09/26 01:13:46 PM train 450 1.834694e-01 93.708426 99.864884
09/26 01:13:51 PM train 500 1.863692e-01 93.603418 99.850299
09/26 01:13:55 PM train 550 1.875838e-01 93.591198 99.846869
09/26 01:13:59 PM train 600 1.868812e-01 93.614809 99.846610
09/26 01:14:04 PM train 650 1.881339e-01 93.572389 99.841590
09/26 01:14:08 PM train 700 1.897518e-01 93.509272 99.843973
09/26 01:14:13 PM train 750 1.914948e-01 93.456641 99.833555
09/26 01:14:15 PM train_acc 93.464000
09/26 01:14:15 PM valid 000 3.104125e-01 87.500000 100.000000
09/26 01:14:17 PM valid 050 2.452828e-01 92.463235 99.846814
09/26 01:14:18 PM valid 100 2.439164e-01 92.512376 99.829827
09/26 01:14:19 PM valid 150 2.399120e-01 92.570364 99.844785
09/26 01:14:20 PM valid_acc 92.570000, best_acc 92.940000
09/26 01:14:20 PM epoch 231 lr 1.679609e-02
09/26 01:14:20 PM train 000 1.599731e-01 93.750000 100.000000
09/26 01:14:24 PM train 050 1.737550e-01 94.056373 99.908088
09/26 01:14:29 PM train 100 1.769510e-01 93.997525 99.860767
09/26 01:14:33 PM train 150 1.794844e-01 94.081126 99.865480
09/26 01:14:37 PM train 200 1.773660e-01 94.060945 99.875622
09/26 01:14:42 PM train 250 1.749658e-01 94.098606 99.887948
09/26 01:14:46 PM train 300 1.713654e-01 94.253530 99.870224
09/26 01:14:50 PM train 350 1.727708e-01 94.186254 99.870905
09/26 01:14:55 PM train 400 1.740385e-01 94.166926 99.871415
09/26 01:14:59 PM train 450 1.746648e-01 94.155349 99.875277
09/26 01:15:03 PM train 500 1.723592e-01 94.208458 99.884606
09/26 01:15:07 PM train 550 1.722275e-01 94.200885 99.883734
09/26 01:15:11 PM train 600 1.725626e-01 94.181572 99.890807
09/26 01:15:16 PM train 650 1.757651e-01 94.059620 99.887193
09/26 01:15:20 PM train 700 1.780476e-01 93.997414 99.888552
09/26 01:15:24 PM train 750 1.793365e-01 93.947653 99.893891
09/26 01:15:27 PM train_acc 93.920000
09/26 01:15:27 PM valid 000 3.747899e-01 90.625000 100.000000
09/26 01:15:29 PM valid 050 2.764323e-01 91.973039 99.724265
09/26 01:15:30 PM valid 100 2.726728e-01 92.110149 99.706064
09/26 01:15:31 PM valid 150 2.684910e-01 92.135762 99.762003
09/26 01:15:31 PM valid_acc 92.110000, best_acc 92.940000
09/26 01:15:32 PM epoch 232 lr 1.673457e-02
09/26 01:15:32 PM train 000 7.226653e-02 96.875000 100.000000
09/26 01:15:36 PM train 050 1.824544e-01 94.025735 99.908088
09/26 01:15:40 PM train 100 1.786131e-01 94.043936 99.891708
09/26 01:15:45 PM train 150 1.706893e-01 94.360513 99.906871
09/26 01:15:49 PM train 200 1.770442e-01 94.115361 99.891169
09/26 01:15:53 PM train 250 1.768282e-01 94.154631 99.869273
09/26 01:15:58 PM train 300 1.772795e-01 94.149709 99.880606
09/26 01:16:02 PM train 350 1.802529e-01 94.048255 99.857550
09/26 01:16:06 PM train 400 1.800527e-01 94.046135 99.863622
09/26 01:16:11 PM train 450 1.800405e-01 94.086059 99.868348
09/26 01:16:15 PM train 500 1.803401e-01 94.061876 99.862774
09/26 01:16:19 PM train 550 1.792889e-01 94.081783 99.872391
09/26 01:16:24 PM train 600 1.819291e-01 93.965786 99.875208
09/26 01:16:28 PM train 650 1.825658e-01 93.920411 99.875192
09/26 01:16:32 PM train 700 1.842946e-01 93.872593 99.872949
09/26 01:16:37 PM train 750 1.860409e-01 93.806175 99.868925
09/26 01:16:39 PM train_acc 93.740000
09/26 01:16:39 PM valid 000 1.943288e-01 89.062500 100.000000
09/26 01:16:41 PM valid 050 2.918888e-01 91.268382 99.662990
09/26 01:16:42 PM valid 100 2.933465e-01 91.398515 99.675124
09/26 01:16:43 PM valid 150 2.867540e-01 91.535596 99.751656
09/26 01:16:43 PM valid_acc 91.580000, best_acc 92.940000
09/26 01:16:44 PM epoch 233 lr 1.667293e-02
09/26 01:16:44 PM train 000 1.033287e-01 96.875000 100.000000
09/26 01:16:48 PM train 050 1.746425e-01 93.903186 99.938725
09/26 01:16:53 PM train 100 1.820213e-01 93.904703 99.907178
09/26 01:16:57 PM train 150 1.815910e-01 93.977649 99.917219
09/26 01:17:01 PM train 200 1.819095e-01 93.983209 99.898943
09/26 01:17:06 PM train 250 1.844428e-01 93.893177 99.887948
09/26 01:17:10 PM train 300 1.855969e-01 93.838248 99.901370
09/26 01:17:14 PM train 350 1.861130e-01 93.790064 99.910969
09/26 01:17:19 PM train 400 1.871098e-01 93.788965 99.910380
09/26 01:17:23 PM train 450 1.852313e-01 93.819290 99.916851
09/26 01:17:27 PM train 500 1.842750e-01 93.827969 99.918912
09/26 01:17:31 PM train 550 1.839646e-01 93.829401 99.914927
09/26 01:17:36 PM train 600 1.846876e-01 93.809796 99.911606
09/26 01:17:40 PM train 650 1.877527e-01 93.718798 99.913594
09/26 01:17:44 PM train 700 1.888859e-01 93.683131 99.910842
09/26 01:17:49 PM train 750 1.889356e-01 93.697986 99.910536
09/26 01:17:51 PM train_acc 93.678000
09/26 01:17:51 PM valid 000 2.156013e-01 95.312500 100.000000
09/26 01:17:53 PM valid 050 3.053793e-01 90.870098 99.662990
09/26 01:17:54 PM valid 100 2.989724e-01 90.857054 99.597772
09/26 01:17:55 PM valid 150 3.097090e-01 90.635348 99.637831
09/26 01:17:56 PM valid_acc 90.650000, best_acc 92.940000
09/26 01:17:56 PM epoch 234 lr 1.661117e-02
09/26 01:17:56 PM train 000 2.890897e-01 90.625000 100.000000
09/26 01:18:00 PM train 050 1.859889e-01 94.178922 99.816176
09/26 01:18:04 PM train 100 1.841170e-01 93.997525 99.876238
09/26 01:18:09 PM train 150 1.806682e-01 93.956954 99.886175
09/26 01:18:13 PM train 200 1.782993e-01 93.928794 99.906716
09/26 01:18:18 PM train 250 1.773710e-01 94.086155 99.887948
09/26 01:18:22 PM train 300 1.753395e-01 94.082226 99.885797
09/26 01:18:26 PM train 350 1.780404e-01 93.945869 99.884259
09/26 01:18:31 PM train 400 1.789372e-01 93.913653 99.887001
09/26 01:18:35 PM train 450 1.797618e-01 93.857400 99.892600
09/26 01:18:39 PM train 500 1.790889e-01 93.871632 99.893962
09/26 01:18:44 PM train 550 1.776358e-01 93.939995 99.892241
09/26 01:18:48 PM train 600 1.780564e-01 93.973586 99.893407
09/26 01:18:52 PM train 650 1.782751e-01 93.963614 99.887193
09/26 01:18:57 PM train 700 1.781378e-01 93.961751 99.886323
09/26 01:19:01 PM train 750 1.816390e-01 93.856109 99.879328
09/26 01:19:04 PM train_acc 93.798000
09/26 01:19:04 PM valid 000 3.323359e-01 90.625000 98.437500
09/26 01:19:05 PM valid 050 2.646877e-01 92.340686 99.724265
09/26 01:19:06 PM valid 100 2.628027e-01 92.357673 99.737005
09/26 01:19:08 PM valid 150 2.632081e-01 92.125414 99.751656
09/26 01:19:08 PM valid_acc 92.150000, best_acc 92.940000
09/26 01:19:08 PM epoch 235 lr 1.654931e-02
09/26 01:19:08 PM train 000 2.119626e-01 95.312500 100.000000
09/26 01:19:12 PM train 050 1.828961e-01 94.270833 99.846814
09/26 01:19:17 PM train 100 1.772742e-01 94.291460 99.907178
09/26 01:19:21 PM train 150 1.796759e-01 93.987997 99.927566
09/26 01:19:25 PM train 200 1.868322e-01 93.750000 99.906716
09/26 01:19:30 PM train 250 1.843322e-01 93.818476 99.906624
09/26 01:19:34 PM train 300 1.838555e-01 93.869394 99.896179
09/26 01:19:39 PM train 350 1.840521e-01 93.879095 99.902066
09/26 01:19:43 PM train 400 1.835245e-01 93.917550 99.902587
09/26 01:19:47 PM train 450 1.836315e-01 93.919762 99.885671
09/26 01:19:52 PM train 500 1.868269e-01 93.812375 99.878368
09/26 01:19:56 PM train 550 1.861643e-01 93.806715 99.872391
09/26 01:20:00 PM train 600 1.866337e-01 93.783798 99.875208
09/26 01:20:05 PM train 650 1.881949e-01 93.716398 99.875192
09/26 01:20:09 PM train 700 1.885353e-01 93.718795 99.879636
09/26 01:20:13 PM train 750 1.884906e-01 93.720872 99.873086
09/26 01:20:16 PM train_acc 93.688000
09/26 01:20:16 PM valid 000 2.828515e-01 90.625000 100.000000
09/26 01:20:17 PM valid 050 2.547652e-01 92.401961 99.816176
09/26 01:20:19 PM valid 100 2.493463e-01 92.496906 99.798886
09/26 01:20:20 PM valid 150 2.433318e-01 92.673841 99.834437
09/26 01:20:20 PM valid_acc 92.670000, best_acc 92.940000
09/26 01:20:20 PM epoch 236 lr 1.648733e-02
09/26 01:20:21 PM train 000 2.300707e-01 92.187500 100.000000
09/26 01:20:25 PM train 050 1.942407e-01 93.290441 100.000000
09/26 01:20:29 PM train 100 1.858807e-01 93.657178 99.984530
09/26 01:20:34 PM train 150 1.844709e-01 93.874172 99.937914
09/26 01:20:38 PM train 200 1.816070e-01 93.897699 99.937811
09/26 01:20:42 PM train 250 1.841043e-01 93.768675 99.912849
09/26 01:20:46 PM train 300 1.825784e-01 93.770764 99.916944
09/26 01:20:51 PM train 350 1.833459e-01 93.812322 99.919872
09/26 01:20:55 PM train 400 1.837310e-01 93.847413 99.914277
09/26 01:20:59 PM train 450 1.852907e-01 93.784645 99.909922
09/26 01:21:04 PM train 500 1.874359e-01 93.681387 99.906437
09/26 01:21:08 PM train 550 1.885984e-01 93.642241 99.912092
09/26 01:21:12 PM train 600 1.898866e-01 93.633007 99.914205
09/26 01:21:16 PM train 650 1.876067e-01 93.699597 99.913594
09/26 01:21:21 PM train 700 1.881019e-01 93.667529 99.917529
09/26 01:21:25 PM train 750 1.870262e-01 93.714630 99.923019
09/26 01:21:28 PM train_acc 93.664000
09/26 01:21:28 PM valid 000 4.361165e-01 90.625000 100.000000
09/26 01:21:29 PM valid 050 2.687791e-01 92.064951 99.724265
09/26 01:21:31 PM valid 100 2.751478e-01 91.878094 99.752475
09/26 01:21:32 PM valid 150 2.596878e-01 92.197848 99.793046
09/26 01:21:32 PM valid_acc 92.200000, best_acc 92.940000
09/26 01:21:32 PM epoch 237 lr 1.642525e-02
09/26 01:21:32 PM train 000 3.382365e-01 90.625000 100.000000
09/26 01:21:37 PM train 050 1.928593e-01 93.259804 99.908088
09/26 01:21:41 PM train 100 1.848573e-01 93.997525 99.891708
09/26 01:21:45 PM train 150 1.839643e-01 94.029387 99.875828
09/26 01:21:49 PM train 200 1.856045e-01 93.928794 99.867848
09/26 01:21:54 PM train 250 1.844953e-01 93.843376 99.875498
09/26 01:21:58 PM train 300 1.816908e-01 93.947259 99.880606
09/26 01:22:02 PM train 350 1.809491e-01 93.999288 99.879808
09/26 01:22:07 PM train 400 1.807814e-01 94.011066 99.875312
09/26 01:22:11 PM train 450 1.828116e-01 93.961336 99.878742
09/26 01:22:15 PM train 500 1.837871e-01 93.896582 99.872131
09/26 01:22:20 PM train 550 1.842257e-01 93.897459 99.875227
09/26 01:22:24 PM train 600 1.842990e-01 93.931988 99.859609
09/26 01:22:28 PM train 650 1.843033e-01 93.910810 99.863191
09/26 01:22:33 PM train 700 1.833079e-01 93.926088 99.866262
09/26 01:22:37 PM train 750 1.834047e-01 93.914364 99.873086
09/26 01:22:40 PM train_acc 93.862000
09/26 01:22:40 PM valid 000 3.377649e-01 93.750000 100.000000
09/26 01:22:41 PM valid 050 2.662706e-01 92.401961 99.785539
09/26 01:22:42 PM valid 100 2.622701e-01 92.326733 99.814356
09/26 01:22:43 PM valid 150 2.649535e-01 92.218543 99.824089
09/26 01:22:44 PM valid_acc 92.240000, best_acc 92.940000
09/26 01:22:44 PM epoch 238 lr 1.636305e-02
09/26 01:22:44 PM train 000 9.808180e-02 98.437500 100.000000
09/26 01:22:48 PM train 050 1.845373e-01 94.209559 99.846814
09/26 01:22:53 PM train 100 1.875407e-01 93.904703 99.891708
09/26 01:22:57 PM train 150 1.849527e-01 94.008692 99.896523
09/26 01:23:01 PM train 200 1.850228e-01 93.990983 99.891169
09/26 01:23:06 PM train 250 1.840999e-01 93.930528 99.906624
09/26 01:23:10 PM train 300 1.820145e-01 94.035507 99.911752
09/26 01:23:14 PM train 350 1.822732e-01 93.910256 99.910969
09/26 01:23:18 PM train 400 1.888242e-01 93.683759 99.894794
09/26 01:23:23 PM train 450 1.884778e-01 93.656458 99.896064
09/26 01:23:27 PM train 500 1.865434e-01 93.737525 99.893962
09/26 01:23:31 PM train 550 1.878057e-01 93.636570 99.897913
09/26 01:23:36 PM train 600 1.864437e-01 93.640807 99.898606
09/26 01:23:40 PM train 650 1.869049e-01 93.591590 99.894393
09/26 01:23:44 PM train 700 1.871125e-01 93.618491 99.893010
09/26 01:23:48 PM train 750 1.890633e-01 93.541944 99.889730
09/26 01:23:51 PM train_acc 93.556000
09/26 01:23:51 PM valid 000 2.742111e-01 89.062500 100.000000
09/26 01:23:53 PM valid 050 2.649231e-01 92.095588 99.785539
09/26 01:23:54 PM valid 100 2.826887e-01 91.924505 99.737005
09/26 01:23:55 PM valid 150 2.735642e-01 92.177152 99.782699
09/26 01:23:55 PM valid_acc 92.230000, best_acc 92.940000
09/26 01:23:55 PM epoch 239 lr 1.630075e-02
09/26 01:23:56 PM train 000 1.468502e-01 95.312500 100.000000
09/26 01:24:00 PM train 050 1.835891e-01 93.658088 99.877451
09/26 01:24:04 PM train 100 1.828666e-01 93.734530 99.891708
09/26 01:24:09 PM train 150 1.847616e-01 93.625828 99.896523
09/26 01:24:13 PM train 200 1.871422e-01 93.641169 99.875622
09/26 01:24:17 PM train 250 1.834977e-01 93.793576 99.881723
09/26 01:24:21 PM train 300 1.862445e-01 93.775955 99.885797
09/26 01:24:26 PM train 350 1.845989e-01 93.825677 99.879808
09/26 01:24:30 PM train 400 1.858254e-01 93.800655 99.883105
09/26 01:24:35 PM train 450 1.858265e-01 93.829684 99.875277
09/26 01:24:39 PM train 500 1.873340e-01 93.762475 99.881487
09/26 01:24:43 PM train 550 1.894246e-01 93.730150 99.866720
09/26 01:24:47 PM train 600 1.910806e-01 93.695403 99.867408
09/26 01:24:52 PM train 650 1.918981e-01 93.680396 99.867992
09/26 01:24:56 PM train 700 1.934420e-01 93.649697 99.868491
09/26 01:25:00 PM train 750 1.918654e-01 93.700067 99.875166
09/26 01:25:03 PM train_acc 93.714000
09/26 01:25:03 PM valid 000 3.354890e-01 93.750000 100.000000
09/26 01:25:04 PM valid 050 2.324083e-01 93.045343 99.816176
09/26 01:25:06 PM valid 100 2.261704e-01 93.208540 99.814356
09/26 01:25:07 PM valid 150 2.201217e-01 93.284354 99.844785
09/26 01:25:07 PM valid_acc 93.280000, best_acc 93.280000
09/26 01:25:07 PM epoch 240 lr 1.623835e-02
09/26 01:25:08 PM train 000 3.211683e-01 89.062500 100.000000
09/26 01:25:12 PM train 050 1.936716e-01 94.025735 99.877451
09/26 01:25:16 PM train 100 1.928933e-01 93.858292 99.860767
09/26 01:25:20 PM train 150 1.838500e-01 94.081126 99.875828
09/26 01:25:25 PM train 200 1.775719e-01 94.138682 99.883396
09/26 01:25:29 PM train 250 1.792120e-01 94.111056 99.894173
09/26 01:25:34 PM train 300 1.777059e-01 94.170473 99.885797
09/26 01:25:38 PM train 350 1.805423e-01 94.034900 99.879808
09/26 01:25:42 PM train 400 1.781322e-01 94.124065 99.894794
09/26 01:25:46 PM train 450 1.775518e-01 94.165743 99.892600
09/26 01:25:50 PM train 500 1.786265e-01 94.124251 99.893962
09/26 01:25:55 PM train 550 1.805021e-01 94.027904 99.895077
09/26 01:25:59 PM train 600 1.818758e-01 93.950187 99.890807
09/26 01:26:03 PM train 650 1.829911e-01 93.901210 99.899194
09/26 01:26:08 PM train 700 1.832479e-01 93.872593 99.893010
09/26 01:26:12 PM train 750 1.848425e-01 93.829061 99.887650
09/26 01:26:15 PM train_acc 93.836000
09/26 01:26:15 PM valid 000 4.662007e-01 89.062500 98.437500
09/26 01:26:16 PM valid 050 2.427696e-01 92.677696 99.816176
09/26 01:26:17 PM valid 100 2.504795e-01 92.388614 99.814356
09/26 01:26:19 PM valid 150 2.465310e-01 92.497930 99.834437
09/26 01:26:19 PM valid_acc 92.510000, best_acc 93.280000
09/26 01:26:19 PM epoch 241 lr 1.617585e-02
09/26 01:26:19 PM train 000 2.852523e-01 92.187500 100.000000
09/26 01:26:23 PM train 050 1.782053e-01 94.301471 99.908088
09/26 01:26:28 PM train 100 1.809839e-01 94.275990 99.891708
09/26 01:26:32 PM train 150 1.793475e-01 94.194950 99.906871
09/26 01:26:37 PM train 200 1.796456e-01 94.099813 99.898943
09/26 01:26:41 PM train 250 1.788579e-01 94.135956 99.887948
09/26 01:26:45 PM train 300 1.806626e-01 93.993978 99.890988
09/26 01:26:49 PM train 350 1.835443e-01 93.932514 99.879808
09/26 01:26:54 PM train 400 1.861355e-01 93.847413 99.863622
09/26 01:26:58 PM train 450 1.862050e-01 93.826220 99.868348
09/26 01:27:03 PM train 500 1.865003e-01 93.859157 99.862774
09/26 01:27:07 PM train 550 1.866894e-01 93.820894 99.861048
09/26 01:27:11 PM train 600 1.872594e-01 93.809796 99.854409
09/26 01:27:15 PM train 650 1.885915e-01 93.754800 99.848790
09/26 01:27:19 PM train 700 1.873372e-01 93.796808 99.846202
09/26 01:27:24 PM train 750 1.870565e-01 93.789531 99.850200
09/26 01:27:26 PM train_acc 93.820000
09/26 01:27:26 PM valid 000 5.183123e-01 90.625000 100.000000
09/26 01:27:28 PM valid 050 2.563219e-01 92.585784 99.908088
09/26 01:27:29 PM valid 100 2.603928e-01 92.419554 99.891708
09/26 01:27:31 PM valid 150 2.537636e-01 92.332368 99.875828
09/26 01:27:31 PM valid_acc 92.380000, best_acc 93.280000
09/26 01:27:31 PM epoch 242 lr 1.611324e-02
09/26 01:27:31 PM train 000 2.329695e-01 89.062500 100.000000
09/26 01:27:35 PM train 050 1.685367e-01 94.087010 99.877451
09/26 01:27:40 PM train 100 1.710481e-01 94.028465 99.891708
09/26 01:27:44 PM train 150 1.727505e-01 93.998344 99.896523
09/26 01:27:48 PM train 200 1.707319e-01 94.107587 99.914490
09/26 01:27:53 PM train 250 1.688461e-01 94.210657 99.912849
09/26 01:27:57 PM train 300 1.715275e-01 94.102990 99.911752
09/26 01:28:01 PM train 350 1.756286e-01 94.052707 99.888711
09/26 01:28:06 PM train 400 1.786371e-01 94.007170 99.875312
09/26 01:28:10 PM train 450 1.788352e-01 94.023697 99.882206
09/26 01:28:14 PM train 500 1.792772e-01 94.030689 99.878368
09/26 01:28:18 PM train 550 1.792764e-01 94.044918 99.878063
09/26 01:28:23 PM train 600 1.791221e-01 94.020383 99.877808
09/26 01:28:27 PM train 650 1.816496e-01 93.879608 99.870392
09/26 01:28:31 PM train 700 1.824131e-01 93.848074 99.872949
09/26 01:28:36 PM train 750 1.818302e-01 93.874834 99.873086
09/26 01:28:38 PM train_acc 93.834000
09/26 01:28:38 PM valid 000 3.728938e-01 90.625000 100.000000
09/26 01:28:40 PM valid 050 2.611386e-01 92.524510 99.632353
09/26 01:28:41 PM valid 100 2.528562e-01 92.698020 99.675124
09/26 01:28:42 PM valid 150 2.510394e-01 92.477235 99.720613
09/26 01:28:43 PM valid_acc 92.540000, best_acc 93.280000
09/26 01:28:43 PM epoch 243 lr 1.605053e-02
09/26 01:28:43 PM train 000 9.191558e-02 96.875000 100.000000
09/26 01:28:47 PM train 050 1.755038e-01 93.964461 99.938725
09/26 01:28:51 PM train 100 1.649874e-01 94.322401 99.938119
09/26 01:28:56 PM train 150 1.644665e-01 94.370861 99.906871
09/26 01:29:00 PM train 200 1.654702e-01 94.356343 99.906716
09/26 01:29:04 PM train 250 1.665887e-01 94.316484 99.919074
09/26 01:29:09 PM train 300 1.692895e-01 94.180855 99.932517
09/26 01:29:13 PM train 350 1.746609e-01 94.030449 99.928775
09/26 01:29:18 PM train 400 1.792618e-01 93.851309 99.922070
09/26 01:29:22 PM train 450 1.815124e-01 93.812361 99.916851
09/26 01:29:26 PM train 500 1.806237e-01 93.880988 99.922031
09/26 01:29:31 PM train 550 1.803030e-01 93.925817 99.917763
09/26 01:29:35 PM train 600 1.819393e-01 93.900790 99.906406
09/26 01:29:39 PM train 650 1.822681e-01 93.906010 99.908794
09/26 01:29:44 PM train 700 1.839316e-01 93.894882 99.895239
09/26 01:29:48 PM train 750 1.831297e-01 93.893559 99.893891
09/26 01:29:51 PM train_acc 93.924000
09/26 01:29:51 PM valid 000 2.058222e-01 90.625000 100.000000
09/26 01:29:52 PM valid 050 2.336858e-01 92.585784 99.816176
09/26 01:29:53 PM valid 100 2.250910e-01 92.837252 99.845297
09/26 01:29:54 PM valid 150 2.229516e-01 92.870447 99.865480
09/26 01:29:54 PM valid_acc 92.870000, best_acc 93.280000
09/26 01:29:55 PM epoch 244 lr 1.598773e-02
09/26 01:29:55 PM train 000 2.226551e-01 90.625000 100.000000
09/26 01:29:59 PM train 050 1.700418e-01 94.577206 99.969363
09/26 01:30:04 PM train 100 1.666386e-01 94.430693 99.922649
09/26 01:30:08 PM train 150 1.723875e-01 94.143212 99.927566
09/26 01:30:12 PM train 200 1.774878e-01 94.037624 99.891169
09/26 01:30:17 PM train 250 1.784833e-01 94.036355 99.881723
09/26 01:30:21 PM train 300 1.781653e-01 93.993978 99.890988
09/26 01:30:25 PM train 350 1.768695e-01 94.025997 99.902066
09/26 01:30:30 PM train 400 1.801164e-01 93.901964 99.902587
09/26 01:30:34 PM train 450 1.807670e-01 93.874723 99.899529
09/26 01:30:38 PM train 500 1.807020e-01 93.884107 99.890843
09/26 01:30:43 PM train 550 1.802373e-01 93.922981 99.889406
09/26 01:30:47 PM train 600 1.824404e-01 93.814996 99.896007
09/26 01:30:51 PM train 650 1.831512e-01 93.814804 99.894393
09/26 01:30:56 PM train 700 1.843537e-01 93.792350 99.895239
09/26 01:31:00 PM train 750 1.839287e-01 93.814497 99.893891
09/26 01:31:03 PM train_acc 93.798000
09/26 01:31:03 PM valid 000 2.446416e-01 95.312500 100.000000
09/26 01:31:04 PM valid 050 2.450496e-01 92.922794 99.754902
09/26 01:31:05 PM valid 100 2.472025e-01 92.574257 99.814356
09/26 01:31:07 PM valid 150 2.425551e-01 92.456540 99.855132
09/26 01:31:07 PM valid_acc 92.500000, best_acc 93.280000
09/26 01:31:07 PM epoch 245 lr 1.592483e-02
09/26 01:31:07 PM train 000 1.523053e-01 93.750000 100.000000
09/26 01:31:11 PM train 050 1.754385e-01 93.474265 99.938725
09/26 01:31:16 PM train 100 1.677861e-01 94.105817 99.953589
09/26 01:31:20 PM train 150 1.679202e-01 94.163907 99.937914
09/26 01:31:24 PM train 200 1.673010e-01 94.224192 99.937811
09/26 01:31:28 PM train 250 1.736262e-01 94.079930 99.931524
09/26 01:31:33 PM train 300 1.737389e-01 94.102990 99.916944
09/26 01:31:37 PM train 350 1.742621e-01 94.132835 99.906517
09/26 01:31:41 PM train 400 1.751227e-01 94.092893 99.894794
09/26 01:31:46 PM train 450 1.787552e-01 94.009839 99.892600
09/26 01:31:50 PM train 500 1.812177e-01 93.943363 99.893962
09/26 01:31:54 PM train 550 1.817957e-01 93.959846 99.889406
09/26 01:31:59 PM train 600 1.809316e-01 93.976186 99.893407
09/26 01:32:03 PM train 650 1.830822e-01 93.896409 99.894393
09/26 01:32:07 PM train 700 1.836797e-01 93.877051 99.895239
09/26 01:32:12 PM train 750 1.823126e-01 93.918525 99.893891
09/26 01:32:14 PM train_acc 93.872000
09/26 01:32:14 PM valid 000 2.481528e-01 93.750000 100.000000
09/26 01:32:16 PM valid 050 2.646169e-01 92.401961 99.846814
09/26 01:32:17 PM valid 100 2.632679e-01 92.357673 99.798886
09/26 01:32:18 PM valid 150 2.606230e-01 92.239238 99.793046
09/26 01:32:18 PM valid_acc 92.270000, best_acc 93.280000
09/26 01:32:18 PM epoch 246 lr 1.586184e-02
09/26 01:32:19 PM train 000 2.078226e-01 92.187500 100.000000
09/26 01:32:23 PM train 050 1.833256e-01 93.382353 99.938725
09/26 01:32:27 PM train 100 1.888576e-01 93.564356 99.907178
09/26 01:32:32 PM train 150 1.895427e-01 93.491308 99.917219
09/26 01:32:36 PM train 200 1.800698e-01 93.905473 99.922264
09/26 01:32:40 PM train 250 1.758563e-01 94.067480 99.919074
09/26 01:32:45 PM train 300 1.788415e-01 93.916113 99.916944
09/26 01:32:49 PM train 350 1.812934e-01 93.839031 99.910969
09/26 01:32:53 PM train 400 1.812302e-01 93.820137 99.906484
09/26 01:32:57 PM train 450 1.817315e-01 93.784645 99.909922
09/26 01:33:02 PM train 500 1.811475e-01 93.849800 99.900200
09/26 01:33:06 PM train 550 1.826783e-01 93.803879 99.895077
09/26 01:33:10 PM train 600 1.831673e-01 93.739601 99.896007
09/26 01:33:15 PM train 650 1.830600e-01 93.733199 99.894393
09/26 01:33:19 PM train 700 1.837513e-01 93.709879 99.893010
09/26 01:33:23 PM train 750 1.841796e-01 93.708389 99.900133
09/26 01:33:26 PM train_acc 93.748000
09/26 01:33:26 PM valid 000 3.272012e-01 92.187500 100.000000
09/26 01:33:27 PM valid 050 2.410684e-01 92.984069 99.662990
09/26 01:33:29 PM valid 100 2.303895e-01 93.208540 99.767946
09/26 01:33:30 PM valid 150 2.301304e-01 93.098096 99.803394
09/26 01:33:30 PM valid_acc 93.050000, best_acc 93.280000
09/26 01:33:30 PM epoch 247 lr 1.579875e-02
09/26 01:33:31 PM train 000 2.789578e-01 89.062500 100.000000
09/26 01:33:35 PM train 050 1.890217e-01 92.984069 99.938725
09/26 01:33:39 PM train 100 1.875078e-01 93.456064 99.891708
09/26 01:33:43 PM train 150 1.878692e-01 93.532699 99.886175
09/26 01:33:48 PM train 200 1.863114e-01 93.470149 99.891169
09/26 01:33:52 PM train 250 1.910143e-01 93.339143 99.894173
09/26 01:33:56 PM train 300 1.931659e-01 93.339909 99.906561
09/26 01:34:00 PM train 350 1.914881e-01 93.460648 99.906517
09/26 01:34:05 PM train 400 1.892754e-01 93.516209 99.898691
09/26 01:34:09 PM train 450 1.850259e-01 93.684174 99.892600
09/26 01:34:13 PM train 500 1.869896e-01 93.668912 99.881487
09/26 01:34:18 PM train 550 1.869084e-01 93.676270 99.883734
09/26 01:34:22 PM train 600 1.861804e-01 93.692804 99.885607
09/26 01:34:26 PM train 650 1.845605e-01 93.752400 99.891993
09/26 01:34:31 PM train 700 1.845829e-01 93.725481 99.897468
09/26 01:34:35 PM train 750 1.843760e-01 93.735436 99.900133
09/26 01:34:38 PM train_acc 93.738000
09/26 01:34:38 PM valid 000 2.362949e-01 90.625000 100.000000
09/26 01:34:39 PM valid 050 2.776764e-01 91.911765 99.662990
09/26 01:34:40 PM valid 100 2.683853e-01 92.172030 99.690594
09/26 01:34:42 PM valid 150 2.662193e-01 92.332368 99.730960
09/26 01:34:42 PM valid_acc 92.390000, best_acc 93.280000
09/26 01:34:42 PM epoch 248 lr 1.573558e-02
09/26 01:34:42 PM train 000 2.322746e-01 93.750000 100.000000
09/26 01:34:47 PM train 050 1.677378e-01 94.148284 99.938725
09/26 01:34:51 PM train 100 1.748136e-01 94.105817 99.907178
09/26 01:34:55 PM train 150 1.752402e-01 94.091474 99.834437
09/26 01:35:00 PM train 200 1.784660e-01 93.983209 99.844527
09/26 01:35:04 PM train 250 1.779497e-01 93.961653 99.856823
09/26 01:35:08 PM train 300 1.813985e-01 93.874585 99.859842
09/26 01:35:13 PM train 350 1.851972e-01 93.678775 99.848647
09/26 01:35:17 PM train 400 1.856172e-01 93.656484 99.844140
09/26 01:35:22 PM train 450 1.851680e-01 93.680710 99.847561
09/26 01:35:26 PM train 500 1.854078e-01 93.703219 99.859656
09/26 01:35:30 PM train 550 1.859921e-01 93.698956 99.861048
09/26 01:35:34 PM train 600 1.863093e-01 93.659006 99.859609
09/26 01:35:39 PM train 650 1.846571e-01 93.740399 99.863191
09/26 01:35:43 PM train 700 1.854613e-01 93.738855 99.864034
09/26 01:35:47 PM train 750 1.856886e-01 93.739597 99.868925
09/26 01:35:50 PM train_acc 93.760000
09/26 01:35:50 PM valid 000 3.356192e-01 90.625000 100.000000
09/26 01:35:52 PM valid 050 2.342331e-01 93.321078 99.877451
09/26 01:35:53 PM valid 100 2.336265e-01 93.347772 99.891708
09/26 01:35:54 PM valid 150 2.245873e-01 93.325745 99.896523
09/26 01:35:54 PM valid_acc 93.420000, best_acc 93.420000
09/26 01:35:55 PM epoch 249 lr 1.567232e-02
09/26 01:35:55 PM train 000 1.336025e-01 90.625000 100.000000
09/26 01:35:59 PM train 050 1.579410e-01 94.638480 100.000000
09/26 01:36:03 PM train 100 1.649677e-01 94.446163 99.891708
09/26 01:36:08 PM train 150 1.658446e-01 94.350166 99.917219
09/26 01:36:12 PM train 200 1.664309e-01 94.247512 99.922264
09/26 01:36:16 PM train 250 1.696953e-01 94.160857 99.925299
09/26 01:36:21 PM train 300 1.734485e-01 93.999169 99.916944
09/26 01:36:25 PM train 350 1.750483e-01 93.972578 99.906517
09/26 01:36:29 PM train 400 1.746763e-01 93.991584 99.906484
09/26 01:36:33 PM train 450 1.731556e-01 94.051414 99.902993
09/26 01:36:38 PM train 500 1.766497e-01 93.977670 99.900200
09/26 01:36:42 PM train 550 1.791713e-01 93.922981 99.900749
09/26 01:36:46 PM train 600 1.796714e-01 93.908590 99.893407
09/26 01:36:51 PM train 650 1.797133e-01 93.908410 99.894393
09/26 01:36:55 PM train 700 1.815786e-01 93.816869 99.893010
09/26 01:36:59 PM train 750 1.813361e-01 93.814497 99.891811
09/26 01:37:02 PM train_acc 93.798000
09/26 01:37:02 PM valid 000 3.324979e-01 93.750000 98.437500
09/26 01:37:03 PM valid 050 2.246228e-01 93.198529 99.754902
09/26 01:37:04 PM valid 100 2.220046e-01 93.347772 99.798886
09/26 01:37:05 PM valid 150 2.195478e-01 93.180877 99.803394
09/26 01:37:06 PM valid_acc 93.170000, best_acc 93.420000
09/26 01:37:06 PM epoch 250 lr 1.560896e-02
09/26 01:37:06 PM train 000 1.184621e-01 95.312500 100.000000
09/26 01:37:10 PM train 050 1.845973e-01 93.933824 99.938725
09/26 01:37:15 PM train 100 1.772954e-01 94.167698 99.907178
09/26 01:37:19 PM train 150 1.805079e-01 94.029387 99.896523
09/26 01:37:23 PM train 200 1.793833e-01 94.022077 99.883396
09/26 01:37:28 PM train 250 1.821538e-01 93.843376 99.887948
09/26 01:37:32 PM train 300 1.821275e-01 93.853821 99.875415
09/26 01:37:36 PM train 350 1.827969e-01 93.772258 99.884259
09/26 01:37:40 PM train 400 1.844209e-01 93.711035 99.894794
09/26 01:37:45 PM train 450 1.853412e-01 93.663387 99.892600
09/26 01:37:49 PM train 500 1.831655e-01 93.768713 99.900200
09/26 01:37:53 PM train 550 1.825294e-01 93.801044 99.900749
09/26 01:37:58 PM train 600 1.830934e-01 93.752600 99.903806
09/26 01:38:02 PM train 650 1.831359e-01 93.783602 99.908794
09/26 01:38:06 PM train 700 1.825971e-01 93.839158 99.908613
09/26 01:38:10 PM train 750 1.825583e-01 93.849867 99.914697
09/26 01:38:13 PM train_acc 93.826000
09/26 01:38:13 PM valid 000 5.666499e-01 85.937500 98.437500
09/26 01:38:15 PM valid 050 2.840714e-01 91.666667 99.754902
09/26 01:38:16 PM valid 100 2.715483e-01 92.094678 99.737005
09/26 01:38:17 PM valid 150 2.613134e-01 92.146109 99.741308
09/26 01:38:17 PM valid_acc 92.130000, best_acc 93.420000
09/26 01:38:17 PM epoch 251 lr 1.554553e-02
09/26 01:38:18 PM train 000 7.193160e-02 98.437500 100.000000
09/26 01:38:22 PM train 050 1.851870e-01 93.872549 99.846814
09/26 01:38:26 PM train 100 1.823752e-01 93.904703 99.907178
09/26 01:38:30 PM train 150 1.768610e-01 94.132864 99.906871
09/26 01:38:35 PM train 200 1.675381e-01 94.387438 99.891169
09/26 01:38:39 PM train 250 1.692074e-01 94.360060 99.850598
09/26 01:38:44 PM train 300 1.693580e-01 94.341777 99.865033
09/26 01:38:48 PM train 350 1.717919e-01 94.279736 99.862001
09/26 01:38:52 PM train 400 1.753468e-01 94.147444 99.844140
09/26 01:38:56 PM train 450 1.790563e-01 94.034091 99.851025
09/26 01:39:01 PM train 500 1.811328e-01 93.993263 99.850299
09/26 01:39:05 PM train 550 1.814421e-01 94.013725 99.852541
09/26 01:39:09 PM train 600 1.811707e-01 94.004784 99.854409
09/26 01:39:14 PM train 650 1.785595e-01 94.052419 99.860791
09/26 01:39:18 PM train 700 1.775206e-01 94.115549 99.864034
09/26 01:39:22 PM train 750 1.783940e-01 94.109937 99.864764
09/26 01:39:25 PM train_acc 94.070000
09/26 01:39:25 PM valid 000 3.833546e-01 90.625000 100.000000
09/26 01:39:26 PM valid 050 2.729798e-01 92.463235 99.693627
09/26 01:39:28 PM valid 100 2.649751e-01 92.419554 99.721535
09/26 01:39:29 PM valid 150 2.591869e-01 92.539321 99.741308
09/26 01:39:29 PM valid_acc 92.560000, best_acc 93.420000
09/26 01:39:29 PM epoch 252 lr 1.548201e-02
09/26 01:39:29 PM train 000 2.174671e-01 96.875000 100.000000
09/26 01:39:33 PM train 050 1.618597e-01 94.485294 99.785539
09/26 01:39:38 PM train 100 1.692886e-01 94.291460 99.814356
09/26 01:39:42 PM train 150 1.700402e-01 94.339818 99.844785
09/26 01:39:46 PM train 200 1.722246e-01 94.169776 99.836754
09/26 01:39:51 PM train 250 1.736427e-01 94.104831 99.838147
09/26 01:39:55 PM train 300 1.720635e-01 94.128945 99.828696
09/26 01:39:59 PM train 350 1.738157e-01 94.119480 99.826389
09/26 01:40:03 PM train 400 1.758777e-01 94.026652 99.824657
09/26 01:40:08 PM train 450 1.765167e-01 94.009839 99.826774
09/26 01:40:12 PM train 500 1.777754e-01 93.965195 99.831587
09/26 01:40:16 PM train 550 1.784026e-01 93.925817 99.829855
09/26 01:40:21 PM train 600 1.781096e-01 93.911190 99.838810
09/26 01:40:25 PM train 650 1.774052e-01 93.944412 99.841590
09/26 01:40:29 PM train 700 1.774349e-01 93.961751 99.848431
09/26 01:40:34 PM train 750 1.781158e-01 93.926848 99.848119
09/26 01:40:36 PM train_acc 93.900000
09/26 01:40:36 PM valid 000 4.530300e-01 87.500000 100.000000
09/26 01:40:38 PM valid 050 2.453384e-01 92.892157 99.908088
09/26 01:40:39 PM valid 100 2.447512e-01 92.713490 99.907178
09/26 01:40:40 PM valid 150 2.394761e-01 92.839404 99.875828
09/26 01:40:41 PM valid_acc 92.890000, best_acc 93.420000
09/26 01:40:41 PM epoch 253 lr 1.541841e-02
09/26 01:40:41 PM train 000 1.182603e-01 96.875000 100.000000
09/26 01:40:45 PM train 050 1.780804e-01 93.964461 99.908088
09/26 01:40:50 PM train 100 1.798025e-01 94.028465 99.922649
09/26 01:40:54 PM train 150 1.736862e-01 94.257036 99.906871
09/26 01:40:58 PM train 200 1.808070e-01 94.053172 99.891169
09/26 01:41:03 PM train 250 1.767028e-01 94.179532 99.881723
09/26 01:41:07 PM train 300 1.734131e-01 94.321013 99.896179
09/26 01:41:11 PM train 350 1.744305e-01 94.244124 99.902066
09/26 01:41:16 PM train 400 1.724559e-01 94.248753 99.906484
09/26 01:41:20 PM train 450 1.744125e-01 94.131098 99.902993
09/26 01:41:24 PM train 500 1.758887e-01 94.089945 99.897081
09/26 01:41:29 PM train 550 1.772488e-01 94.115812 99.897913
09/26 01:41:33 PM train 600 1.787992e-01 94.051581 99.893407
09/26 01:41:37 PM train 650 1.796672e-01 94.016417 99.889593
09/26 01:41:41 PM train 700 1.796171e-01 94.017475 99.886323
09/26 01:41:46 PM train 750 1.815558e-01 93.960136 99.877247
09/26 01:41:48 PM train_acc 93.976000
09/26 01:41:49 PM valid 000 4.150890e-01 90.625000 100.000000
09/26 01:41:50 PM valid 050 2.762353e-01 91.789216 99.908088
09/26 01:41:51 PM valid 100 2.810820e-01 91.630569 99.876238
09/26 01:41:52 PM valid 150 2.795482e-01 91.587334 99.896523
09/26 01:41:53 PM valid_acc 91.610000, best_acc 93.420000
09/26 01:41:53 PM epoch 254 lr 1.535473e-02
09/26 01:41:53 PM train 000 1.320246e-01 93.750000 100.000000
09/26 01:41:57 PM train 050 1.550019e-01 95.220588 99.938725
09/26 01:42:01 PM train 100 1.703618e-01 94.415223 99.907178
09/26 01:42:06 PM train 150 1.718217e-01 94.308775 99.886175
09/26 01:42:10 PM train 200 1.703305e-01 94.325249 99.914490
09/26 01:42:14 PM train 250 1.684102e-01 94.384960 99.925299
09/26 01:42:18 PM train 300 1.691404e-01 94.383306 99.922135
09/26 01:42:23 PM train 350 1.717207e-01 94.306446 99.915420
09/26 01:42:27 PM train 400 1.699706e-01 94.346166 99.918173
09/26 01:42:31 PM train 450 1.685656e-01 94.390937 99.913387
09/26 01:42:36 PM train 500 1.702099e-01 94.376871 99.912675
09/26 01:42:40 PM train 550 1.720797e-01 94.328494 99.897913
09/26 01:42:44 PM train 600 1.733547e-01 94.243968 99.898606
09/26 01:42:49 PM train 650 1.739136e-01 94.218030 99.901594
09/26 01:42:53 PM train 700 1.748102e-01 94.169044 99.901926
09/26 01:42:57 PM train 750 1.754968e-01 94.155709 99.900133
09/26 01:43:00 PM train_acc 94.090000
09/26 01:43:00 PM valid 000 4.883292e-01 89.062500 100.000000
09/26 01:43:01 PM valid 050 3.351728e-01 89.705882 99.724265
09/26 01:43:03 PM valid 100 3.302419e-01 90.083540 99.814356
09/26 01:43:04 PM valid 150 3.198889e-01 90.469785 99.865480
09/26 01:43:04 PM valid_acc 90.530000, best_acc 93.420000
09/26 01:43:04 PM epoch 255 lr 1.529097e-02
09/26 01:43:05 PM train 000 1.680692e-01 95.312500 100.000000
09/26 01:43:09 PM train 050 1.740029e-01 94.025735 99.969363
09/26 01:43:13 PM train 100 1.707851e-01 94.167698 99.938119
09/26 01:43:18 PM train 150 1.669023e-01 94.474338 99.917219
09/26 01:43:22 PM train 200 1.696447e-01 94.371891 99.898943
09/26 01:43:26 PM train 250 1.715781e-01 94.272908 99.900398
09/26 01:43:31 PM train 300 1.705109e-01 94.357350 99.896179
09/26 01:43:35 PM train 350 1.704236e-01 94.306446 99.897614
09/26 01:43:39 PM train 400 1.715993e-01 94.237064 99.902587
09/26 01:43:44 PM train 450 1.733505e-01 94.155349 99.899529
09/26 01:43:48 PM train 500 1.739307e-01 94.161677 99.897081
09/26 01:43:52 PM train 550 1.744956e-01 94.118648 99.903584
09/26 01:43:56 PM train 600 1.728297e-01 94.163374 99.901206
09/26 01:44:01 PM train 650 1.723696e-01 94.172427 99.903994
09/26 01:44:05 PM train 700 1.725729e-01 94.193563 99.904155
09/26 01:44:09 PM train 750 1.727260e-01 94.203562 99.902214
09/26 01:44:12 PM train_acc 94.196000
09/26 01:44:12 PM valid 000 3.465352e-01 85.937500 100.000000
09/26 01:44:14 PM valid 050 2.471248e-01 92.647059 99.662990
09/26 01:44:15 PM valid 100 2.532173e-01 92.636139 99.767946
09/26 01:44:16 PM valid 150 2.459881e-01 92.725579 99.813742
09/26 01:44:16 PM valid_acc 92.720000, best_acc 93.420000
09/26 01:44:17 PM epoch 256 lr 1.522713e-02
09/26 01:44:17 PM train 000 4.611230e-02 98.437500 100.000000
09/26 01:44:21 PM train 050 1.549031e-01 94.730392 99.938725
09/26 01:44:25 PM train 100 1.497357e-01 94.709158 99.938119
09/26 01:44:30 PM train 150 1.536693e-01 94.484685 99.927566
09/26 01:44:34 PM train 200 1.623809e-01 94.193097 99.922264
09/26 01:44:38 PM train 250 1.705684e-01 93.992779 99.912849
09/26 01:44:43 PM train 300 1.704573e-01 94.035507 99.922135
09/26 01:44:47 PM train 350 1.742480e-01 93.932514 99.919872
09/26 01:44:51 PM train 400 1.752057e-01 93.948722 99.914277
09/26 01:44:55 PM train 450 1.744021e-01 93.995981 99.906458
09/26 01:45:00 PM train 500 1.778172e-01 93.871632 99.897081
09/26 01:45:04 PM train 550 1.797115e-01 93.803879 99.895077
09/26 01:45:08 PM train 600 1.818995e-01 93.770799 99.888207
09/26 01:45:12 PM train 650 1.827860e-01 93.728399 99.891993
09/26 01:45:17 PM train 700 1.825062e-01 93.752229 99.890781
09/26 01:45:21 PM train 750 1.826815e-01 93.754161 99.891811
09/26 01:45:24 PM train_acc 93.724000
09/26 01:45:24 PM valid 000 2.649999e-01 90.625000 100.000000
09/26 01:45:25 PM valid 050 2.415265e-01 92.616422 99.877451
09/26 01:45:26 PM valid 100 2.494880e-01 92.404084 99.845297
09/26 01:45:28 PM valid 150 2.435288e-01 92.508278 99.844785
09/26 01:45:28 PM valid_acc 92.520000, best_acc 93.420000
09/26 01:45:28 PM epoch 257 lr 1.516322e-02
09/26 01:45:28 PM train 000 1.559951e-01 96.875000 100.000000
09/26 01:45:32 PM train 050 1.632458e-01 94.240196 99.877451
09/26 01:45:37 PM train 100 1.615469e-01 94.538985 99.907178
09/26 01:45:41 PM train 150 1.587631e-01 94.650248 99.917219
09/26 01:45:45 PM train 200 1.532987e-01 94.822761 99.906716
09/26 01:45:50 PM train 250 1.594936e-01 94.696215 99.894173
09/26 01:45:54 PM train 300 1.632668e-01 94.554610 99.890988
09/26 01:45:58 PM train 350 1.675284e-01 94.471154 99.902066
09/26 01:46:03 PM train 400 1.682105e-01 94.478647 99.898691
09/26 01:46:07 PM train 450 1.692166e-01 94.474085 99.896064
09/26 01:46:11 PM train 500 1.711210e-01 94.411178 99.897081
09/26 01:46:15 PM train 550 1.736490e-01 94.280286 99.895077
09/26 01:46:19 PM train 600 1.741803e-01 94.280366 99.898606
09/26 01:46:24 PM train 650 1.753960e-01 94.230031 99.891993
09/26 01:46:28 PM train 700 1.766200e-01 94.195792 99.888552
09/26 01:46:32 PM train 750 1.775249e-01 94.155709 99.889730
09/26 01:46:35 PM train_acc 94.138000
09/26 01:46:35 PM valid 000 4.646949e-01 87.500000 100.000000
09/26 01:46:36 PM valid 050 2.429936e-01 92.555147 99.816176
09/26 01:46:38 PM valid 100 2.537180e-01 92.156559 99.814356
09/26 01:46:39 PM valid 150 2.468124e-01 92.218543 99.824089
09/26 01:46:39 PM valid_acc 92.320000, best_acc 93.420000
09/26 01:46:39 PM epoch 258 lr 1.509924e-02
09/26 01:46:40 PM train 000 1.193886e-01 96.875000 100.000000
09/26 01:46:44 PM train 050 1.863061e-01 93.995098 99.877451
09/26 01:46:48 PM train 100 1.816371e-01 93.920173 99.860767
09/26 01:46:53 PM train 150 1.908930e-01 93.677566 99.844785
09/26 01:46:57 PM train 200 1.839356e-01 93.866604 99.844527
09/26 01:47:01 PM train 250 1.840603e-01 93.799801 99.869273
09/26 01:47:06 PM train 300 1.856350e-01 93.781146 99.875415
09/26 01:47:10 PM train 350 1.814683e-01 93.839031 99.884259
09/26 01:47:14 PM train 400 1.824761e-01 93.796758 99.883105
09/26 01:47:18 PM train 450 1.824320e-01 93.826220 99.889135
09/26 01:47:23 PM train 500 1.842557e-01 93.753119 99.893962
09/26 01:47:27 PM train 550 1.833340e-01 93.812387 99.897913
09/26 01:47:31 PM train 600 1.853409e-01 93.762999 99.888207
09/26 01:47:36 PM train 650 1.867708e-01 93.677995 99.891993
09/26 01:47:40 PM train 700 1.874114e-01 93.669757 99.888552
09/26 01:47:44 PM train 750 1.861893e-01 93.735436 99.893891
09/26 01:47:47 PM train_acc 93.726000
09/26 01:47:47 PM valid 000 9.820732e-02 95.312500 100.000000
09/26 01:47:48 PM valid 050 2.345263e-01 92.984069 99.785539
09/26 01:47:49 PM valid 100 2.301607e-01 93.115718 99.829827
09/26 01:47:51 PM valid 150 2.298601e-01 93.129139 99.855132
09/26 01:47:51 PM valid_acc 93.110000, best_acc 93.420000
09/26 01:47:51 PM epoch 259 lr 1.503518e-02
09/26 01:47:51 PM train 000 2.862178e-01 89.062500 100.000000
09/26 01:47:55 PM train 050 1.799533e-01 94.178922 99.877451
09/26 01:48:00 PM train 100 1.624617e-01 94.662748 99.907178
09/26 01:48:04 PM train 150 1.630357e-01 94.764073 99.875828
09/26 01:48:08 PM train 200 1.642541e-01 94.682836 99.891169
09/26 01:48:13 PM train 250 1.624495e-01 94.733566 99.894173
09/26 01:48:17 PM train 300 1.613692e-01 94.715532 99.896179
09/26 01:48:21 PM train 350 1.580020e-01 94.778312 99.910969
09/26 01:48:26 PM train 400 1.604461e-01 94.685162 99.902587
09/26 01:48:30 PM train 450 1.614267e-01 94.598808 99.906458
09/26 01:48:34 PM train 500 1.633652e-01 94.582710 99.912675
09/26 01:48:38 PM train 550 1.653848e-01 94.504310 99.909256
09/26 01:48:43 PM train 600 1.672201e-01 94.410358 99.901206
09/26 01:48:47 PM train 650 1.679805e-01 94.393241 99.891993
09/26 01:48:51 PM train 700 1.702269e-01 94.316155 99.884094
09/26 01:48:56 PM train 750 1.709864e-01 94.307590 99.887650
09/26 01:48:58 PM train_acc 94.274000
09/26 01:48:59 PM valid 000 2.669200e-01 90.625000 100.000000
09/26 01:49:00 PM valid 050 2.522348e-01 92.647059 99.877451
09/26 01:49:01 PM valid 100 2.438741e-01 92.852723 99.876238
09/26 01:49:03 PM valid 150 2.472287e-01 92.725579 99.834437
09/26 01:49:03 PM valid_acc 92.650000, best_acc 93.420000
09/26 01:49:03 PM epoch 260 lr 1.497106e-02
09/26 01:49:03 PM train 000 1.490609e-01 96.875000 100.000000
09/26 01:49:08 PM train 050 1.699421e-01 94.454657 99.908088
09/26 01:49:12 PM train 100 1.765689e-01 94.167698 99.876238
09/26 01:49:16 PM train 150 1.750960e-01 94.081126 99.886175
09/26 01:49:20 PM train 200 1.744387e-01 94.099813 99.898943
09/26 01:49:24 PM train 250 1.778677e-01 93.949203 99.900398
09/26 01:49:29 PM train 300 1.755290e-01 94.035507 99.901370
09/26 01:49:33 PM train 350 1.754192e-01 94.106125 99.888711
09/26 01:49:38 PM train 400 1.763862e-01 94.077307 99.894794
09/26 01:49:42 PM train 450 1.783975e-01 94.023697 99.896064
09/26 01:49:46 PM train 500 1.789213e-01 93.980788 99.887725
09/26 01:49:51 PM train 550 1.795682e-01 93.993875 99.886570
09/26 01:49:55 PM train 600 1.807346e-01 93.934588 99.883007
09/26 01:49:59 PM train 650 1.799670e-01 93.973214 99.887193
09/26 01:50:04 PM train 700 1.806316e-01 93.948377 99.881865
09/26 01:50:08 PM train 750 1.799318e-01 93.987184 99.883489
09/26 01:50:11 PM train_acc 94.036000
09/26 01:50:11 PM valid 000 4.144652e-01 87.500000 100.000000
09/26 01:50:12 PM valid 050 2.705749e-01 92.034314 99.785539
09/26 01:50:13 PM valid 100 2.640429e-01 92.125619 99.767946
09/26 01:50:14 PM valid 150 2.576531e-01 92.394454 99.803394
09/26 01:50:14 PM valid_acc 92.420000, best_acc 93.420000
09/26 01:50:15 PM epoch 261 lr 1.490687e-02
09/26 01:50:15 PM train 000 1.567128e-01 93.750000 100.000000
09/26 01:50:19 PM train 050 1.434251e-01 95.189951 99.908088
09/26 01:50:23 PM train 100 1.590702e-01 94.693688 99.876238
09/26 01:50:28 PM train 150 1.592053e-01 94.650248 99.906871
09/26 01:50:32 PM train 200 1.616419e-01 94.511816 99.898943
09/26 01:50:36 PM train 250 1.658619e-01 94.397410 99.900398
09/26 01:50:41 PM train 300 1.667694e-01 94.362542 99.885797
09/26 01:50:45 PM train 350 1.677691e-01 94.244124 99.879808
09/26 01:50:49 PM train 400 1.659756e-01 94.369545 99.875312
09/26 01:50:54 PM train 450 1.665476e-01 94.380543 99.868348
09/26 01:50:58 PM train 500 1.651150e-01 94.436128 99.875250
09/26 01:51:02 PM train 550 1.662822e-01 94.405059 99.880898
09/26 01:51:07 PM train 600 1.676322e-01 94.360961 99.880408
09/26 01:51:11 PM train 650 1.687689e-01 94.316436 99.887193
09/26 01:51:15 PM train 700 1.696447e-01 94.318384 99.888552
09/26 01:51:20 PM train 750 1.699421e-01 94.290945 99.889730
09/26 01:51:22 PM train_acc 94.230000
09/26 01:51:23 PM valid 000 3.615162e-01 89.062500 100.000000
09/26 01:51:24 PM valid 050 2.849346e-01 91.605392 99.662990
09/26 01:51:25 PM valid 100 2.778979e-01 91.785272 99.690594
09/26 01:51:26 PM valid 150 2.661127e-01 92.032285 99.679222
09/26 01:51:27 PM valid_acc 92.040000, best_acc 93.420000
09/26 01:51:27 PM epoch 262 lr 1.484261e-02
09/26 01:51:27 PM train 000 1.998925e-01 93.750000 100.000000
09/26 01:51:31 PM train 050 1.828611e-01 93.750000 99.938725
09/26 01:51:36 PM train 100 1.776349e-01 93.842822 99.922649
09/26 01:51:40 PM train 150 1.761583e-01 93.894868 99.937914
09/26 01:51:44 PM train 200 1.753035e-01 94.014303 99.922264
09/26 01:51:49 PM train 250 1.716495e-01 94.191982 99.931524
09/26 01:51:53 PM train 300 1.712795e-01 94.154900 99.927326
09/26 01:51:57 PM train 350 1.748997e-01 94.025997 99.919872
09/26 01:52:01 PM train 400 1.796617e-01 93.886378 99.906484
09/26 01:52:06 PM train 450 1.789130e-01 93.919762 99.896064
09/26 01:52:10 PM train 500 1.788633e-01 93.924651 99.897081
09/26 01:52:14 PM train 550 1.795153e-01 93.914474 99.895077
09/26 01:52:19 PM train 600 1.825424e-01 93.838394 99.885607
09/26 01:52:23 PM train 650 1.834150e-01 93.802803 99.872792
09/26 01:52:27 PM train 700 1.844278e-01 93.765603 99.864034
09/26 01:52:32 PM train 750 1.841708e-01 93.804095 99.871005
09/26 01:52:34 PM train_acc 93.770000
09/26 01:52:35 PM valid 000 3.624166e-01 89.062500 100.000000
09/26 01:52:36 PM valid 050 2.557323e-01 92.463235 99.785539
09/26 01:52:37 PM valid 100 2.525172e-01 92.620668 99.783416
09/26 01:52:38 PM valid 150 2.450475e-01 92.818709 99.813742
09/26 01:52:39 PM valid_acc 92.860000, best_acc 93.420000
09/26 01:52:39 PM epoch 263 lr 1.477829e-02
09/26 01:52:39 PM train 000 8.564117e-02 96.875000 100.000000
09/26 01:52:43 PM train 050 1.831909e-01 93.535539 99.908088
09/26 01:52:48 PM train 100 1.742102e-01 94.275990 99.907178
09/26 01:52:52 PM train 150 1.671077e-01 94.463990 99.875828
09/26 01:52:56 PM train 200 1.604015e-01 94.713930 99.883396
09/26 01:53:01 PM train 250 1.612755e-01 94.671315 99.881723
09/26 01:53:05 PM train 300 1.670873e-01 94.590947 99.880606
09/26 01:53:09 PM train 350 1.661837e-01 94.609152 99.888711
09/26 01:53:14 PM train 400 1.682645e-01 94.486440 99.883105
09/26 01:53:18 PM train 450 1.709905e-01 94.356292 99.882206
09/26 01:53:22 PM train 500 1.703227e-01 94.398703 99.875250
09/26 01:53:26 PM train 550 1.706232e-01 94.348344 99.872391
09/26 01:53:31 PM train 600 1.695213e-01 94.399958 99.872608
09/26 01:53:35 PM train 650 1.701378e-01 94.328437 99.877592
09/26 01:53:40 PM train 700 1.714180e-01 94.249287 99.879636
09/26 01:53:44 PM train 750 1.717416e-01 94.253495 99.879328
09/26 01:53:47 PM train_acc 94.226000
09/26 01:53:47 PM valid 000 1.822503e-01 90.625000 100.000000
09/26 01:53:48 PM valid 050 2.398177e-01 92.984069 99.877451
09/26 01:53:49 PM valid 100 2.458004e-01 92.961015 99.891708
09/26 01:53:51 PM valid 150 2.474259e-01 92.870447 99.886175
09/26 01:53:51 PM valid_acc 92.850000, best_acc 93.420000
09/26 01:53:51 PM epoch 264 lr 1.471390e-02
09/26 01:53:51 PM train 000 1.192214e-01 96.875000 100.000000
09/26 01:53:56 PM train 050 1.701685e-01 93.627451 99.938725
09/26 01:54:00 PM train 100 1.752909e-01 93.610767 99.891708
09/26 01:54:04 PM train 150 1.825158e-01 93.574089 99.855132
09/26 01:54:09 PM train 200 1.868106e-01 93.602301 99.813433
09/26 01:54:13 PM train 250 1.859366e-01 93.637948 99.831922
09/26 01:54:17 PM train 300 1.849789e-01 93.724045 99.833887
09/26 01:54:21 PM train 350 1.827653e-01 93.790064 99.844195
09/26 01:54:26 PM train 400 1.829405e-01 93.777276 99.851933
09/26 01:54:30 PM train 450 1.822724e-01 93.777716 99.854490
09/26 01:54:34 PM train 500 1.808725e-01 93.806138 99.862774
09/26 01:54:39 PM train 550 1.813824e-01 93.866266 99.849705
09/26 01:54:43 PM train 600 1.806924e-01 93.879992 99.857009
09/26 01:54:47 PM train 650 1.818718e-01 93.831605 99.858391
09/26 01:54:51 PM train 700 1.821498e-01 93.832471 99.852889
09/26 01:54:56 PM train 750 1.814254e-01 93.858189 99.858522
09/26 01:54:59 PM train_acc 93.832000
09/26 01:54:59 PM valid 000 2.665276e-01 89.062500 100.000000
09/26 01:55:00 PM valid 050 2.331655e-01 92.984069 99.908088
09/26 01:55:01 PM valid 100 2.375211e-01 93.285891 99.845297
09/26 01:55:03 PM valid 150 2.286716e-01 93.211921 99.865480
09/26 01:55:03 PM valid_acc 93.270000, best_acc 93.420000
09/26 01:55:03 PM epoch 265 lr 1.464945e-02
09/26 01:55:03 PM train 000 2.540226e-01 95.312500 98.437500
09/26 01:55:08 PM train 050 1.809023e-01 93.872549 99.846814
09/26 01:55:12 PM train 100 1.798550e-01 93.920173 99.876238
09/26 01:55:16 PM train 150 1.799123e-01 93.987997 99.834437
09/26 01:55:21 PM train 200 1.756705e-01 94.177550 99.813433
09/26 01:55:25 PM train 250 1.757099e-01 94.167082 99.831922
09/26 01:55:29 PM train 300 1.747424e-01 94.160091 99.854651
09/26 01:55:34 PM train 350 1.766974e-01 94.106125 99.862001
09/26 01:55:38 PM train 400 1.781177e-01 94.042238 99.867519
09/26 01:55:42 PM train 450 1.769861e-01 94.096452 99.871813
09/26 01:55:47 PM train 500 1.753913e-01 94.124251 99.875250
09/26 01:55:51 PM train 550 1.773958e-01 94.061933 99.863884
09/26 01:55:55 PM train 600 1.783772e-01 94.015183 99.867408
09/26 01:55:59 PM train 650 1.781571e-01 94.021217 99.870392
09/26 01:56:03 PM train 700 1.772142e-01 94.059825 99.872949
09/26 01:56:08 PM train 750 1.794081e-01 93.966378 99.871005
09/26 01:56:11 PM train_acc 93.946000
09/26 01:56:11 PM valid 000 2.767084e-01 87.500000 100.000000
09/26 01:56:12 PM valid 050 2.864706e-01 91.789216 99.816176
09/26 01:56:13 PM valid 100 2.836495e-01 92.063738 99.767946
09/26 01:56:15 PM valid 150 2.791044e-01 91.959851 99.813742
09/26 01:56:15 PM valid_acc 92.000000, best_acc 93.420000
09/26 01:56:15 PM epoch 266 lr 1.458495e-02
09/26 01:56:15 PM train 000 1.459260e-01 93.750000 100.000000
09/26 01:56:19 PM train 050 1.812573e-01 93.750000 99.908088
09/26 01:56:24 PM train 100 1.831809e-01 93.920173 99.907178
09/26 01:56:28 PM train 150 1.782723e-01 94.163907 99.896523
09/26 01:56:32 PM train 200 1.738463e-01 94.247512 99.898943
09/26 01:56:37 PM train 250 1.764314e-01 94.148406 99.906624
09/26 01:56:41 PM train 300 1.762432e-01 94.154900 99.890988
09/26 01:56:45 PM train 350 1.781588e-01 94.083868 99.879808
09/26 01:56:50 PM train 400 1.780787e-01 94.065617 99.871415
09/26 01:56:54 PM train 450 1.768753e-01 94.120704 99.875277
09/26 01:56:58 PM train 500 1.781781e-01 94.077470 99.884606
09/26 01:57:03 PM train 550 1.778367e-01 94.095962 99.880898
09/26 01:57:07 PM train 600 1.783153e-01 94.108777 99.880408
09/26 01:57:11 PM train 650 1.808176e-01 93.999616 99.887193
09/26 01:57:16 PM train 700 1.831072e-01 93.906027 99.886323
09/26 01:57:20 PM train 750 1.840740e-01 93.881075 99.883489
09/26 01:57:22 PM train_acc 93.886000
09/26 01:57:23 PM valid 000 3.005500e-01 92.187500 100.000000
09/26 01:57:24 PM valid 050 2.136456e-01 93.719363 99.816176
09/26 01:57:25 PM valid 100 2.169625e-01 93.734530 99.860767
09/26 01:57:26 PM valid 150 2.112637e-01 93.646523 99.886175
09/26 01:57:26 PM valid_acc 93.680000, best_acc 93.680000
09/26 01:57:26 PM epoch 267 lr 1.452039e-02
09/26 01:57:27 PM train 000 9.138658e-02 96.875000 100.000000
09/26 01:57:31 PM train 050 1.657520e-01 94.362745 99.938725
09/26 01:57:35 PM train 100 1.666037e-01 94.508045 99.922649
09/26 01:57:39 PM train 150 1.609281e-01 94.670944 99.927566
09/26 01:57:44 PM train 200 1.698999e-01 94.263060 99.914490
09/26 01:57:48 PM train 250 1.703060e-01 94.185757 99.906624
09/26 01:57:52 PM train 300 1.686510e-01 94.289867 99.911752
09/26 01:57:57 PM train 350 1.711630e-01 94.168447 99.902066
09/26 01:58:01 PM train 400 1.708126e-01 94.174719 99.902587
09/26 01:58:05 PM train 450 1.706062e-01 94.158814 99.902993
09/26 01:58:10 PM train 500 1.717131e-01 94.124251 99.897081
09/26 01:58:14 PM train 550 1.719888e-01 94.132827 99.889406
09/26 01:58:18 PM train 600 1.736723e-01 94.033382 99.888207
09/26 01:58:23 PM train 650 1.757767e-01 93.997216 99.879992
09/26 01:58:27 PM train 700 1.748714e-01 94.041994 99.881865
09/26 01:58:31 PM train 750 1.733622e-01 94.089131 99.885569
09/26 01:58:34 PM train_acc 94.110000
09/26 01:58:34 PM valid 000 3.307695e-01 93.750000 100.000000
09/26 01:58:35 PM valid 050 2.542853e-01 92.555147 99.846814
09/26 01:58:36 PM valid 100 2.506507e-01 92.589728 99.829827
09/26 01:58:38 PM valid 150 2.528859e-01 92.456540 99.844785
09/26 01:58:38 PM valid_acc 92.470000, best_acc 93.680000
09/26 01:58:38 PM epoch 268 lr 1.445577e-02
09/26 01:58:38 PM train 000 1.946174e-01 93.750000 100.000000
09/26 01:58:43 PM train 050 1.557209e-01 94.883578 99.969363
09/26 01:58:47 PM train 100 1.603376e-01 94.492574 99.984530
09/26 01:58:51 PM train 150 1.577759e-01 94.567467 99.979305
09/26 01:58:55 PM train 200 1.682627e-01 94.185323 99.961132
09/26 01:59:00 PM train 250 1.733342e-01 94.079930 99.950199
09/26 01:59:04 PM train 300 1.741607e-01 94.035507 99.948090
09/26 01:59:09 PM train 350 1.742746e-01 94.030449 99.928775
09/26 01:59:13 PM train 400 1.753624e-01 94.007170 99.929863
09/26 01:59:17 PM train 450 1.741029e-01 94.016768 99.930710
09/26 01:59:21 PM train 500 1.730200e-01 94.089945 99.925150
09/26 01:59:26 PM train 550 1.720934e-01 94.115812 99.920599
09/26 01:59:30 PM train 600 1.725877e-01 94.134775 99.919405
09/26 01:59:34 PM train 650 1.724316e-01 94.146025 99.918395
09/26 01:59:39 PM train 700 1.732052e-01 94.142297 99.917529
09/26 01:59:43 PM train 750 1.738299e-01 94.103695 99.916778
09/26 01:59:46 PM train_acc 94.116000
09/26 01:59:46 PM valid 000 1.387698e-01 96.875000 100.000000
09/26 01:59:47 PM valid 050 2.605448e-01 92.555147 99.877451
09/26 01:59:48 PM valid 100 2.471418e-01 93.069307 99.876238
09/26 01:59:50 PM valid 150 2.449872e-01 92.891142 99.886175
09/26 01:59:50 PM valid_acc 92.960000, best_acc 93.680000
09/26 01:59:50 PM epoch 269 lr 1.439110e-02
09/26 01:59:50 PM train 000 1.062084e-01 95.312500 100.000000
09/26 01:59:55 PM train 050 1.486010e-01 95.220588 99.877451
09/26 01:59:59 PM train 100 1.542464e-01 94.848391 99.907178
09/26 02:00:03 PM train 150 1.594687e-01 94.629553 99.906871
09/26 02:00:07 PM train 200 1.645052e-01 94.434080 99.930037
09/26 02:00:12 PM train 250 1.663251e-01 94.416086 99.931524
09/26 02:00:16 PM train 300 1.680531e-01 94.378115 99.932517
09/26 02:00:21 PM train 350 1.678985e-01 94.373219 99.928775
09/26 02:00:25 PM train 400 1.671535e-01 94.420200 99.929863
09/26 02:00:29 PM train 450 1.694224e-01 94.349363 99.916851
09/26 02:00:34 PM train 500 1.720962e-01 94.261477 99.906437
09/26 02:00:38 PM train 550 1.723476e-01 94.271779 99.912092
09/26 02:00:42 PM train 600 1.723188e-01 94.264767 99.914205
09/26 02:00:47 PM train 650 1.721483e-01 94.290035 99.918395
09/26 02:00:51 PM train 700 1.728040e-01 94.284950 99.913071
09/26 02:00:55 PM train 750 1.728220e-01 94.278462 99.908455
09/26 02:00:58 PM train_acc 94.274000
09/26 02:00:58 PM valid 000 2.228114e-01 90.625000 100.000000
09/26 02:00:59 PM valid 050 2.107680e-01 93.504902 99.754902
09/26 02:01:01 PM valid 100 2.155047e-01 93.162129 99.814356
09/26 02:01:02 PM valid 150 2.123271e-01 93.211921 99.865480
09/26 02:01:02 PM valid_acc 93.190000, best_acc 93.680000
09/26 02:01:02 PM epoch 270 lr 1.432638e-02
09/26 02:01:02 PM train 000 7.696448e-02 98.437500 100.000000
09/26 02:01:07 PM train 050 1.728143e-01 94.332108 99.908088
09/26 02:01:11 PM train 100 1.655937e-01 94.538985 99.922649
09/26 02:01:15 PM train 150 1.649717e-01 94.536424 99.927566
09/26 02:01:20 PM train 200 1.631056e-01 94.574005 99.914490
09/26 02:01:24 PM train 250 1.664864e-01 94.409861 99.912849
09/26 02:01:28 PM train 300 1.683585e-01 94.341777 99.911752
09/26 02:01:32 PM train 350 1.691628e-01 94.293091 99.906517
09/26 02:01:37 PM train 400 1.716616e-01 94.213685 99.910380
09/26 02:01:41 PM train 450 1.704737e-01 94.221175 99.899529
09/26 02:01:45 PM train 500 1.707981e-01 94.239646 99.900200
09/26 02:01:50 PM train 550 1.702184e-01 94.234914 99.906420
09/26 02:01:54 PM train 600 1.712295e-01 94.238769 99.901206
09/26 02:01:58 PM train 650 1.722585e-01 94.234831 99.901594
09/26 02:02:03 PM train 700 1.735934e-01 94.204708 99.893010
09/26 02:02:07 PM train 750 1.745603e-01 94.172354 99.889730
09/26 02:02:10 PM train_acc 94.144000
09/26 02:02:10 PM valid 000 2.140000e-01 89.062500 100.000000
09/26 02:02:11 PM valid 050 2.371303e-01 92.493873 99.816176
09/26 02:02:12 PM valid 100 2.329158e-01 92.914604 99.876238
09/26 02:02:14 PM valid 150 2.317480e-01 92.984272 99.886175
09/26 02:02:14 PM valid_acc 92.990000, best_acc 93.680000
09/26 02:02:14 PM epoch 271 lr 1.426161e-02
09/26 02:02:14 PM train 000 1.455832e-01 95.312500 98.437500
09/26 02:02:18 PM train 050 1.536660e-01 94.975490 99.938725
09/26 02:02:23 PM train 100 1.575624e-01 94.863861 99.922649
09/26 02:02:27 PM train 150 1.637434e-01 94.805464 99.875828
09/26 02:02:31 PM train 200 1.592253e-01 94.900498 99.898943
09/26 02:02:35 PM train 250 1.596479e-01 94.802042 99.919074
09/26 02:02:40 PM train 300 1.639025e-01 94.648048 99.906561
09/26 02:02:44 PM train 350 1.632535e-01 94.626959 99.915420
09/26 02:02:48 PM train 400 1.629457e-01 94.630611 99.910380
09/26 02:02:53 PM train 450 1.620819e-01 94.643847 99.896064
09/26 02:02:57 PM train 500 1.620967e-01 94.660679 99.900200
09/26 02:03:01 PM train 550 1.651862e-01 94.578040 99.892241
09/26 02:03:06 PM train 600 1.681191e-01 94.470154 99.896007
09/26 02:03:10 PM train 650 1.676838e-01 94.467646 99.894393
09/26 02:03:14 PM train 700 1.687326e-01 94.423146 99.890781
09/26 02:03:19 PM train 750 1.691868e-01 94.397054 99.893891
09/26 02:03:21 PM train_acc 94.414000
09/26 02:03:21 PM valid 000 3.819357e-01 89.062500 100.000000
09/26 02:03:23 PM valid 050 2.467868e-01 92.708333 99.846814
09/26 02:03:24 PM valid 100 2.427133e-01 92.698020 99.891708
09/26 02:03:26 PM valid 150 2.424920e-01 92.704884 99.906871
09/26 02:03:26 PM valid_acc 92.700000, best_acc 93.680000
09/26 02:03:26 PM epoch 272 lr 1.419679e-02
09/26 02:03:26 PM train 000 5.432877e-02 98.437500 100.000000
09/26 02:03:30 PM train 050 1.964772e-01 93.321078 99.908088
09/26 02:03:35 PM train 100 1.799989e-01 93.997525 99.922649
09/26 02:03:39 PM train 150 1.750680e-01 94.101821 99.917219
09/26 02:03:43 PM train 200 1.749030e-01 94.084266 99.914490
09/26 02:03:47 PM train 250 1.784170e-01 93.967878 99.900398
09/26 02:03:52 PM train 300 1.818034e-01 93.864203 99.896179
09/26 02:03:56 PM train 350 1.813643e-01 93.905805 99.897614
09/26 02:04:01 PM train 400 1.795372e-01 93.944825 99.902587
09/26 02:04:05 PM train 450 1.761529e-01 94.047949 99.892600
09/26 02:04:09 PM train 500 1.778086e-01 94.024451 99.890843
09/26 02:04:13 PM train 550 1.779915e-01 94.025068 99.883734
09/26 02:04:17 PM train 600 1.786569e-01 93.994384 99.880408
09/26 02:04:22 PM train 650 1.787655e-01 94.023618 99.879992
09/26 02:04:26 PM train 700 1.790549e-01 94.028620 99.881865
09/26 02:04:30 PM train 750 1.789605e-01 94.047520 99.879328
09/26 02:04:33 PM train_acc 94.072000
09/26 02:04:33 PM valid 000 1.893722e-01 90.625000 100.000000
09/26 02:04:35 PM valid 050 2.415405e-01 92.861520 99.724265
09/26 02:04:36 PM valid 100 2.469658e-01 92.419554 99.829827
09/26 02:04:37 PM valid 150 2.374327e-01 92.694536 99.834437
09/26 02:04:37 PM valid_acc 92.680000, best_acc 93.680000
09/26 02:04:37 PM epoch 273 lr 1.413192e-02
09/26 02:04:38 PM train 000 8.919572e-02 98.437500 100.000000
09/26 02:04:42 PM train 050 1.661898e-01 94.607843 99.877451
09/26 02:04:46 PM train 100 1.656620e-01 94.647277 99.876238
09/26 02:04:51 PM train 150 1.688749e-01 94.474338 99.896523
09/26 02:04:55 PM train 200 1.706197e-01 94.348570 99.891169
09/26 02:04:59 PM train 250 1.725914e-01 94.272908 99.906624
09/26 02:05:04 PM train 300 1.724883e-01 94.310631 99.890988
09/26 02:05:08 PM train 350 1.700179e-01 94.417735 99.888711
09/26 02:05:12 PM train 400 1.708524e-01 94.361752 99.883105
09/26 02:05:17 PM train 450 1.724425e-01 94.300859 99.885671
09/26 02:05:21 PM train 500 1.751423e-01 94.205339 99.872131
09/26 02:05:26 PM train 550 1.764570e-01 94.087455 99.869555
09/26 02:05:30 PM train 600 1.779883e-01 94.054181 99.870008
09/26 02:05:34 PM train 650 1.771367e-01 94.105223 99.875192
09/26 02:05:38 PM train 700 1.772370e-01 94.079886 99.875178
09/26 02:05:43 PM train 750 1.776873e-01 94.074567 99.875166
09/26 02:05:45 PM train_acc 94.096000
09/26 02:05:45 PM valid 000 2.939794e-01 90.625000 100.000000
09/26 02:05:47 PM valid 050 2.391221e-01 92.769608 99.846814
09/26 02:05:48 PM valid 100 2.305279e-01 92.961015 99.829827
09/26 02:05:49 PM valid 150 2.209302e-01 93.160182 99.834437
09/26 02:05:50 PM valid_acc 93.210000, best_acc 93.680000
09/26 02:05:50 PM epoch 274 lr 1.406701e-02
09/26 02:05:50 PM train 000 1.736411e-01 92.187500 100.000000
09/26 02:05:54 PM train 050 1.698335e-01 94.515931 99.877451
09/26 02:05:59 PM train 100 1.594113e-01 94.755569 99.891708
09/26 02:06:03 PM train 150 1.597168e-01 94.701987 99.906871
09/26 02:06:07 PM train 200 1.649281e-01 94.597326 99.875622
09/26 02:06:12 PM train 250 1.666436e-01 94.465886 99.894173
09/26 02:06:16 PM train 300 1.701738e-01 94.352159 99.896179
09/26 02:06:20 PM train 350 1.693306e-01 94.373219 99.902066
09/26 02:06:25 PM train 400 1.706474e-01 94.385131 99.894794
09/26 02:06:29 PM train 450 1.712650e-01 94.349363 99.899529
09/26 02:06:34 PM train 500 1.714092e-01 94.314496 99.893962
09/26 02:06:38 PM train 550 1.717462e-01 94.331329 99.895077
09/26 02:06:42 PM train 600 1.707583e-01 94.350562 99.893407
09/26 02:06:46 PM train 650 1.694687e-01 94.390841 99.899194
09/26 02:06:51 PM train 700 1.689483e-01 94.403085 99.906384
09/26 02:06:55 PM train 750 1.697972e-01 94.370007 99.904294
09/26 02:06:58 PM train_acc 94.362000
09/26 02:06:58 PM valid 000 3.071702e-01 89.062500 100.000000
09/26 02:06:59 PM valid 050 2.269510e-01 93.014706 99.754902
09/26 02:07:00 PM valid 100 2.343429e-01 93.131188 99.798886
09/26 02:07:02 PM valid 150 2.272306e-01 93.201573 99.834437
09/26 02:07:02 PM valid_acc 93.240000, best_acc 93.680000
09/26 02:07:02 PM epoch 275 lr 1.400205e-02
09/26 02:07:02 PM train 000 1.077066e-01 96.875000 100.000000
09/26 02:07:07 PM train 050 1.401208e-01 95.373775 99.969363
09/26 02:07:11 PM train 100 1.529071e-01 95.188738 99.922649
09/26 02:07:15 PM train 150 1.597548e-01 94.815811 99.927566
09/26 02:07:20 PM train 200 1.647644e-01 94.675062 99.914490
09/26 02:07:24 PM train 250 1.655169e-01 94.696215 99.906624
09/26 02:07:28 PM train 300 1.649738e-01 94.648048 99.896179
09/26 02:07:33 PM train 350 1.651428e-01 94.573540 99.897614
09/26 02:07:37 PM train 400 1.710819e-01 94.373441 99.883105
09/26 02:07:41 PM train 450 1.738739e-01 94.300859 99.878742
09/26 02:07:46 PM train 500 1.756807e-01 94.214696 99.878368
09/26 02:07:50 PM train 550 1.753065e-01 94.198049 99.883734
09/26 02:07:55 PM train 600 1.761313e-01 94.165973 99.890807
09/26 02:07:59 PM train 650 1.762801e-01 94.158026 99.889593
09/26 02:08:03 PM train 700 1.761386e-01 94.171273 99.888552
09/26 02:08:07 PM train 750 1.773823e-01 94.105776 99.883489
09/26 02:08:10 PM train_acc 94.094000
09/26 02:08:10 PM valid 000 1.878501e-01 93.750000 100.000000
09/26 02:08:11 PM valid 050 2.212361e-01 93.229167 99.724265
09/26 02:08:13 PM valid 100 2.151718e-01 93.409653 99.829827
09/26 02:08:14 PM valid 150 2.139300e-01 93.439570 99.855132
09/26 02:08:14 PM valid_acc 93.470000, best_acc 93.680000
09/26 02:08:14 PM epoch 276 lr 1.393706e-02
09/26 02:08:14 PM train 000 1.825257e-01 93.750000 100.000000
09/26 02:08:19 PM train 050 1.432784e-01 95.006127 99.969363
09/26 02:08:23 PM train 100 1.624526e-01 94.538985 99.938119
09/26 02:08:27 PM train 150 1.668737e-01 94.401904 99.917219
09/26 02:08:32 PM train 200 1.666575e-01 94.426306 99.930037
09/26 02:08:36 PM train 250 1.713150e-01 94.248008 99.925299
09/26 02:08:40 PM train 300 1.705800e-01 94.253530 99.927326
09/26 02:08:45 PM train 350 1.677518e-01 94.391026 99.928775
09/26 02:08:49 PM train 400 1.684887e-01 94.357855 99.933759
09/26 02:08:53 PM train 450 1.709029e-01 94.266214 99.934174
09/26 02:08:58 PM train 500 1.735987e-01 94.180389 99.928268
09/26 02:09:02 PM train 550 1.748280e-01 94.110141 99.923435
09/26 02:09:06 PM train 600 1.752708e-01 94.119176 99.924605
09/26 02:09:11 PM train 650 1.753023e-01 94.136425 99.920795
09/26 02:09:15 PM train 700 1.757993e-01 94.113320 99.919757
09/26 02:09:19 PM train 750 1.763628e-01 94.082889 99.914697
09/26 02:09:22 PM train_acc 94.066000
09/26 02:09:22 PM valid 000 2.484580e-01 92.187500 100.000000
09/26 02:09:24 PM valid 050 2.705955e-01 92.401961 99.754902
09/26 02:09:25 PM valid 100 2.731448e-01 92.435025 99.798886
09/26 02:09:26 PM valid 150 2.709395e-01 92.353063 99.844785
09/26 02:09:26 PM valid_acc 92.380000, best_acc 93.680000
09/26 02:09:27 PM epoch 277 lr 1.387202e-02
09/26 02:09:27 PM train 000 1.486137e-01 95.312500 100.000000
09/26 02:09:31 PM train 050 1.868922e-01 93.872549 99.969363
09/26 02:09:35 PM train 100 1.668556e-01 94.291460 99.969059
09/26 02:09:40 PM train 150 1.585164e-01 94.484685 99.968957
09/26 02:09:44 PM train 200 1.555678e-01 94.760572 99.968905
09/26 02:09:48 PM train 250 1.504677e-01 94.858068 99.968875
09/26 02:09:52 PM train 300 1.535112e-01 94.803779 99.953281
09/26 02:09:57 PM train 350 1.559580e-01 94.800570 99.942130
09/26 02:10:01 PM train 400 1.582661e-01 94.735817 99.941552
09/26 02:10:05 PM train 450 1.604616e-01 94.675028 99.941103
09/26 02:10:10 PM train 500 1.627082e-01 94.585828 99.934506
09/26 02:10:14 PM train 550 1.644382e-01 94.541175 99.934778
09/26 02:10:18 PM train 600 1.667725e-01 94.472754 99.932404
09/26 02:10:23 PM train 650 1.679107e-01 94.426843 99.935196
09/26 02:10:27 PM train 700 1.683671e-01 94.418688 99.933131
09/26 02:10:31 PM train 750 1.698507e-01 94.353362 99.923019
09/26 02:10:34 PM train_acc 94.358000
09/26 02:10:34 PM valid 000 2.358352e-01 90.625000 100.000000
09/26 02:10:36 PM valid 050 2.255607e-01 92.769608 99.754902
09/26 02:10:37 PM valid 100 2.226001e-01 93.022896 99.845297
09/26 02:10:38 PM valid 150 2.183393e-01 93.118791 99.855132
09/26 02:10:38 PM valid_acc 93.150000, best_acc 93.680000
09/26 02:10:38 PM epoch 278 lr 1.380695e-02
09/26 02:10:39 PM train 000 2.109138e-01 90.625000 100.000000
09/26 02:10:43 PM train 050 1.750527e-01 94.209559 99.877451
09/26 02:10:47 PM train 100 1.715653e-01 94.260520 99.907178
09/26 02:10:51 PM train 150 1.726237e-01 94.236341 99.886175
09/26 02:10:56 PM train 200 1.672586e-01 94.325249 99.906716
09/26 02:11:00 PM train 250 1.664000e-01 94.322709 99.912849
09/26 02:11:04 PM train 300 1.664998e-01 94.372924 99.906561
09/26 02:11:09 PM train 350 1.664157e-01 94.413283 99.915420
09/26 02:11:13 PM train 400 1.708195e-01 94.276029 99.910380
09/26 02:11:17 PM train 450 1.730790e-01 94.241962 99.906458
09/26 02:11:22 PM train 500 1.726059e-01 94.249002 99.912675
09/26 02:11:26 PM train 550 1.711267e-01 94.283122 99.912092
09/26 02:11:30 PM train 600 1.720831e-01 94.246568 99.911606
09/26 02:11:34 PM train 650 1.710693e-01 94.309236 99.913594
09/26 02:11:39 PM train 700 1.723966e-01 94.267118 99.910842
09/26 02:11:43 PM train 750 1.723458e-01 94.274301 99.910536
09/26 02:11:46 PM train_acc 94.296000
09/26 02:11:46 PM valid 000 3.145615e-01 90.625000 100.000000
09/26 02:11:47 PM valid 050 2.215611e-01 93.504902 99.724265
09/26 02:11:48 PM valid 100 2.180917e-01 93.626238 99.783416
09/26 02:11:50 PM valid 150 2.197892e-01 93.491308 99.824089
09/26 02:11:50 PM valid_acc 93.500000, best_acc 93.680000
09/26 02:11:50 PM epoch 279 lr 1.374184e-02
09/26 02:11:50 PM train 000 1.643899e-01 96.875000 100.000000
09/26 02:11:55 PM train 050 1.593637e-01 94.730392 99.908088
09/26 02:11:59 PM train 100 1.585907e-01 94.662748 99.860767
09/26 02:12:03 PM train 150 1.567455e-01 94.753725 99.875828
09/26 02:12:07 PM train 200 1.523947e-01 94.752799 99.891169
09/26 02:12:12 PM train 250 1.532918e-01 94.721116 99.912849
09/26 02:12:16 PM train 300 1.575894e-01 94.627284 99.906561
09/26 02:12:20 PM train 350 1.604320e-01 94.546830 99.906517
09/26 02:12:24 PM train 400 1.617557e-01 94.521509 99.894794
09/26 02:12:29 PM train 450 1.648408e-01 94.470621 99.878742
09/26 02:12:33 PM train 500 1.655186e-01 94.451722 99.878368
09/26 02:12:37 PM train 550 1.664988e-01 94.453267 99.880898
09/26 02:12:42 PM train 600 1.667154e-01 94.436356 99.883007
09/26 02:12:46 PM train 650 1.670345e-01 94.450845 99.884793
09/26 02:12:50 PM train 700 1.690275e-01 94.380795 99.890781
09/26 02:12:55 PM train 750 1.697623e-01 94.365846 99.893891
09/26 02:12:57 PM train_acc 94.358000
09/26 02:12:58 PM valid 000 2.958225e-01 90.625000 100.000000
09/26 02:12:59 PM valid 050 2.312671e-01 93.229167 99.816176
09/26 02:13:00 PM valid 100 2.393205e-01 93.193069 99.829827
09/26 02:13:01 PM valid 150 2.373336e-01 93.025662 99.844785
09/26 02:13:02 PM valid_acc 93.090000, best_acc 93.680000
09/26 02:13:02 PM epoch 280 lr 1.367669e-02
09/26 02:13:02 PM train 000 1.928118e-01 93.750000 100.000000
09/26 02:13:06 PM train 050 1.697829e-01 94.852941 99.877451
09/26 02:13:11 PM train 100 1.600471e-01 94.972153 99.922649
09/26 02:13:15 PM train 150 1.608036e-01 94.805464 99.937914
09/26 02:13:19 PM train 200 1.573122e-01 94.830535 99.945585
09/26 02:13:24 PM train 250 1.561545e-01 94.845618 99.950199
09/26 02:13:28 PM train 300 1.592186e-01 94.736296 99.927326
09/26 02:13:32 PM train 350 1.602250e-01 94.667023 99.915420
09/26 02:13:37 PM train 400 1.619768e-01 94.599439 99.918173
09/26 02:13:41 PM train 450 1.646746e-01 94.463692 99.913387
09/26 02:13:45 PM train 500 1.664056e-01 94.401821 99.915793
09/26 02:13:49 PM train 550 1.664936e-01 94.382373 99.909256
09/26 02:13:54 PM train 600 1.683979e-01 94.311564 99.911606
09/26 02:13:58 PM train 650 1.699286e-01 94.292435 99.899194
09/26 02:14:02 PM train 700 1.695248e-01 94.316155 99.897468
09/26 02:14:07 PM train 750 1.682733e-01 94.378329 99.898053
09/26 02:14:10 PM train_acc 94.396000
09/26 02:14:10 PM valid 000 3.132674e-01 90.625000 98.437500
09/26 02:14:11 PM valid 050 2.200514e-01 93.841912 99.816176
09/26 02:14:12 PM valid 100 2.189047e-01 93.889233 99.860767
09/26 02:14:14 PM valid 150 2.196042e-01 93.667219 99.875828
09/26 02:14:14 PM valid_acc 93.660000, best_acc 93.680000
09/26 02:14:14 PM epoch 281 lr 1.361152e-02
09/26 02:14:14 PM train 000 1.995231e-01 93.750000 100.000000
09/26 02:14:18 PM train 050 1.635456e-01 94.607843 99.938725
09/26 02:14:23 PM train 100 1.596009e-01 94.647277 99.907178
09/26 02:14:27 PM train 150 1.600004e-01 94.753725 99.875828
09/26 02:14:31 PM train 200 1.616306e-01 94.698383 99.875622
09/26 02:14:36 PM train 250 1.605924e-01 94.721116 99.887948
09/26 02:14:40 PM train 300 1.621379e-01 94.637666 99.885797
09/26 02:14:44 PM train 350 1.643413e-01 94.560185 99.875356
09/26 02:14:49 PM train 400 1.641150e-01 94.560474 99.883105
09/26 02:14:53 PM train 450 1.670692e-01 94.463692 99.885671
09/26 02:14:57 PM train 500 1.660076e-01 94.476672 99.893962
09/26 02:15:02 PM train 550 1.665877e-01 94.464610 99.897913
09/26 02:15:06 PM train 600 1.665326e-01 94.490953 99.898606
09/26 02:15:10 PM train 650 1.679690e-01 94.429243 99.891993
09/26 02:15:15 PM train 700 1.680701e-01 94.403085 99.895239
09/26 02:15:19 PM train 750 1.690397e-01 94.332557 99.898053
09/26 02:15:22 PM train_acc 94.354000
09/26 02:15:22 PM valid 000 6.223234e-01 89.062500 98.437500
09/26 02:15:23 PM valid 050 3.329151e-01 90.962010 99.754902
09/26 02:15:25 PM valid 100 3.177313e-01 91.073639 99.721535
09/26 02:15:26 PM valid 150 3.178811e-01 90.790563 99.793046
09/26 02:15:26 PM valid_acc 90.760000, best_acc 93.680000
09/26 02:15:26 PM epoch 282 lr 1.354631e-02
09/26 02:15:26 PM train 000 1.572444e-01 93.750000 100.000000
09/26 02:15:31 PM train 050 1.650963e-01 94.485294 99.846814
09/26 02:15:35 PM train 100 1.588756e-01 94.647277 99.891708
09/26 02:15:39 PM train 150 1.536916e-01 94.815811 99.886175
09/26 02:15:44 PM train 200 1.496772e-01 94.986007 99.914490
09/26 02:15:48 PM train 250 1.534315e-01 94.920319 99.919074
09/26 02:15:53 PM train 300 1.579533e-01 94.731105 99.916944
09/26 02:15:57 PM train 350 1.634199e-01 94.560185 99.924323
09/26 02:16:01 PM train 400 1.650127e-01 94.564370 99.914277
09/26 02:16:05 PM train 450 1.671581e-01 94.494873 99.909922
09/26 02:16:10 PM train 500 1.684448e-01 94.448603 99.906437
09/26 02:16:14 PM train 550 1.696604e-01 94.422074 99.900749
09/26 02:16:18 PM train 600 1.688590e-01 94.423357 99.898606
09/26 02:16:23 PM train 650 1.689180e-01 94.419643 99.899194
09/26 02:16:27 PM train 700 1.689256e-01 94.418688 99.897468
09/26 02:16:31 PM train 750 1.719635e-01 94.295107 99.893891
09/26 02:16:34 PM train_acc 94.258000
09/26 02:16:34 PM valid 000 2.431734e-01 93.750000 100.000000
09/26 02:16:35 PM valid 050 2.587370e-01 92.187500 99.724265
09/26 02:16:37 PM valid 100 2.532154e-01 92.496906 99.829827
09/26 02:16:38 PM valid 150 2.459970e-01 92.704884 99.813742
09/26 02:16:38 PM valid_acc 92.730000, best_acc 93.680000
09/26 02:16:38 PM epoch 283 lr 1.348108e-02
09/26 02:16:39 PM train 000 9.320994e-02 98.437500 100.000000
09/26 02:16:43 PM train 050 1.766208e-01 94.454657 99.938725
09/26 02:16:47 PM train 100 1.624286e-01 94.786510 99.922649
09/26 02:16:52 PM train 150 1.608425e-01 94.836507 99.917219
09/26 02:16:56 PM train 200 1.589097e-01 94.861629 99.883396
09/26 02:17:00 PM train 250 1.615661e-01 94.665090 99.869273
09/26 02:17:05 PM train 300 1.635873e-01 94.616902 99.885797
09/26 02:17:09 PM train 350 1.652504e-01 94.533476 99.875356
09/26 02:17:13 PM train 400 1.634125e-01 94.548784 99.883105
09/26 02:17:18 PM train 450 1.630073e-01 94.578021 99.885671
09/26 02:17:22 PM train 500 1.633728e-01 94.585828 99.884606
09/26 02:17:27 PM train 550 1.638056e-01 94.572368 99.889406
09/26 02:17:31 PM train 600 1.650739e-01 94.522151 99.877808
09/26 02:17:35 PM train 650 1.682563e-01 94.419643 99.879992
09/26 02:17:40 PM train 700 1.685804e-01 94.369650 99.884094
09/26 02:17:44 PM train 750 1.688115e-01 94.351282 99.883489
09/26 02:17:47 PM train_acc 94.322000
09/26 02:17:47 PM valid 000 2.781467e-01 87.500000 100.000000
09/26 02:17:48 PM valid 050 2.414667e-01 93.045343 99.816176
09/26 02:17:49 PM valid 100 2.364764e-01 93.316832 99.814356
09/26 02:17:50 PM valid 150 2.405170e-01 93.046358 99.844785
09/26 02:17:51 PM valid_acc 93.050000, best_acc 93.680000
09/26 02:17:51 PM epoch 284 lr 1.341582e-02
09/26 02:17:51 PM train 000 2.088640e-01 92.187500 100.000000
09/26 02:17:55 PM train 050 1.589838e-01 94.577206 99.877451
09/26 02:17:59 PM train 100 1.564325e-01 94.709158 99.922649
09/26 02:18:04 PM train 150 1.663680e-01 94.495033 99.906871
09/26 02:18:08 PM train 200 1.645241e-01 94.550684 99.898943
09/26 02:18:12 PM train 250 1.659691e-01 94.565488 99.894173
09/26 02:18:17 PM train 300 1.659959e-01 94.611711 99.896179
09/26 02:18:21 PM train 350 1.648834e-01 94.613604 99.893162
09/26 02:18:25 PM train 400 1.661850e-01 94.552681 99.906484
09/26 02:18:30 PM train 450 1.659285e-01 94.532982 99.916851
09/26 02:18:34 PM train 500 1.659131e-01 94.501622 99.918912
09/26 02:18:38 PM train 550 1.650217e-01 94.512818 99.920599
09/26 02:18:43 PM train 600 1.662285e-01 94.503952 99.911606
09/26 02:18:47 PM train 650 1.674547e-01 94.407642 99.911194
09/26 02:18:51 PM train 700 1.690933e-01 94.347361 99.908613
09/26 02:18:55 PM train 750 1.694133e-01 94.320073 99.906375
09/26 02:18:58 PM train_acc 94.294000
09/26 02:18:58 PM valid 000 2.866194e-01 92.187500 100.000000
09/26 02:18:59 PM valid 050 2.548239e-01 92.738971 99.816176
09/26 02:19:00 PM valid 100 2.408986e-01 93.100248 99.860767
09/26 02:19:02 PM valid 150 2.330298e-01 93.191225 99.844785
09/26 02:19:02 PM valid_acc 93.130000, best_acc 93.680000
09/26 02:19:02 PM epoch 285 lr 1.335053e-02
09/26 02:19:02 PM train 000 1.091119e-01 95.312500 100.000000
09/26 02:19:07 PM train 050 1.691745e-01 94.056373 99.908088
09/26 02:19:11 PM train 100 1.573453e-01 94.384282 99.922649
09/26 02:19:15 PM train 150 1.553487e-01 94.588162 99.937914
09/26 02:19:20 PM train 200 1.542869e-01 94.589552 99.945585
09/26 02:19:24 PM train 250 1.586364e-01 94.528137 99.943974
09/26 02:19:28 PM train 300 1.595002e-01 94.523463 99.937708
09/26 02:19:33 PM train 350 1.574159e-01 94.595798 99.937678
09/26 02:19:37 PM train 400 1.574324e-01 94.603335 99.941552
09/26 02:19:41 PM train 450 1.595107e-01 94.564163 99.930710
09/26 02:19:45 PM train 500 1.626391e-01 94.426771 99.918912
09/26 02:19:50 PM train 550 1.646939e-01 94.379537 99.909256
09/26 02:19:54 PM train 600 1.661965e-01 94.347962 99.909006
09/26 02:19:58 PM train 650 1.678213e-01 94.342838 99.906394
09/26 02:20:03 PM train 700 1.687688e-01 94.322842 99.904155
09/26 02:20:07 PM train 750 1.699925e-01 94.293026 99.900133
09/26 02:20:10 PM train_acc 94.290000
09/26 02:20:10 PM valid 000 3.118050e-01 90.625000 100.000000
09/26 02:20:11 PM valid 050 2.339925e-01 93.075980 99.877451
09/26 02:20:12 PM valid 100 2.279421e-01 93.285891 99.860767
09/26 02:20:14 PM valid 150 2.188284e-01 93.418874 99.875828
09/26 02:20:14 PM valid_acc 93.430000, best_acc 93.680000
09/26 02:20:14 PM epoch 286 lr 1.328522e-02
09/26 02:20:14 PM train 000 2.288384e-01 93.750000 100.000000
09/26 02:20:18 PM train 050 1.648457e-01 94.699755 99.908088
09/26 02:20:23 PM train 100 1.580657e-01 94.585396 99.938119
09/26 02:20:27 PM train 150 1.537093e-01 94.795116 99.958609
09/26 02:20:31 PM train 200 1.504715e-01 94.908271 99.945585
09/26 02:20:36 PM train 250 1.572234e-01 94.640189 99.937749
09/26 02:20:40 PM train 300 1.596152e-01 94.601329 99.932517
09/26 02:20:44 PM train 350 1.609804e-01 94.569088 99.924323
09/26 02:20:48 PM train 400 1.627364e-01 94.548784 99.918173
09/26 02:20:53 PM train 450 1.649208e-01 94.446369 99.920316
09/26 02:20:57 PM train 500 1.641181e-01 94.486028 99.912675
09/26 02:21:01 PM train 550 1.652406e-01 94.475953 99.909256
09/26 02:21:06 PM train 600 1.653498e-01 94.503952 99.914205
09/26 02:21:10 PM train 650 1.658895e-01 94.455645 99.906394
09/26 02:21:14 PM train 700 1.651191e-01 94.463267 99.908613
09/26 02:21:19 PM train 750 1.669111e-01 94.411618 99.906375
09/26 02:21:21 PM train_acc 94.402000
09/26 02:21:21 PM valid 000 2.972142e-02 98.437500 100.000000
09/26 02:21:23 PM valid 050 2.246313e-01 92.830882 99.785539
09/26 02:21:24 PM valid 100 2.274004e-01 93.115718 99.798886
09/26 02:21:25 PM valid 150 2.272722e-01 92.984272 99.834437
09/26 02:21:26 PM valid_acc 93.040000, best_acc 93.680000
09/26 02:21:26 PM epoch 287 lr 1.321989e-02
09/26 02:21:26 PM train 000 1.844094e-01 92.187500 100.000000
09/26 02:21:30 PM train 050 1.598042e-01 94.730392 99.969363
09/26 02:21:35 PM train 100 1.562620e-01 94.755569 99.922649
09/26 02:21:39 PM train 150 1.493607e-01 95.012417 99.917219
09/26 02:21:43 PM train 200 1.540678e-01 94.861629 99.922264
09/26 02:21:48 PM train 250 1.611929e-01 94.609064 99.919074
09/26 02:21:52 PM train 300 1.642919e-01 94.471553 99.927326
09/26 02:21:56 PM train 350 1.643347e-01 94.395477 99.928775
09/26 02:22:00 PM train 400 1.633242e-01 94.420200 99.929863
09/26 02:22:05 PM train 450 1.614525e-01 94.463692 99.930710
09/26 02:22:09 PM train 500 1.609638e-01 94.489147 99.931387
09/26 02:22:13 PM train 550 1.633620e-01 94.402223 99.926270
09/26 02:22:18 PM train 600 1.643320e-01 94.353161 99.922005
09/26 02:22:22 PM train 650 1.644312e-01 94.386041 99.925595
09/26 02:22:26 PM train 700 1.643118e-01 94.398627 99.926444
09/26 02:22:31 PM train 750 1.646761e-01 94.392893 99.920939
09/26 02:22:33 PM train_acc 94.376000
09/26 02:22:33 PM valid 000 1.766059e-01 93.750000 98.437500
09/26 02:22:35 PM valid 050 2.269560e-01 93.167892 99.785539
09/26 02:22:36 PM valid 100 2.405875e-01 93.100248 99.767946
09/26 02:22:37 PM valid 150 2.357044e-01 93.077401 99.824089
09/26 02:22:38 PM valid_acc 93.130000, best_acc 93.680000
09/26 02:22:38 PM epoch 288 lr 1.315454e-02
09/26 02:22:38 PM train 000 2.038708e-01 95.312500 100.000000
09/26 02:22:42 PM train 050 1.551959e-01 95.036765 99.908088
09/26 02:22:46 PM train 100 1.572071e-01 95.018564 99.922649
09/26 02:22:51 PM train 150 1.600705e-01 94.733030 99.927566
09/26 02:22:55 PM train 200 1.604653e-01 94.713930 99.945585
09/26 02:22:59 PM train 250 1.635808e-01 94.627739 99.950199
09/26 02:23:03 PM train 300 1.632042e-01 94.622093 99.937708
09/26 02:23:08 PM train 350 1.622401e-01 94.582443 99.942130
09/26 02:23:12 PM train 400 1.634317e-01 94.556577 99.937656
09/26 02:23:16 PM train 450 1.639640e-01 94.539911 99.944568
09/26 02:23:21 PM train 500 1.666060e-01 94.457959 99.925150
09/26 02:23:25 PM train 550 1.686793e-01 94.436252 99.917763
09/26 02:23:29 PM train 600 1.681395e-01 94.441556 99.916805
09/26 02:23:34 PM train 650 1.687362e-01 94.414843 99.918395
09/26 02:23:38 PM train 700 1.682845e-01 94.445435 99.921986
09/26 02:23:42 PM train 750 1.688201e-01 94.399134 99.923019
09/26 02:23:45 PM train_acc 94.366000
09/26 02:23:45 PM valid 000 3.470205e-01 89.062500 100.000000
09/26 02:23:46 PM valid 050 2.727808e-01 92.401961 99.724265
09/26 02:23:48 PM valid 100 2.717590e-01 92.249381 99.829827
09/26 02:23:49 PM valid 150 2.621665e-01 92.353063 99.834437
09/26 02:23:49 PM valid_acc 92.410000, best_acc 93.680000
09/26 02:23:49 PM epoch 289 lr 1.308917e-02
09/26 02:23:50 PM train 000 1.368161e-01 95.312500 100.000000
09/26 02:23:54 PM train 050 1.709379e-01 94.301471 100.000000
09/26 02:23:58 PM train 100 1.777368e-01 93.982054 99.922649
09/26 02:24:02 PM train 150 1.733865e-01 94.257036 99.896523
09/26 02:24:07 PM train 200 1.668475e-01 94.535137 99.914490
09/26 02:24:11 PM train 250 1.686099e-01 94.521912 99.906624
09/26 02:24:15 PM train 300 1.663644e-01 94.653239 99.906561
09/26 02:24:20 PM train 350 1.641419e-01 94.711538 99.910969
09/26 02:24:24 PM train 400 1.649986e-01 94.653990 99.914277
09/26 02:24:28 PM train 450 1.649580e-01 94.581486 99.916851
09/26 02:24:32 PM train 500 1.649626e-01 94.570235 99.918912
09/26 02:24:37 PM train 550 1.650201e-01 94.524161 99.917763
09/26 02:24:41 PM train 600 1.665861e-01 94.472754 99.919405
09/26 02:24:45 PM train 650 1.655088e-01 94.484447 99.918395
09/26 02:24:50 PM train 700 1.674331e-01 94.385253 99.910842
09/26 02:24:54 PM train 750 1.668097e-01 94.426182 99.910536
09/26 02:24:57 PM train_acc 94.420000
09/26 02:24:57 PM valid 000 3.472156e-01 90.625000 100.000000
09/26 02:24:58 PM valid 050 2.398816e-01 92.861520 99.877451
09/26 02:24:59 PM valid 100 2.378145e-01 92.790842 99.891708
09/26 02:25:01 PM valid 150 2.248528e-01 93.211921 99.875828
09/26 02:25:01 PM valid_acc 93.250000, best_acc 93.680000
09/26 02:25:01 PM epoch 290 lr 1.302379e-02
09/26 02:25:01 PM train 000 9.411909e-02 98.437500 100.000000
09/26 02:25:06 PM train 050 1.547686e-01 95.343137 99.877451
09/26 02:25:10 PM train 100 1.566655e-01 94.956683 99.907178
09/26 02:25:14 PM train 150 1.539377e-01 94.919288 99.886175
09/26 02:25:19 PM train 200 1.508448e-01 95.040423 99.914490
09/26 02:25:23 PM train 250 1.564791e-01 94.907869 99.925299
09/26 02:25:27 PM train 300 1.577993e-01 94.829734 99.922135
09/26 02:25:32 PM train 350 1.593793e-01 94.818376 99.919872
09/26 02:25:36 PM train 400 1.622468e-01 94.731920 99.918173
09/26 02:25:40 PM train 450 1.650921e-01 94.640382 99.923780
09/26 02:25:45 PM train 500 1.661041e-01 94.617016 99.928268
09/26 02:25:49 PM train 550 1.664304e-01 94.631919 99.929106
09/26 02:25:53 PM train 600 1.687430e-01 94.537750 99.919405
09/26 02:25:57 PM train 650 1.689647e-01 94.479647 99.915995
09/26 02:26:01 PM train 700 1.692218e-01 94.494472 99.917529
09/26 02:26:06 PM train 750 1.700774e-01 94.461551 99.916778
09/26 02:26:08 PM train_acc 94.418000
09/26 02:26:08 PM valid 000 2.252981e-01 92.187500 100.000000
09/26 02:26:09 PM valid 050 2.111654e-01 93.412990 99.785539
09/26 02:26:11 PM valid 100 2.286542e-01 92.991955 99.798886
09/26 02:26:12 PM valid 150 2.282257e-01 93.025662 99.813742
09/26 02:26:12 PM valid_acc 93.050000, best_acc 93.680000
09/26 02:26:12 PM epoch 291 lr 1.295839e-02
09/26 02:26:12 PM train 000 1.622473e-01 92.187500 100.000000
09/26 02:26:16 PM train 050 1.696210e-01 93.964461 99.969363
09/26 02:26:21 PM train 100 1.557628e-01 94.585396 99.922649
09/26 02:26:25 PM train 150 1.494860e-01 94.908940 99.937914
09/26 02:26:29 PM train 200 1.533054e-01 94.737251 99.914490
09/26 02:26:33 PM train 250 1.553789e-01 94.752241 99.894173
09/26 02:26:37 PM train 300 1.579954e-01 94.736296 99.896179
09/26 02:26:41 PM train 350 1.580536e-01 94.756054 99.897614
09/26 02:26:45 PM train 400 1.603822e-01 94.650094 99.894794
09/26 02:26:49 PM train 450 1.642662e-01 94.522589 99.892600
09/26 02:26:53 PM train 500 1.659870e-01 94.473553 99.875250
09/26 02:26:57 PM train 550 1.650365e-01 94.512818 99.886570
09/26 02:27:02 PM train 600 1.644141e-01 94.535150 99.883007
09/26 02:27:06 PM train 650 1.629586e-01 94.570853 99.889593
09/26 02:27:11 PM train 700 1.639633e-01 94.525678 99.886323
09/26 02:27:15 PM train 750 1.656700e-01 94.471954 99.885569
09/26 02:27:18 PM train_acc 94.496000
09/26 02:27:18 PM valid 000 2.789258e-01 92.187500 100.000000
09/26 02:27:19 PM valid 050 2.211308e-01 93.290441 99.877451
09/26 02:27:20 PM valid 100 2.267757e-01 93.425124 99.922649
09/26 02:27:22 PM valid 150 2.188406e-01 93.408526 99.948262
09/26 02:27:22 PM valid_acc 93.430000, best_acc 93.680000
09/26 02:27:22 PM epoch 292 lr 1.289298e-02
09/26 02:27:22 PM train 000 1.181270e-01 96.875000 100.000000
09/26 02:27:26 PM train 050 1.675717e-01 94.332108 99.846814
09/26 02:27:31 PM train 100 1.631223e-01 94.384282 99.922649
09/26 02:27:35 PM train 150 1.606237e-01 94.505381 99.927566
09/26 02:27:39 PM train 200 1.566691e-01 94.675062 99.945585
09/26 02:27:44 PM train 250 1.558057e-01 94.702440 99.937749
09/26 02:27:48 PM train 300 1.540068e-01 94.829734 99.932517
09/26 02:27:52 PM train 350 1.548462e-01 94.809473 99.924323
09/26 02:27:57 PM train 400 1.574456e-01 94.747506 99.918173
09/26 02:28:01 PM train 450 1.602011e-01 94.647312 99.909922
09/26 02:28:05 PM train 500 1.631758e-01 94.551522 99.900200
09/26 02:28:10 PM train 550 1.640130e-01 94.507146 99.903584
09/26 02:28:14 PM train 600 1.641418e-01 94.498752 99.906406
09/26 02:28:18 PM train 650 1.633195e-01 94.534850 99.908794
09/26 02:28:22 PM train 700 1.650163e-01 94.454351 99.908613
09/26 02:28:27 PM train 750 1.648565e-01 94.474035 99.908455
09/26 02:28:29 PM train_acc 94.466000
09/26 02:28:29 PM valid 000 1.042569e-01 95.312500 100.000000
09/26 02:28:31 PM valid 050 2.226532e-01 93.474265 99.693627
09/26 02:28:32 PM valid 100 2.241880e-01 93.487005 99.798886
09/26 02:28:33 PM valid 150 2.217638e-01 93.563742 99.834437
09/26 02:28:33 PM valid_acc 93.530000, best_acc 93.680000
09/26 02:28:33 PM epoch 293 lr 1.282755e-02
09/26 02:28:33 PM train 000 1.319424e-01 95.312500 100.000000
09/26 02:28:38 PM train 050 1.484050e-01 95.312500 99.908088
09/26 02:28:42 PM train 100 1.625692e-01 94.724629 99.907178
09/26 02:28:46 PM train 150 1.615676e-01 94.691639 99.917219
09/26 02:28:51 PM train 200 1.584196e-01 94.791667 99.922264
09/26 02:28:55 PM train 250 1.574571e-01 94.758466 99.937749
09/26 02:28:59 PM train 300 1.620688e-01 94.658430 99.927326
09/26 02:29:04 PM train 350 1.649822e-01 94.577991 99.915420
09/26 02:29:08 PM train 400 1.644650e-01 94.611128 99.894794
09/26 02:29:12 PM train 450 1.637705e-01 94.633453 99.906458
09/26 02:29:17 PM train 500 1.619723e-01 94.707460 99.903318
09/26 02:29:21 PM train 550 1.626583e-01 94.711320 99.903584
09/26 02:29:25 PM train 600 1.623626e-01 94.665141 99.903806
09/26 02:29:30 PM train 650 1.631141e-01 94.611655 99.894393
09/26 02:29:34 PM train 700 1.625351e-01 94.641583 99.895239
09/26 02:29:38 PM train 750 1.636187e-01 94.582224 99.895972
09/26 02:29:41 PM train_acc 94.566000
09/26 02:29:41 PM valid 000 2.469625e-01 92.187500 100.000000
09/26 02:29:42 PM valid 050 2.110024e-01 93.688725 99.938725
09/26 02:29:43 PM valid 100 2.153107e-01 93.471535 99.922649
09/26 02:29:45 PM valid 150 2.124667e-01 93.729305 99.937914
09/26 02:29:45 PM valid_acc 93.740000, best_acc 93.740000
09/26 02:29:45 PM epoch 294 lr 1.276212e-02
09/26 02:29:45 PM train 000 1.245508e-01 93.750000 100.000000
09/26 02:29:50 PM train 050 1.531189e-01 94.791667 99.938725
09/26 02:29:54 PM train 100 1.522107e-01 94.910272 99.953589
09/26 02:29:58 PM train 150 1.596463e-01 94.608858 99.937914
09/26 02:30:02 PM train 200 1.585051e-01 94.675062 99.914490
09/26 02:30:07 PM train 250 1.562086e-01 94.777141 99.912849
09/26 02:30:11 PM train 300 1.566894e-01 94.798588 99.922135
09/26 02:30:15 PM train 350 1.531632e-01 94.974181 99.924323
09/26 02:30:19 PM train 400 1.539909e-01 94.903367 99.925966
09/26 02:30:24 PM train 450 1.540922e-01 94.900222 99.927245
09/26 02:30:28 PM train 500 1.585866e-01 94.763598 99.925150
09/26 02:30:32 PM train 550 1.606844e-01 94.668784 99.929106
09/26 02:30:37 PM train 600 1.607985e-01 94.683340 99.919405
09/26 02:30:41 PM train 650 1.609363e-01 94.676459 99.923195
09/26 02:30:45 PM train 700 1.632518e-01 94.617065 99.921986
09/26 02:30:50 PM train 750 1.642089e-01 94.582224 99.920939
09/26 02:30:52 PM train_acc 94.554000
09/26 02:30:52 PM valid 000 2.965843e-01 90.625000 100.000000
09/26 02:30:54 PM valid 050 2.378908e-01 92.738971 99.877451
09/26 02:30:55 PM valid 100 2.414815e-01 92.868193 99.860767
09/26 02:30:56 PM valid 150 2.355530e-01 93.160182 99.875828
09/26 02:30:57 PM valid_acc 93.150000, best_acc 93.740000
09/26 02:30:57 PM epoch 295 lr 1.269668e-02
09/26 02:30:57 PM train 000 1.162010e-01 96.875000 100.000000
09/26 02:31:01 PM train 050 1.279881e-01 95.833333 99.969363
09/26 02:31:05 PM train 100 1.325582e-01 95.745668 99.969059
09/26 02:31:09 PM train 150 1.359480e-01 95.509106 99.958609
09/26 02:31:14 PM train 200 1.484517e-01 95.048197 99.945585
09/26 02:31:18 PM train 250 1.536986e-01 94.914094 99.943974
09/26 02:31:23 PM train 300 1.567331e-01 94.751869 99.942899
09/26 02:31:27 PM train 350 1.571544e-01 94.733796 99.928775
09/26 02:31:31 PM train 400 1.592077e-01 94.669576 99.910380
09/26 02:31:36 PM train 450 1.607550e-01 94.643847 99.913387
09/26 02:31:40 PM train 500 1.620334e-01 94.641966 99.912675
09/26 02:31:44 PM train 550 1.633046e-01 94.600726 99.909256
09/26 02:31:49 PM train 600 1.633567e-01 94.602745 99.909006
09/26 02:31:53 PM train 650 1.642504e-01 94.563652 99.915995
09/26 02:31:57 PM train 700 1.654391e-01 94.534593 99.917529
09/26 02:32:02 PM train 750 1.667990e-01 94.492760 99.910536
09/26 02:32:04 PM train_acc 94.476000
09/26 02:32:05 PM valid 000 2.278045e-01 92.187500 100.000000
09/26 02:32:06 PM valid 050 2.142454e-01 93.412990 99.938725
09/26 02:32:07 PM valid 100 2.281854e-01 93.394183 99.907178
09/26 02:32:09 PM valid 150 2.206328e-01 93.553394 99.875828
09/26 02:32:09 PM valid_acc 93.550000, best_acc 93.740000
09/26 02:32:09 PM epoch 296 lr 1.263124e-02
09/26 02:32:09 PM train 000 9.315073e-02 98.437500 100.000000
09/26 02:32:13 PM train 050 1.655442e-01 94.607843 99.938725
09/26 02:32:18 PM train 100 1.576199e-01 94.771040 99.953589
09/26 02:32:22 PM train 150 1.623530e-01 94.639901 99.937914
09/26 02:32:26 PM train 200 1.655640e-01 94.628420 99.930037
09/26 02:32:31 PM train 250 1.669839e-01 94.584163 99.937749
09/26 02:32:35 PM train 300 1.650470e-01 94.663621 99.927326
09/26 02:32:39 PM train 350 1.648560e-01 94.591346 99.933226
09/26 02:32:43 PM train 400 1.638482e-01 94.646197 99.918173
09/26 02:32:48 PM train 450 1.624893e-01 94.661170 99.927245
09/26 02:32:52 PM train 500 1.621647e-01 94.648204 99.931387
09/26 02:32:56 PM train 550 1.623058e-01 94.657441 99.923435
09/26 02:33:01 PM train 600 1.627224e-01 94.639143 99.916805
09/26 02:33:05 PM train 650 1.631046e-01 94.630856 99.915995
09/26 02:33:09 PM train 700 1.623032e-01 94.619294 99.919757
09/26 02:33:14 PM train 750 1.625103e-01 94.619674 99.923019
09/26 02:33:16 PM train_acc 94.662000
09/26 02:33:17 PM valid 000 1.220947e-01 95.312500 100.000000
09/26 02:33:18 PM valid 050 2.266595e-01 93.688725 99.969363
09/26 02:33:19 PM valid 100 2.295027e-01 93.610767 99.876238
09/26 02:33:20 PM valid 150 2.180096e-01 93.739652 99.886175
09/26 02:33:21 PM valid_acc 93.730000, best_acc 93.740000
09/26 02:33:21 PM epoch 297 lr 1.256579e-02
09/26 02:33:21 PM train 000 2.066294e-01 93.750000 100.000000
09/26 02:33:25 PM train 050 1.531200e-01 94.852941 99.969363
09/26 02:33:30 PM train 100 1.410009e-01 95.358911 99.984530
09/26 02:33:34 PM train 150 1.399340e-01 95.281457 99.937914
09/26 02:33:38 PM train 200 1.426700e-01 95.149254 99.937811
09/26 02:33:43 PM train 250 1.450904e-01 95.069721 99.943974
09/26 02:33:47 PM train 300 1.450159e-01 95.058140 99.927326
09/26 02:33:51 PM train 350 1.487374e-01 94.929665 99.910969
09/26 02:33:56 PM train 400 1.519514e-01 94.821540 99.894794
09/26 02:34:00 PM train 450 1.552336e-01 94.723531 99.892600
09/26 02:34:04 PM train 500 1.537736e-01 94.772954 99.903318
09/26 02:34:08 PM train 550 1.543086e-01 94.762364 99.906420
09/26 02:34:13 PM train 600 1.554467e-01 94.745736 99.903806
09/26 02:34:17 PM train 650 1.577613e-01 94.717262 99.899194
09/26 02:34:21 PM train 700 1.593632e-01 94.688392 99.895239
09/26 02:34:26 PM train 750 1.608264e-01 94.667527 99.893891
09/26 02:34:28 PM train_acc 94.676000
09/26 02:34:29 PM valid 000 2.652850e-01 92.187500 100.000000
09/26 02:34:30 PM valid 050 2.116491e-01 93.995098 99.816176
09/26 02:34:31 PM valid 100 2.136649e-01 93.811881 99.829827
09/26 02:34:33 PM valid 150 2.094357e-01 93.801738 99.844785
09/26 02:34:33 PM valid_acc 93.760000, best_acc 93.760000
09/26 02:34:33 PM epoch 298 lr 1.250034e-02
09/26 02:34:33 PM train 000 1.439167e-01 96.875000 100.000000
09/26 02:34:37 PM train 050 1.550553e-01 94.914216 99.877451
09/26 02:34:42 PM train 100 1.584125e-01 94.693688 99.938119
09/26 02:34:46 PM train 150 1.502241e-01 95.022765 99.958609
09/26 02:34:51 PM train 200 1.516190e-01 94.916045 99.937811
09/26 02:34:55 PM train 250 1.510485e-01 94.926544 99.937749
09/26 02:34:59 PM train 300 1.548577e-01 94.788206 99.927326
09/26 02:35:04 PM train 350 1.552329e-01 94.805021 99.924323
09/26 02:35:08 PM train 400 1.588339e-01 94.677369 99.925966
09/26 02:35:12 PM train 450 1.582666e-01 94.702744 99.930710
09/26 02:35:16 PM train 500 1.579177e-01 94.713698 99.934506
09/26 02:35:21 PM train 550 1.586310e-01 94.734006 99.931942
09/26 02:35:25 PM train 600 1.600831e-01 94.696339 99.927205
09/26 02:35:29 PM train 650 1.604539e-01 94.640457 99.927995
09/26 02:35:34 PM train 700 1.615649e-01 94.610378 99.930902
09/26 02:35:38 PM train 750 1.621764e-01 94.617593 99.927180
09/26 02:35:41 PM train_acc 94.652000
09/26 02:35:41 PM valid 000 4.086541e-01 92.187500 100.000000
09/26 02:35:42 PM valid 050 2.360722e-01 93.535539 99.846814
09/26 02:35:43 PM valid 100 2.325015e-01 93.316832 99.876238
09/26 02:35:45 PM valid 150 2.273206e-01 93.408526 99.855132
09/26 02:35:45 PM valid_acc 93.430000, best_acc 93.760000
09/26 02:35:45 PM epoch 299 lr 1.243489e-02
09/26 02:35:45 PM train 000 6.691752e-02 98.437500 100.000000
09/26 02:35:49 PM train 050 1.454488e-01 95.312500 99.877451
09/26 02:35:54 PM train 100 1.480454e-01 95.018564 99.860767
09/26 02:35:58 PM train 150 1.443635e-01 95.250414 99.886175
09/26 02:36:02 PM train 200 1.492241e-01 95.040423 99.891169
09/26 02:36:07 PM train 250 1.493709e-01 95.131972 99.863048
09/26 02:36:11 PM train 300 1.565640e-01 94.912791 99.880606
09/26 02:36:15 PM train 350 1.581546e-01 94.853989 99.879808
09/26 02:36:20 PM train 400 1.582286e-01 94.841022 99.883105
09/26 02:36:24 PM train 450 1.568930e-01 94.886364 99.892600
09/26 02:36:28 PM train 500 1.583483e-01 94.835329 99.903318
09/26 02:36:33 PM train 550 1.599579e-01 94.768035 99.906420
09/26 02:36:37 PM train 600 1.612430e-01 94.706739 99.890807
09/26 02:36:41 PM train 650 1.610079e-01 94.746064 99.889593
09/26 02:36:45 PM train 700 1.615243e-01 94.715139 99.893010
09/26 02:36:49 PM train 750 1.628444e-01 94.652963 99.895972
09/26 02:36:52 PM train_acc 94.648000
09/26 02:36:52 PM valid 000 1.724480e-01 92.187500 100.000000
09/26 02:36:54 PM valid 050 2.255405e-01 93.075980 99.724265
09/26 02:36:55 PM valid 100 2.344065e-01 92.945545 99.783416
09/26 02:36:56 PM valid 150 2.336125e-01 92.829056 99.803394
09/26 02:36:56 PM valid_acc 92.840000, best_acc 93.760000
09/26 02:36:57 PM epoch 300 lr 1.236944e-02
09/26 02:36:57 PM train 000 8.823837e-02 98.437500 100.000000
09/26 02:37:01 PM train 050 1.736021e-01 94.270833 99.908088
09/26 02:37:05 PM train 100 1.642580e-01 94.492574 99.876238
09/26 02:37:10 PM train 150 1.596988e-01 94.712334 99.875828
09/26 02:37:14 PM train 200 1.548890e-01 94.900498 99.867848
09/26 02:37:18 PM train 250 1.558292e-01 94.746016 99.875498
09/26 02:37:23 PM train 300 1.552153e-01 94.793397 99.875415
09/26 02:37:27 PM train 350 1.542918e-01 94.849537 99.888711
09/26 02:37:31 PM train 400 1.533336e-01 94.848815 99.898691
09/26 02:37:36 PM train 450 1.553079e-01 94.803215 99.899529
09/26 02:37:40 PM train 500 1.584024e-01 94.704341 99.903318
09/26 02:37:44 PM train 550 1.583181e-01 94.651770 99.906420
09/26 02:37:49 PM train 600 1.595190e-01 94.602745 99.903806
09/26 02:37:53 PM train 650 1.600404e-01 94.556452 99.906394
09/26 02:37:57 PM train 700 1.603333e-01 94.554654 99.910842
09/26 02:38:02 PM train 750 1.615407e-01 94.515646 99.912617
09/26 02:38:04 PM train_acc 94.516000
09/26 02:38:04 PM valid 000 2.802868e-01 90.625000 100.000000
09/26 02:38:06 PM valid 050 2.254221e-01 93.290441 99.908088
09/26 02:38:07 PM valid 100 2.346210e-01 93.146658 99.876238
09/26 02:38:08 PM valid 150 2.299834e-01 93.325745 99.886175
09/26 02:38:08 PM valid_acc 93.370000, best_acc 93.760000
09/26 02:38:09 PM epoch 301 lr 1.230400e-02
09/26 02:38:09 PM train 000 1.071423e-01 95.312500 100.000000
09/26 02:38:13 PM train 050 1.459580e-01 94.975490 99.908088
09/26 02:38:17 PM train 100 1.446855e-01 95.327970 99.907178
09/26 02:38:21 PM train 150 1.472519e-01 95.209023 99.906871
09/26 02:38:26 PM train 200 1.476706e-01 95.328047 99.930037
09/26 02:38:30 PM train 250 1.489357e-01 95.200448 99.931524
09/26 02:38:35 PM train 300 1.486756e-01 95.151578 99.916944
09/26 02:38:39 PM train 350 1.499889e-01 95.094373 99.906517
09/26 02:38:43 PM train 400 1.508447e-01 95.039744 99.910380
09/26 02:38:47 PM train 450 1.539766e-01 94.921009 99.909922
09/26 02:38:52 PM train 500 1.545025e-01 94.935130 99.906437
09/26 02:38:56 PM train 550 1.548865e-01 94.935345 99.903584
09/26 02:39:00 PM train 600 1.552408e-01 94.906926 99.903806
09/26 02:39:05 PM train 650 1.547810e-01 94.899674 99.908794
09/26 02:39:09 PM train 700 1.574981e-01 94.788695 99.901926
09/26 02:39:13 PM train 750 1.576726e-01 94.779877 99.900133
09/26 02:39:16 PM train_acc 94.768000
09/26 02:39:16 PM valid 000 1.331720e-01 95.312500 100.000000
09/26 02:39:17 PM valid 050 2.492442e-01 92.922794 99.662990
09/26 02:39:18 PM valid 100 2.387297e-01 93.069307 99.752475
09/26 02:39:20 PM valid 150 2.354694e-01 93.170530 99.772351
09/26 02:39:20 PM valid_acc 93.170000, best_acc 93.760000
09/26 02:39:20 PM epoch 302 lr 1.223856e-02
09/26 02:39:20 PM train 000 1.161079e-01 93.750000 100.000000
09/26 02:39:24 PM train 050 1.561351e-01 94.944853 99.846814
09/26 02:39:29 PM train 100 1.494720e-01 95.142327 99.860767
09/26 02:39:33 PM train 150 1.498596e-01 95.074503 99.906871
09/26 02:39:37 PM train 200 1.482803e-01 95.071517 99.922264
09/26 02:39:42 PM train 250 1.474291e-01 95.150647 99.925299
09/26 02:39:46 PM train 300 1.502073e-01 95.047757 99.927326
09/26 02:39:50 PM train 350 1.496037e-01 95.023148 99.937678
09/26 02:39:54 PM train 400 1.534694e-01 94.864401 99.933759
09/26 02:39:59 PM train 450 1.544484e-01 94.837860 99.930710
09/26 02:40:03 PM train 500 1.550097e-01 94.807260 99.928268
09/26 02:40:08 PM train 550 1.555603e-01 94.762364 99.931942
09/26 02:40:12 PM train 600 1.567821e-01 94.743136 99.932404
09/26 02:40:16 PM train 650 1.576813e-01 94.698061 99.930396
09/26 02:40:21 PM train 700 1.594444e-01 94.663873 99.928673
09/26 02:40:25 PM train 750 1.604063e-01 94.630077 99.933422
09/26 02:40:28 PM train_acc 94.594000
09/26 02:40:28 PM valid 000 2.077283e-01 93.750000 100.000000
09/26 02:40:29 PM valid 050 2.153612e-01 93.382353 99.816176
09/26 02:40:30 PM valid 100 2.211582e-01 93.378713 99.876238
09/26 02:40:32 PM valid 150 2.201169e-01 93.387831 99.855132
09/26 02:40:32 PM valid_acc 93.390000, best_acc 93.760000
09/26 02:40:32 PM epoch 303 lr 1.217313e-02
09/26 02:40:32 PM train 000 5.910613e-02 98.437500 100.000000
09/26 02:40:37 PM train 050 1.737787e-01 94.393382 99.908088
09/26 02:40:41 PM train 100 1.753167e-01 94.105817 99.891708
09/26 02:40:45 PM train 150 1.732251e-01 94.277732 99.875828
09/26 02:40:49 PM train 200 1.690103e-01 94.325249 99.875622
09/26 02:40:53 PM train 250 1.648782e-01 94.453436 99.894173
09/26 02:40:58 PM train 300 1.623449e-01 94.549419 99.885797
09/26 02:41:02 PM train 350 1.638976e-01 94.497863 99.888711
09/26 02:41:06 PM train 400 1.608777e-01 94.615025 99.898691
09/26 02:41:11 PM train 450 1.592865e-01 94.657705 99.906458
09/26 02:41:15 PM train 500 1.588595e-01 94.651322 99.906437
09/26 02:41:19 PM train 550 1.595367e-01 94.643262 99.906420
09/26 02:41:24 PM train 600 1.593640e-01 94.641743 99.906406
09/26 02:41:28 PM train 650 1.594969e-01 94.659658 99.903994
09/26 02:41:32 PM train 700 1.605359e-01 94.625981 99.899697
09/26 02:41:37 PM train 750 1.617410e-01 94.609271 99.889730
09/26 02:41:39 PM train_acc 94.618000
09/26 02:41:39 PM valid 000 2.367036e-01 93.750000 100.000000
09/26 02:41:41 PM valid 050 2.110185e-01 93.995098 99.785539
09/26 02:41:42 PM valid 100 2.148090e-01 93.842822 99.767946
09/26 02:41:43 PM valid 150 2.144299e-01 93.687914 99.793046
09/26 02:41:44 PM valid_acc 93.680000, best_acc 93.760000
09/26 02:41:44 PM epoch 304 lr 1.210771e-02
09/26 02:41:44 PM train 000 1.462513e-01 93.750000 100.000000
09/26 02:41:48 PM train 050 1.400446e-01 95.159314 99.969363
09/26 02:41:52 PM train 100 1.467029e-01 94.894802 99.969059
09/26 02:41:57 PM train 150 1.481224e-01 94.836507 99.948262
09/26 02:42:01 PM train 200 1.463399e-01 94.916045 99.945585
09/26 02:42:05 PM train 250 1.454652e-01 95.063496 99.943974
09/26 02:42:10 PM train 300 1.464338e-01 95.026993 99.932517
09/26 02:42:14 PM train 350 1.517332e-01 94.920762 99.928775
09/26 02:42:18 PM train 400 1.544597e-01 94.841022 99.925966
09/26 02:42:22 PM train 450 1.573785e-01 94.789357 99.923780
09/26 02:42:26 PM train 500 1.568133e-01 94.838448 99.925150
09/26 02:42:31 PM train 550 1.555913e-01 94.872958 99.929106
09/26 02:42:35 PM train 600 1.563715e-01 94.841930 99.929804
09/26 02:42:40 PM train 650 1.559282e-01 94.854071 99.923195
09/26 02:42:44 PM train 700 1.567595e-01 94.808755 99.924215
09/26 02:42:48 PM train 750 1.583935e-01 94.756991 99.925100
09/26 02:42:51 PM train_acc 94.716000
09/26 02:42:51 PM valid 000 1.464105e-01 93.750000 100.000000
09/26 02:42:52 PM valid 050 2.835097e-01 91.881127 99.693627
09/26 02:42:53 PM valid 100 2.684565e-01 92.233911 99.752475
09/26 02:42:55 PM valid 150 2.658201e-01 92.322020 99.762003
09/26 02:42:55 PM valid_acc 92.280000, best_acc 93.760000
09/26 02:42:55 PM epoch 305 lr 1.204229e-02
09/26 02:42:55 PM train 000 2.057265e-01 92.187500 100.000000
09/26 02:43:00 PM train 050 1.643665e-01 94.730392 99.877451
09/26 02:43:04 PM train 100 1.572712e-01 94.925743 99.860767
09/26 02:43:08 PM train 150 1.553604e-01 94.877897 99.896523
09/26 02:43:13 PM train 200 1.489662e-01 95.009328 99.906716
09/26 02:43:17 PM train 250 1.485981e-01 95.063496 99.912849
09/26 02:43:21 PM train 300 1.516090e-01 94.954319 99.896179
09/26 02:43:25 PM train 350 1.536185e-01 94.916311 99.893162
09/26 02:43:30 PM train 400 1.554007e-01 94.848815 99.898691
09/26 02:43:34 PM train 450 1.594361e-01 94.723531 99.899529
09/26 02:43:38 PM train 500 1.598919e-01 94.701223 99.903318
09/26 02:43:43 PM train 550 1.619343e-01 94.646098 99.903584
09/26 02:43:47 PM train 600 1.618846e-01 94.665141 99.911606
09/26 02:43:51 PM train 650 1.603498e-01 94.702861 99.913594
09/26 02:43:56 PM train 700 1.597441e-01 94.737429 99.915300
09/26 02:44:00 PM train 750 1.599595e-01 94.717460 99.918858
09/26 02:44:03 PM train_acc 94.706000
09/26 02:44:03 PM valid 000 2.450046e-01 93.750000 100.000000
09/26 02:44:04 PM valid 050 2.445941e-01 92.892157 99.816176
09/26 02:44:05 PM valid 100 2.477033e-01 93.007426 99.860767
09/26 02:44:07 PM valid 150 2.454758e-01 92.984272 99.834437
09/26 02:44:07 PM valid_acc 93.010000, best_acc 93.760000
09/26 02:44:07 PM epoch 306 lr 1.197690e-02
09/26 02:44:07 PM train 000 8.045065e-02 98.437500 100.000000
09/26 02:44:12 PM train 050 1.435998e-01 95.465686 99.877451
09/26 02:44:16 PM train 100 1.457274e-01 95.374381 99.876238
09/26 02:44:20 PM train 150 1.478653e-01 95.302152 99.917219
09/26 02:44:25 PM train 200 1.521995e-01 95.133706 99.906716
09/26 02:44:29 PM train 250 1.501471e-01 95.150647 99.900398
09/26 02:44:33 PM train 300 1.509985e-01 95.058140 99.896179
09/26 02:44:38 PM train 350 1.517360e-01 95.014245 99.897614
09/26 02:44:42 PM train 400 1.531803e-01 94.930642 99.906484
09/26 02:44:46 PM train 450 1.518349e-01 94.945261 99.913387
09/26 02:44:50 PM train 500 1.536515e-01 94.916417 99.909556
09/26 02:44:55 PM train 550 1.537103e-01 94.935345 99.906420
09/26 02:44:59 PM train 600 1.555150e-01 94.880928 99.906406
09/26 02:45:03 PM train 650 1.580448e-01 94.810868 99.906394
09/26 02:45:08 PM train 700 1.577642e-01 94.862250 99.901926
09/26 02:45:12 PM train 750 1.595367e-01 94.771555 99.900133
09/26 02:45:15 PM train_acc 94.758000
09/26 02:45:15 PM valid 000 1.259782e-01 95.312500 100.000000
09/26 02:45:16 PM valid 050 1.985354e-01 93.872549 99.846814
09/26 02:45:17 PM valid 100 2.070659e-01 93.641708 99.891708
09/26 02:45:19 PM valid 150 2.001823e-01 93.781043 99.886175
09/26 02:45:19 PM valid_acc 93.780000, best_acc 93.780000
09/26 02:45:19 PM epoch 307 lr 1.191151e-02
09/26 02:45:19 PM train 000 1.604064e-01 93.750000 100.000000
09/26 02:45:24 PM train 050 1.623194e-01 94.301471 99.969363
09/26 02:45:28 PM train 100 1.611030e-01 94.647277 99.953589
09/26 02:45:32 PM train 150 1.508564e-01 95.002070 99.958609
09/26 02:45:37 PM train 200 1.479956e-01 95.149254 99.961132
09/26 02:45:41 PM train 250 1.505264e-01 95.075946 99.937749
09/26 02:45:45 PM train 300 1.521258e-01 94.980274 99.937708
09/26 02:45:49 PM train 350 1.526093e-01 94.951923 99.928775
09/26 02:45:54 PM train 400 1.520309e-01 94.985193 99.922070
09/26 02:45:58 PM train 450 1.520707e-01 94.945261 99.923780
09/26 02:46:02 PM train 500 1.537727e-01 94.956961 99.918912
09/26 02:46:07 PM train 550 1.529915e-01 94.977881 99.917763
09/26 02:46:11 PM train 600 1.539835e-01 94.951123 99.916805
09/26 02:46:15 PM train 650 1.550707e-01 94.880472 99.913594
09/26 02:46:20 PM train 700 1.549963e-01 94.877853 99.915300
09/26 02:46:24 PM train 750 1.559783e-01 94.858938 99.914697
09/26 02:46:27 PM train_acc 94.814000
09/26 02:46:27 PM valid 000 3.890170e-01 90.625000 100.000000
09/26 02:46:28 PM valid 050 2.444809e-01 92.953431 99.785539
09/26 02:46:29 PM valid 100 2.526512e-01 92.852723 99.814356
09/26 02:46:30 PM valid 150 2.391624e-01 93.025662 99.824089
09/26 02:46:31 PM valid_acc 93.070000, best_acc 93.780000
09/26 02:46:31 PM epoch 308 lr 1.184614e-02
09/26 02:46:31 PM train 000 1.145192e-01 96.875000 100.000000
09/26 02:46:35 PM train 050 1.446153e-01 95.006127 99.908088
09/26 02:46:40 PM train 100 1.316895e-01 95.389851 99.953589
09/26 02:46:44 PM train 150 1.349422e-01 95.447020 99.927566
09/26 02:46:48 PM train 200 1.389722e-01 95.405784 99.930037
09/26 02:46:53 PM train 250 1.418321e-01 95.362301 99.912849
09/26 02:46:57 PM train 300 1.414500e-01 95.359219 99.916944
09/26 02:47:01 PM train 350 1.459762e-01 95.165598 99.906517
09/26 02:47:05 PM train 400 1.485679e-01 95.067020 99.906484
09/26 02:47:10 PM train 450 1.508090e-01 94.990299 99.906458
09/26 02:47:14 PM train 500 1.514643e-01 94.950724 99.912675
09/26 02:47:18 PM train 550 1.530970e-01 94.878630 99.912092
09/26 02:47:23 PM train 600 1.536205e-01 94.841930 99.914205
09/26 02:47:27 PM train 650 1.542894e-01 94.798867 99.915995
09/26 02:47:31 PM train 700 1.547799e-01 94.788695 99.917529
09/26 02:47:35 PM train 750 1.560742e-01 94.748668 99.908455
09/26 02:47:38 PM train_acc 94.718000
09/26 02:47:38 PM valid 000 1.453137e-01 96.875000 100.000000
09/26 02:47:39 PM valid 050 2.264196e-01 93.596814 99.693627
09/26 02:47:41 PM valid 100 2.301795e-01 93.409653 99.690594
09/26 02:47:42 PM valid 150 2.240081e-01 93.625828 99.751656
09/26 02:47:42 PM valid_acc 93.620000, best_acc 93.780000
09/26 02:47:42 PM epoch 309 lr 1.178079e-02
09/26 02:47:43 PM train 000 9.585495e-02 98.437500 100.000000
09/26 02:47:47 PM train 050 1.564955e-01 95.036765 99.908088
09/26 02:47:51 PM train 100 1.551657e-01 94.925743 99.876238
09/26 02:47:56 PM train 150 1.451079e-01 95.281457 99.896523
09/26 02:48:00 PM train 200 1.482823e-01 95.219216 99.898943
09/26 02:48:04 PM train 250 1.545288e-01 95.007470 99.887948
09/26 02:48:09 PM train 300 1.556130e-01 94.907600 99.896179
09/26 02:48:13 PM train 350 1.575886e-01 94.858440 99.893162
09/26 02:48:17 PM train 400 1.590389e-01 94.739713 99.887001
09/26 02:48:22 PM train 450 1.580896e-01 94.737389 99.889135
09/26 02:48:26 PM train 500 1.569706e-01 94.794785 99.890843
09/26 02:48:30 PM train 550 1.567779e-01 94.799229 99.889406
09/26 02:48:35 PM train 600 1.578793e-01 94.758735 99.893407
09/26 02:48:39 PM train 650 1.598903e-01 94.674059 99.891993
09/26 02:48:43 PM train 700 1.596029e-01 94.670560 99.890781
09/26 02:48:48 PM train 750 1.594792e-01 94.688332 99.898053
09/26 02:48:51 PM train_acc 94.700000
09/26 02:48:51 PM valid 000 1.133738e-01 96.875000 100.000000
09/26 02:48:52 PM valid 050 2.078362e-01 93.596814 99.877451
09/26 02:48:53 PM valid 100 2.071666e-01 93.672649 99.860767
09/26 02:48:54 PM valid 150 2.100712e-01 93.615480 99.896523
09/26 02:48:54 PM valid_acc 93.600000, best_acc 93.780000
09/26 02:48:55 PM epoch 310 lr 1.171546e-02
09/26 02:48:55 PM train 000 1.495644e-01 95.312500 100.000000
09/26 02:48:59 PM train 050 1.337772e-01 95.251225 100.000000
09/26 02:49:03 PM train 100 1.331569e-01 95.513614 99.984530
09/26 02:49:08 PM train 150 1.378066e-01 95.281457 99.948262
09/26 02:49:12 PM train 200 1.469220e-01 95.071517 99.930037
09/26 02:49:16 PM train 250 1.501242e-01 94.976345 99.925299
09/26 02:49:21 PM train 300 1.505672e-01 94.995847 99.916944
09/26 02:49:25 PM train 350 1.500507e-01 94.996439 99.915420
09/26 02:49:29 PM train 400 1.507953e-01 95.000779 99.922070
09/26 02:49:34 PM train 450 1.503308e-01 95.021480 99.927245
09/26 02:49:38 PM train 500 1.500578e-01 95.016218 99.931387
09/26 02:49:42 PM train 550 1.529148e-01 94.918330 99.931942
09/26 02:49:47 PM train 600 1.541284e-01 94.870528 99.929804
09/26 02:49:51 PM train 650 1.551155e-01 94.832469 99.927995
09/26 02:49:56 PM train 700 1.557403e-01 94.817671 99.930902
09/26 02:50:00 PM train 750 1.566801e-01 94.781957 99.925100
09/26 02:50:03 PM train_acc 94.756000
09/26 02:50:03 PM valid 000 2.480660e-01 92.187500 100.000000
09/26 02:50:04 PM valid 050 2.134846e-01 93.750000 99.816176
09/26 02:50:05 PM valid 100 2.194957e-01 93.409653 99.876238
09/26 02:50:07 PM valid 150 2.152574e-01 93.594785 99.886175
09/26 02:50:07 PM valid_acc 93.640000, best_acc 93.780000
09/26 02:50:07 PM epoch 311 lr 1.165015e-02
09/26 02:50:07 PM train 000 5.948345e-02 98.437500 100.000000
09/26 02:50:11 PM train 050 1.594741e-01 94.975490 99.908088
09/26 02:50:16 PM train 100 1.554498e-01 95.157797 99.907178
09/26 02:50:20 PM train 150 1.552014e-01 94.867550 99.927566
09/26 02:50:25 PM train 200 1.550036e-01 94.877177 99.937811
09/26 02:50:29 PM train 250 1.573621e-01 94.764691 99.943974
09/26 02:50:33 PM train 300 1.564536e-01 94.845307 99.937708
09/26 02:50:37 PM train 350 1.531402e-01 94.938568 99.942130
09/26 02:50:42 PM train 400 1.542107e-01 94.841022 99.914277
09/26 02:50:46 PM train 450 1.548429e-01 94.834396 99.909922
09/26 02:50:51 PM train 500 1.549283e-01 94.841567 99.915793
09/26 02:50:55 PM train 550 1.568956e-01 94.762364 99.912092
09/26 02:50:59 PM train 600 1.574410e-01 94.732737 99.911606
09/26 02:51:04 PM train 650 1.590408e-01 94.678859 99.903994
09/26 02:51:08 PM train 700 1.584575e-01 94.728513 99.906384
09/26 02:51:12 PM train 750 1.587362e-01 94.727863 99.908455
09/26 02:51:15 PM train_acc 94.728000
09/26 02:51:15 PM valid 000 3.110097e-01 89.062500 100.000000
09/26 02:51:17 PM valid 050 2.389788e-01 92.769608 99.816176
09/26 02:51:18 PM valid 100 2.229127e-01 93.038366 99.829827
09/26 02:51:19 PM valid 150 2.196770e-01 93.139487 99.844785
09/26 02:51:20 PM valid_acc 93.090000, best_acc 93.780000
09/26 02:51:20 PM epoch 312 lr 1.158486e-02
09/26 02:51:20 PM train 000 1.077244e-01 96.875000 100.000000
09/26 02:51:24 PM train 050 1.443524e-01 95.281863 99.938725
09/26 02:51:28 PM train 100 1.432347e-01 95.219678 99.938119
09/26 02:51:33 PM train 150 1.387628e-01 95.395281 99.927566
09/26 02:51:37 PM train 200 1.412773e-01 95.234764 99.930037
09/26 02:51:41 PM train 250 1.430002e-01 95.262699 99.919074
09/26 02:51:46 PM train 300 1.431606e-01 95.245017 99.911752
09/26 02:51:50 PM train 350 1.445963e-01 95.263533 99.902066
09/26 02:51:55 PM train 400 1.429986e-01 95.331983 99.906484
09/26 02:51:59 PM train 450 1.431061e-01 95.329823 99.916851
09/26 02:52:03 PM train 500 1.441974e-01 95.256362 99.909556
09/26 02:52:08 PM train 550 1.458785e-01 95.201906 99.914927
09/26 02:52:12 PM train 600 1.473226e-01 95.117512 99.922005
09/26 02:52:16 PM train 650 1.492765e-01 95.029282 99.925595
09/26 02:52:21 PM train 700 1.502947e-01 95.007133 99.926444
09/26 02:52:25 PM train 750 1.517584e-01 94.983772 99.918858
09/26 02:52:28 PM train_acc 94.946000
09/26 02:52:28 PM valid 000 1.669162e-01 93.750000 100.000000
09/26 02:52:29 PM valid 050 2.364863e-01 93.658088 99.754902
09/26 02:52:31 PM valid 100 2.309779e-01 93.641708 99.814356
09/26 02:52:32 PM valid 150 2.350375e-01 93.418874 99.875828
09/26 02:52:32 PM valid_acc 93.390000, best_acc 93.780000
09/26 02:52:32 PM epoch 313 lr 1.151960e-02
09/26 02:52:33 PM train 000 1.557254e-01 93.750000 100.000000
09/26 02:52:37 PM train 050 1.597943e-01 94.424020 99.938725
09/26 02:52:41 PM train 100 1.539120e-01 94.709158 99.969059
09/26 02:52:46 PM train 150 1.536273e-01 94.650248 99.958609
09/26 02:52:50 PM train 200 1.537822e-01 94.675062 99.968905
09/26 02:52:54 PM train 250 1.510847e-01 94.777141 99.975100
09/26 02:52:58 PM train 300 1.529334e-01 94.783015 99.963663
09/26 02:53:02 PM train 350 1.545356e-01 94.693732 99.951033
09/26 02:53:07 PM train 400 1.561946e-01 94.657887 99.945449
09/26 02:53:11 PM train 450 1.565223e-01 94.681957 99.941103
09/26 02:53:15 PM train 500 1.575697e-01 94.648204 99.937625
09/26 02:53:20 PM train 550 1.587001e-01 94.629083 99.929106
09/26 02:53:24 PM train 600 1.590600e-01 94.639143 99.922005
09/26 02:53:28 PM train 650 1.587142e-01 94.654858 99.925595
09/26 02:53:33 PM train 700 1.593212e-01 94.648270 99.919757
09/26 02:53:37 PM train 750 1.605262e-01 94.617593 99.920939
09/26 02:53:40 PM train_acc 94.624000
09/26 02:53:40 PM valid 000 2.695482e-01 89.062500 100.000000
09/26 02:53:41 PM valid 050 2.143407e-01 94.025735 99.785539
09/26 02:53:42 PM valid 100 2.163857e-01 93.873762 99.814356
09/26 02:53:44 PM valid 150 2.073030e-01 93.915563 99.834437
09/26 02:53:44 PM valid_acc 93.890000, best_acc 93.890000
09/26 02:53:44 PM epoch 314 lr 1.145437e-02
09/26 02:53:44 PM train 000 1.271947e-01 92.187500 100.000000
09/26 02:53:49 PM train 050 1.443592e-01 95.312500 99.938725
09/26 02:53:53 PM train 100 1.353451e-01 95.637376 99.953589
09/26 02:53:57 PM train 150 1.368019e-01 95.415977 99.958609
09/26 02:54:01 PM train 200 1.421993e-01 95.281405 99.953358
09/26 02:54:06 PM train 250 1.445507e-01 95.206673 99.943974
09/26 02:54:10 PM train 300 1.477503e-01 95.161960 99.942899
09/26 02:54:14 PM train 350 1.497915e-01 95.107728 99.942130
09/26 02:54:19 PM train 400 1.498366e-01 95.074813 99.945449
09/26 02:54:23 PM train 450 1.486925e-01 95.083841 99.951497
09/26 02:54:27 PM train 500 1.485792e-01 95.094187 99.946981
09/26 02:54:31 PM train 550 1.515492e-01 95.006239 99.951792
09/26 02:54:36 PM train 600 1.512610e-01 95.010919 99.953203
09/26 02:54:40 PM train 650 1.510946e-01 95.024482 99.951997
09/26 02:54:44 PM train 700 1.529422e-01 94.938035 99.948734
09/26 02:54:49 PM train 750 1.541088e-01 94.885985 99.950067
09/26 02:54:51 PM train_acc 94.888000
09/26 02:54:51 PM valid 000 2.100200e-01 93.750000 100.000000
09/26 02:54:53 PM valid 050 2.190182e-01 93.167892 99.877451
09/26 02:54:54 PM valid 100 2.196180e-01 93.502475 99.876238
09/26 02:54:55 PM valid 150 2.133240e-01 93.750000 99.865480
09/26 02:54:56 PM valid_acc 93.740000, best_acc 93.890000
09/26 02:54:56 PM epoch 315 lr 1.138916e-02
09/26 02:54:56 PM train 000 1.996602e-01 92.187500 100.000000
09/26 02:55:00 PM train 050 1.374797e-01 95.526961 99.877451
09/26 02:55:05 PM train 100 1.388143e-01 95.807550 99.938119
09/26 02:55:09 PM train 150 1.350856e-01 95.695364 99.958609
09/26 02:55:13 PM train 200 1.381030e-01 95.467973 99.945585
09/26 02:55:17 PM train 250 1.416743e-01 95.362301 99.931524
09/26 02:55:22 PM train 300 1.388223e-01 95.390365 99.942899
09/26 02:55:26 PM train 350 1.393200e-01 95.348113 99.946581
09/26 02:55:30 PM train 400 1.407270e-01 95.277431 99.945449
09/26 02:55:34 PM train 450 1.410919e-01 95.274390 99.937639
09/26 02:55:39 PM train 500 1.437302e-01 95.222056 99.934506
09/26 02:55:43 PM train 550 1.468269e-01 95.102654 99.931942
09/26 02:55:47 PM train 600 1.491540e-01 95.036918 99.922005
09/26 02:55:52 PM train 650 1.477413e-01 95.060484 99.920795
09/26 02:55:56 PM train 700 1.490425e-01 95.002675 99.924215
09/26 02:56:00 PM train 750 1.504203e-01 94.956724 99.918858
09/26 02:56:03 PM train_acc 94.914000
09/26 02:56:03 PM valid 000 1.836785e-01 92.187500 100.000000
09/26 02:56:04 PM valid 050 2.160203e-01 93.811275 99.908088
09/26 02:56:05 PM valid 100 2.255034e-01 93.378713 99.891708
09/26 02:56:07 PM valid 150 2.180535e-01 93.615480 99.896523
09/26 02:56:07 PM valid_acc 93.610000, best_acc 93.890000
09/26 02:56:07 PM epoch 316 lr 1.132399e-02
09/26 02:56:07 PM train 000 1.340207e-01 93.750000 100.000000
09/26 02:56:12 PM train 050 1.325047e-01 95.251225 99.969363
09/26 02:56:16 PM train 100 1.405759e-01 95.157797 99.891708
09/26 02:56:20 PM train 150 1.398324e-01 95.219371 99.906871
09/26 02:56:25 PM train 200 1.397578e-01 95.273632 99.914490
09/26 02:56:29 PM train 250 1.405254e-01 95.219124 99.919074
09/26 02:56:33 PM train 300 1.422033e-01 95.296927 99.916944
09/26 02:56:38 PM train 350 1.448164e-01 95.178953 99.910969
09/26 02:56:42 PM train 400 1.463560e-01 95.133261 99.910380
09/26 02:56:46 PM train 450 1.487224e-01 95.059590 99.902993
09/26 02:56:50 PM train 500 1.501520e-01 95.016218 99.906437
09/26 02:56:55 PM train 550 1.509157e-01 94.989224 99.906420
09/26 02:56:59 PM train 600 1.541824e-01 94.899126 99.896007
09/26 02:57:03 PM train 650 1.554704e-01 94.878072 99.894393
09/26 02:57:07 PM train 700 1.562078e-01 94.873395 99.895239
09/26 02:57:12 PM train 750 1.568978e-01 94.838132 99.893891
09/26 02:57:14 PM train_acc 94.864000
09/26 02:57:14 PM valid 000 2.085796e-01 92.187500 100.000000
09/26 02:57:16 PM valid 050 2.120066e-01 94.056373 99.938725
09/26 02:57:17 PM valid 100 2.204491e-01 93.827351 99.907178
09/26 02:57:18 PM valid 150 2.135394e-01 93.801738 99.896523
09/26 02:57:19 PM valid_acc 93.790000, best_acc 93.890000
09/26 02:57:19 PM epoch 317 lr 1.125884e-02
09/26 02:57:19 PM train 000 1.818306e-01 93.750000 100.000000
09/26 02:57:23 PM train 050 1.418781e-01 95.159314 100.000000
09/26 02:57:27 PM train 100 1.395060e-01 95.297030 99.969059
09/26 02:57:32 PM train 150 1.416724e-01 95.167632 99.968957
09/26 02:57:36 PM train 200 1.463267e-01 95.102612 99.945585
09/26 02:57:41 PM train 250 1.462831e-01 95.131972 99.937749
09/26 02:57:45 PM train 300 1.490825e-01 95.073713 99.916944
09/26 02:57:49 PM train 350 1.468531e-01 95.147792 99.924323
09/26 02:57:53 PM train 400 1.479063e-01 95.156640 99.933759
09/26 02:57:58 PM train 450 1.479835e-01 95.166990 99.934174
09/26 02:58:02 PM train 500 1.476087e-01 95.169037 99.931387
09/26 02:58:06 PM train 550 1.482955e-01 95.165041 99.926270
09/26 02:58:11 PM train 600 1.484936e-01 95.122712 99.929804
09/26 02:58:15 PM train 650 1.479406e-01 95.132488 99.925595
09/26 02:58:19 PM train 700 1.479353e-01 95.136412 99.930902
09/26 02:58:24 PM train 750 1.485546e-01 95.112766 99.927180
09/26 02:58:26 PM train_acc 95.098000
09/26 02:58:27 PM valid 000 2.830534e-01 90.625000 100.000000
09/26 02:58:28 PM valid 050 2.097135e-01 93.658088 99.846814
09/26 02:58:29 PM valid 100 2.269505e-01 93.425124 99.860767
09/26 02:58:30 PM valid 150 2.178936e-01 93.532699 99.886175
09/26 02:58:31 PM valid_acc 93.570000, best_acc 93.890000
09/26 02:58:31 PM epoch 318 lr 1.119373e-02
09/26 02:58:31 PM train 000 1.053057e-01 96.875000 100.000000
09/26 02:58:35 PM train 050 1.520836e-01 94.883578 99.938725
09/26 02:58:39 PM train 100 1.456865e-01 95.204208 99.938119
09/26 02:58:43 PM train 150 1.493684e-01 95.074503 99.927566
09/26 02:58:48 PM train 200 1.473208e-01 95.157027 99.922264
09/26 02:58:52 PM train 250 1.471131e-01 95.200448 99.925299
09/26 02:58:57 PM train 300 1.463500e-01 95.224252 99.932517
09/26 02:59:01 PM train 350 1.468727e-01 95.174501 99.937678
09/26 02:59:05 PM train 400 1.471505e-01 95.133261 99.937656
09/26 02:59:10 PM train 450 1.494908e-01 95.018016 99.937639
09/26 02:59:14 PM train 500 1.500318e-01 94.975674 99.940744
09/26 02:59:18 PM train 550 1.511566e-01 94.963702 99.934778
09/26 02:59:23 PM train 600 1.523567e-01 94.904326 99.937604
09/26 02:59:27 PM train 650 1.525282e-01 94.911674 99.932796
09/26 02:59:31 PM train 700 1.527751e-01 94.931348 99.937589
09/26 02:59:35 PM train 750 1.532786e-01 94.910952 99.939664
09/26 02:59:38 PM train_acc 94.928000
09/26 02:59:38 PM valid 000 3.369009e-01 90.625000 100.000000
09/26 02:59:39 PM valid 050 2.303512e-01 93.229167 99.908088
09/26 02:59:41 PM valid 100 2.333298e-01 93.270421 99.907178
09/26 02:59:42 PM valid 150 2.323523e-01 93.242964 99.896523
09/26 02:59:42 PM valid_acc 93.310000, best_acc 93.890000
09/26 02:59:42 PM epoch 319 lr 1.112866e-02
09/26 02:59:42 PM train 000 1.219700e-01 96.875000 100.000000
09/26 02:59:47 PM train 050 1.498155e-01 95.373775 99.969363
09/26 02:59:51 PM train 100 1.454391e-01 95.420792 99.953589
09/26 02:59:56 PM train 150 1.422692e-01 95.457368 99.937914
09/26 03:00:00 PM train 200 1.426936e-01 95.374689 99.945585
09/26 03:00:04 PM train 250 1.436081e-01 95.300050 99.950199
09/26 03:00:08 PM train 300 1.431208e-01 95.270972 99.948090
09/26 03:00:13 PM train 350 1.434235e-01 95.299145 99.951033
09/26 03:00:17 PM train 400 1.444092e-01 95.242363 99.949345
09/26 03:00:21 PM train 450 1.489283e-01 95.076912 99.937639
09/26 03:00:26 PM train 500 1.506531e-01 95.025574 99.934506
09/26 03:00:30 PM train 550 1.531204e-01 94.946688 99.926270
09/26 03:00:34 PM train 600 1.533769e-01 94.956323 99.922005
09/26 03:00:39 PM train 650 1.530582e-01 94.969278 99.923195
09/26 03:00:43 PM train 700 1.520817e-01 95.036109 99.921986
09/26 03:00:47 PM train 750 1.524865e-01 95.042027 99.918858
09/26 03:00:50 PM train_acc 94.996000
09/26 03:00:50 PM valid 000 3.033764e-01 89.062500 100.000000
09/26 03:00:52 PM valid 050 2.315819e-01 93.137255 99.938725
09/26 03:00:53 PM valid 100 2.402727e-01 92.945545 99.907178
09/26 03:00:54 PM valid 150 2.426942e-01 92.922185 99.896523
09/26 03:00:54 PM valid_acc 92.950000, best_acc 93.890000
09/26 03:00:54 PM epoch 320 lr 1.106363e-02
09/26 03:00:55 PM train 000 1.923331e-01 93.750000 100.000000
09/26 03:00:59 PM train 050 1.614137e-01 94.822304 99.938725
09/26 03:01:03 PM train 100 1.491352e-01 95.157797 99.938119
09/26 03:01:07 PM train 150 1.450603e-01 95.209023 99.917219
09/26 03:01:12 PM train 200 1.465478e-01 95.102612 99.922264
09/26 03:01:16 PM train 250 1.510337e-01 94.957669 99.925299
09/26 03:01:20 PM train 300 1.503577e-01 94.969892 99.911752
09/26 03:01:25 PM train 350 1.509024e-01 94.934117 99.924323
09/26 03:01:29 PM train 400 1.518680e-01 94.899470 99.914277
09/26 03:01:33 PM train 450 1.542480e-01 94.841325 99.902993
09/26 03:01:38 PM train 500 1.540179e-01 94.838448 99.900200
09/26 03:01:42 PM train 550 1.548357e-01 94.824750 99.909256
09/26 03:01:46 PM train 600 1.534957e-01 94.883527 99.916805
09/26 03:01:51 PM train 650 1.534959e-01 94.870872 99.923195
09/26 03:01:55 PM train 700 1.520414e-01 94.900143 99.926444
09/26 03:01:59 PM train 750 1.523297e-01 94.890146 99.931342
09/26 03:02:02 PM train_acc 94.860000
09/26 03:02:02 PM valid 000 2.160215e-01 92.187500 100.000000
09/26 03:02:03 PM valid 050 2.294836e-01 93.321078 99.816176
09/26 03:02:04 PM valid 100 2.329909e-01 93.254950 99.845297
09/26 03:02:06 PM valid 150 2.260374e-01 93.336093 99.865480
09/26 03:02:06 PM valid_acc 93.360000, best_acc 93.890000
09/26 03:02:06 PM epoch 321 lr 1.099863e-02
09/26 03:02:06 PM train 000 6.099916e-02 100.000000 100.000000
09/26 03:02:11 PM train 050 1.334723e-01 96.017157 99.846814
09/26 03:02:15 PM train 100 1.415022e-01 95.451733 99.922649
09/26 03:02:19 PM train 150 1.396237e-01 95.529801 99.948262
09/26 03:02:24 PM train 200 1.412589e-01 95.374689 99.961132
09/26 03:02:28 PM train 250 1.448589e-01 95.225349 99.962649
09/26 03:02:32 PM train 300 1.455825e-01 95.270972 99.963663
09/26 03:02:36 PM train 350 1.458342e-01 95.245726 99.964387
09/26 03:02:41 PM train 400 1.466357e-01 95.250156 99.957138
09/26 03:02:45 PM train 450 1.459603e-01 95.246674 99.954961
09/26 03:02:49 PM train 500 1.485539e-01 95.162799 99.937625
09/26 03:02:53 PM train 550 1.494896e-01 95.136683 99.926270
09/26 03:02:58 PM train 600 1.483129e-01 95.148710 99.927205
09/26 03:03:02 PM train 650 1.487355e-01 95.168491 99.923195
09/26 03:03:06 PM train 700 1.497514e-01 95.145328 99.919757
09/26 03:03:11 PM train 750 1.504212e-01 95.116927 99.918858
09/26 03:03:14 PM train_acc 95.064000
09/26 03:03:14 PM valid 000 1.897267e-01 95.312500 100.000000
09/26 03:03:15 PM valid 050 2.250078e-01 93.535539 99.908088
09/26 03:03:16 PM valid 100 2.213252e-01 93.425124 99.907178
09/26 03:03:18 PM valid 150 2.201308e-01 93.512003 99.896523
09/26 03:03:18 PM valid_acc 93.520000, best_acc 93.890000
09/26 03:03:18 PM epoch 322 lr 1.093368e-02
09/26 03:03:18 PM train 000 4.042016e-02 98.437500 100.000000
09/26 03:03:22 PM train 050 1.324805e-01 95.649510 100.000000
09/26 03:03:27 PM train 100 1.406344e-01 95.327970 99.984530
09/26 03:03:31 PM train 150 1.385036e-01 95.478063 99.948262
09/26 03:03:35 PM train 200 1.396186e-01 95.444652 99.945585
09/26 03:03:40 PM train 250 1.387978e-01 95.418327 99.943974
09/26 03:03:44 PM train 300 1.406298e-01 95.328073 99.948090
09/26 03:03:48 PM train 350 1.444539e-01 95.174501 99.937678
09/26 03:03:53 PM train 400 1.457115e-01 95.098192 99.945449
09/26 03:03:57 PM train 450 1.490201e-01 94.993764 99.944568
09/26 03:04:01 PM train 500 1.506260e-01 94.966317 99.940744
09/26 03:04:06 PM train 550 1.512495e-01 94.932509 99.934778
09/26 03:04:10 PM train 600 1.527485e-01 94.880928 99.929804
09/26 03:04:14 PM train 650 1.541540e-01 94.846870 99.925595
09/26 03:04:18 PM train 700 1.548257e-01 94.842190 99.924215
09/26 03:04:23 PM train 750 1.547191e-01 94.827730 99.927180
09/26 03:04:26 PM train_acc 94.818000
09/26 03:04:26 PM valid 000 1.530095e-01 93.750000 100.000000
09/26 03:04:27 PM valid 050 2.191705e-01 93.596814 99.816176
09/26 03:04:28 PM valid 100 2.340643e-01 93.285891 99.829827
09/26 03:04:30 PM valid 150 2.349690e-01 93.263659 99.844785
09/26 03:04:30 PM valid_acc 93.260000, best_acc 93.890000
09/26 03:04:30 PM epoch 323 lr 1.086876e-02
09/26 03:04:30 PM train 000 5.101141e-02 98.437500 100.000000
09/26 03:04:34 PM train 050 1.306250e-01 95.496324 99.877451
09/26 03:04:39 PM train 100 1.341874e-01 95.389851 99.907178
09/26 03:04:43 PM train 150 1.414718e-01 95.188328 99.875828
09/26 03:04:48 PM train 200 1.452573e-01 95.063744 99.883396
09/26 03:04:52 PM train 250 1.502860e-01 94.932769 99.900398
09/26 03:04:56 PM train 300 1.516564e-01 94.824543 99.911752
09/26 03:05:01 PM train 350 1.561993e-01 94.707087 99.919872
09/26 03:05:05 PM train 400 1.556736e-01 94.724127 99.922070
09/26 03:05:09 PM train 450 1.552496e-01 94.772034 99.920316
09/26 03:05:14 PM train 500 1.556608e-01 94.801023 99.918912
09/26 03:05:18 PM train 550 1.569763e-01 94.762364 99.923435
09/26 03:05:22 PM train 600 1.573697e-01 94.711938 99.929804
09/26 03:05:27 PM train 650 1.578714e-01 94.695661 99.935196
09/26 03:05:31 PM train 700 1.572192e-01 94.721826 99.935360
09/26 03:05:35 PM train 750 1.583761e-01 94.680010 99.933422
09/26 03:05:38 PM train_acc 94.632000
09/26 03:05:38 PM valid 000 1.619362e-01 93.750000 100.000000
09/26 03:05:39 PM valid 050 2.178965e-01 93.719363 99.724265
09/26 03:05:41 PM valid 100 2.314010e-01 93.456064 99.829827
09/26 03:05:42 PM valid 150 2.303729e-01 93.480960 99.834437
09/26 03:05:42 PM valid_acc 93.460000, best_acc 93.890000
09/26 03:05:42 PM epoch 324 lr 1.080390e-02
09/26 03:05:43 PM train 000 8.218087e-02 96.875000 100.000000
09/26 03:05:47 PM train 050 1.522205e-01 95.006127 99.908088
09/26 03:05:51 PM train 100 1.472244e-01 95.111386 99.938119
09/26 03:05:56 PM train 150 1.444162e-01 95.167632 99.948262
09/26 03:06:00 PM train 200 1.433671e-01 95.258085 99.937811
09/26 03:06:04 PM train 250 1.421683e-01 95.380976 99.931524
09/26 03:06:09 PM train 300 1.427199e-01 95.343646 99.932517
09/26 03:06:13 PM train 350 1.413826e-01 95.357016 99.933226
09/26 03:06:17 PM train 400 1.454777e-01 95.222880 99.929863
09/26 03:06:22 PM train 450 1.471891e-01 95.163525 99.930710
09/26 03:06:26 PM train 500 1.483260e-01 95.122255 99.931387
09/26 03:06:30 PM train 550 1.485822e-01 95.096983 99.926270
09/26 03:06:35 PM train 600 1.489086e-01 95.086314 99.922005
09/26 03:06:39 PM train 650 1.488389e-01 95.079685 99.927995
09/26 03:06:43 PM train 700 1.501644e-01 95.027193 99.926444
09/26 03:06:47 PM train 750 1.507495e-01 95.033705 99.916778
09/26 03:06:50 PM train_acc 95.050000
09/26 03:06:50 PM valid 000 8.655094e-02 96.875000 100.000000
09/26 03:06:51 PM valid 050 2.058040e-01 93.903186 99.938725
09/26 03:06:53 PM valid 100 2.191851e-01 93.548886 99.953589
09/26 03:06:54 PM valid 150 2.172955e-01 93.491308 99.917219
09/26 03:06:54 PM valid_acc 93.490000, best_acc 93.890000
09/26 03:06:54 PM epoch 325 lr 1.073908e-02
09/26 03:06:55 PM train 000 1.110079e-01 95.312500 100.000000
09/26 03:06:59 PM train 050 1.659808e-01 94.270833 99.938725
09/26 03:07:03 PM train 100 1.502992e-01 94.972153 99.938119
09/26 03:07:08 PM train 150 1.518402e-01 95.012417 99.927566
09/26 03:07:12 PM train 200 1.473113e-01 95.071517 99.945585
09/26 03:07:16 PM train 250 1.479363e-01 95.057271 99.943974
09/26 03:07:21 PM train 300 1.447704e-01 95.187915 99.948090
09/26 03:07:25 PM train 350 1.435903e-01 95.250178 99.951033
09/26 03:07:29 PM train 400 1.434678e-01 95.242363 99.953242
09/26 03:07:34 PM train 450 1.446662e-01 95.201635 99.944568
09/26 03:07:38 PM train 500 1.459828e-01 95.169037 99.940744
09/26 03:07:42 PM train 550 1.494104e-01 95.077132 99.934778
09/26 03:07:46 PM train 600 1.503213e-01 95.023918 99.937604
09/26 03:07:51 PM train 650 1.502402e-01 95.024482 99.939996
09/26 03:07:55 PM train 700 1.492368e-01 95.069544 99.939818
09/26 03:08:00 PM train 750 1.490988e-01 95.073236 99.943825
09/26 03:08:02 PM train_acc 95.032000
09/26 03:08:03 PM valid 000 2.488891e-01 93.750000 100.000000
09/26 03:08:04 PM valid 050 2.529910e-01 92.953431 99.969363
09/26 03:08:05 PM valid 100 2.552800e-01 92.651609 99.922649
09/26 03:08:07 PM valid 150 2.432430e-01 93.046358 99.906871
09/26 03:08:07 PM valid_acc 93.060000, best_acc 93.890000
09/26 03:08:07 PM epoch 326 lr 1.067430e-02
09/26 03:08:07 PM train 000 1.802825e-01 92.187500 100.000000
09/26 03:08:11 PM train 050 1.544222e-01 94.270833 99.938725
09/26 03:08:16 PM train 100 1.477420e-01 94.662748 99.969059
09/26 03:08:20 PM train 150 1.466297e-01 94.867550 99.937914
09/26 03:08:24 PM train 200 1.473631e-01 94.916045 99.914490
09/26 03:08:29 PM train 250 1.476282e-01 94.895418 99.925299
09/26 03:08:33 PM train 300 1.481842e-01 94.881645 99.927326
09/26 03:08:37 PM train 350 1.486248e-01 94.902956 99.924323
09/26 03:08:42 PM train 400 1.482519e-01 95.000779 99.929863
09/26 03:08:46 PM train 450 1.475412e-01 95.035338 99.934174
09/26 03:08:51 PM train 500 1.474433e-01 95.075474 99.928268
09/26 03:08:55 PM train 550 1.476329e-01 95.105490 99.926270
09/26 03:08:59 PM train 600 1.491493e-01 95.101913 99.919405
09/26 03:09:04 PM train 650 1.516901e-01 95.019681 99.915995
09/26 03:09:08 PM train 700 1.512362e-01 95.020506 99.910842
09/26 03:09:12 PM train 750 1.523376e-01 94.971288 99.908455
09/26 03:09:15 PM train_acc 94.970000
09/26 03:09:15 PM valid 000 1.751318e-01 92.187500 100.000000
09/26 03:09:16 PM valid 050 2.125033e-01 93.504902 99.846814
09/26 03:09:17 PM valid 100 2.228531e-01 93.487005 99.907178
09/26 03:09:19 PM valid 150 2.149974e-01 93.760348 99.875828
09/26 03:09:19 PM valid_acc 93.760000, best_acc 93.890000
09/26 03:09:19 PM epoch 327 lr 1.060958e-02
09/26 03:09:19 PM train 000 1.691266e-01 93.750000 100.000000
09/26 03:09:24 PM train 050 1.407551e-01 95.557598 99.969363
09/26 03:09:28 PM train 100 1.284993e-01 95.838490 99.984530
09/26 03:09:32 PM train 150 1.295012e-01 95.612583 99.989652
09/26 03:09:37 PM train 200 1.346522e-01 95.405784 99.976679
09/26 03:09:41 PM train 250 1.366798e-01 95.418327 99.968875
09/26 03:09:45 PM train 300 1.374262e-01 95.364410 99.968854
09/26 03:09:50 PM train 350 1.358564e-01 95.405983 99.973291
09/26 03:09:54 PM train 400 1.359064e-01 95.421602 99.968828
09/26 03:09:59 PM train 450 1.352353e-01 95.426829 99.961890
09/26 03:10:03 PM train 500 1.346057e-01 95.418538 99.962575
09/26 03:10:07 PM train 550 1.383229e-01 95.306828 99.963135
09/26 03:10:12 PM train 600 1.400212e-01 95.231905 99.963602
09/26 03:10:16 PM train 650 1.423423e-01 95.158890 99.961598
09/26 03:10:20 PM train 700 1.450308e-01 95.060628 99.955421
09/26 03:10:25 PM train 750 1.465509e-01 95.035786 99.956308
09/26 03:10:28 PM train_acc 94.978000
09/26 03:10:28 PM valid 000 1.451123e-01 89.062500 100.000000
09/26 03:10:29 PM valid 050 1.930061e-01 93.995098 99.877451
09/26 03:10:30 PM valid 100 2.056507e-01 93.626238 99.876238
09/26 03:10:32 PM valid 150 2.033418e-01 93.708609 99.896523
09/26 03:10:32 PM valid_acc 93.680000, best_acc 93.890000
09/26 03:10:32 PM epoch 328 lr 1.054491e-02
09/26 03:10:32 PM train 000 1.194345e-01 90.625000 100.000000
09/26 03:10:37 PM train 050 1.622389e-01 94.454657 99.938725
09/26 03:10:41 PM train 100 1.454006e-01 95.219678 99.938119
09/26 03:10:45 PM train 150 1.424289e-01 95.333195 99.937914
09/26 03:10:49 PM train 200 1.378205e-01 95.561256 99.953358
09/26 03:10:54 PM train 250 1.380009e-01 95.480578 99.956424
09/26 03:10:58 PM train 300 1.400625e-01 95.338455 99.927326
09/26 03:11:03 PM train 350 1.427921e-01 95.276887 99.915420
09/26 03:11:07 PM train 400 1.432218e-01 95.230673 99.918173
09/26 03:11:11 PM train 450 1.442322e-01 95.201635 99.916851
09/26 03:11:16 PM train 500 1.443842e-01 95.215818 99.922031
09/26 03:11:20 PM train 550 1.447514e-01 95.207577 99.920599
09/26 03:11:24 PM train 600 1.453716e-01 95.182508 99.922005
09/26 03:11:29 PM train 650 1.475566e-01 95.130088 99.920795
09/26 03:11:33 PM train 700 1.476796e-01 95.114123 99.917529
09/26 03:11:38 PM train 750 1.478467e-01 95.104444 99.920939
09/26 03:11:40 PM train_acc 95.112000
09/26 03:11:40 PM valid 000 3.029287e-01 92.187500 100.000000
09/26 03:11:42 PM valid 050 2.018970e-01 94.025735 99.877451
09/26 03:11:43 PM valid 100 2.118405e-01 93.641708 99.845297
09/26 03:11:44 PM valid 150 2.098651e-01 93.729305 99.824089
09/26 03:11:45 PM valid_acc 93.710000, best_acc 93.890000
09/26 03:11:45 PM epoch 329 lr 1.048029e-02
09/26 03:11:45 PM train 000 1.106400e-01 95.312500 100.000000
09/26 03:11:49 PM train 050 1.451278e-01 95.373775 99.938725
09/26 03:11:54 PM train 100 1.477541e-01 95.266089 99.907178
09/26 03:11:58 PM train 150 1.468585e-01 95.250414 99.927566
09/26 03:12:02 PM train 200 1.422527e-01 95.374689 99.937811
09/26 03:12:07 PM train 250 1.455504e-01 95.275149 99.925299
09/26 03:12:11 PM train 300 1.467200e-01 95.245017 99.932517
09/26 03:12:15 PM train 350 1.451673e-01 95.330306 99.942130
09/26 03:12:20 PM train 400 1.436858e-01 95.363155 99.941552
09/26 03:12:24 PM train 450 1.441869e-01 95.309035 99.934174
09/26 03:12:28 PM train 500 1.450508e-01 95.234531 99.928268
09/26 03:12:33 PM train 550 1.467628e-01 95.173548 99.929106
09/26 03:12:37 PM train 600 1.484820e-01 95.107113 99.929804
09/26 03:12:41 PM train 650 1.483837e-01 95.101286 99.930396
09/26 03:12:46 PM train 700 1.488475e-01 95.098520 99.935360
09/26 03:12:50 PM train 750 1.496353e-01 95.058672 99.929261
09/26 03:12:53 PM train_acc 95.056000
09/26 03:12:53 PM valid 000 1.512706e-01 95.312500 100.000000
09/26 03:12:54 PM valid 050 2.168802e-01 93.351716 99.816176
09/26 03:12:56 PM valid 100 2.345583e-01 93.347772 99.845297
09/26 03:12:57 PM valid 150 2.262209e-01 93.418874 99.855132
09/26 03:12:57 PM valid_acc 93.440000, best_acc 93.890000
09/26 03:12:57 PM epoch 330 lr 1.041573e-02
09/26 03:12:58 PM train 000 1.501037e-01 95.312500 100.000000
09/26 03:13:02 PM train 050 1.449171e-01 95.128676 99.938725
09/26 03:13:06 PM train 100 1.406818e-01 95.219678 99.969059
09/26 03:13:11 PM train 150 1.361448e-01 95.374586 99.937914
09/26 03:13:15 PM train 200 1.416776e-01 95.289179 99.930037
09/26 03:13:19 PM train 250 1.436633e-01 95.250249 99.906624
09/26 03:13:23 PM train 300 1.466754e-01 95.110050 99.911752
09/26 03:13:27 PM train 350 1.460641e-01 95.107728 99.906517
09/26 03:13:32 PM train 400 1.461352e-01 95.105985 99.906484
09/26 03:13:36 PM train 450 1.466520e-01 95.121951 99.899529
09/26 03:13:40 PM train 500 1.480115e-01 95.081712 99.897081
09/26 03:13:45 PM train 550 1.475738e-01 95.099819 99.895077
09/26 03:13:49 PM train 600 1.479185e-01 95.062916 99.893407
09/26 03:13:54 PM train 650 1.478777e-01 95.086886 99.894393
09/26 03:13:58 PM train 700 1.471536e-01 95.114123 99.893010
09/26 03:14:02 PM train 750 1.459873e-01 95.173103 99.893891
09/26 03:14:05 PM train_acc 95.198000
09/26 03:14:05 PM valid 000 2.368141e-01 92.187500 100.000000
09/26 03:14:06 PM valid 050 1.917717e-01 94.301471 99.908088
09/26 03:14:08 PM valid 100 2.051501e-01 94.105817 99.876238
09/26 03:14:09 PM valid 150 2.076141e-01 94.122517 99.886175
09/26 03:14:09 PM valid_acc 94.140000, best_acc 94.140000
09/26 03:14:09 PM epoch 331 lr 1.035123e-02
09/26 03:14:10 PM train 000 1.535914e-01 98.437500 98.437500
09/26 03:14:14 PM train 050 1.356633e-01 95.526961 99.846814
09/26 03:14:18 PM train 100 1.403396e-01 95.327970 99.891708
09/26 03:14:22 PM train 150 1.437345e-01 95.271109 99.906871
09/26 03:14:27 PM train 200 1.450724e-01 95.242537 99.883396
09/26 03:14:31 PM train 250 1.447399e-01 95.250249 99.900398
09/26 03:14:35 PM train 300 1.447798e-01 95.146387 99.906561
09/26 03:14:40 PM train 350 1.477723e-01 95.049858 99.902066
09/26 03:14:44 PM train 400 1.479448e-01 95.063123 99.910380
09/26 03:14:48 PM train 450 1.485614e-01 95.101164 99.913387
09/26 03:14:52 PM train 500 1.486708e-01 95.094187 99.915793
09/26 03:14:57 PM train 550 1.488955e-01 95.102654 99.920599
09/26 03:15:01 PM train 600 1.493035e-01 95.101913 99.919405
09/26 03:15:05 PM train 650 1.495275e-01 95.055684 99.920795
09/26 03:15:10 PM train 700 1.504133e-01 95.027193 99.919757
09/26 03:15:14 PM train 750 1.490580e-01 95.046188 99.925100
09/26 03:15:16 PM train_acc 95.040000
09/26 03:15:17 PM valid 000 9.540825e-02 96.875000 100.000000
09/26 03:15:18 PM valid 050 2.066812e-01 94.087010 99.816176
09/26 03:15:19 PM valid 100 2.110572e-01 93.935644 99.845297
09/26 03:15:20 PM valid 150 2.092467e-01 93.987997 99.803394
09/26 03:15:21 PM valid_acc 94.020000, best_acc 94.140000
09/26 03:15:21 PM epoch 332 lr 1.028678e-02
09/26 03:15:21 PM train 000 1.779114e-01 95.312500 98.437500
09/26 03:15:25 PM train 050 1.282157e-01 95.526961 99.908088
09/26 03:15:30 PM train 100 1.383141e-01 95.266089 99.891708
09/26 03:15:34 PM train 150 1.418214e-01 95.250414 99.927566
09/26 03:15:38 PM train 200 1.419623e-01 95.203669 99.945585
09/26 03:15:43 PM train 250 1.417918e-01 95.300050 99.950199
09/26 03:15:47 PM train 300 1.445230e-01 95.245017 99.942899
09/26 03:15:51 PM train 350 1.469030e-01 95.121083 99.946581
09/26 03:15:55 PM train 400 1.468446e-01 95.094296 99.933759
09/26 03:16:00 PM train 450 1.463898e-01 95.080377 99.934174
09/26 03:16:04 PM train 500 1.465502e-01 95.072355 99.928268
09/26 03:16:08 PM train 550 1.472930e-01 95.074297 99.923435
09/26 03:16:13 PM train 600 1.478061e-01 95.083715 99.927205
09/26 03:16:17 PM train 650 1.492483e-01 95.036482 99.925595
09/26 03:16:21 PM train 700 1.497305e-01 95.033880 99.921986
09/26 03:16:25 PM train 750 1.498313e-01 95.012899 99.914697
09/26 03:16:28 PM train_acc 95.030000
09/26 03:16:28 PM valid 000 2.115366e-01 92.187500 100.000000
09/26 03:16:29 PM valid 050 1.916144e-01 94.607843 99.785539
09/26 03:16:31 PM valid 100 2.044731e-01 94.368812 99.814356
09/26 03:16:32 PM valid 150 2.019297e-01 94.205298 99.844785
09/26 03:16:32 PM valid_acc 94.160000, best_acc 94.160000
09/26 03:16:32 PM epoch 333 lr 1.022240e-02
09/26 03:16:32 PM train 000 1.686119e-01 93.750000 100.000000
09/26 03:16:37 PM train 050 1.359756e-01 95.526961 99.938725
09/26 03:16:41 PM train 100 1.276573e-01 95.745668 99.953589
09/26 03:16:45 PM train 150 1.324060e-01 95.467715 99.958609
09/26 03:16:50 PM train 200 1.320515e-01 95.506841 99.968905
09/26 03:16:54 PM train 250 1.359305e-01 95.349851 99.956424
09/26 03:16:59 PM train 300 1.349658e-01 95.411130 99.948090
09/26 03:17:03 PM train 350 1.367604e-01 95.383725 99.951033
09/26 03:17:07 PM train 400 1.367639e-01 95.437188 99.937656
09/26 03:17:12 PM train 450 1.402589e-01 95.343681 99.930710
09/26 03:17:16 PM train 500 1.403141e-01 95.346806 99.931387
09/26 03:17:20 PM train 550 1.417625e-01 95.309664 99.934778
09/26 03:17:24 PM train 600 1.427931e-01 95.289101 99.932404
09/26 03:17:29 PM train 650 1.432033e-01 95.238095 99.935196
09/26 03:17:33 PM train 700 1.426512e-01 95.241173 99.928673
09/26 03:17:37 PM train 750 1.428152e-01 95.218875 99.929261
09/26 03:17:40 PM train_acc 95.206000
09/26 03:17:40 PM valid 000 2.328782e-01 89.062500 100.000000
09/26 03:17:41 PM valid 050 2.243029e-01 93.719363 99.877451
09/26 03:17:43 PM valid 100 2.265208e-01 93.487005 99.876238
09/26 03:17:44 PM valid 150 2.204848e-01 93.605132 99.865480
09/26 03:17:44 PM valid_acc 93.610000, best_acc 94.160000
09/26 03:17:44 PM epoch 334 lr 1.015807e-02
09/26 03:17:45 PM train 000 1.733013e-01 95.312500 100.000000
09/26 03:17:49 PM train 050 1.417392e-01 95.373775 99.969363
09/26 03:17:53 PM train 100 1.417108e-01 95.529084 99.953589
09/26 03:17:58 PM train 150 1.392311e-01 95.560844 99.958609
09/26 03:18:02 PM train 200 1.353534e-01 95.670087 99.968905
09/26 03:18:06 PM train 250 1.357234e-01 95.648655 99.968875
09/26 03:18:11 PM train 300 1.363990e-01 95.634344 99.958472
09/26 03:18:15 PM train 350 1.389407e-01 95.539530 99.959936
09/26 03:18:19 PM train 400 1.406581e-01 95.429395 99.949345
09/26 03:18:24 PM train 450 1.413919e-01 95.381790 99.941103
09/26 03:18:28 PM train 500 1.429770e-01 95.324975 99.946981
09/26 03:18:32 PM train 550 1.454275e-01 95.218920 99.934778
09/26 03:18:37 PM train 600 1.461274e-01 95.182508 99.929804
09/26 03:18:41 PM train 650 1.478448e-01 95.142089 99.930396
09/26 03:18:45 PM train 700 1.487004e-01 95.143099 99.933131
09/26 03:18:50 PM train 750 1.489764e-01 95.139814 99.933422
09/26 03:18:52 PM train_acc 95.134000
09/26 03:18:52 PM valid 000 2.344443e-01 90.625000 100.000000
09/26 03:18:54 PM valid 050 2.310318e-01 93.382353 99.846814
09/26 03:18:55 PM valid 100 2.444235e-01 93.131188 99.891708
09/26 03:18:56 PM valid 150 2.363638e-01 93.160182 99.896523
09/26 03:18:56 PM valid_acc 93.250000, best_acc 94.160000
09/26 03:18:56 PM epoch 335 lr 1.009382e-02
09/26 03:18:56 PM train 000 5.715255e-02 95.312500 100.000000
09/26 03:19:01 PM train 050 1.300569e-01 95.863971 99.969363
09/26 03:19:05 PM train 100 1.231617e-01 96.178837 99.953589
09/26 03:19:09 PM train 150 1.355739e-01 95.757450 99.927566
09/26 03:19:14 PM train 200 1.321816e-01 95.747823 99.945585
09/26 03:19:18 PM train 250 1.325925e-01 95.679781 99.956424
09/26 03:19:22 PM train 300 1.361549e-01 95.561669 99.953281
09/26 03:19:27 PM train 350 1.351803e-01 95.575142 99.946581
09/26 03:19:31 PM train 400 1.370774e-01 95.460567 99.945449
09/26 03:19:35 PM train 450 1.389869e-01 95.399113 99.944568
09/26 03:19:40 PM train 500 1.395986e-01 95.381113 99.946981
09/26 03:19:44 PM train 550 1.384689e-01 95.389065 99.951792
09/26 03:19:48 PM train 600 1.389209e-01 95.406094 99.942804
09/26 03:19:52 PM train 650 1.404859e-01 95.334101 99.942396
09/26 03:19:57 PM train 700 1.415394e-01 95.290210 99.937589
09/26 03:20:01 PM train 750 1.422948e-01 95.270889 99.935503
09/26 03:20:04 PM train_acc 95.274000
09/26 03:20:04 PM valid 000 2.616252e-01 93.750000 100.000000
09/26 03:20:05 PM valid 050 2.155706e-01 94.056373 99.816176
09/26 03:20:07 PM valid 100 2.145026e-01 93.811881 99.845297
09/26 03:20:08 PM valid 150 2.154554e-01 93.739652 99.875828
09/26 03:20:08 PM valid_acc 93.700000, best_acc 94.160000
09/26 03:20:08 PM epoch 336 lr 1.002962e-02
09/26 03:20:09 PM train 000 1.088207e-01 98.437500 100.000000
09/26 03:20:13 PM train 050 1.427596e-01 95.036765 99.969363
09/26 03:20:17 PM train 100 1.338376e-01 95.436262 99.969059
09/26 03:20:22 PM train 150 1.365489e-01 95.374586 99.958609
09/26 03:20:26 PM train 200 1.354462e-01 95.429104 99.953358
09/26 03:20:30 PM train 250 1.353238e-01 95.530378 99.943974
09/26 03:20:34 PM train 300 1.381644e-01 95.457849 99.932517
09/26 03:20:39 PM train 350 1.402826e-01 95.374822 99.924323
09/26 03:20:43 PM train 400 1.406962e-01 95.316397 99.925966
09/26 03:20:47 PM train 450 1.418542e-01 95.288248 99.923780
09/26 03:20:52 PM train 500 1.433854e-01 95.253244 99.925150
09/26 03:20:56 PM train 550 1.452928e-01 95.218920 99.923435
09/26 03:21:01 PM train 600 1.471724e-01 95.159110 99.916805
09/26 03:21:05 PM train 650 1.471339e-01 95.168491 99.918395
09/26 03:21:09 PM train 700 1.479225e-01 95.149786 99.921986
09/26 03:21:14 PM train 750 1.482139e-01 95.152297 99.927180
09/26 03:21:16 PM train_acc 95.150000
09/26 03:21:16 PM valid 000 2.381746e-01 95.312500 100.000000
09/26 03:21:18 PM valid 050 2.164225e-01 93.566176 99.908088
09/26 03:21:19 PM valid 100 2.122748e-01 93.719059 99.891708
09/26 03:21:20 PM valid 150 2.096306e-01 93.905215 99.886175
09/26 03:21:20 PM valid_acc 93.940000, best_acc 94.160000
09/26 03:21:21 PM epoch 337 lr 9.965499e-03
09/26 03:21:21 PM train 000 5.814963e-02 100.000000 100.000000
09/26 03:21:25 PM train 050 1.359824e-01 95.404412 99.969363
09/26 03:21:29 PM train 100 1.330772e-01 95.621906 99.969059
09/26 03:21:34 PM train 150 1.392507e-01 95.436672 99.948262
09/26 03:21:38 PM train 200 1.388349e-01 95.374689 99.937811
09/26 03:21:42 PM train 250 1.373385e-01 95.443227 99.950199
09/26 03:21:47 PM train 300 1.375920e-01 95.483804 99.937708
09/26 03:21:51 PM train 350 1.387592e-01 95.441595 99.924323
09/26 03:21:55 PM train 400 1.409064e-01 95.386534 99.918173
09/26 03:22:00 PM train 450 1.413200e-01 95.385255 99.909922
09/26 03:22:04 PM train 500 1.420729e-01 95.343688 99.918912
09/26 03:22:08 PM train 550 1.418557e-01 95.355036 99.923435
09/26 03:22:13 PM train 600 1.438704e-01 95.263103 99.922005
09/26 03:22:17 PM train 650 1.444282e-01 95.228495 99.923195
09/26 03:22:21 PM train 700 1.463916e-01 95.180991 99.924215
09/26 03:22:26 PM train 750 1.475413e-01 95.119008 99.920939
09/26 03:22:28 PM train_acc 95.100000
09/26 03:22:28 PM valid 000 2.672199e-01 92.187500 100.000000
09/26 03:22:30 PM valid 050 2.351000e-01 93.351716 99.754902
09/26 03:22:31 PM valid 100 2.233797e-01 93.548886 99.798886
09/26 03:22:32 PM valid 150 2.262075e-01 93.274007 99.834437
09/26 03:22:33 PM valid_acc 93.320000, best_acc 94.160000
09/26 03:22:33 PM epoch 338 lr 9.901444e-03
09/26 03:22:33 PM train 000 1.432614e-01 95.312500 98.437500
09/26 03:22:37 PM train 050 1.462609e-01 95.098039 99.969363
09/26 03:22:42 PM train 100 1.447162e-01 95.126856 99.969059
09/26 03:22:46 PM train 150 1.439242e-01 95.198675 99.937914
09/26 03:22:50 PM train 200 1.448815e-01 95.211443 99.930037
09/26 03:22:55 PM train 250 1.436330e-01 95.281375 99.931524
09/26 03:22:59 PM train 300 1.424125e-01 95.317691 99.942899
09/26 03:23:03 PM train 350 1.404132e-01 95.374822 99.937678
09/26 03:23:07 PM train 400 1.390981e-01 95.421602 99.929863
09/26 03:23:12 PM train 450 1.376053e-01 95.489191 99.934174
09/26 03:23:16 PM train 500 1.390939e-01 95.449726 99.937625
09/26 03:23:20 PM train 550 1.401580e-01 95.411751 99.931942
09/26 03:23:24 PM train 600 1.397475e-01 95.406094 99.935004
09/26 03:23:29 PM train 650 1.403203e-01 95.396505 99.935196
09/26 03:23:33 PM train 700 1.409573e-01 95.379369 99.935360
09/26 03:23:37 PM train 750 1.425956e-01 95.327064 99.931342
09/26 03:23:40 PM train_acc 95.322000
09/26 03:23:40 PM valid 000 3.562189e-01 90.625000 100.000000
09/26 03:23:42 PM valid 050 2.167914e-01 93.872549 99.816176
09/26 03:23:43 PM valid 100 2.191082e-01 93.703589 99.845297
09/26 03:23:44 PM valid 150 2.210939e-01 93.687914 99.865480
09/26 03:23:44 PM valid_acc 93.700000, best_acc 94.160000
09/26 03:23:44 PM epoch 339 lr 9.837461e-03
09/26 03:23:45 PM train 000 2.037875e-01 93.750000 100.000000
09/26 03:23:49 PM train 050 1.353486e-01 95.435049 100.000000
09/26 03:23:53 PM train 100 1.372639e-01 95.451733 99.953589
09/26 03:23:58 PM train 150 1.355698e-01 95.591887 99.958609
09/26 03:24:02 PM train 200 1.374468e-01 95.576803 99.945585
09/26 03:24:06 PM train 250 1.367225e-01 95.561504 99.943974
09/26 03:24:11 PM train 300 1.380683e-01 95.525332 99.937708
09/26 03:24:15 PM train 350 1.387081e-01 95.490563 99.933226
09/26 03:24:19 PM train 400 1.423775e-01 95.370948 99.929863
09/26 03:24:24 PM train 450 1.425850e-01 95.340216 99.923780
09/26 03:24:28 PM train 500 1.407378e-01 95.393588 99.925150
09/26 03:24:32 PM train 550 1.411278e-01 95.403244 99.920599
09/26 03:24:36 PM train 600 1.406947e-01 95.385295 99.924605
09/26 03:24:41 PM train 650 1.403562e-01 95.403706 99.927995
09/26 03:24:45 PM train 700 1.415426e-01 95.365995 99.928673
09/26 03:24:49 PM train 750 1.435074e-01 95.331225 99.923019
09/26 03:24:52 PM train_acc 95.298000
09/26 03:24:52 PM valid 000 3.289535e-01 93.750000 100.000000
09/26 03:24:53 PM valid 050 2.537048e-01 93.229167 99.724265
09/26 03:24:55 PM valid 100 2.484230e-01 93.440594 99.737005
09/26 03:24:56 PM valid 150 2.454951e-01 93.346440 99.803394
09/26 03:24:56 PM valid_acc 93.370000, best_acc 94.160000
09/26 03:24:56 PM epoch 340 lr 9.773550e-03
09/26 03:24:57 PM train 000 2.221175e-01 93.750000 100.000000
09/26 03:25:01 PM train 050 1.375262e-01 95.618873 99.969363
09/26 03:25:05 PM train 100 1.374391e-01 95.498144 99.969059
09/26 03:25:10 PM train 150 1.387182e-01 95.488411 99.948262
09/26 03:25:14 PM train 200 1.352482e-01 95.569030 99.953358
09/26 03:25:18 PM train 250 1.379558e-01 95.387201 99.950199
09/26 03:25:22 PM train 300 1.365576e-01 95.473422 99.942899
09/26 03:25:27 PM train 350 1.357883e-01 95.508369 99.924323
09/26 03:25:31 PM train 400 1.345329e-01 95.546291 99.925966
09/26 03:25:35 PM train 450 1.351300e-01 95.548088 99.930710
09/26 03:25:39 PM train 500 1.350499e-01 95.524576 99.928268
09/26 03:25:44 PM train 550 1.359311e-01 95.505331 99.920599
09/26 03:25:48 PM train 600 1.368331e-01 95.445092 99.914205
09/26 03:25:52 PM train 650 1.378217e-01 95.410906 99.915995
09/26 03:25:57 PM train 700 1.390045e-01 95.354850 99.917529
09/26 03:26:01 PM train 750 1.394733e-01 95.331225 99.916778
09/26 03:26:04 PM train_acc 95.316000
09/26 03:26:04 PM valid 000 2.678603e-01 95.312500 100.000000
09/26 03:26:05 PM valid 050 2.279019e-01 93.719363 99.693627
09/26 03:26:06 PM valid 100 2.243537e-01 93.703589 99.814356
09/26 03:26:08 PM valid 150 2.196332e-01 93.625828 99.855132
09/26 03:26:08 PM valid_acc 93.640000, best_acc 94.160000
09/26 03:26:08 PM epoch 341 lr 9.709714e-03
09/26 03:26:08 PM train 000 4.150132e-02 100.000000 100.000000
09/26 03:26:13 PM train 050 1.262558e-01 96.109069 99.938725
09/26 03:26:17 PM train 100 1.305013e-01 95.761139 99.953589
09/26 03:26:21 PM train 150 1.353393e-01 95.529801 99.948262
09/26 03:26:25 PM train 200 1.357005e-01 95.499067 99.953358
09/26 03:26:30 PM train 250 1.390933e-01 95.368526 99.962649
09/26 03:26:34 PM train 300 1.411662e-01 95.291736 99.953281
09/26 03:26:38 PM train 350 1.407371e-01 95.334758 99.951033
09/26 03:26:43 PM train 400 1.411667e-01 95.339776 99.941552
09/26 03:26:47 PM train 450 1.415973e-01 95.274390 99.944568
09/26 03:26:51 PM train 500 1.421388e-01 95.293787 99.943862
09/26 03:26:56 PM train 550 1.434059e-01 95.269964 99.937613
09/26 03:27:00 PM train 600 1.429370e-01 95.291701 99.940204
09/26 03:27:04 PM train 650 1.438705e-01 95.242896 99.939996
09/26 03:27:08 PM train 700 1.450033e-01 95.194365 99.933131
09/26 03:27:13 PM train 750 1.449168e-01 95.208472 99.933422
09/26 03:27:15 PM train_acc 95.202000
09/26 03:27:15 PM valid 000 2.534932e-01 92.187500 100.000000
09/26 03:27:17 PM valid 050 2.067878e-01 93.964461 99.877451
09/26 03:27:18 PM valid 100 2.140732e-01 93.750000 99.814356
09/26 03:27:19 PM valid 150 2.104447e-01 93.698262 99.824089
09/26 03:27:20 PM valid_acc 93.690000, best_acc 94.160000
09/26 03:27:20 PM epoch 342 lr 9.645955e-03
09/26 03:27:20 PM train 000 8.681525e-02 96.875000 100.000000
09/26 03:27:24 PM train 050 1.390754e-01 95.649510 99.938725
09/26 03:27:29 PM train 100 1.318109e-01 95.823020 99.922649
09/26 03:27:33 PM train 150 1.301843e-01 95.881623 99.937914
09/26 03:27:37 PM train 200 1.285385e-01 95.895522 99.930037
09/26 03:27:42 PM train 250 1.299390e-01 95.791833 99.937749
09/26 03:27:46 PM train 300 1.323863e-01 95.670681 99.942899
09/26 03:27:50 PM train 350 1.310484e-01 95.744302 99.946581
09/26 03:27:54 PM train 400 1.310024e-01 95.706047 99.949345
09/26 03:27:59 PM train 450 1.326483e-01 95.613914 99.941103
09/26 03:28:03 PM train 500 1.322830e-01 95.630614 99.943862
09/26 03:28:07 PM train 550 1.354804e-01 95.550703 99.937613
09/26 03:28:12 PM train 600 1.370345e-01 95.491889 99.932404
09/26 03:28:16 PM train 650 1.388660e-01 95.425307 99.925595
09/26 03:28:20 PM train 700 1.384711e-01 95.455153 99.924215
09/26 03:28:25 PM train 750 1.381485e-01 95.466461 99.927180
09/26 03:28:27 PM train_acc 95.456000
09/26 03:28:27 PM valid 000 1.122585e-01 96.875000 100.000000
09/26 03:28:29 PM valid 050 2.088614e-01 94.087010 99.908088
09/26 03:28:30 PM valid 100 2.199167e-01 93.626238 99.876238
09/26 03:28:31 PM valid 150 2.196808e-01 93.418874 99.917219
09/26 03:28:32 PM valid_acc 93.440000, best_acc 94.160000
09/26 03:28:32 PM epoch 343 lr 9.582273e-03
09/26 03:28:32 PM train 000 2.211365e-01 93.750000 100.000000
09/26 03:28:36 PM train 050 1.436959e-01 95.159314 99.877451
09/26 03:28:40 PM train 100 1.396268e-01 95.498144 99.907178
09/26 03:28:44 PM train 150 1.363761e-01 95.716060 99.927566
09/26 03:28:49 PM train 200 1.331926e-01 95.802239 99.930037
09/26 03:28:53 PM train 250 1.337069e-01 95.810508 99.931524
09/26 03:28:57 PM train 300 1.329312e-01 95.784884 99.932517
09/26 03:29:02 PM train 350 1.343293e-01 95.695335 99.928775
09/26 03:29:06 PM train 400 1.373733e-01 95.542394 99.933759
09/26 03:29:10 PM train 450 1.375526e-01 95.506513 99.930710
09/26 03:29:15 PM train 500 1.388100e-01 95.443488 99.934506
09/26 03:29:19 PM train 550 1.396465e-01 95.389065 99.931942
09/26 03:29:23 PM train 600 1.378256e-01 95.458091 99.935004
09/26 03:29:28 PM train 650 1.384151e-01 95.430108 99.939996
09/26 03:29:32 PM train 700 1.383111e-01 95.437322 99.937589
09/26 03:29:36 PM train 750 1.396741e-01 95.364514 99.939664
09/26 03:29:39 PM train_acc 95.350000
09/26 03:29:39 PM valid 000 2.115411e-01 92.187500 100.000000
09/26 03:29:40 PM valid 050 2.257834e-01 93.566176 99.908088
09/26 03:29:41 PM valid 100 2.269456e-01 93.719059 99.876238
09/26 03:29:42 PM valid 150 2.231129e-01 93.801738 99.906871
09/26 03:29:43 PM valid_acc 93.830000, best_acc 94.160000
09/26 03:29:43 PM epoch 344 lr 9.518672e-03
09/26 03:29:43 PM train 000 1.349672e-01 96.875000 100.000000
09/26 03:29:47 PM train 050 1.411935e-01 95.373775 99.969363
09/26 03:29:52 PM train 100 1.361169e-01 95.482673 99.969059
09/26 03:29:56 PM train 150 1.430362e-01 95.353891 99.937914
09/26 03:30:00 PM train 200 1.388579e-01 95.483520 99.922264
09/26 03:30:04 PM train 250 1.369704e-01 95.573954 99.925299
09/26 03:30:09 PM train 300 1.354370e-01 95.655108 99.927326
09/26 03:30:13 PM train 350 1.359556e-01 95.664174 99.937678
09/26 03:30:17 PM train 400 1.369580e-01 95.612531 99.937656
09/26 03:30:22 PM train 450 1.385765e-01 95.530765 99.934174
09/26 03:30:26 PM train 500 1.403629e-01 95.409182 99.931387
09/26 03:30:30 PM train 550 1.396076e-01 95.417423 99.934778
09/26 03:30:35 PM train 600 1.407230e-01 95.385295 99.940204
09/26 03:30:39 PM train 650 1.410174e-01 95.415707 99.942396
09/26 03:30:43 PM train 700 1.415334e-01 95.386056 99.939818
09/26 03:30:48 PM train 750 1.426723e-01 95.331225 99.939664
09/26 03:30:50 PM train_acc 95.326000
09/26 03:30:51 PM valid 000 2.627306e-01 92.187500 100.000000
09/26 03:30:52 PM valid 050 2.227661e-01 93.780637 99.846814
09/26 03:30:53 PM valid 100 2.220939e-01 94.012995 99.860767
09/26 03:30:54 PM valid 150 2.208960e-01 93.874172 99.886175
09/26 03:30:55 PM valid_acc 93.890000, best_acc 94.160000
09/26 03:30:55 PM epoch 345 lr 9.455153e-03
09/26 03:30:55 PM train 000 1.772109e-01 93.750000 100.000000
09/26 03:30:59 PM train 050 1.346951e-01 95.343137 99.938725
09/26 03:31:04 PM train 100 1.302191e-01 95.761139 99.891708
09/26 03:31:08 PM train 150 1.321811e-01 95.736755 99.917219
09/26 03:31:12 PM train 200 1.284325e-01 95.841107 99.930037
09/26 03:31:16 PM train 250 1.296940e-01 95.816733 99.900398
09/26 03:31:21 PM train 300 1.331349e-01 95.686254 99.901370
09/26 03:31:25 PM train 350 1.307779e-01 95.779915 99.906517
09/26 03:31:29 PM train 400 1.307026e-01 95.795667 99.918173
09/26 03:31:34 PM train 450 1.319497e-01 95.759424 99.920316
09/26 03:31:38 PM train 500 1.327589e-01 95.708583 99.925150
09/26 03:31:42 PM train 550 1.325560e-01 95.726520 99.917763
09/26 03:31:47 PM train 600 1.342580e-01 95.694676 99.922005
09/26 03:31:51 PM train 650 1.355201e-01 95.641321 99.923195
09/26 03:31:55 PM train 700 1.353233e-01 95.644615 99.924215
09/26 03:32:00 PM train 750 1.355379e-01 95.637067 99.920939
09/26 03:32:02 PM train_acc 95.644000
09/26 03:32:02 PM valid 000 9.680822e-02 96.875000 100.000000
09/26 03:32:04 PM valid 050 2.184367e-01 93.933824 99.908088
09/26 03:32:05 PM valid 100 2.394282e-01 93.548886 99.907178
09/26 03:32:06 PM valid 150 2.294329e-01 93.532699 99.906871
09/26 03:32:07 PM valid_acc 93.520000, best_acc 94.160000
09/26 03:32:07 PM epoch 346 lr 9.391717e-03
09/26 03:32:07 PM train 000 1.173913e-01 96.875000 100.000000
09/26 03:32:11 PM train 050 1.393582e-01 95.251225 100.000000
09/26 03:32:16 PM train 100 1.429686e-01 95.467203 99.953589
09/26 03:32:20 PM train 150 1.393355e-01 95.550497 99.948262
09/26 03:32:24 PM train 200 1.365991e-01 95.584577 99.945585
09/26 03:32:29 PM train 250 1.351159e-01 95.648655 99.950199
09/26 03:32:33 PM train 300 1.357370e-01 95.509759 99.953281
09/26 03:32:37 PM train 350 1.378026e-01 95.392628 99.955484
09/26 03:32:41 PM train 400 1.365768e-01 95.441085 99.945449
09/26 03:32:46 PM train 450 1.380373e-01 95.409507 99.934174
09/26 03:32:50 PM train 500 1.377921e-01 95.427894 99.934506
09/26 03:32:54 PM train 550 1.376759e-01 95.440109 99.929106
09/26 03:32:58 PM train 600 1.366769e-01 95.442492 99.935004
09/26 03:33:03 PM train 650 1.371652e-01 95.403706 99.932796
09/26 03:33:07 PM train 700 1.376663e-01 95.368224 99.933131
09/26 03:33:12 PM train 750 1.394595e-01 95.312500 99.931342
09/26 03:33:14 PM train_acc 95.318000
09/26 03:33:14 PM valid 000 1.387086e-01 93.750000 100.000000
09/26 03:33:16 PM valid 050 2.048718e-01 93.811275 99.908088
09/26 03:33:17 PM valid 100 2.050342e-01 93.842822 99.907178
09/26 03:33:18 PM valid 150 1.995711e-01 94.091474 99.917219
09/26 03:33:18 PM valid_acc 94.050000, best_acc 94.160000
09/26 03:33:19 PM epoch 347 lr 9.328366e-03
09/26 03:33:19 PM train 000 1.646029e-01 93.750000 100.000000
09/26 03:33:23 PM train 050 1.142127e-01 96.047794 99.938725
09/26 03:33:27 PM train 100 1.142448e-01 96.055074 99.953589
09/26 03:33:32 PM train 150 1.209974e-01 95.850579 99.937914
09/26 03:33:36 PM train 200 1.268591e-01 95.786692 99.930037
09/26 03:33:40 PM train 250 1.279287e-01 95.804283 99.943974
09/26 03:33:45 PM train 300 1.303692e-01 95.722591 99.948090
09/26 03:33:49 PM train 350 1.307299e-01 95.717593 99.951033
09/26 03:33:53 PM train 400 1.333623e-01 95.639807 99.953242
09/26 03:33:57 PM train 450 1.340499e-01 95.600055 99.941103
09/26 03:34:02 PM train 500 1.339709e-01 95.577595 99.943862
09/26 03:34:06 PM train 550 1.346324e-01 95.553539 99.937613
09/26 03:34:11 PM train 600 1.358604e-01 95.538686 99.927205
09/26 03:34:15 PM train 650 1.364865e-01 95.485311 99.925595
09/26 03:34:19 PM train 700 1.368341e-01 95.484130 99.926444
09/26 03:34:24 PM train 750 1.375890e-01 95.456059 99.927180
09/26 03:34:26 PM train_acc 95.484000
09/26 03:34:26 PM valid 000 2.603041e-01 92.187500 100.000000
09/26 03:34:28 PM valid 050 2.117418e-01 94.178922 99.846814
09/26 03:34:29 PM valid 100 2.170687e-01 93.951114 99.845297
09/26 03:34:30 PM valid 150 2.053018e-01 94.277732 99.865480
09/26 03:34:31 PM valid_acc 94.290000, best_acc 94.290000
09/26 03:34:31 PM epoch 348 lr 9.265102e-03
09/26 03:34:31 PM train 000 1.898999e-01 92.187500 100.000000
09/26 03:34:35 PM train 050 1.387277e-01 95.496324 99.969363
09/26 03:34:40 PM train 100 1.283574e-01 95.792079 99.984530
09/26 03:34:44 PM train 150 1.348913e-01 95.591887 99.968957
09/26 03:34:48 PM train 200 1.348793e-01 95.584577 99.968905
09/26 03:34:53 PM train 250 1.367444e-01 95.511703 99.962649
09/26 03:34:57 PM train 300 1.387531e-01 95.395556 99.953281
09/26 03:35:01 PM train 350 1.374478e-01 95.405983 99.951033
09/26 03:35:05 PM train 400 1.374315e-01 95.370948 99.957138
09/26 03:35:10 PM train 450 1.381740e-01 95.322894 99.954961
09/26 03:35:14 PM train 500 1.385287e-01 95.300025 99.953219
09/26 03:35:18 PM train 550 1.405971e-01 95.218920 99.954628
09/26 03:35:23 PM train 600 1.405398e-01 95.247504 99.950603
09/26 03:35:27 PM train 650 1.411208e-01 95.206893 99.951997
09/26 03:35:31 PM train 700 1.407875e-01 95.214426 99.950963
09/26 03:35:36 PM train 750 1.416722e-01 95.177264 99.945905
09/26 03:35:38 PM train_acc 95.158000
09/26 03:35:38 PM valid 000 2.655548e-01 92.187500 100.000000
09/26 03:35:40 PM valid 050 2.376229e-01 93.841912 99.877451
09/26 03:35:41 PM valid 100 2.382200e-01 93.533416 99.860767
09/26 03:35:42 PM valid 150 2.256996e-01 93.687914 99.875828
09/26 03:35:43 PM valid_acc 93.750000, best_acc 94.290000
09/26 03:35:43 PM epoch 349 lr 9.201927e-03
09/26 03:35:43 PM train 000 1.112369e-01 95.312500 100.000000
09/26 03:35:47 PM train 050 1.327076e-01 95.588235 99.938725
09/26 03:35:52 PM train 100 1.355671e-01 95.652847 99.938119
09/26 03:35:56 PM train 150 1.281079e-01 95.871275 99.927566
09/26 03:36:00 PM train 200 1.269545e-01 95.848881 99.945585
09/26 03:36:04 PM train 250 1.275988e-01 95.760707 99.937749
09/26 03:36:09 PM train 300 1.265573e-01 95.722591 99.948090
09/26 03:36:13 PM train 350 1.298074e-01 95.597400 99.942130
09/26 03:36:17 PM train 400 1.298604e-01 95.565773 99.949345
09/26 03:36:22 PM train 450 1.330520e-01 95.478797 99.944568
09/26 03:36:26 PM train 500 1.339600e-01 95.459082 99.943862
09/26 03:36:30 PM train 550 1.338316e-01 95.459959 99.943285
09/26 03:36:35 PM train 600 1.338231e-01 95.489289 99.940204
09/26 03:36:39 PM train 650 1.343727e-01 95.504512 99.937596
09/26 03:36:43 PM train 700 1.348969e-01 95.472985 99.939818
09/26 03:36:48 PM train 750 1.355393e-01 95.451897 99.941744
09/26 03:36:50 PM train_acc 95.430000
09/26 03:36:50 PM valid 000 2.089605e-01 90.625000 100.000000
09/26 03:36:52 PM valid 050 1.829718e-01 94.761029 99.846814
09/26 03:36:53 PM valid 100 1.961075e-01 94.523515 99.891708
09/26 03:36:54 PM valid 150 1.904082e-01 94.422599 99.917219
09/26 03:36:54 PM valid_acc 94.420000, best_acc 94.420000
09/26 03:36:54 PM epoch 350 lr 9.138843e-03
09/26 03:36:54 PM train 000 9.948246e-02 95.312500 100.000000
09/26 03:36:59 PM train 050 1.299380e-01 95.618873 99.969363
09/26 03:37:03 PM train 100 1.285443e-01 95.915842 99.969059
09/26 03:37:07 PM train 150 1.274352e-01 95.840232 99.948262
09/26 03:37:12 PM train 200 1.280275e-01 95.841107 99.937811
09/26 03:37:16 PM train 250 1.304405e-01 95.785608 99.950199
09/26 03:37:20 PM train 300 1.326681e-01 95.727782 99.948090
09/26 03:37:25 PM train 350 1.322641e-01 95.713141 99.942130
09/26 03:37:29 PM train 400 1.315898e-01 95.647600 99.941552
09/26 03:37:33 PM train 450 1.340095e-01 95.537694 99.944568
09/26 03:37:38 PM train 500 1.341209e-01 95.546407 99.950100
09/26 03:37:42 PM train 550 1.357883e-01 95.493988 99.948956
09/26 03:37:46 PM train 600 1.347015e-01 95.533486 99.948003
09/26 03:37:50 PM train 650 1.359686e-01 95.499712 99.949597
09/26 03:37:54 PM train 700 1.358081e-01 95.524251 99.953192
09/26 03:37:59 PM train 750 1.362449e-01 95.514314 99.954228
09/26 03:38:02 PM train_acc 95.528000
09/26 03:38:02 PM valid 000 3.783864e-01 92.187500 100.000000
09/26 03:38:03 PM valid 050 2.141573e-01 94.301471 99.877451
09/26 03:38:04 PM valid 100 2.329039e-01 93.889233 99.891708
09/26 03:38:06 PM valid 150 2.257605e-01 93.915563 99.917219
09/26 03:38:06 PM valid_acc 93.880000, best_acc 94.420000
09/26 03:38:06 PM epoch 351 lr 9.075850e-03
09/26 03:38:06 PM train 000 6.644706e-02 96.875000 100.000000
09/26 03:38:10 PM train 050 1.278359e-01 95.863971 99.938725
09/26 03:38:15 PM train 100 1.276420e-01 96.070545 99.922649
09/26 03:38:19 PM train 150 1.326733e-01 95.819536 99.917219
09/26 03:38:23 PM train 200 1.330960e-01 95.747823 99.898943
09/26 03:38:28 PM train 250 1.280270e-01 95.829183 99.906624
09/26 03:38:32 PM train 300 1.292148e-01 95.774502 99.890988
09/26 03:38:37 PM train 350 1.299016e-01 95.677528 99.906517
09/26 03:38:41 PM train 400 1.302563e-01 95.651496 99.906484
09/26 03:38:45 PM train 450 1.311216e-01 95.606984 99.902993
09/26 03:38:50 PM train 500 1.325630e-01 95.555763 99.900200
09/26 03:38:54 PM train 550 1.338989e-01 95.488317 99.906420
09/26 03:38:58 PM train 600 1.350817e-01 95.432092 99.906406
09/26 03:39:03 PM train 650 1.351985e-01 95.415707 99.913594
09/26 03:39:07 PM train 700 1.345637e-01 95.426177 99.915300
09/26 03:39:11 PM train 750 1.352581e-01 95.422770 99.918858
09/26 03:39:14 PM train_acc 95.426000
09/26 03:39:14 PM valid 000 2.596400e-01 92.187500 100.000000
09/26 03:39:16 PM valid 050 2.296136e-01 93.658088 99.846814
09/26 03:39:17 PM valid 100 2.389234e-01 93.502475 99.845297
09/26 03:39:18 PM valid 150 2.306705e-01 93.698262 99.844785
09/26 03:39:18 PM valid_acc 93.680000, best_acc 94.420000
09/26 03:39:18 PM epoch 352 lr 9.012952e-03
09/26 03:39:19 PM train 000 8.790140e-02 96.875000 100.000000
09/26 03:39:23 PM train 050 1.126272e-01 96.568627 99.969363
09/26 03:39:27 PM train 100 1.182668e-01 96.333540 99.953589
09/26 03:39:31 PM train 150 1.185149e-01 96.192053 99.958609
09/26 03:39:36 PM train 200 1.194433e-01 96.175373 99.945585
09/26 03:39:40 PM train 250 1.243840e-01 95.966135 99.943974
09/26 03:39:45 PM train 300 1.260696e-01 95.867940 99.942899
09/26 03:39:49 PM train 350 1.272733e-01 95.842236 99.942130
09/26 03:39:53 PM train 400 1.269375e-01 95.869701 99.941552
09/26 03:39:58 PM train 450 1.284573e-01 95.797533 99.941103
09/26 03:40:02 PM train 500 1.302430e-01 95.724177 99.940744
09/26 03:40:06 PM train 550 1.320821e-01 95.649955 99.946121
09/26 03:40:11 PM train 600 1.329004e-01 95.588082 99.948003
09/26 03:40:15 PM train 650 1.316330e-01 95.631720 99.947197
09/26 03:40:19 PM train 700 1.316597e-01 95.602265 99.950963
09/26 03:40:24 PM train 750 1.331151e-01 95.568409 99.947986
09/26 03:40:27 PM train_acc 95.510000
09/26 03:40:27 PM valid 000 3.271680e-01 92.187500 100.000000
09/26 03:40:28 PM valid 050 2.183765e-01 93.566176 99.908088
09/26 03:40:30 PM valid 100 2.159316e-01 93.672649 99.876238
09/26 03:40:31 PM valid 150 2.064859e-01 93.894868 99.875828
09/26 03:40:31 PM valid_acc 93.880000, best_acc 94.420000
09/26 03:40:31 PM epoch 353 lr 8.950149e-03
09/26 03:40:31 PM train 000 7.885161e-02 98.437500 100.000000
09/26 03:40:36 PM train 050 1.074347e-01 96.568627 99.969363
09/26 03:40:40 PM train 100 1.100488e-01 96.349010 99.984530
09/26 03:40:44 PM train 150 1.134127e-01 96.243791 99.958609
09/26 03:40:49 PM train 200 1.161730e-01 96.152052 99.937811
09/26 03:40:53 PM train 250 1.197825e-01 96.121763 99.937749
09/26 03:40:57 PM train 300 1.240657e-01 95.961379 99.937708
09/26 03:41:02 PM train 350 1.257371e-01 95.837785 99.928775
09/26 03:41:06 PM train 400 1.291746e-01 95.698254 99.922070
09/26 03:41:10 PM train 450 1.301152e-01 95.697062 99.923780
09/26 03:41:15 PM train 500 1.307048e-01 95.689870 99.928268
09/26 03:41:19 PM train 550 1.322064e-01 95.621597 99.931942
09/26 03:41:23 PM train 600 1.312133e-01 95.666077 99.927205
09/26 03:41:28 PM train 650 1.315872e-01 95.694124 99.927995
09/26 03:41:32 PM train 700 1.341301e-01 95.624554 99.924215
09/26 03:41:37 PM train 750 1.341905e-01 95.605859 99.927180
09/26 03:41:39 PM train_acc 95.614000
09/26 03:41:39 PM valid 000 1.974605e-01 93.750000 100.000000
09/26 03:41:41 PM valid 050 2.083483e-01 93.811275 99.754902
09/26 03:41:42 PM valid 100 2.094612e-01 93.997525 99.798886
09/26 03:41:43 PM valid 150 2.020259e-01 94.091474 99.834437
09/26 03:41:44 PM valid_acc 94.090000, best_acc 94.420000
09/26 03:41:44 PM epoch 354 lr 8.887443e-03
09/26 03:41:44 PM train 000 7.289611e-02 95.312500 100.000000
09/26 03:41:48 PM train 050 1.238418e-01 95.496324 99.938725
09/26 03:41:52 PM train 100 1.183322e-01 95.869431 99.922649
09/26 03:41:57 PM train 150 1.189459e-01 95.912666 99.917219
09/26 03:42:01 PM train 200 1.219002e-01 95.825560 99.906716
09/26 03:42:05 PM train 250 1.241368e-01 95.810508 99.906624
09/26 03:42:10 PM train 300 1.224921e-01 95.925042 99.922135
09/26 03:42:14 PM train 350 1.276982e-01 95.739850 99.933226
09/26 03:42:18 PM train 400 1.272342e-01 95.764495 99.937656
09/26 03:42:23 PM train 450 1.273903e-01 95.814856 99.937639
09/26 03:42:27 PM train 500 1.283855e-01 95.799027 99.934506
09/26 03:42:31 PM train 550 1.290610e-01 95.769056 99.934778
09/26 03:42:36 PM train 600 1.289210e-01 95.764871 99.937604
09/26 03:42:40 PM train 650 1.296430e-01 95.732527 99.942396
09/26 03:42:44 PM train 700 1.308472e-01 95.707026 99.944276
09/26 03:42:49 PM train 750 1.317975e-01 95.664115 99.943825
09/26 03:42:51 PM train_acc 95.634000
09/26 03:42:51 PM valid 000 1.313280e-01 95.312500 100.000000
09/26 03:42:53 PM valid 050 2.138982e-01 94.117647 99.846814
09/26 03:42:54 PM valid 100 2.186893e-01 94.090347 99.845297
09/26 03:42:55 PM valid 150 2.119793e-01 94.194950 99.875828
09/26 03:42:56 PM valid_acc 94.190000, best_acc 94.420000
09/26 03:42:56 PM epoch 355 lr 8.824836e-03
09/26 03:42:56 PM train 000 1.467288e-01 95.312500 100.000000
09/26 03:43:00 PM train 050 1.277886e-01 96.170343 99.969363
09/26 03:43:05 PM train 100 1.261465e-01 95.915842 99.984530
09/26 03:43:09 PM train 150 1.330886e-01 95.726407 99.948262
09/26 03:43:13 PM train 200 1.327341e-01 95.740050 99.953358
09/26 03:43:18 PM train 250 1.319205e-01 95.785608 99.956424
09/26 03:43:22 PM train 300 1.286092e-01 95.883513 99.958472
09/26 03:43:26 PM train 350 1.278527e-01 95.895655 99.951033
09/26 03:43:31 PM train 400 1.278388e-01 95.850218 99.945449
09/26 03:43:35 PM train 450 1.265568e-01 95.891075 99.948032
09/26 03:43:39 PM train 500 1.279029e-01 95.805264 99.953219
09/26 03:43:43 PM train 550 1.286557e-01 95.766221 99.954628
09/26 03:43:48 PM train 600 1.292876e-01 95.754472 99.950603
09/26 03:43:52 PM train 650 1.289768e-01 95.751728 99.949597
09/26 03:43:56 PM train 700 1.292068e-01 95.751605 99.946505
09/26 03:44:01 PM train 750 1.301743e-01 95.730692 99.943825
09/26 03:44:04 PM train_acc 95.734000
09/26 03:44:04 PM valid 000 1.689636e-01 92.187500 100.000000
09/26 03:44:05 PM valid 050 1.851817e-01 94.577206 99.877451
09/26 03:44:06 PM valid 100 2.030953e-01 94.214109 99.845297
09/26 03:44:08 PM valid 150 1.954732e-01 94.319123 99.896523
09/26 03:44:08 PM valid_acc 94.310000, best_acc 94.420000
09/26 03:44:08 PM epoch 356 lr 8.762330e-03
09/26 03:44:08 PM train 000 7.793692e-02 96.875000 100.000000
09/26 03:44:12 PM train 050 1.338711e-01 95.526961 99.938725
09/26 03:44:17 PM train 100 1.428170e-01 95.281559 99.891708
09/26 03:44:21 PM train 150 1.406923e-01 95.447020 99.906871
09/26 03:44:25 PM train 200 1.367958e-01 95.514614 99.922264
09/26 03:44:30 PM train 250 1.356847e-01 95.592629 99.931524
09/26 03:44:34 PM train 300 1.351860e-01 95.556478 99.932517
09/26 03:44:38 PM train 350 1.343722e-01 95.610755 99.933226
09/26 03:44:43 PM train 400 1.357796e-01 95.573566 99.937656
09/26 03:44:47 PM train 450 1.342493e-01 95.620843 99.941103
09/26 03:44:51 PM train 500 1.349780e-01 95.618139 99.937625
09/26 03:44:55 PM train 550 1.349465e-01 95.649955 99.934778
09/26 03:45:00 PM train 600 1.345457e-01 95.671277 99.935004
09/26 03:45:04 PM train 650 1.343096e-01 95.672523 99.935196
09/26 03:45:08 PM train 700 1.341965e-01 95.660218 99.933131
09/26 03:45:12 PM train 750 1.340239e-01 95.670356 99.931342
09/26 03:45:15 PM train_acc 95.634000
09/26 03:45:15 PM valid 000 2.323614e-01 92.187500 100.000000
09/26 03:45:17 PM valid 050 2.380677e-01 93.474265 99.908088
09/26 03:45:18 PM valid 100 2.309186e-01 93.626238 99.922649
09/26 03:45:19 PM valid 150 2.283173e-01 93.584437 99.937914
09/26 03:45:19 PM valid_acc 93.570000, best_acc 94.420000
09/26 03:45:19 PM epoch 357 lr 8.699927e-03
09/26 03:45:20 PM train 000 1.109722e-01 96.875000 100.000000
09/26 03:45:24 PM train 050 1.331349e-01 95.404412 99.969363
09/26 03:45:28 PM train 100 1.309157e-01 95.668317 99.969059
09/26 03:45:33 PM train 150 1.276481e-01 95.788493 99.958609
09/26 03:45:37 PM train 200 1.289713e-01 95.732276 99.930037
09/26 03:45:41 PM train 250 1.270382e-01 95.810508 99.937749
09/26 03:45:45 PM train 300 1.270763e-01 95.826412 99.942899
09/26 03:45:50 PM train 350 1.273248e-01 95.811075 99.946581
09/26 03:45:54 PM train 400 1.274232e-01 95.787874 99.949345
09/26 03:45:58 PM train 450 1.280975e-01 95.749030 99.954961
09/26 03:46:02 PM train 500 1.305001e-01 95.696108 99.953219
09/26 03:46:07 PM train 550 1.308224e-01 95.692491 99.951792
09/26 03:46:11 PM train 600 1.319357e-01 95.634879 99.953203
09/26 03:46:15 PM train 650 1.317743e-01 95.665323 99.951997
09/26 03:46:20 PM train 700 1.325381e-01 95.626783 99.953192
09/26 03:46:24 PM train 750 1.322808e-01 95.639148 99.956308
09/26 03:46:27 PM train_acc 95.634000
09/26 03:46:27 PM valid 000 1.857371e-01 95.312500 100.000000
09/26 03:46:28 PM valid 050 2.016293e-01 94.056373 99.785539
09/26 03:46:29 PM valid 100 2.154652e-01 93.858292 99.845297
09/26 03:46:31 PM valid 150 2.047050e-01 94.122517 99.875828
09/26 03:46:31 PM valid_acc 94.150000, best_acc 94.420000
09/26 03:46:31 PM epoch 358 lr 8.637628e-03
09/26 03:46:31 PM train 000 8.787742e-02 96.875000 100.000000
09/26 03:46:35 PM train 050 1.192401e-01 96.047794 99.938725
09/26 03:46:40 PM train 100 1.195135e-01 96.132426 99.922649
09/26 03:46:44 PM train 150 1.185569e-01 96.150662 99.937914
09/26 03:46:49 PM train 200 1.210155e-01 96.058769 99.930037
09/26 03:46:53 PM train 250 1.224684e-01 95.897659 99.943974
09/26 03:46:57 PM train 300 1.223809e-01 95.930233 99.948090
09/26 03:47:01 PM train 350 1.231130e-01 95.900107 99.951033
09/26 03:47:06 PM train 400 1.254257e-01 95.791771 99.949345
09/26 03:47:10 PM train 450 1.268522e-01 95.731707 99.951497
09/26 03:47:14 PM train 500 1.276260e-01 95.674276 99.950100
09/26 03:47:19 PM train 550 1.283377e-01 95.652790 99.954628
09/26 03:47:23 PM train 600 1.297636e-01 95.627080 99.945403
09/26 03:47:27 PM train 650 1.299515e-01 95.665323 99.942396
09/26 03:47:31 PM train 700 1.314200e-01 95.633470 99.939818
09/26 03:47:36 PM train 750 1.326970e-01 95.595456 99.939664
09/26 03:47:38 PM train_acc 95.594000
09/26 03:47:38 PM valid 000 2.098721e-01 90.625000 100.000000
09/26 03:47:39 PM valid 050 2.144169e-01 94.546569 99.816176
09/26 03:47:41 PM valid 100 2.180565e-01 94.322401 99.845297
09/26 03:47:42 PM valid 150 2.072495e-01 94.370861 99.865480
09/26 03:47:42 PM valid_acc 94.380000, best_acc 94.420000
09/26 03:47:42 PM epoch 359 lr 8.575435e-03
09/26 03:47:43 PM train 000 6.785344e-02 96.875000 100.000000
09/26 03:47:47 PM train 050 1.170859e-01 96.476716 99.908088
09/26 03:47:51 PM train 100 1.225304e-01 96.163366 99.907178
09/26 03:47:56 PM train 150 1.215598e-01 96.223096 99.917219
09/26 03:48:00 PM train 200 1.211029e-01 96.175373 99.914490
09/26 03:48:04 PM train 250 1.239175e-01 96.028386 99.900398
09/26 03:48:08 PM train 300 1.226498e-01 96.075581 99.911752
09/26 03:48:13 PM train 350 1.233270e-01 96.042557 99.915420
09/26 03:48:17 PM train 400 1.231837e-01 96.029458 99.922070
09/26 03:48:21 PM train 450 1.238402e-01 96.008869 99.927245
09/26 03:48:26 PM train 500 1.243994e-01 95.936252 99.934506
09/26 03:48:30 PM train 550 1.247507e-01 95.905172 99.937613
09/26 03:48:34 PM train 600 1.263643e-01 95.853265 99.940204
09/26 03:48:39 PM train 650 1.266341e-01 95.859735 99.937596
09/26 03:48:43 PM train 700 1.263049e-01 95.885342 99.937589
09/26 03:48:47 PM train 750 1.261926e-01 95.911701 99.935503
09/26 03:48:50 PM train_acc 95.866000
09/26 03:48:50 PM valid 000 1.680936e-01 95.312500 100.000000
09/26 03:48:51 PM valid 050 2.047043e-01 94.638480 99.846814
09/26 03:48:53 PM valid 100 2.041098e-01 94.569926 99.891708
09/26 03:48:54 PM valid 150 2.055072e-01 94.257036 99.875828
09/26 03:48:54 PM valid_acc 94.230000, best_acc 94.420000
09/26 03:48:54 PM epoch 360 lr 8.513349e-03
09/26 03:48:54 PM train 000 2.615306e-01 95.312500 100.000000
09/26 03:48:59 PM train 050 1.246957e-01 95.863971 99.938725
09/26 03:49:03 PM train 100 1.269234e-01 95.560025 99.953589
09/26 03:49:07 PM train 150 1.268080e-01 95.571192 99.937914
09/26 03:49:11 PM train 200 1.295681e-01 95.623445 99.945585
09/26 03:49:16 PM train 250 1.323502e-01 95.561504 99.919074
09/26 03:49:20 PM train 300 1.310763e-01 95.592816 99.927326
09/26 03:49:24 PM train 350 1.300520e-01 95.646368 99.937678
09/26 03:49:29 PM train 400 1.294052e-01 95.674875 99.933759
09/26 03:49:33 PM train 450 1.299540e-01 95.703991 99.930710
09/26 03:49:37 PM train 500 1.304739e-01 95.711702 99.931387
09/26 03:49:42 PM train 550 1.297919e-01 95.732191 99.934778
09/26 03:49:46 PM train 600 1.302878e-01 95.718074 99.929804
09/26 03:49:50 PM train 650 1.307172e-01 95.713326 99.930396
09/26 03:49:54 PM train 700 1.312121e-01 95.702568 99.930902
09/26 03:49:59 PM train 750 1.302416e-01 95.761901 99.931342
09/26 03:50:01 PM train_acc 95.764000
09/26 03:50:01 PM valid 000 2.676181e-01 95.312500 100.000000
09/26 03:50:03 PM valid 050 2.091419e-01 93.688725 99.877451
09/26 03:50:04 PM valid 100 2.053353e-01 93.997525 99.860767
09/26 03:50:05 PM valid 150 1.996452e-01 94.267384 99.875828
09/26 03:50:05 PM valid_acc 94.240000, best_acc 94.420000
09/26 03:50:05 PM epoch 361 lr 8.451372e-03
09/26 03:50:06 PM train 000 1.222565e-01 95.312500 100.000000
09/26 03:50:11 PM train 050 1.244095e-01 96.017157 99.969363
09/26 03:50:15 PM train 100 1.188793e-01 96.070545 99.953589
09/26 03:50:19 PM train 150 1.246151e-01 95.964404 99.948262
09/26 03:50:23 PM train 200 1.243516e-01 95.965485 99.945585
09/26 03:50:28 PM train 250 1.252462e-01 95.953685 99.943974
09/26 03:50:32 PM train 300 1.259595e-01 95.914659 99.942899
09/26 03:50:36 PM train 350 1.279337e-01 95.864494 99.942130
09/26 03:50:41 PM train 400 1.299324e-01 95.752805 99.945449
09/26 03:50:45 PM train 450 1.313806e-01 95.690133 99.944568
09/26 03:50:49 PM train 500 1.331257e-01 95.633733 99.946981
09/26 03:50:54 PM train 550 1.340879e-01 95.601747 99.946121
09/26 03:50:58 PM train 600 1.346354e-01 95.569884 99.948003
09/26 03:51:02 PM train 650 1.349006e-01 95.564516 99.949597
09/26 03:51:07 PM train 700 1.340365e-01 95.595578 99.948734
09/26 03:51:11 PM train 750 1.335996e-01 95.605859 99.945905
09/26 03:51:14 PM train_acc 95.620000
09/26 03:51:14 PM valid 000 2.330374e-01 95.312500 100.000000
09/26 03:51:15 PM valid 050 2.070314e-01 93.811275 99.908088
09/26 03:51:16 PM valid 100 2.115145e-01 93.920173 99.829827
09/26 03:51:18 PM valid 150 2.087249e-01 94.019040 99.865480
09/26 03:51:18 PM valid_acc 94.080000, best_acc 94.420000
09/26 03:51:18 PM epoch 362 lr 8.389507e-03
09/26 03:51:18 PM train 000 1.950085e-01 96.875000 100.000000
09/26 03:51:23 PM train 050 1.202167e-01 96.078431 100.000000
09/26 03:51:27 PM train 100 1.254595e-01 95.714728 99.984530
09/26 03:51:31 PM train 150 1.222355e-01 95.995447 99.968957
09/26 03:51:35 PM train 200 1.175404e-01 96.175373 99.968905
09/26 03:51:40 PM train 250 1.151858e-01 96.221365 99.962649
09/26 03:51:44 PM train 300 1.215173e-01 96.034053 99.937708
09/26 03:51:48 PM train 350 1.237359e-01 95.944623 99.937678
09/26 03:51:53 PM train 400 1.246022e-01 95.873597 99.941552
09/26 03:51:57 PM train 450 1.269878e-01 95.766353 99.937639
09/26 03:52:01 PM train 500 1.279406e-01 95.774077 99.931387
09/26 03:52:06 PM train 550 1.291397e-01 95.754877 99.920599
09/26 03:52:10 PM train 600 1.283958e-01 95.796069 99.924605
09/26 03:52:14 PM train 650 1.280046e-01 95.782930 99.927995
09/26 03:52:18 PM train 700 1.284761e-01 95.758292 99.930902
09/26 03:52:23 PM train 750 1.298837e-01 95.707806 99.927180
09/26 03:52:25 PM train_acc 95.682000
09/26 03:52:26 PM valid 000 2.745443e-01 95.312500 100.000000
09/26 03:52:27 PM valid 050 2.395117e-01 93.995098 99.846814
09/26 03:52:28 PM valid 100 2.349429e-01 93.842822 99.876238
09/26 03:52:30 PM valid 150 2.279358e-01 93.946606 99.886175
09/26 03:52:30 PM valid_acc 93.940000, best_acc 94.420000
09/26 03:52:30 PM epoch 363 lr 8.327754e-03
09/26 03:52:30 PM train 000 8.618865e-02 98.437500 100.000000
09/26 03:52:35 PM train 050 1.310539e-01 95.680147 100.000000
09/26 03:52:39 PM train 100 1.269744e-01 95.915842 99.953589
09/26 03:52:43 PM train 150 1.279724e-01 95.850579 99.958609
09/26 03:52:48 PM train 200 1.277244e-01 95.802239 99.953358
09/26 03:52:52 PM train 250 1.266971e-01 95.897659 99.943974
09/26 03:52:56 PM train 300 1.269343e-01 95.852367 99.942899
09/26 03:53:01 PM train 350 1.260224e-01 95.811075 99.942130
09/26 03:53:05 PM train 400 1.253659e-01 95.842425 99.933759
09/26 03:53:09 PM train 450 1.260155e-01 95.835643 99.937639
09/26 03:53:13 PM train 500 1.263035e-01 95.861402 99.934506
09/26 03:53:17 PM train 550 1.255692e-01 95.893829 99.940449
09/26 03:53:22 PM train 600 1.245753e-01 95.915661 99.940204
09/26 03:53:26 PM train 650 1.260612e-01 95.898137 99.942396
09/26 03:53:30 PM train 700 1.263565e-01 95.869740 99.942047
09/26 03:53:35 PM train 750 1.278256e-01 95.830559 99.937583
09/26 03:53:37 PM train_acc 95.792000
09/26 03:53:37 PM valid 000 2.790941e-01 93.750000 100.000000
09/26 03:53:39 PM valid 050 1.738588e-01 94.791667 99.908088
09/26 03:53:40 PM valid 100 1.963344e-01 94.616337 99.860767
09/26 03:53:41 PM valid 150 1.950500e-01 94.670944 99.875828
09/26 03:53:42 PM valid_acc 94.630000, best_acc 94.630000
09/26 03:53:42 PM epoch 364 lr 8.266116e-03
09/26 03:53:42 PM train 000 2.237019e-01 92.187500 100.000000
09/26 03:53:46 PM train 050 1.263183e-01 96.047794 100.000000
09/26 03:53:50 PM train 100 1.245857e-01 96.039604 99.938119
09/26 03:53:55 PM train 150 1.211481e-01 96.181705 99.948262
09/26 03:53:59 PM train 200 1.249486e-01 96.105410 99.937811
09/26 03:54:03 PM train 250 1.231510e-01 96.165339 99.937749
09/26 03:54:08 PM train 300 1.264061e-01 96.023671 99.937708
09/26 03:54:12 PM train 350 1.259251e-01 96.020299 99.937678
09/26 03:54:16 PM train 400 1.227570e-01 96.084009 99.933759
09/26 03:54:20 PM train 450 1.224056e-01 96.092018 99.930710
09/26 03:54:25 PM train 500 1.237618e-01 96.042290 99.925150
09/26 03:54:29 PM train 550 1.254117e-01 95.993081 99.926270
09/26 03:54:33 PM train 600 1.251190e-01 95.980657 99.929804
09/26 03:54:38 PM train 650 1.258678e-01 95.917339 99.930396
09/26 03:54:42 PM train 700 1.264511e-01 95.896487 99.930902
09/26 03:54:46 PM train 750 1.264859e-01 95.886734 99.931342
09/26 03:54:49 PM train_acc 95.868000
09/26 03:54:49 PM valid 000 2.810313e-01 92.187500 100.000000
09/26 03:54:50 PM valid 050 2.098947e-01 93.566176 99.908088
09/26 03:54:52 PM valid 100 2.041342e-01 93.904703 99.907178
09/26 03:54:53 PM valid 150 1.995611e-01 93.956954 99.917219
09/26 03:54:53 PM valid_acc 94.000000, best_acc 94.630000
09/26 03:54:53 PM epoch 365 lr 8.204594e-03
09/26 03:54:53 PM train 000 1.006731e-01 96.875000 100.000000
09/26 03:54:58 PM train 050 1.296048e-01 95.680147 99.846814
09/26 03:55:02 PM train 100 1.278635e-01 95.590965 99.860767
09/26 03:55:06 PM train 150 1.209723e-01 95.995447 99.896523
09/26 03:55:11 PM train 200 1.132542e-01 96.198694 99.922264
09/26 03:55:15 PM train 250 1.126842e-01 96.264940 99.919074
09/26 03:55:19 PM train 300 1.121238e-01 96.298796 99.932517
09/26 03:55:24 PM train 350 1.139237e-01 96.180556 99.937678
09/26 03:55:28 PM train 400 1.132271e-01 96.181421 99.941552
09/26 03:55:32 PM train 450 1.147944e-01 96.150915 99.944568
09/26 03:55:37 PM train 500 1.150602e-01 96.148328 99.946981
09/26 03:55:41 PM train 550 1.158708e-01 96.140540 99.943285
09/26 03:55:45 PM train 600 1.179460e-01 96.066452 99.945403
09/26 03:55:49 PM train 650 1.188259e-01 96.042147 99.942396
09/26 03:55:54 PM train 700 1.214068e-01 95.956669 99.939818
09/26 03:55:58 PM train 750 1.223830e-01 95.920023 99.943825
09/26 03:56:01 PM train_acc 95.906000
09/26 03:56:01 PM valid 000 1.728316e-01 96.875000 100.000000
09/26 03:56:02 PM valid 050 2.106411e-01 94.240196 99.908088
09/26 03:56:03 PM valid 100 2.197015e-01 93.811881 99.891708
09/26 03:56:05 PM valid 150 2.115582e-01 94.039735 99.906871
09/26 03:56:05 PM valid_acc 94.050000, best_acc 94.630000
09/26 03:56:05 PM epoch 366 lr 8.143190e-03
09/26 03:56:05 PM train 000 1.811260e-01 92.187500 100.000000
09/26 03:56:10 PM train 050 1.229323e-01 95.986520 99.877451
09/26 03:56:14 PM train 100 1.178141e-01 96.318069 99.922649
09/26 03:56:18 PM train 150 1.262142e-01 95.954056 99.896523
09/26 03:56:23 PM train 200 1.252847e-01 95.973259 99.898943
09/26 03:56:27 PM train 250 1.214900e-01 96.034612 99.906624
09/26 03:56:32 PM train 300 1.203146e-01 96.028862 99.916944
09/26 03:56:36 PM train 350 1.204856e-01 96.020299 99.928775
09/26 03:56:40 PM train 400 1.217109e-01 95.994389 99.918173
09/26 03:56:45 PM train 450 1.218339e-01 95.988082 99.920316
09/26 03:56:49 PM train 500 1.227529e-01 95.961203 99.922031
09/26 03:56:53 PM train 550 1.240111e-01 95.910844 99.926270
09/26 03:56:58 PM train 600 1.236811e-01 95.902662 99.929804
09/26 03:57:02 PM train 650 1.267552e-01 95.823733 99.932796
09/26 03:57:06 PM train 700 1.274954e-01 95.811787 99.937589
09/26 03:57:11 PM train 750 1.269793e-01 95.822237 99.939664
09/26 03:57:14 PM train_acc 95.810000
09/26 03:57:14 PM valid 000 2.316177e-01 95.312500 100.000000
09/26 03:57:15 PM valid 050 2.149342e-01 94.209559 99.908088
09/26 03:57:16 PM valid 100 2.228343e-01 94.105817 99.922649
09/26 03:57:17 PM valid 150 2.116481e-01 94.215646 99.917219
09/26 03:57:17 PM valid_acc 94.300000, best_acc 94.630000
09/26 03:57:18 PM epoch 367 lr 8.081905e-03
09/26 03:57:18 PM train 000 1.625422e-02 100.000000 100.000000
09/26 03:57:22 PM train 050 1.257101e-01 95.710784 99.969363
09/26 03:57:26 PM train 100 1.203374e-01 96.070545 99.922649
09/26 03:57:31 PM train 150 1.224571e-01 95.974752 99.937914
09/26 03:57:35 PM train 200 1.231075e-01 96.027674 99.937811
09/26 03:57:39 PM train 250 1.221234e-01 96.078187 99.937749
09/26 03:57:44 PM train 300 1.219398e-01 96.096346 99.948090
09/26 03:57:48 PM train 350 1.232561e-01 96.024751 99.955484
09/26 03:57:53 PM train 400 1.235959e-01 95.951527 99.961035
09/26 03:57:57 PM train 450 1.246303e-01 95.967295 99.958426
09/26 03:58:01 PM train 500 1.244489e-01 95.939371 99.962575
09/26 03:58:06 PM train 550 1.244387e-01 95.930694 99.963135
09/26 03:58:10 PM train 600 1.261551e-01 95.871464 99.963602
09/26 03:58:14 PM train 650 1.272627e-01 95.816532 99.959197
09/26 03:58:19 PM train 700 1.277411e-01 95.782810 99.959879
09/26 03:58:23 PM train 750 1.274003e-01 95.782706 99.958389
09/26 03:58:26 PM train_acc 95.762000
09/26 03:58:26 PM valid 000 2.932014e-01 92.187500 100.000000
09/26 03:58:27 PM valid 050 2.336005e-01 93.535539 99.846814
09/26 03:58:28 PM valid 100 2.312825e-01 93.842822 99.845297
09/26 03:58:30 PM valid 150 2.184726e-01 94.050083 99.886175
09/26 03:58:30 PM valid_acc 94.030000, best_acc 94.630000
09/26 03:58:30 PM epoch 368 lr 8.020741e-03
09/26 03:58:30 PM train 000 4.481585e-02 98.437500 100.000000
09/26 03:58:35 PM train 050 1.152858e-01 96.446078 99.938725
09/26 03:58:39 PM train 100 1.236537e-01 96.070545 99.938119
09/26 03:58:43 PM train 150 1.188681e-01 96.161010 99.958609
09/26 03:58:47 PM train 200 1.218979e-01 96.058769 99.953358
09/26 03:58:52 PM train 250 1.247966e-01 95.966135 99.956424
09/26 03:58:56 PM train 300 1.255322e-01 95.940615 99.953281
09/26 03:59:01 PM train 350 1.250517e-01 95.949074 99.955484
09/26 03:59:05 PM train 400 1.243714e-01 95.990493 99.949345
09/26 03:59:09 PM train 450 1.229565e-01 96.074695 99.944568
09/26 03:59:13 PM train 500 1.233188e-01 96.067241 99.943862
09/26 03:59:18 PM train 550 1.226628e-01 96.089496 99.937613
09/26 03:59:22 PM train 600 1.231316e-01 96.027454 99.935004
09/26 03:59:27 PM train 650 1.233023e-01 96.010945 99.939996
09/26 03:59:31 PM train 700 1.245206e-01 95.956669 99.939818
09/26 03:59:35 PM train 750 1.249949e-01 95.932507 99.939664
09/26 03:59:38 PM train_acc 95.920000
09/26 03:59:38 PM valid 000 2.595371e-01 93.750000 100.000000
09/26 03:59:40 PM valid 050 2.300509e-01 94.117647 99.877451
09/26 03:59:41 PM valid 100 2.397489e-01 93.935644 99.845297
09/26 03:59:42 PM valid 150 2.343087e-01 93.843129 99.865480
09/26 03:59:42 PM valid_acc 93.850000, best_acc 94.630000
09/26 03:59:43 PM epoch 369 lr 7.959700e-03
09/26 03:59:43 PM train 000 1.396786e-01 96.875000 100.000000
09/26 03:59:47 PM train 050 1.291947e-01 95.741422 99.938725
09/26 03:59:51 PM train 100 1.233394e-01 95.915842 99.938119
09/26 03:59:56 PM train 150 1.294054e-01 95.705712 99.937914
09/26 04:00:00 PM train 200 1.280568e-01 95.755597 99.930037
09/26 04:00:04 PM train 250 1.257281e-01 95.847859 99.937749
09/26 04:00:09 PM train 300 1.269034e-01 95.831603 99.937708
09/26 04:00:13 PM train 350 1.250992e-01 95.873397 99.946581
09/26 04:00:17 PM train 400 1.229950e-01 95.998286 99.953242
09/26 04:00:22 PM train 450 1.232409e-01 95.988082 99.958426
09/26 04:00:26 PM train 500 1.253491e-01 95.914421 99.959456
09/26 04:00:31 PM train 550 1.249843e-01 95.905172 99.957464
09/26 04:00:35 PM train 600 1.266616e-01 95.871464 99.955803
09/26 04:00:39 PM train 650 1.258324e-01 95.895737 99.954397
09/26 04:00:44 PM train 700 1.249610e-01 95.914319 99.957650
09/26 04:00:48 PM train 750 1.249921e-01 95.907540 99.960469
09/26 04:00:51 PM train_acc 95.920000
09/26 04:00:51 PM valid 000 1.344923e-01 95.312500 100.000000
09/26 04:00:52 PM valid 050 2.012296e-01 94.178922 99.877451
09/26 04:00:54 PM valid 100 2.126809e-01 94.322401 99.876238
09/26 04:00:55 PM valid 150 2.076942e-01 94.329470 99.896523
09/26 04:00:55 PM valid_acc 94.360000, best_acc 94.630000
09/26 04:00:55 PM epoch 370 lr 7.898783e-03
09/26 04:00:56 PM train 000 2.344076e-01 96.875000 100.000000
09/26 04:01:00 PM train 050 1.075005e-01 96.568627 100.000000
09/26 04:01:04 PM train 100 1.043994e-01 96.596535 100.000000
09/26 04:01:09 PM train 150 1.076315e-01 96.554222 99.979305
09/26 04:01:13 PM train 200 1.072824e-01 96.517413 99.984453
09/26 04:01:17 PM train 250 1.088253e-01 96.501494 99.975100
09/26 04:01:22 PM train 300 1.123444e-01 96.376661 99.974045
09/26 04:01:26 PM train 350 1.149713e-01 96.296296 99.977742
09/26 04:01:30 PM train 400 1.172560e-01 96.235973 99.972724
09/26 04:01:34 PM train 450 1.194153e-01 96.154379 99.972284
09/26 04:01:39 PM train 500 1.206215e-01 96.132735 99.968812
09/26 04:01:43 PM train 550 1.222811e-01 96.098004 99.965971
09/26 04:01:47 PM train 600 1.214049e-01 96.115849 99.966202
09/26 04:01:52 PM train 650 1.219470e-01 96.109351 99.966398
09/26 04:01:56 PM train 700 1.212160e-01 96.112696 99.968795
09/26 04:02:00 PM train 750 1.222896e-01 96.078146 99.964630
09/26 04:02:03 PM train_acc 96.058000
09/26 04:02:03 PM valid 000 1.633861e-01 93.750000 100.000000
09/26 04:02:05 PM valid 050 1.897568e-01 94.883578 99.877451
09/26 04:02:06 PM valid 100 2.082939e-01 94.229579 99.876238
09/26 04:02:07 PM valid 150 2.092335e-01 94.225993 99.875828
09/26 04:02:07 PM valid_acc 94.230000, best_acc 94.630000
09/26 04:02:08 PM epoch 371 lr 7.837993e-03
09/26 04:02:08 PM train 000 3.353821e-02 100.000000 100.000000
09/26 04:02:12 PM train 050 1.107069e-01 96.262255 100.000000
09/26 04:02:16 PM train 100 1.114983e-01 96.147896 100.000000
09/26 04:02:21 PM train 150 1.142224e-01 96.181705 99.989652
09/26 04:02:25 PM train 200 1.169334e-01 96.105410 99.992226
09/26 04:02:29 PM train 250 1.197620e-01 96.009711 99.956424
09/26 04:02:33 PM train 300 1.203913e-01 96.018480 99.958472
09/26 04:02:37 PM train 350 1.207430e-01 96.015848 99.955484
09/26 04:02:42 PM train 400 1.196057e-01 96.029458 99.953242
09/26 04:02:46 PM train 450 1.217434e-01 95.963830 99.954961
09/26 04:02:50 PM train 500 1.237513e-01 95.852046 99.959456
09/26 04:02:55 PM train 550 1.253955e-01 95.831443 99.951792
09/26 04:02:59 PM train 600 1.276317e-01 95.754472 99.953203
09/26 04:03:03 PM train 650 1.281586e-01 95.763729 99.951997
09/26 04:03:08 PM train 700 1.287751e-01 95.747147 99.953192
09/26 04:03:12 PM train 750 1.290049e-01 95.728612 99.947986
09/26 04:03:15 PM train_acc 95.716000
09/26 04:03:15 PM valid 000 1.649032e-01 93.750000 100.000000
09/26 04:03:16 PM valid 050 2.111112e-01 94.087010 99.816176
09/26 04:03:17 PM valid 100 2.102933e-01 94.214109 99.860767
09/26 04:03:19 PM valid 150 2.083436e-01 94.153560 99.855132
09/26 04:03:19 PM valid_acc 94.170000, best_acc 94.630000
09/26 04:03:19 PM epoch 372 lr 7.777330e-03
09/26 04:03:19 PM train 000 6.593793e-02 96.875000 100.000000
09/26 04:03:24 PM train 050 1.274377e-01 95.833333 100.000000
09/26 04:03:28 PM train 100 1.175814e-01 96.240718 99.969059
09/26 04:03:32 PM train 150 1.164751e-01 96.192053 99.958609
09/26 04:03:36 PM train 200 1.172246e-01 96.198694 99.953358
09/26 04:03:41 PM train 250 1.188250e-01 96.146663 99.950199
09/26 04:03:45 PM train 300 1.183148e-01 96.132683 99.958472
09/26 04:03:49 PM train 350 1.185669e-01 96.162749 99.946581
09/26 04:03:54 PM train 400 1.183203e-01 96.208697 99.945449
09/26 04:03:58 PM train 450 1.190615e-01 96.161308 99.941103
09/26 04:04:02 PM train 500 1.200214e-01 96.117141 99.946981
09/26 04:04:06 PM train 550 1.208527e-01 96.086661 99.940449
09/26 04:04:11 PM train 600 1.216449e-01 96.074251 99.937604
09/26 04:04:15 PM train 650 1.215123e-01 96.075749 99.937596
09/26 04:04:19 PM train 700 1.218266e-01 96.059201 99.937589
09/26 04:04:24 PM train 750 1.213273e-01 96.067743 99.935503
09/26 04:04:26 PM train_acc 96.052000
09/26 04:04:26 PM valid 000 2.040798e-01 95.312500 100.000000
09/26 04:04:28 PM valid 050 1.789512e-01 95.036765 99.938725
09/26 04:04:29 PM valid 100 1.949709e-01 94.786510 99.907178
09/26 04:04:30 PM valid 150 1.906693e-01 94.753725 99.906871
09/26 04:04:31 PM valid_acc 94.740000, best_acc 94.740000
09/26 04:04:31 PM epoch 373 lr 7.716797e-03
09/26 04:04:31 PM train 000 4.880502e-02 98.437500 100.000000
09/26 04:04:35 PM train 050 1.182972e-01 96.262255 100.000000
09/26 04:04:39 PM train 100 1.164225e-01 96.194307 100.000000
09/26 04:04:44 PM train 150 1.192507e-01 96.016142 99.979305
09/26 04:04:48 PM train 200 1.195469e-01 96.058769 99.976679
09/26 04:04:52 PM train 250 1.215714e-01 95.953685 99.975100
09/26 04:04:57 PM train 300 1.240081e-01 95.805648 99.979236
09/26 04:05:01 PM train 350 1.221293e-01 95.877849 99.973291
09/26 04:05:05 PM train 400 1.210052e-01 95.924252 99.964931
09/26 04:05:10 PM train 450 1.223200e-01 95.863359 99.965355
09/26 04:05:14 PM train 500 1.246999e-01 95.842690 99.962575
09/26 04:05:18 PM train 550 1.257004e-01 95.794578 99.957464
09/26 04:05:23 PM train 600 1.255648e-01 95.798669 99.958403
09/26 04:05:27 PM train 650 1.250089e-01 95.818932 99.956797
09/26 04:05:31 PM train 700 1.241706e-01 95.874198 99.957650
09/26 04:05:35 PM train 750 1.237499e-01 95.886734 99.956308
09/26 04:05:38 PM train_acc 95.906000
09/26 04:05:38 PM valid 000 2.772127e-01 92.187500 100.000000
09/26 04:05:39 PM valid 050 2.246948e-01 93.841912 99.938725
09/26 04:05:41 PM valid 100 2.249528e-01 93.904703 99.938119
09/26 04:05:42 PM valid 150 2.142659e-01 94.019040 99.937914
09/26 04:05:42 PM valid_acc 94.060000, best_acc 94.740000
09/26 04:05:42 PM epoch 374 lr 7.656395e-03
09/26 04:05:42 PM train 000 1.018427e-01 95.312500 100.000000
09/26 04:05:47 PM train 050 1.019484e-01 96.568627 99.938725
09/26 04:05:51 PM train 100 1.093611e-01 96.287129 99.907178
09/26 04:05:55 PM train 150 1.086924e-01 96.399007 99.927566
09/26 04:06:00 PM train 200 1.103475e-01 96.431903 99.937811
09/26 04:06:04 PM train 250 1.114241e-01 96.414343 99.943974
09/26 04:06:08 PM train 300 1.113367e-01 96.345515 99.948090
09/26 04:06:13 PM train 350 1.132775e-01 96.274038 99.955484
09/26 04:06:17 PM train 400 1.161176e-01 96.197007 99.949345
09/26 04:06:21 PM train 450 1.198134e-01 96.085089 99.951497
09/26 04:06:25 PM train 500 1.193792e-01 96.070359 99.953219
09/26 04:06:30 PM train 550 1.194860e-01 96.072482 99.951792
09/26 04:06:34 PM train 600 1.205611e-01 96.056052 99.950603
09/26 04:06:38 PM train 650 1.224494e-01 95.974942 99.942396
09/26 04:06:42 PM train 700 1.219114e-01 95.987874 99.942047
09/26 04:06:47 PM train 750 1.219677e-01 95.990762 99.939664
09/26 04:06:50 PM train_acc 96.014000
09/26 04:06:50 PM valid 000 1.810828e-01 93.750000 100.000000
09/26 04:06:51 PM valid 050 1.920728e-01 94.761029 99.846814
09/26 04:06:52 PM valid 100 1.975336e-01 94.724629 99.814356
09/26 04:06:53 PM valid 150 1.878805e-01 94.960679 99.875828
09/26 04:06:54 PM valid_acc 94.930000, best_acc 94.930000
09/26 04:06:54 PM epoch 375 lr 7.596126e-03
09/26 04:06:54 PM train 000 1.322388e-01 95.312500 100.000000
09/26 04:06:58 PM train 050 1.140590e-01 96.568627 100.000000
09/26 04:07:03 PM train 100 1.173401e-01 96.178837 99.969059
09/26 04:07:07 PM train 150 1.225010e-01 95.985099 99.958609
09/26 04:07:11 PM train 200 1.171247e-01 96.113184 99.961132
09/26 04:07:16 PM train 250 1.212393e-01 95.953685 99.962649
09/26 04:07:20 PM train 300 1.213940e-01 95.899086 99.963663
09/26 04:07:24 PM train 350 1.212907e-01 95.926816 99.955484
09/26 04:07:29 PM train 400 1.227975e-01 95.893080 99.957138
09/26 04:07:33 PM train 450 1.243469e-01 95.887611 99.944568
09/26 04:07:37 PM train 500 1.234786e-01 95.905065 99.943862
09/26 04:07:42 PM train 550 1.230876e-01 95.922187 99.940449
09/26 04:07:46 PM train 600 1.235098e-01 95.933860 99.940204
09/26 04:07:50 PM train 650 1.234887e-01 95.929339 99.944796
09/26 04:07:55 PM train 700 1.239503e-01 95.914319 99.944276
09/26 04:07:59 PM train 750 1.240165e-01 95.922104 99.943825
09/26 04:08:01 PM train_acc 95.920000
09/26 04:08:01 PM valid 000 2.625940e-01 92.187500 100.000000
09/26 04:08:03 PM valid 050 2.357469e-01 93.229167 99.877451
09/26 04:08:04 PM valid 100 2.401758e-01 93.502475 99.876238
09/26 04:08:05 PM valid 150 2.381066e-01 93.615480 99.865480
09/26 04:08:05 PM valid_acc 93.640000, best_acc 94.930000
09/26 04:08:05 PM epoch 376 lr 7.535991e-03
09/26 04:08:05 PM train 000 1.169237e-01 95.312500 100.000000
09/26 04:08:10 PM train 050 1.164018e-01 96.323529 100.000000
09/26 04:08:14 PM train 100 1.099462e-01 96.441832 99.969059
09/26 04:08:19 PM train 150 1.071324e-01 96.502483 99.948262
09/26 04:08:23 PM train 200 1.086237e-01 96.377488 99.945585
09/26 04:08:27 PM train 250 1.119882e-01 96.277390 99.937749
09/26 04:08:31 PM train 300 1.114867e-01 96.319560 99.937708
09/26 04:08:36 PM train 350 1.126630e-01 96.260684 99.942130
09/26 04:08:40 PM train 400 1.124212e-01 96.302213 99.945449
09/26 04:08:44 PM train 450 1.148216e-01 96.202882 99.937639
09/26 04:08:49 PM train 500 1.149320e-01 96.226297 99.931387
09/26 04:08:53 PM train 550 1.143784e-01 96.270985 99.934778
09/26 04:08:57 PM train 600 1.159822e-01 96.219842 99.932404
09/26 04:09:02 PM train 650 1.166778e-01 96.166955 99.935196
09/26 04:09:06 PM train 700 1.175251e-01 96.130528 99.937589
09/26 04:09:11 PM train 750 1.189990e-01 96.109354 99.935503
09/26 04:09:13 PM train_acc 96.106000
09/26 04:09:13 PM valid 000 1.395321e-01 93.750000 100.000000
09/26 04:09:15 PM valid 050 2.235960e-01 94.638480 99.785539
09/26 04:09:16 PM valid 100 2.277554e-01 94.260520 99.814356
09/26 04:09:17 PM valid 150 2.197571e-01 94.360513 99.855132
09/26 04:09:17 PM valid_acc 94.360000, best_acc 94.930000
09/26 04:09:18 PM epoch 377 lr 7.475993e-03
09/26 04:09:18 PM train 000 1.837025e-02 100.000000 100.000000
09/26 04:09:22 PM train 050 1.061414e-01 96.783088 99.938725
09/26 04:09:26 PM train 100 1.039835e-01 96.596535 99.953589
09/26 04:09:30 PM train 150 1.080155e-01 96.512831 99.958609
09/26 04:09:34 PM train 200 1.073344e-01 96.517413 99.961132
09/26 04:09:38 PM train 250 1.112964e-01 96.339641 99.962649
09/26 04:09:42 PM train 300 1.113804e-01 96.314369 99.958472
09/26 04:09:47 PM train 350 1.106451e-01 96.318554 99.959936
09/26 04:09:51 PM train 400 1.112652e-01 96.313903 99.957138
09/26 04:09:55 PM train 450 1.119342e-01 96.289496 99.951497
09/26 04:09:59 PM train 500 1.138848e-01 96.235654 99.943862
09/26 04:10:03 PM train 550 1.142675e-01 96.236956 99.946121
09/26 04:10:07 PM train 600 1.163058e-01 96.154846 99.942804
09/26 04:10:11 PM train 650 1.178342e-01 96.111751 99.944796
09/26 04:10:15 PM train 700 1.185053e-01 96.097093 99.948734
09/26 04:10:19 PM train 750 1.177681e-01 96.125999 99.952147
09/26 04:10:22 PM train_acc 96.130000
09/26 04:10:22 PM valid 000 2.327311e-01 90.625000 100.000000
09/26 04:10:23 PM valid 050 2.063259e-01 94.178922 99.754902
09/26 04:10:24 PM valid 100 2.058669e-01 94.121287 99.845297
09/26 04:10:25 PM valid 150 1.964072e-01 94.360513 99.865480
09/26 04:10:26 PM valid_acc 94.370000, best_acc 94.930000
09/26 04:10:26 PM epoch 378 lr 7.416132e-03
09/26 04:10:26 PM train 000 1.556753e-01 96.875000 100.000000
09/26 04:10:30 PM train 050 1.038114e-01 96.691176 99.969363
09/26 04:10:34 PM train 100 1.073790e-01 96.550124 99.969059
09/26 04:10:38 PM train 150 1.083822e-01 96.399007 99.979305
09/26 04:10:43 PM train 200 1.149699e-01 96.268657 99.961132
09/26 04:10:47 PM train 250 1.170449e-01 96.127988 99.950199
09/26 04:10:51 PM train 300 1.152847e-01 96.179402 99.953281
09/26 04:10:55 PM train 350 1.178080e-01 96.118234 99.942130
09/26 04:10:59 PM train 400 1.201819e-01 96.052837 99.941552
09/26 04:11:03 PM train 450 1.207833e-01 96.067766 99.944568
09/26 04:11:07 PM train 500 1.206090e-01 96.082834 99.950100
09/26 04:11:12 PM train 550 1.229867e-01 96.010095 99.948956
09/26 04:11:16 PM train 600 1.232422e-01 95.949459 99.950603
09/26 04:11:20 PM train 650 1.242322e-01 95.929339 99.954397
09/26 04:11:24 PM train 700 1.241857e-01 95.900945 99.950963
09/26 04:11:28 PM train 750 1.236239e-01 95.920023 99.954228
09/26 04:11:31 PM train_acc 95.946000
09/26 04:11:31 PM valid 000 3.184681e-01 90.625000 100.000000
09/26 04:11:32 PM valid 050 1.903657e-01 94.485294 99.908088
09/26 04:11:33 PM valid 100 1.990484e-01 94.430693 99.907178
09/26 04:11:34 PM valid 150 1.910088e-01 94.577815 99.927566
09/26 04:11:35 PM valid_acc 94.580000, best_acc 94.930000
09/26 04:11:35 PM epoch 379 lr 7.356410e-03
09/26 04:11:35 PM train 000 1.745020e-01 96.875000 100.000000
09/26 04:11:39 PM train 050 1.104441e-01 96.384804 99.938725
09/26 04:11:43 PM train 100 1.137017e-01 96.349010 99.922649
09/26 04:11:47 PM train 150 1.202753e-01 96.161010 99.937914
09/26 04:11:52 PM train 200 1.202409e-01 96.144279 99.945585
09/26 04:11:56 PM train 250 1.192890e-01 96.246265 99.956424
09/26 04:12:00 PM train 300 1.205856e-01 96.153447 99.953281
09/26 04:12:04 PM train 350 1.205603e-01 96.211717 99.955484
09/26 04:12:08 PM train 400 1.182550e-01 96.306110 99.957138
09/26 04:12:12 PM train 450 1.181285e-01 96.289496 99.954961
09/26 04:12:17 PM train 500 1.185216e-01 96.245010 99.946981
09/26 04:12:21 PM train 550 1.180015e-01 96.256806 99.948956
09/26 04:12:25 PM train 600 1.185590e-01 96.201643 99.950603
09/26 04:12:29 PM train 650 1.188595e-01 96.183756 99.954397
09/26 04:12:33 PM train 700 1.187799e-01 96.170649 99.957650
09/26 04:12:38 PM train 750 1.196409e-01 96.111435 99.956308
09/26 04:12:40 PM train_acc 96.100000
09/26 04:12:40 PM valid 000 3.834077e-01 87.500000 100.000000
09/26 04:12:42 PM valid 050 2.129129e-01 94.424020 99.846814
09/26 04:12:43 PM valid 100 2.236697e-01 94.090347 99.814356
09/26 04:12:44 PM valid 150 2.171650e-01 94.060430 99.844785
09/26 04:12:44 PM valid_acc 94.050000, best_acc 94.930000
09/26 04:12:44 PM epoch 380 lr 7.296830e-03
09/26 04:12:44 PM train 000 1.430986e-01 96.875000 100.000000
09/26 04:12:49 PM train 050 1.170427e-01 96.078431 100.000000
09/26 04:12:53 PM train 100 1.215262e-01 96.055074 99.953589
09/26 04:12:57 PM train 150 1.164007e-01 96.161010 99.948262
09/26 04:13:01 PM train 200 1.167799e-01 96.128731 99.953358
09/26 04:13:05 PM train 250 1.191520e-01 96.040837 99.962649
09/26 04:13:10 PM train 300 1.193546e-01 95.971761 99.968854
09/26 04:13:14 PM train 350 1.186972e-01 96.029202 99.959936
09/26 04:13:18 PM train 400 1.196659e-01 96.029458 99.961035
09/26 04:13:22 PM train 450 1.199639e-01 96.033121 99.965355
09/26 04:13:26 PM train 500 1.202014e-01 96.042290 99.965694
09/26 04:13:30 PM train 550 1.221976e-01 95.981738 99.965971
09/26 04:13:35 PM train 600 1.222866e-01 95.965058 99.958403
09/26 04:13:39 PM train 650 1.230347e-01 95.926939 99.956797
09/26 04:13:43 PM train 700 1.220519e-01 95.963356 99.953192
09/26 04:13:47 PM train 750 1.214637e-01 95.992843 99.956308
09/26 04:13:50 PM train_acc 95.986000
09/26 04:13:50 PM valid 000 2.605082e-01 90.625000 100.000000
09/26 04:13:51 PM valid 050 1.847450e-01 94.822304 99.969363
09/26 04:13:52 PM valid 100 1.985222e-01 94.477104 99.922649
09/26 04:13:53 PM valid 150 1.977837e-01 94.639901 99.927566
09/26 04:13:54 PM valid_acc 94.620000, best_acc 94.930000
09/26 04:13:54 PM epoch 381 lr 7.237392e-03
09/26 04:13:54 PM train 000 6.459694e-02 98.437500 100.000000
09/26 04:13:58 PM train 050 1.145927e-01 96.292892 99.969363
09/26 04:14:02 PM train 100 1.184949e-01 96.147896 99.953589
09/26 04:14:06 PM train 150 1.135455e-01 96.326573 99.927566
09/26 04:14:10 PM train 200 1.167820e-01 96.229789 99.930037
09/26 04:14:15 PM train 250 1.154938e-01 96.296066 99.937749
09/26 04:14:19 PM train 300 1.158664e-01 96.262458 99.927326
09/26 04:14:23 PM train 350 1.168137e-01 96.207265 99.937678
09/26 04:14:27 PM train 400 1.173589e-01 96.197007 99.945449
09/26 04:14:31 PM train 450 1.162408e-01 96.240992 99.944568
09/26 04:14:35 PM train 500 1.155562e-01 96.260604 99.946981
09/26 04:14:40 PM train 550 1.159107e-01 96.268149 99.948956
09/26 04:14:44 PM train 600 1.171103e-01 96.232841 99.942804
09/26 04:14:48 PM train 650 1.171948e-01 96.231759 99.947197
09/26 04:14:52 PM train 700 1.169167e-01 96.235289 99.946505
09/26 04:14:57 PM train 750 1.181044e-01 96.188415 99.945905
09/26 04:14:59 PM train_acc 96.150000
09/26 04:14:59 PM valid 000 1.590491e-01 93.750000 100.000000
09/26 04:15:01 PM valid 050 1.866825e-01 94.515931 99.877451
09/26 04:15:02 PM valid 100 1.898410e-01 94.585396 99.891708
09/26 04:15:03 PM valid 150 1.857476e-01 94.588162 99.927566
09/26 04:15:03 PM valid_acc 94.600000, best_acc 94.930000
09/26 04:15:03 PM epoch 382 lr 7.178099e-03
09/26 04:15:03 PM train 000 8.635083e-02 95.312500 100.000000
09/26 04:15:08 PM train 050 9.908714e-02 96.507353 99.938725
09/26 04:15:12 PM train 100 1.080752e-01 96.256188 99.953589
09/26 04:15:16 PM train 150 1.102101e-01 96.285182 99.958609
09/26 04:15:20 PM train 200 1.059825e-01 96.486318 99.945585
09/26 04:15:25 PM train 250 1.062878e-01 96.501494 99.943974
09/26 04:15:29 PM train 300 1.100280e-01 96.366279 99.937708
09/26 04:15:33 PM train 350 1.107248e-01 96.327457 99.933226
09/26 04:15:37 PM train 400 1.104632e-01 96.352868 99.933759
09/26 04:15:42 PM train 450 1.134186e-01 96.289496 99.941103
09/26 04:15:46 PM train 500 1.148813e-01 96.241891 99.940744
09/26 04:15:50 PM train 550 1.143263e-01 96.262477 99.940449
09/26 04:15:54 PM train 600 1.138808e-01 96.310836 99.945403
09/26 04:15:59 PM train 650 1.134718e-01 96.330165 99.947197
09/26 04:16:03 PM train 700 1.149670e-01 96.288784 99.948734
09/26 04:16:07 PM train 750 1.156341e-01 96.257074 99.950067
09/26 04:16:10 PM train_acc 96.242000
09/26 04:16:10 PM valid 000 2.041667e-01 92.187500 100.000000
09/26 04:16:11 PM valid 050 2.234402e-01 93.872549 99.816176
09/26 04:16:12 PM valid 100 2.226748e-01 94.043936 99.860767
09/26 04:16:14 PM valid 150 2.151149e-01 94.132864 99.906871
09/26 04:16:14 PM valid_acc 94.110000, best_acc 94.930000
09/26 04:16:14 PM epoch 383 lr 7.118951e-03
09/26 04:16:14 PM train 000 1.590600e-01 95.312500 100.000000
09/26 04:16:18 PM train 050 1.189082e-01 96.139706 99.969363
09/26 04:16:22 PM train 100 1.195645e-01 95.931312 99.953589
09/26 04:16:26 PM train 150 1.210376e-01 95.964404 99.948262
09/26 04:16:31 PM train 200 1.201874e-01 96.012127 99.961132
09/26 04:16:35 PM train 250 1.186604e-01 96.047062 99.956424
09/26 04:16:39 PM train 300 1.181281e-01 96.111919 99.963663
09/26 04:16:43 PM train 350 1.191009e-01 96.118234 99.951033
09/26 04:16:48 PM train 400 1.194264e-01 96.091802 99.949345
09/26 04:16:52 PM train 450 1.207591e-01 96.081624 99.944568
09/26 04:16:56 PM train 500 1.194758e-01 96.142091 99.950100
09/26 04:17:00 PM train 550 1.187044e-01 96.154719 99.948956
09/26 04:17:04 PM train 600 1.175465e-01 96.180844 99.953203
09/26 04:17:09 PM train 650 1.188356e-01 96.140553 99.954397
09/26 04:17:13 PM train 700 1.181241e-01 96.166191 99.955421
09/26 04:17:17 PM train 750 1.197402e-01 96.107274 99.950067
09/26 04:17:20 PM train_acc 96.104000
09/26 04:17:20 PM valid 000 2.405460e-01 93.750000 100.000000
09/26 04:17:21 PM valid 050 2.062140e-01 94.240196 99.846814
09/26 04:17:22 PM valid 100 2.056752e-01 94.291460 99.829827
09/26 04:17:24 PM valid 150 2.013345e-01 94.350166 99.865480
09/26 04:17:24 PM valid_acc 94.340000, best_acc 94.930000
09/26 04:17:24 PM epoch 384 lr 7.059951e-03
09/26 04:17:24 PM train 000 1.150675e-01 96.875000 100.000000
09/26 04:17:28 PM train 050 1.146042e-01 96.415441 99.938725
09/26 04:17:32 PM train 100 1.041938e-01 96.735767 99.953589
09/26 04:17:37 PM train 150 1.073355e-01 96.533526 99.948262
09/26 04:17:41 PM train 200 1.089339e-01 96.525187 99.922264
09/26 04:17:45 PM train 250 1.089179e-01 96.470369 99.937749
09/26 04:17:49 PM train 300 1.074721e-01 96.490864 99.948090
09/26 04:17:53 PM train 350 1.109549e-01 96.371973 99.951033
09/26 04:17:57 PM train 400 1.107514e-01 96.395729 99.953242
09/26 04:18:02 PM train 450 1.116727e-01 96.341463 99.951497
09/26 04:18:06 PM train 500 1.131074e-01 96.288673 99.950100
09/26 04:18:10 PM train 550 1.139830e-01 96.231284 99.948956
09/26 04:18:14 PM train 600 1.129374e-01 96.284838 99.950603
09/26 04:18:18 PM train 650 1.146671e-01 96.226959 99.944796
09/26 04:18:22 PM train 700 1.157821e-01 96.177336 99.944276
09/26 04:18:26 PM train 750 1.166094e-01 96.125999 99.945905
09/26 04:18:29 PM train_acc 96.138000
09/26 04:18:29 PM valid 000 2.840677e-01 90.625000 100.000000
09/26 04:18:30 PM valid 050 2.224385e-01 94.332108 99.816176
09/26 04:18:31 PM valid 100 2.073698e-01 94.538985 99.860767
09/26 04:18:33 PM valid 150 1.988509e-01 94.691639 99.886175
09/26 04:18:33 PM valid_acc 94.690000, best_acc 94.930000
09/26 04:18:33 PM epoch 385 lr 7.001100e-03
09/26 04:18:33 PM train 000 1.240009e-01 96.875000 100.000000
09/26 04:18:37 PM train 050 1.090296e-01 96.629902 99.938725
09/26 04:18:41 PM train 100 1.169873e-01 96.302599 99.922649
09/26 04:18:45 PM train 150 1.118508e-01 96.399007 99.927566
09/26 04:18:49 PM train 200 1.125343e-01 96.268657 99.937811
09/26 04:18:54 PM train 250 1.115663e-01 96.352092 99.943974
09/26 04:18:58 PM train 300 1.125943e-01 96.376661 99.948090
09/26 04:19:02 PM train 350 1.113314e-01 96.398682 99.942130
09/26 04:19:06 PM train 400 1.108751e-01 96.403522 99.945449
09/26 04:19:10 PM train 450 1.120600e-01 96.379573 99.948032
09/26 04:19:14 PM train 500 1.136923e-01 96.335454 99.953219
09/26 04:19:18 PM train 550 1.133734e-01 96.330535 99.957464
09/26 04:19:22 PM train 600 1.127468e-01 96.360233 99.958403
09/26 04:19:27 PM train 650 1.133984e-01 96.370968 99.961598
09/26 04:19:31 PM train 700 1.131140e-01 96.382400 99.962108
09/26 04:19:35 PM train 750 1.137158e-01 96.365263 99.962550
09/26 04:19:38 PM train_acc 96.370000
09/26 04:19:38 PM valid 000 2.094247e-01 93.750000 100.000000
09/26 04:19:39 PM valid 050 2.008597e-01 94.669118 99.969363
09/26 04:19:40 PM valid 100 1.955617e-01 94.740099 99.907178
09/26 04:19:41 PM valid 150 1.850521e-01 94.888245 99.906871
09/26 04:19:41 PM valid_acc 94.880000, best_acc 94.930000
09/26 04:19:41 PM epoch 386 lr 6.942400e-03
09/26 04:19:42 PM train 000 9.220676e-02 96.875000 100.000000
09/26 04:19:46 PM train 050 8.663858e-02 97.058824 100.000000
09/26 04:19:50 PM train 100 9.865475e-02 96.689356 99.953589
09/26 04:19:54 PM train 150 9.984664e-02 96.699089 99.958609
09/26 04:19:58 PM train 200 1.006205e-01 96.649565 99.968905
09/26 04:20:02 PM train 250 1.016935e-01 96.638446 99.962649
09/26 04:20:07 PM train 300 1.029363e-01 96.615449 99.948090
09/26 04:20:11 PM train 350 1.060192e-01 96.554487 99.951033
09/26 04:20:15 PM train 400 1.071977e-01 96.536004 99.957138
09/26 04:20:19 PM train 450 1.089945e-01 96.507761 99.961890
09/26 04:20:23 PM train 500 1.092564e-01 96.485155 99.965694
09/26 04:20:27 PM train 550 1.096299e-01 96.469487 99.968807
09/26 04:20:31 PM train 600 1.081614e-01 96.521423 99.968802
09/26 04:20:36 PM train 650 1.084178e-01 96.478975 99.966398
09/26 04:20:40 PM train 700 1.080064e-01 96.489390 99.966566
09/26 04:20:44 PM train 750 1.096734e-01 96.442244 99.964630
09/26 04:20:47 PM train_acc 96.418000
09/26 04:20:47 PM valid 000 1.348979e-01 93.750000 100.000000
09/26 04:20:48 PM valid 050 1.963148e-01 94.270833 99.846814
09/26 04:20:49 PM valid 100 1.957618e-01 94.508045 99.876238
09/26 04:20:50 PM valid 150 1.896787e-01 94.598510 99.917219
09/26 04:20:50 PM valid_acc 94.590000, best_acc 94.930000
09/26 04:20:51 PM epoch 387 lr 6.883852e-03
09/26 04:20:51 PM train 000 1.143309e-01 93.750000 100.000000
09/26 04:20:55 PM train 050 1.064044e-01 96.844363 99.877451
09/26 04:20:59 PM train 100 1.125904e-01 96.565594 99.922649
09/26 04:21:03 PM train 150 1.098650e-01 96.554222 99.948262
09/26 04:21:07 PM train 200 1.071911e-01 96.595149 99.937811
09/26 04:21:11 PM train 250 1.092598e-01 96.451693 99.943974
09/26 04:21:16 PM train 300 1.092757e-01 96.454527 99.948090
09/26 04:21:20 PM train 350 1.106632e-01 96.385328 99.955484
09/26 04:21:24 PM train 400 1.102028e-01 96.376247 99.949345
09/26 04:21:28 PM train 450 1.098718e-01 96.414218 99.954961
09/26 04:21:32 PM train 500 1.085873e-01 96.435254 99.953219
09/26 04:21:36 PM train 550 1.084442e-01 96.415608 99.951792
09/26 04:21:40 PM train 600 1.102887e-01 96.360233 99.953203
09/26 04:21:45 PM train 650 1.114054e-01 96.368568 99.951997
09/26 04:21:49 PM train 700 1.107472e-01 96.371255 99.953192
09/26 04:21:53 PM train 750 1.106133e-01 96.367344 99.956308
09/26 04:21:56 PM train_acc 96.346000
09/26 04:21:56 PM valid 000 1.392233e-01 96.875000 100.000000
09/26 04:21:57 PM valid 050 2.051747e-01 95.006127 99.846814
09/26 04:21:58 PM valid 100 1.969990e-01 94.910272 99.845297
09/26 04:21:59 PM valid 150 1.938232e-01 94.836507 99.886175
09/26 04:21:59 PM valid_acc 94.810000, best_acc 94.930000
09/26 04:22:00 PM epoch 388 lr 6.825459e-03
09/26 04:22:00 PM train 000 6.060617e-02 96.875000 100.000000
09/26 04:22:04 PM train 050 1.009261e-01 96.629902 99.969363
09/26 04:22:08 PM train 100 1.057688e-01 96.534653 99.969059
09/26 04:22:12 PM train 150 1.074752e-01 96.430050 99.979305
09/26 04:22:16 PM train 200 1.098365e-01 96.361940 99.961132
09/26 04:22:20 PM train 250 1.105568e-01 96.352092 99.956424
09/26 04:22:25 PM train 300 1.103634e-01 96.407807 99.937708
09/26 04:22:29 PM train 350 1.090767e-01 96.465456 99.933226
09/26 04:22:33 PM train 400 1.095936e-01 96.403522 99.933759
09/26 04:22:37 PM train 450 1.106528e-01 96.334534 99.937639
09/26 04:22:41 PM train 500 1.115232e-01 96.291791 99.928268
09/26 04:22:46 PM train 550 1.123834e-01 96.287999 99.931942
09/26 04:22:50 PM train 600 1.132294e-01 96.251040 99.932404
09/26 04:22:54 PM train 650 1.139250e-01 96.229359 99.935196
09/26 04:22:58 PM train 700 1.145852e-01 96.219686 99.937589
09/26 04:23:02 PM train 750 1.153680e-01 96.202979 99.939664
09/26 04:23:05 PM train_acc 96.190000
09/26 04:23:05 PM valid 000 2.517112e-01 92.187500 100.000000
09/26 04:23:06 PM valid 050 1.918781e-01 94.761029 99.938725
09/26 04:23:07 PM valid 100 2.017806e-01 94.554455 99.938119
09/26 04:23:08 PM valid 150 2.001279e-01 94.432947 99.927566
09/26 04:23:09 PM valid_acc 94.450000, best_acc 94.930000
09/26 04:23:09 PM epoch 389 lr 6.767220e-03
09/26 04:23:09 PM train 000 8.055440e-02 96.875000 100.000000
09/26 04:23:13 PM train 050 1.076280e-01 96.292892 99.938725
09/26 04:23:17 PM train 100 1.098582e-01 96.488243 99.969059
09/26 04:23:21 PM train 150 1.077704e-01 96.626656 99.968957
09/26 04:23:26 PM train 200 1.105801e-01 96.571828 99.968905
09/26 04:23:30 PM train 250 1.094584e-01 96.625996 99.968875
09/26 04:23:34 PM train 300 1.090497e-01 96.682932 99.968854
09/26 04:23:38 PM train 350 1.069118e-01 96.692486 99.973291
09/26 04:23:42 PM train 400 1.052091e-01 96.687968 99.972724
09/26 04:23:46 PM train 450 1.048888e-01 96.701774 99.975748
09/26 04:23:51 PM train 500 1.054696e-01 96.669162 99.971931
09/26 04:23:55 PM train 550 1.063110e-01 96.594260 99.971642
09/26 04:23:59 PM train 600 1.078596e-01 96.526622 99.971402
09/26 04:24:03 PM train 650 1.084759e-01 96.500576 99.971198
09/26 04:24:07 PM train 700 1.087027e-01 96.498306 99.968795
09/26 04:24:12 PM train 750 1.083243e-01 96.502580 99.968792
09/26 04:24:14 PM train_acc 96.492000
09/26 04:24:14 PM valid 000 2.808935e-01 93.750000 100.000000
09/26 04:24:15 PM valid 050 2.191651e-01 94.178922 99.908088
09/26 04:24:17 PM valid 100 2.104958e-01 94.415223 99.891708
09/26 04:24:18 PM valid 150 1.978770e-01 94.722682 99.886175
09/26 04:24:18 PM valid_acc 94.660000, best_acc 94.930000
09/26 04:24:18 PM epoch 390 lr 6.709139e-03
09/26 04:24:18 PM train 000 2.265753e-01 92.187500 100.000000
09/26 04:24:22 PM train 050 1.053857e-01 96.783088 99.938725
09/26 04:24:27 PM train 100 1.011319e-01 96.720297 99.953589
09/26 04:24:31 PM train 150 1.023157e-01 96.688742 99.948262
09/26 04:24:35 PM train 200 1.017537e-01 96.672886 99.953358
09/26 04:24:39 PM train 250 1.021416e-01 96.594871 99.943974
09/26 04:24:44 PM train 300 1.032596e-01 96.511628 99.942899
09/26 04:24:48 PM train 350 1.043752e-01 96.523326 99.951033
09/26 04:24:52 PM train 400 1.057452e-01 96.485349 99.941552
09/26 04:24:56 PM train 450 1.074713e-01 96.459257 99.934174
09/26 04:25:00 PM train 500 1.071260e-01 96.485155 99.934506
09/26 04:25:04 PM train 550 1.063311e-01 96.497845 99.940449
09/26 04:25:09 PM train 600 1.059588e-01 96.505824 99.942804
09/26 04:25:13 PM train 650 1.072496e-01 96.486175 99.942396
09/26 04:25:17 PM train 700 1.084554e-01 96.451498 99.946505
09/26 04:25:21 PM train 750 1.109599e-01 96.398552 99.947986
09/26 04:25:24 PM train_acc 96.400000
09/26 04:25:24 PM valid 000 3.353389e-01 92.187500 98.437500
09/26 04:25:25 PM valid 050 2.229118e-01 94.240196 99.816176
09/26 04:25:26 PM valid 100 2.315510e-01 93.811881 99.860767
09/26 04:25:28 PM valid 150 2.277062e-01 93.874172 99.865480
09/26 04:25:28 PM valid_acc 93.860000, best_acc 94.930000
09/26 04:25:28 PM epoch 391 lr 6.651217e-03
09/26 04:25:28 PM train 000 8.698378e-02 96.875000 100.000000
09/26 04:25:32 PM train 050 1.103834e-01 96.844363 99.969363
09/26 04:25:36 PM train 100 1.128601e-01 96.565594 99.953589
09/26 04:25:41 PM train 150 1.145858e-01 96.430050 99.948262
09/26 04:25:45 PM train 200 1.112870e-01 96.439677 99.953358
09/26 04:25:49 PM train 250 1.105101e-01 96.426793 99.950199
09/26 04:25:53 PM train 300 1.086456e-01 96.501246 99.948090
09/26 04:25:57 PM train 350 1.088189e-01 96.474359 99.942130
09/26 04:26:02 PM train 400 1.083511e-01 96.571072 99.941552
09/26 04:26:06 PM train 450 1.078850e-01 96.590909 99.937639
09/26 04:26:10 PM train 500 1.077967e-01 96.584955 99.940744
09/26 04:26:14 PM train 550 1.088767e-01 96.517695 99.940449
09/26 04:26:18 PM train 600 1.087864e-01 96.503224 99.940204
09/26 04:26:23 PM train 650 1.088904e-01 96.469374 99.937596
09/26 04:26:27 PM train 700 1.083178e-01 96.487161 99.939818
09/26 04:26:31 PM train 750 1.076149e-01 96.502580 99.939664
09/26 04:26:34 PM train_acc 96.492000
09/26 04:26:34 PM valid 000 2.123163e-01 92.187500 100.000000
09/26 04:26:35 PM valid 050 2.205937e-01 94.087010 99.846814
09/26 04:26:36 PM valid 100 2.301140e-01 93.997525 99.860767
09/26 04:26:38 PM valid 150 2.264731e-01 94.153560 99.844785
09/26 04:26:38 PM valid_acc 94.170000, best_acc 94.930000
09/26 04:26:38 PM epoch 392 lr 6.593455e-03
09/26 04:26:38 PM train 000 1.552023e-01 98.437500 100.000000
09/26 04:26:42 PM train 050 8.141876e-02 97.732843 99.938725
09/26 04:26:46 PM train 100 8.637088e-02 97.400990 99.922649
09/26 04:26:51 PM train 150 8.838117e-02 97.340646 99.948262
09/26 04:26:55 PM train 200 9.256424e-02 97.178172 99.953358
09/26 04:26:59 PM train 250 9.660379e-02 96.987052 99.950199
09/26 04:27:03 PM train 300 9.685267e-02 97.015158 99.958472
09/26 04:27:08 PM train 350 9.678512e-02 96.990741 99.964387
09/26 04:27:12 PM train 400 9.944302e-02 96.867207 99.961035
09/26 04:27:16 PM train 450 1.002149e-01 96.826497 99.954961
09/26 04:27:20 PM train 500 1.010711e-01 96.809506 99.953219
09/26 04:27:25 PM train 550 1.036586e-01 96.721869 99.943285
09/26 04:27:29 PM train 600 1.045225e-01 96.698211 99.940204
09/26 04:27:33 PM train 650 1.055873e-01 96.656586 99.942396
09/26 04:27:37 PM train 700 1.058045e-01 96.667707 99.944276
09/26 04:27:42 PM train 750 1.062152e-01 96.644058 99.945905
09/26 04:27:44 PM train_acc 96.634000
09/26 04:27:44 PM valid 000 1.715437e-01 93.750000 100.000000
09/26 04:27:46 PM valid 050 2.105525e-01 94.791667 99.754902
09/26 04:27:47 PM valid 100 2.046388e-01 94.616337 99.814356
09/26 04:27:48 PM valid 150 2.035220e-01 94.536424 99.834437
09/26 04:27:48 PM valid_acc 94.530000, best_acc 94.930000
09/26 04:27:48 PM epoch 393 lr 6.535855e-03
09/26 04:27:48 PM train 000 1.099260e-01 96.875000 100.000000
09/26 04:27:53 PM train 050 1.030308e-01 96.599265 99.969363
09/26 04:27:57 PM train 100 1.098731e-01 96.333540 99.969059
09/26 04:28:01 PM train 150 1.074324e-01 96.399007 99.968957
09/26 04:28:05 PM train 200 1.060094e-01 96.455224 99.968905
09/26 04:28:10 PM train 250 1.082750e-01 96.364542 99.962649
09/26 04:28:14 PM train 300 1.074886e-01 96.438953 99.963663
09/26 04:28:18 PM train 350 1.073662e-01 96.496617 99.968839
09/26 04:28:22 PM train 400 1.076388e-01 96.512625 99.964931
09/26 04:28:26 PM train 450 1.066719e-01 96.573586 99.965355
09/26 04:28:31 PM train 500 1.068666e-01 96.535055 99.965694
09/26 04:28:35 PM train 550 1.078367e-01 96.526202 99.965971
09/26 04:28:39 PM train 600 1.074906e-01 96.529222 99.963602
09/26 04:28:43 PM train 650 1.075247e-01 96.536578 99.966398
09/26 04:28:48 PM train 700 1.070981e-01 96.556259 99.966566
09/26 04:28:52 PM train 750 1.080885e-01 96.529627 99.966711
09/26 04:28:55 PM train_acc 96.490000
09/26 04:28:55 PM valid 000 4.605370e-01 90.625000 100.000000
09/26 04:28:56 PM valid 050 2.212898e-01 94.454657 99.785539
09/26 04:28:57 PM valid 100 2.177087e-01 94.260520 99.798886
09/26 04:28:58 PM valid 150 2.102235e-01 94.319123 99.844785
09/26 04:28:58 PM valid_acc 94.370000, best_acc 94.930000
09/26 04:28:59 PM epoch 394 lr 6.478419e-03
09/26 04:28:59 PM train 000 6.592266e-02 98.437500 100.000000
09/26 04:29:03 PM train 050 9.863360e-02 96.875000 99.969363
09/26 04:29:07 PM train 100 9.857192e-02 96.813119 99.969059
09/26 04:29:11 PM train 150 1.030259e-01 96.647351 99.968957
09/26 04:29:16 PM train 200 1.034721e-01 96.571828 99.968905
09/26 04:29:20 PM train 250 1.039455e-01 96.569970 99.956424
09/26 04:29:24 PM train 300 1.038143e-01 96.553156 99.958472
09/26 04:29:29 PM train 350 1.038419e-01 96.558939 99.964387
09/26 04:29:33 PM train 400 1.049275e-01 96.559383 99.961035
09/26 04:29:37 PM train 450 1.065421e-01 96.490438 99.961890
09/26 04:29:41 PM train 500 1.069361e-01 96.491392 99.962575
09/26 04:29:46 PM train 550 1.074548e-01 96.466652 99.963135
09/26 04:29:50 PM train 600 1.083778e-01 96.446027 99.955803
09/26 04:29:54 PM train 650 1.085544e-01 96.426171 99.954397
09/26 04:29:58 PM train 700 1.081371e-01 96.442582 99.957650
09/26 04:30:03 PM train 750 1.085866e-01 96.431841 99.954228
09/26 04:30:05 PM train_acc 96.430000
09/26 04:30:06 PM valid 000 1.848764e-01 92.187500 100.000000
09/26 04:30:07 PM valid 050 2.088155e-01 94.577206 99.938725
09/26 04:30:09 PM valid 100 2.079815e-01 94.585396 99.891708
09/26 04:30:10 PM valid 150 1.996746e-01 94.670944 99.906871
09/26 04:30:10 PM valid_acc 94.700000, best_acc 94.930000
09/26 04:30:10 PM epoch 395 lr 6.421147e-03
09/26 04:30:10 PM train 000 6.115888e-02 96.875000 100.000000
09/26 04:30:15 PM train 050 9.481544e-02 96.783088 99.938725
09/26 04:30:19 PM train 100 1.043224e-01 96.735767 99.907178
09/26 04:30:23 PM train 150 1.063348e-01 96.678394 99.937914
09/26 04:30:28 PM train 200 1.018603e-01 96.875000 99.922264
09/26 04:30:32 PM train 250 1.062579e-01 96.750498 99.925299
09/26 04:30:36 PM train 300 1.039158e-01 96.729651 99.927326
09/26 04:30:40 PM train 350 1.060634e-01 96.639067 99.937678
09/26 04:30:45 PM train 400 1.076653e-01 96.543797 99.941552
09/26 04:30:49 PM train 450 1.093067e-01 96.493902 99.934174
09/26 04:30:53 PM train 500 1.083649e-01 96.491392 99.931387
09/26 04:30:57 PM train 550 1.089670e-01 96.458144 99.934778
09/26 04:31:01 PM train 600 1.104052e-01 96.409630 99.940204
09/26 04:31:06 PM train 650 1.097670e-01 96.406970 99.944796
09/26 04:31:10 PM train 700 1.091046e-01 96.442582 99.948734
09/26 04:31:14 PM train 750 1.091451e-01 96.425599 99.947986
09/26 04:31:17 PM train_acc 96.436000
09/26 04:31:17 PM valid 000 1.355750e-01 92.187500 100.000000
09/26 04:31:18 PM valid 050 2.133271e-01 94.087010 99.938725
09/26 04:31:19 PM valid 100 2.194349e-01 94.306931 99.907178
09/26 04:31:21 PM valid 150 2.143048e-01 94.339818 99.906871
09/26 04:31:21 PM valid_acc 94.340000, best_acc 94.930000
09/26 04:31:21 PM epoch 396 lr 6.364043e-03
09/26 04:31:21 PM train 000 1.307863e-01 95.312500 100.000000
09/26 04:31:25 PM train 050 1.031955e-01 96.507353 99.908088
09/26 04:31:30 PM train 100 1.048975e-01 96.457302 99.938119
09/26 04:31:34 PM train 150 1.052008e-01 96.574917 99.948262
09/26 04:31:38 PM train 200 1.050227e-01 96.556281 99.945585
09/26 04:31:42 PM train 250 1.029794e-01 96.638446 99.943974
09/26 04:31:47 PM train 300 1.044074e-01 96.584302 99.948090
09/26 04:31:51 PM train 350 1.051165e-01 96.616809 99.951033
09/26 04:31:55 PM train 400 1.067931e-01 96.532107 99.949345
09/26 04:31:59 PM train 450 1.078211e-01 96.514690 99.951497
09/26 04:32:04 PM train 500 1.076218e-01 96.491392 99.946981
09/26 04:32:08 PM train 550 1.084903e-01 96.472323 99.946121
09/26 04:32:12 PM train 600 1.086791e-01 96.485025 99.948003
09/26 04:32:16 PM train 650 1.088794e-01 96.464574 99.944796
09/26 04:32:20 PM train 700 1.087364e-01 96.478245 99.948734
09/26 04:32:25 PM train 750 1.085485e-01 96.494258 99.945905
09/26 04:32:27 PM train_acc 96.482000
09/26 04:32:27 PM valid 000 1.333517e-01 92.187500 100.000000
09/26 04:32:29 PM valid 050 1.948732e-01 94.883578 99.877451
09/26 04:32:30 PM valid 100 1.918128e-01 94.801980 99.922649
09/26 04:32:31 PM valid 150 1.902515e-01 94.836507 99.906871
09/26 04:32:31 PM valid_acc 94.820000, best_acc 94.930000
09/26 04:32:31 PM epoch 397 lr 6.307106e-03
09/26 04:32:31 PM train 000 4.750366e-02 98.437500 100.000000
09/26 04:32:36 PM train 050 9.700700e-02 96.813725 99.908088
09/26 04:32:40 PM train 100 9.664267e-02 96.921411 99.953589
09/26 04:32:44 PM train 150 9.475450e-02 97.009520 99.927566
09/26 04:32:48 PM train 200 9.396339e-02 96.991604 99.937811
09/26 04:32:53 PM train 250 9.377879e-02 96.968376 99.937749
09/26 04:32:57 PM train 300 9.556693e-02 96.869809 99.942899
09/26 04:33:01 PM train 350 9.740615e-02 96.843839 99.942130
09/26 04:33:05 PM train 400 9.957794e-02 96.804863 99.945449
09/26 04:33:10 PM train 450 1.007115e-01 96.788387 99.948032
09/26 04:33:14 PM train 500 1.018966e-01 96.719062 99.943862
09/26 04:33:18 PM train 550 1.033446e-01 96.648140 99.946121
09/26 04:33:22 PM train 600 1.055015e-01 96.576019 99.948003
09/26 04:33:26 PM train 650 1.052548e-01 96.572581 99.949597
09/26 04:33:31 PM train 700 1.058780e-01 96.540656 99.950963
09/26 04:33:35 PM train 750 1.055808e-01 96.542111 99.947986
09/26 04:33:38 PM train_acc 96.570000
09/26 04:33:38 PM valid 000 1.671073e-01 95.312500 100.000000
09/26 04:33:39 PM valid 050 2.056677e-01 94.577206 99.846814
09/26 04:33:40 PM valid 100 1.950702e-01 94.631807 99.860767
09/26 04:33:41 PM valid 150 1.896947e-01 94.764073 99.896523
09/26 04:33:41 PM valid_acc 94.760000, best_acc 94.930000
09/26 04:33:42 PM epoch 398 lr 6.250340e-03
09/26 04:33:42 PM train 000 4.549267e-02 98.437500 100.000000
09/26 04:33:46 PM train 050 9.811381e-02 96.691176 100.000000
09/26 04:33:50 PM train 100 1.004219e-01 96.642946 100.000000
09/26 04:33:55 PM train 150 1.022278e-01 96.533526 99.968957
09/26 04:33:59 PM train 200 1.021755e-01 96.626244 99.953358
09/26 04:34:03 PM train 250 1.009898e-01 96.644671 99.962649
09/26 04:34:07 PM train 300 1.019415e-01 96.594684 99.948090
09/26 04:34:11 PM train 350 1.030897e-01 96.581197 99.946581
09/26 04:34:16 PM train 400 1.019101e-01 96.606141 99.949345
09/26 04:34:20 PM train 450 1.035364e-01 96.566657 99.948032
09/26 04:34:24 PM train 500 1.038804e-01 96.553767 99.946981
09/26 04:34:28 PM train 550 1.035511e-01 96.585753 99.943285
09/26 04:34:33 PM train 600 1.032354e-01 96.609817 99.940204
09/26 04:34:37 PM train 650 1.047655e-01 96.574981 99.942396
09/26 04:34:41 PM train 700 1.057147e-01 96.558488 99.942047
09/26 04:34:45 PM train 750 1.061215e-01 96.556674 99.943825
09/26 04:34:48 PM train_acc 96.578000
09/26 04:34:48 PM valid 000 2.494668e-01 90.625000 100.000000
09/26 04:34:49 PM valid 050 1.996839e-01 94.883578 99.754902
09/26 04:34:51 PM valid 100 2.010273e-01 94.693688 99.767946
09/26 04:34:52 PM valid 150 1.972259e-01 94.784768 99.803394
09/26 04:34:52 PM valid_acc 94.810000, best_acc 94.930000
09/26 04:34:52 PM epoch 399 lr 6.193744e-03
09/26 04:34:52 PM train 000 2.019268e-02 100.000000 100.000000
09/26 04:34:56 PM train 050 9.089342e-02 96.936275 99.908088
09/26 04:35:01 PM train 100 1.014422e-01 96.596535 99.907178
09/26 04:35:05 PM train 150 1.040978e-01 96.564570 99.906871
09/26 04:35:09 PM train 200 1.076182e-01 96.470771 99.922264
09/26 04:35:13 PM train 250 1.054971e-01 96.569970 99.931524
09/26 04:35:18 PM train 300 1.053311e-01 96.579111 99.937708
09/26 04:35:22 PM train 350 1.070253e-01 96.509972 99.937678
09/26 04:35:26 PM train 400 1.052377e-01 96.551590 99.941552
09/26 04:35:30 PM train 450 1.045107e-01 96.580516 99.948032
09/26 04:35:34 PM train 500 1.038822e-01 96.581836 99.950100
09/26 04:35:39 PM train 550 1.057940e-01 96.548888 99.951792
09/26 04:35:43 PM train 600 1.065530e-01 96.482425 99.950603
09/26 04:35:47 PM train 650 1.066690e-01 96.488575 99.954397
09/26 04:35:51 PM train 700 1.068827e-01 96.460414 99.950963
09/26 04:35:56 PM train 750 1.061654e-01 96.496338 99.947986
09/26 04:35:58 PM train_acc 96.496000
09/26 04:35:58 PM valid 000 1.421445e-01 92.187500 100.000000
09/26 04:36:00 PM valid 050 2.022055e-01 94.117647 99.938725
09/26 04:36:01 PM valid 100 2.198608e-01 94.152228 99.907178
09/26 04:36:02 PM valid 150 2.088141e-01 94.246689 99.917219
09/26 04:36:02 PM valid_acc 94.240000, best_acc 94.930000
09/26 04:36:02 PM epoch 400 lr 6.137322e-03
09/26 04:36:03 PM train 000 1.036902e-01 95.312500 100.000000
09/26 04:36:07 PM train 050 1.031126e-01 96.507353 99.877451
09/26 04:36:11 PM train 100 1.002602e-01 96.581064 99.922649
09/26 04:36:15 PM train 150 9.805336e-02 96.740480 99.948262
09/26 04:36:20 PM train 200 9.709649e-02 96.773943 99.953358
09/26 04:36:24 PM train 250 9.862127e-02 96.719373 99.956424
09/26 04:36:28 PM train 300 1.005189e-01 96.594684 99.958472
09/26 04:36:32 PM train 350 1.006665e-01 96.607906 99.959936
09/26 04:36:37 PM train 400 1.011694e-01 96.606141 99.961035
09/26 04:36:41 PM train 450 1.024394e-01 96.577051 99.954961
09/26 04:36:45 PM train 500 1.020716e-01 96.603668 99.956337
09/26 04:36:49 PM train 550 1.023911e-01 96.585753 99.957464
09/26 04:36:53 PM train 600 1.013024e-01 96.630616 99.961002
09/26 04:36:58 PM train 650 1.013427e-01 96.622984 99.961598
09/26 04:37:02 PM train 700 1.024617e-01 96.600838 99.957650
09/26 04:37:06 PM train 750 1.029927e-01 96.589963 99.958389
09/26 04:37:09 PM train_acc 96.584000
09/26 04:37:09 PM valid 000 1.071837e-01 96.875000 100.000000
09/26 04:37:10 PM valid 050 1.804870e-01 95.189951 99.846814
09/26 04:37:11 PM valid 100 2.002515e-01 95.018564 99.829827
09/26 04:37:12 PM valid 150 2.068502e-01 94.764073 99.886175
09/26 04:37:13 PM valid_acc 94.750000, best_acc 94.930000
09/26 04:37:13 PM epoch 401 lr 6.081074e-03
09/26 04:37:13 PM train 000 1.503987e-01 95.312500 100.000000
09/26 04:37:17 PM train 050 9.520107e-02 96.752451 100.000000
09/26 04:37:21 PM train 100 9.409924e-02 96.844059 99.969059
09/26 04:37:26 PM train 150 1.015845e-01 96.709437 99.948262
09/26 04:37:30 PM train 200 1.002319e-01 96.766169 99.953358
09/26 04:37:34 PM train 250 9.798184e-02 96.806524 99.925299
09/26 04:37:38 PM train 300 9.602880e-02 96.885382 99.937708
09/26 04:37:43 PM train 350 9.679964e-02 96.906161 99.937678
09/26 04:37:47 PM train 400 9.760166e-02 96.878897 99.945449
09/26 04:37:51 PM train 450 9.761501e-02 96.840355 99.951497
09/26 04:37:55 PM train 500 9.797387e-02 96.853169 99.953219
09/26 04:37:59 PM train 550 9.821257e-02 96.829628 99.957464
09/26 04:38:04 PM train 600 9.747299e-02 96.836002 99.955803
09/26 04:38:08 PM train 650 9.791542e-02 96.819796 99.956797
09/26 04:38:12 PM train 700 9.874075e-02 96.796986 99.953192
09/26 04:38:16 PM train 750 9.847306e-02 96.795939 99.947986
09/26 04:38:19 PM train_acc 96.778000
09/26 04:38:19 PM valid 000 2.359945e-01 93.750000 100.000000
09/26 04:38:20 PM valid 050 1.974092e-01 94.975490 99.846814
09/26 04:38:22 PM valid 100 2.065587e-01 94.693688 99.798886
09/26 04:38:23 PM valid 150 1.954088e-01 94.660596 99.855132
09/26 04:38:23 PM valid_acc 94.630000, best_acc 94.930000
09/26 04:38:23 PM epoch 402 lr 6.025002e-03
09/26 04:38:23 PM train 000 2.990852e-02 100.000000 100.000000
09/26 04:38:27 PM train 050 1.026645e-01 96.660539 100.000000
09/26 04:38:32 PM train 100 9.922960e-02 96.813119 100.000000
09/26 04:38:36 PM train 150 1.008987e-01 96.864652 99.968957
09/26 04:38:40 PM train 200 9.921235e-02 96.913868 99.976679
09/26 04:38:45 PM train 250 9.849224e-02 96.881225 99.968875
09/26 04:38:49 PM train 300 9.963466e-02 96.843854 99.974045
09/26 04:38:53 PM train 350 9.750078e-02 96.910613 99.977742
09/26 04:38:57 PM train 400 9.875527e-02 96.851621 99.964931
09/26 04:39:01 PM train 450 1.005551e-01 96.767600 99.965355
09/26 04:39:06 PM train 500 1.012282e-01 96.719062 99.962575
09/26 04:39:10 PM train 550 1.009138e-01 96.753063 99.960299
09/26 04:39:14 PM train 600 1.009392e-01 96.747608 99.958403
09/26 04:39:18 PM train 650 1.016817e-01 96.714190 99.961598
09/26 04:39:23 PM train 700 1.022024e-01 96.676623 99.964337
09/26 04:39:27 PM train 750 1.028872e-01 96.664864 99.962550
09/26 04:39:29 PM train_acc 96.654000
09/26 04:39:30 PM valid 000 1.821649e-01 95.312500 100.000000
09/26 04:39:31 PM valid 050 1.967314e-01 94.638480 99.908088
09/26 04:39:32 PM valid 100 2.055691e-01 94.786510 99.922649
09/26 04:39:33 PM valid 150 1.969556e-01 94.815811 99.937914
09/26 04:39:33 PM valid_acc 94.810000, best_acc 94.930000
09/26 04:39:33 PM epoch 403 lr 5.969107e-03
09/26 04:39:34 PM train 000 1.320114e-01 95.312500 100.000000
09/26 04:39:38 PM train 050 8.769706e-02 97.150735 99.938725
09/26 04:39:42 PM train 100 8.916612e-02 97.060644 99.953589
09/26 04:39:46 PM train 150 9.610563e-02 96.843957 99.968957
09/26 04:39:51 PM train 200 9.724584e-02 96.843905 99.968905
09/26 04:39:55 PM train 250 9.553418e-02 96.949701 99.968875
09/26 04:39:59 PM train 300 9.326804e-02 96.999585 99.974045
09/26 04:40:03 PM train 350 9.367877e-02 96.941774 99.973291
09/26 04:40:08 PM train 400 9.373760e-02 96.949034 99.968828
09/26 04:40:12 PM train 450 9.554284e-02 96.885394 99.968819
09/26 04:40:16 PM train 500 9.638158e-02 96.875000 99.965694
09/26 04:40:20 PM train 550 9.652621e-02 96.866493 99.968807
09/26 04:40:24 PM train 600 9.911984e-02 96.812604 99.968802
09/26 04:40:29 PM train 650 9.996203e-02 96.776594 99.966398
09/26 04:40:33 PM train 700 1.002948e-01 96.752407 99.968795
09/26 04:40:37 PM train 750 1.010340e-01 96.725200 99.968792
09/26 04:40:40 PM train_acc 96.712000
09/26 04:40:40 PM valid 000 1.998970e-01 93.750000 100.000000
09/26 04:40:41 PM valid 050 2.012819e-01 95.036765 99.877451
09/26 04:40:42 PM valid 100 2.147730e-01 94.693688 99.876238
09/26 04:40:44 PM valid 150 2.148159e-01 94.546772 99.896523
09/26 04:40:44 PM valid_acc 94.590000, best_acc 94.930000
09/26 04:40:44 PM epoch 404 lr 5.913392e-03
09/26 04:40:44 PM train 000 2.647356e-01 92.187500 100.000000
09/26 04:40:48 PM train 050 1.178270e-01 96.415441 99.969363
09/26 04:40:52 PM train 100 1.048934e-01 96.612005 99.984530
09/26 04:40:57 PM train 150 9.562830e-02 96.957781 99.968957
09/26 04:41:01 PM train 200 9.637978e-02 96.968284 99.976679
09/26 04:41:05 PM train 250 1.002977e-01 96.837649 99.981325
09/26 04:41:09 PM train 300 9.979805e-02 96.776370 99.984427
09/26 04:41:14 PM train 350 9.946409e-02 96.830484 99.977742
09/26 04:41:18 PM train 400 9.920567e-02 96.804863 99.980517
09/26 04:41:22 PM train 450 9.870688e-02 96.816103 99.972284
09/26 04:41:26 PM train 500 1.000192e-01 96.778318 99.975050
09/26 04:41:31 PM train 550 9.939876e-02 96.789927 99.977314
09/26 04:41:35 PM train 600 1.002562e-01 96.747608 99.971402
09/26 04:41:39 PM train 650 1.001702e-01 96.754992 99.966398
09/26 04:41:43 PM train 700 1.000994e-01 96.747949 99.966566
09/26 04:41:47 PM train 750 9.983861e-02 96.733522 99.966711
09/26 04:41:50 PM train_acc 96.712000
09/26 04:41:50 PM valid 000 3.575718e-01 92.187500 100.000000
09/26 04:41:51 PM valid 050 2.037028e-01 94.761029 99.816176
09/26 04:41:53 PM valid 100 2.044308e-01 94.817450 99.860767
09/26 04:41:54 PM valid 150 1.974533e-01 94.826159 99.896523
09/26 04:41:54 PM valid_acc 94.770000, best_acc 94.930000
09/26 04:41:54 PM epoch 405 lr 5.857857e-03
09/26 04:41:54 PM train 000 9.027287e-02 95.312500 100.000000
09/26 04:41:59 PM train 050 1.111580e-01 96.262255 99.969363
09/26 04:42:03 PM train 100 1.054490e-01 96.627475 99.953589
09/26 04:42:07 PM train 150 9.853497e-02 96.885348 99.968957
09/26 04:42:11 PM train 200 9.669318e-02 96.952736 99.968905
09/26 04:42:16 PM train 250 9.861187e-02 96.831424 99.962649
09/26 04:42:20 PM train 300 1.013619e-01 96.750415 99.958472
09/26 04:42:24 PM train 350 1.004410e-01 96.759259 99.964387
09/26 04:42:28 PM train 400 1.012405e-01 96.746415 99.961035
09/26 04:42:33 PM train 450 1.011353e-01 96.743348 99.965355
09/26 04:42:37 PM train 500 1.027488e-01 96.709706 99.959456
09/26 04:42:41 PM train 550 1.020217e-01 96.724705 99.960299
09/26 04:42:45 PM train 600 1.019513e-01 96.708611 99.963602
09/26 04:42:50 PM train 650 1.018979e-01 96.730991 99.963998
09/26 04:42:54 PM train 700 1.016859e-01 96.730118 99.962108
09/26 04:42:58 PM train 750 1.013833e-01 96.741844 99.958389
09/26 04:43:01 PM train_acc 96.720000
09/26 04:43:01 PM valid 000 1.870277e-01 92.187500 100.000000
09/26 04:43:02 PM valid 050 1.977868e-01 94.669118 99.908088
09/26 04:43:03 PM valid 100 2.136577e-01 94.353342 99.876238
09/26 04:43:05 PM valid 150 2.078756e-01 94.536424 99.855132
09/26 04:43:05 PM valid_acc 94.520000, best_acc 94.930000
09/26 04:43:05 PM epoch 406 lr 5.802505e-03
09/26 04:43:05 PM train 000 7.046372e-02 98.437500 100.000000
09/26 04:43:09 PM train 050 8.999094e-02 97.242647 99.938725
09/26 04:43:13 PM train 100 9.794899e-02 96.844059 99.938119
09/26 04:43:18 PM train 150 9.873516e-02 96.781871 99.948262
09/26 04:43:22 PM train 200 9.974298e-02 96.812811 99.937811
09/26 04:43:26 PM train 250 9.810909e-02 96.856325 99.950199
09/26 04:43:30 PM train 300 9.777206e-02 96.823090 99.948090
09/26 04:43:35 PM train 350 9.627098e-02 96.892806 99.955484
09/26 04:43:39 PM train 400 9.586950e-02 96.910069 99.957138
09/26 04:43:43 PM train 450 9.486063e-02 96.940826 99.961890
09/26 04:43:47 PM train 500 9.538274e-02 96.890594 99.965694
09/26 04:43:52 PM train 550 9.564249e-02 96.880672 99.963135
09/26 04:43:56 PM train 600 9.648353e-02 96.867200 99.963602
09/26 04:44:00 PM train 650 9.746208e-02 96.846198 99.966398
09/26 04:44:04 PM train 700 9.795775e-02 96.832650 99.968795
09/26 04:44:08 PM train 750 9.903341e-02 96.800100 99.968792
09/26 04:44:11 PM train_acc 96.800000
09/26 04:44:11 PM valid 000 1.400876e-01 93.750000 100.000000
09/26 04:44:12 PM valid 050 2.025014e-01 94.607843 99.938725
09/26 04:44:14 PM valid 100 2.036276e-01 94.786510 99.922649
09/26 04:44:15 PM valid 150 1.990595e-01 94.805464 99.927566
09/26 04:44:15 PM valid_acc 94.770000, best_acc 94.930000
09/26 04:44:15 PM epoch 407 lr 5.747335e-03
09/26 04:44:15 PM train 000 6.694469e-02 98.437500 100.000000
09/26 04:44:20 PM train 050 1.065088e-01 96.691176 99.908088
09/26 04:44:24 PM train 100 9.820361e-02 96.813119 99.953589
09/26 04:44:28 PM train 150 1.015816e-01 96.626656 99.968957
09/26 04:44:32 PM train 200 9.858007e-02 96.789490 99.968905
09/26 04:44:37 PM train 250 9.862276e-02 96.756723 99.962649
09/26 04:44:41 PM train 300 9.519192e-02 96.885382 99.968854
09/26 04:44:45 PM train 350 9.337596e-02 96.937322 99.973291
09/26 04:44:49 PM train 400 9.393085e-02 96.913965 99.972724
09/26 04:44:54 PM train 450 9.503019e-02 96.847284 99.975748
09/26 04:44:58 PM train 500 9.763949e-02 96.768962 99.975050
09/26 04:45:02 PM train 550 9.744940e-02 96.792763 99.974478
09/26 04:45:06 PM train 600 9.737977e-02 96.791805 99.976601
09/26 04:45:10 PM train 650 9.891320e-02 96.714190 99.978399
09/26 04:45:15 PM train 700 9.925717e-02 96.701141 99.975481
09/26 04:45:19 PM train 750 9.981377e-02 96.681508 99.968792
09/26 04:45:22 PM train_acc 96.658000
09/26 04:45:22 PM valid 000 1.690062e-02 100.000000 100.000000
09/26 04:45:23 PM valid 050 2.143496e-01 94.332108 99.877451
09/26 04:45:24 PM valid 100 2.120755e-01 94.353342 99.891708
09/26 04:45:25 PM valid 150 2.079520e-01 94.505381 99.896523
09/26 04:45:26 PM valid_acc 94.490000, best_acc 94.930000
09/26 04:45:26 PM epoch 408 lr 5.692351e-03
09/26 04:45:26 PM train 000 1.016505e-01 93.750000 100.000000
09/26 04:45:30 PM train 050 8.816698e-02 97.028186 99.938725
09/26 04:45:34 PM train 100 9.865541e-02 96.797649 99.922649
09/26 04:45:39 PM train 150 9.674309e-02 96.812914 99.937914
09/26 04:45:43 PM train 200 9.871358e-02 96.773943 99.945585
09/26 04:45:47 PM train 250 9.981006e-02 96.781624 99.943974
09/26 04:45:51 PM train 300 1.018577e-01 96.729651 99.953281
09/26 04:45:56 PM train 350 1.013842e-01 96.745905 99.955484
09/26 04:46:00 PM train 400 1.006528e-01 96.781484 99.957138
09/26 04:46:04 PM train 450 9.978485e-02 96.805710 99.958426
09/26 04:46:08 PM train 500 1.003939e-01 96.778318 99.950100
09/26 04:46:13 PM train 550 1.010748e-01 96.770077 99.946121
09/26 04:46:17 PM train 600 9.937746e-02 96.823003 99.950603
09/26 04:46:21 PM train 650 9.897655e-02 96.819796 99.951997
09/26 04:46:25 PM train 700 1.001020e-01 96.792529 99.948734
09/26 04:46:29 PM train 750 1.004436e-01 96.779294 99.950067
09/26 04:46:32 PM train_acc 96.782000
09/26 04:46:32 PM valid 000 2.709691e-01 93.750000 100.000000
09/26 04:46:33 PM valid 050 1.964653e-01 94.975490 99.877451
09/26 04:46:35 PM valid 100 2.029952e-01 94.879332 99.907178
09/26 04:46:36 PM valid 150 1.959037e-01 94.898593 99.927566
09/26 04:46:36 PM valid_acc 94.870000, best_acc 94.930000
09/26 04:46:36 PM epoch 409 lr 5.637554e-03
09/26 04:46:36 PM train 000 7.347612e-02 96.875000 100.000000
09/26 04:46:41 PM train 050 8.851741e-02 97.120098 99.969363
09/26 04:46:45 PM train 100 8.895101e-02 96.998762 99.953589
09/26 04:46:49 PM train 150 8.942773e-02 97.030215 99.948262
09/26 04:46:54 PM train 200 9.100469e-02 96.929415 99.930037
09/26 04:46:58 PM train 250 9.343225e-02 96.862550 99.925299
09/26 04:47:02 PM train 300 9.358924e-02 96.875000 99.932517
09/26 04:47:06 PM train 350 9.531647e-02 96.870548 99.924323
09/26 04:47:11 PM train 400 9.650938e-02 96.824345 99.929863
09/26 04:47:15 PM train 450 9.793889e-02 96.798780 99.927245
09/26 04:47:19 PM train 500 9.958776e-02 96.768962 99.928268
09/26 04:47:24 PM train 550 9.981953e-02 96.750227 99.931942
09/26 04:47:28 PM train 600 1.004291e-01 96.750208 99.932404
09/26 04:47:32 PM train 650 1.019094e-01 96.685388 99.937596
09/26 04:47:37 PM train 700 1.024119e-01 96.669936 99.935360
09/26 04:47:41 PM train 750 1.029079e-01 96.631575 99.933422
09/26 04:47:44 PM train_acc 96.636000
09/26 04:47:44 PM valid 000 1.557546e-01 96.875000 100.000000
09/26 04:47:45 PM valid 050 1.851453e-01 95.098039 99.877451
09/26 04:47:47 PM valid 100 1.846924e-01 95.126856 99.907178
09/26 04:47:48 PM valid 150 1.825672e-01 95.136589 99.927566
09/26 04:47:48 PM valid_acc 95.120000, best_acc 95.120000
09/26 04:47:48 PM epoch 410 lr 5.582945e-03
09/26 04:47:48 PM train 000 6.420687e-02 96.875000 100.000000
09/26 04:47:52 PM train 050 9.222584e-02 96.599265 99.908088
09/26 04:47:57 PM train 100 9.498864e-02 96.642946 99.953589
09/26 04:48:01 PM train 150 9.762619e-02 96.637003 99.937914
09/26 04:48:05 PM train 200 9.492975e-02 96.781716 99.922264
09/26 04:48:10 PM train 250 9.523486e-02 96.762948 99.931524
09/26 04:48:14 PM train 300 9.505175e-02 96.817899 99.932517
09/26 04:48:18 PM train 350 9.670487e-02 96.799323 99.937678
09/26 04:48:22 PM train 400 9.845248e-02 96.789277 99.945449
09/26 04:48:27 PM train 450 9.740960e-02 96.829961 99.948032
09/26 04:48:31 PM train 500 9.740776e-02 96.815744 99.950100
09/26 04:48:35 PM train 550 9.775508e-02 96.792763 99.946121
09/26 04:48:40 PM train 600 9.861844e-02 96.771007 99.948003
09/26 04:48:44 PM train 650 9.889604e-02 96.781394 99.942396
09/26 04:48:48 PM train 700 9.833697e-02 96.812589 99.944276
09/26 04:48:52 PM train 750 9.806971e-02 96.829228 99.947986
09/26 04:48:55 PM train_acc 96.824000
09/26 04:48:55 PM valid 000 1.331178e-01 93.750000 100.000000
09/26 04:48:56 PM valid 050 1.915114e-01 94.822304 99.846814
09/26 04:48:58 PM valid 100 1.969624e-01 94.910272 99.891708
09/26 04:48:59 PM valid 150 1.971230e-01 94.867550 99.886175
09/26 04:48:59 PM valid_acc 94.890000, best_acc 95.120000
09/26 04:48:59 PM epoch 411 lr 5.528526e-03
09/26 04:48:59 PM train 000 9.692231e-02 98.437500 100.000000
09/26 04:49:04 PM train 050 8.319309e-02 97.579657 99.969363
09/26 04:49:08 PM train 100 8.512570e-02 97.478342 99.984530
09/26 04:49:12 PM train 150 8.332549e-02 97.475166 99.989652
09/26 04:49:17 PM train 200 8.433470e-02 97.325871 99.984453
09/26 04:49:21 PM train 250 8.648770e-02 97.161355 99.981325
09/26 04:49:25 PM train 300 8.499949e-02 97.227990 99.979236
09/26 04:49:29 PM train 350 8.796424e-02 97.137642 99.973291
09/26 04:49:34 PM train 400 8.915058e-02 97.089308 99.972724
09/26 04:49:38 PM train 450 9.180853e-02 96.996258 99.975748
09/26 04:49:42 PM train 500 9.257222e-02 96.974800 99.975050
09/26 04:49:46 PM train 550 9.211599e-02 96.994102 99.977314
09/26 04:49:51 PM train 600 9.384899e-02 96.932196 99.979201
09/26 04:49:55 PM train 650 9.326480e-02 96.944604 99.978399
09/26 04:49:59 PM train 700 9.381374e-02 96.919579 99.971024
09/26 04:50:03 PM train 750 9.523512e-02 96.868758 99.970872
09/26 04:50:06 PM train_acc 96.840000
09/26 04:50:06 PM valid 000 1.546846e-01 93.750000 100.000000
09/26 04:50:08 PM valid 050 1.931197e-01 94.638480 99.938725
09/26 04:50:09 PM valid 100 1.998820e-01 94.616337 99.876238
09/26 04:50:10 PM valid 150 2.039992e-01 94.567467 99.906871
09/26 04:50:10 PM valid_acc 94.530000, best_acc 95.120000
09/26 04:50:10 PM epoch 412 lr 5.474297e-03
09/26 04:50:11 PM train 000 4.529140e-02 98.437500 100.000000
09/26 04:50:15 PM train 050 9.641153e-02 96.966912 99.877451
09/26 04:50:19 PM train 100 9.026136e-02 97.261757 99.922649
09/26 04:50:23 PM train 150 9.248461e-02 97.206126 99.917219
09/26 04:50:28 PM train 200 9.239207e-02 97.209266 99.914490
09/26 04:50:32 PM train 250 9.159764e-02 97.161355 99.925299
09/26 04:50:36 PM train 300 9.239852e-02 97.139743 99.937708
09/26 04:50:41 PM train 350 9.402247e-02 97.070869 99.937678
09/26 04:50:45 PM train 400 9.465501e-02 97.034757 99.941552
09/26 04:50:49 PM train 450 9.652528e-02 96.982400 99.944568
09/26 04:50:54 PM train 500 9.704784e-02 96.934256 99.946981
09/26 04:50:58 PM train 550 9.814104e-02 96.906193 99.951792
09/26 04:51:02 PM train 600 9.787839e-02 96.911398 99.955803
09/26 04:51:07 PM train 650 9.901702e-02 96.877400 99.949597
09/26 04:51:11 PM train 700 9.860563e-02 96.886145 99.950963
09/26 04:51:15 PM train 750 9.856917e-02 96.870839 99.952147
09/26 04:51:18 PM train_acc 96.884000
09/26 04:51:18 PM valid 000 2.384782e-01 92.187500 100.000000
09/26 04:51:19 PM valid 050 2.000727e-01 95.067402 99.846814
09/26 04:51:21 PM valid 100 2.030878e-01 94.925743 99.845297
09/26 04:51:22 PM valid 150 2.018972e-01 94.846854 99.875828
09/26 04:51:22 PM valid_acc 94.830000, best_acc 95.120000
09/26 04:51:22 PM epoch 413 lr 5.420261e-03
09/26 04:51:22 PM train 000 9.771933e-02 96.875000 100.000000
09/26 04:51:27 PM train 050 8.782843e-02 97.181373 99.969363
09/26 04:51:31 PM train 100 9.594749e-02 96.983292 99.969059
09/26 04:51:35 PM train 150 9.837671e-02 96.875000 99.968957
09/26 04:51:40 PM train 200 9.693683e-02 96.952736 99.961132
09/26 04:51:44 PM train 250 9.649514e-02 96.943476 99.962649
09/26 04:51:48 PM train 300 9.664330e-02 96.885382 99.968854
09/26 04:51:52 PM train 350 9.856824e-02 96.803775 99.964387
09/26 04:51:56 PM train 400 9.652653e-02 96.863310 99.957138
09/26 04:52:01 PM train 450 9.837166e-02 96.795316 99.954961
09/26 04:52:05 PM train 500 9.972434e-02 96.750250 99.956337
09/26 04:52:09 PM train 550 9.942584e-02 96.747391 99.954628
09/26 04:52:14 PM train 600 1.000900e-01 96.719010 99.955803
09/26 04:52:18 PM train 650 1.004524e-01 96.740591 99.951997
09/26 04:52:22 PM train 700 9.976146e-02 96.776926 99.950963
09/26 04:52:26 PM train 750 1.000852e-01 96.754328 99.954228
09/26 04:52:29 PM train_acc 96.776000
09/26 04:52:29 PM valid 000 2.178647e-01 95.312500 100.000000
09/26 04:52:30 PM valid 050 1.815820e-01 95.067402 99.969363
09/26 04:52:32 PM valid 100 1.939637e-01 94.848391 99.891708
09/26 04:52:33 PM valid 150 1.892644e-01 94.867550 99.906871
09/26 04:52:33 PM valid_acc 94.870000, best_acc 95.120000
09/26 04:52:33 PM epoch 414 lr 5.366420e-03
09/26 04:52:33 PM train 000 1.167844e-01 96.875000 100.000000
09/26 04:52:38 PM train 050 9.182503e-02 97.150735 99.969363
09/26 04:52:42 PM train 100 9.603078e-02 96.998762 99.969059
09/26 04:52:46 PM train 150 9.569973e-02 96.937086 99.958609
09/26 04:52:50 PM train 200 9.413184e-02 96.960510 99.930037
09/26 04:52:55 PM train 250 9.380211e-02 96.955926 99.937749
09/26 04:52:59 PM train 300 9.227576e-02 97.004776 99.927326
09/26 04:53:03 PM train 350 9.309004e-02 96.990741 99.933226
09/26 04:53:07 PM train 400 9.359782e-02 96.987999 99.929863
09/26 04:53:12 PM train 450 9.353609e-02 96.965078 99.927245
09/26 04:53:16 PM train 500 9.313415e-02 96.990394 99.934506
09/26 04:53:20 PM train 550 9.348998e-02 96.971416 99.940449
09/26 04:53:24 PM train 600 9.323529e-02 96.999792 99.945403
09/26 04:53:29 PM train 650 9.391456e-02 96.968606 99.947197
09/26 04:53:33 PM train 700 9.487635e-02 96.939640 99.948734
09/26 04:53:37 PM train 750 9.487706e-02 96.954061 99.947986
09/26 04:53:40 PM train_acc 96.946000
09/26 04:53:40 PM valid 000 3.132144e-01 92.187500 100.000000
09/26 04:53:41 PM valid 050 1.991471e-01 94.761029 99.877451
09/26 04:53:42 PM valid 100 1.965231e-01 94.910272 99.907178
09/26 04:53:44 PM valid 150 1.864760e-01 95.095199 99.927566
09/26 04:53:44 PM valid_acc 95.090000, best_acc 95.120000
09/26 04:53:44 PM epoch 415 lr 5.312774e-03
09/26 04:53:44 PM train 000 2.002810e-02 100.000000 100.000000
09/26 04:53:48 PM train 050 8.625168e-02 97.212010 100.000000
09/26 04:53:52 PM train 100 9.382728e-02 97.122525 99.984530
09/26 04:53:57 PM train 150 9.339443e-02 97.154387 99.968957
09/26 04:54:01 PM train 200 9.299865e-02 97.084888 99.976679
09/26 04:54:05 PM train 250 9.186276e-02 97.092878 99.981325
09/26 04:54:10 PM train 300 9.233895e-02 97.035922 99.974045
09/26 04:54:14 PM train 350 9.062870e-02 97.075321 99.973291
09/26 04:54:18 PM train 400 9.199414e-02 97.046446 99.964931
09/26 04:54:22 PM train 450 9.158356e-02 97.072478 99.968819
09/26 04:54:26 PM train 500 9.158634e-02 97.046532 99.968812
09/26 04:54:31 PM train 550 9.157577e-02 97.022459 99.971642
09/26 04:54:35 PM train 600 9.349161e-02 97.012791 99.971402
09/26 04:54:39 PM train 650 9.393333e-02 97.004608 99.968798
09/26 04:54:43 PM train 700 9.410747e-02 96.981990 99.971024
09/26 04:54:48 PM train 750 9.443217e-02 96.960303 99.970872
09/26 04:54:50 PM train_acc 96.988000
09/26 04:54:50 PM valid 000 1.248006e-01 95.312500 100.000000
09/26 04:54:52 PM valid 050 2.072237e-01 94.699755 99.754902
09/26 04:54:53 PM valid 100 2.095132e-01 94.910272 99.798886
09/26 04:54:54 PM valid 150 2.010027e-01 94.929636 99.844785
09/26 04:54:54 PM valid_acc 94.910000, best_acc 95.120000
09/26 04:54:54 PM epoch 416 lr 5.259325e-03
09/26 04:54:54 PM train 000 2.382115e-01 93.750000 100.000000
09/26 04:54:59 PM train 050 8.560627e-02 97.303922 100.000000
09/26 04:55:03 PM train 100 8.264535e-02 97.509282 99.984530
09/26 04:55:07 PM train 150 8.727991e-02 97.340646 99.968957
09/26 04:55:11 PM train 200 8.845870e-02 97.302550 99.968905
09/26 04:55:16 PM train 250 8.621435e-02 97.379233 99.968875
09/26 04:55:20 PM train 300 8.607221e-02 97.357766 99.953281
09/26 04:55:24 PM train 350 8.473969e-02 97.413640 99.959936
09/26 04:55:29 PM train 400 8.345140e-02 97.397132 99.961035
09/26 04:55:33 PM train 450 8.453094e-02 97.370427 99.958426
09/26 04:55:37 PM train 500 8.461259e-02 97.339696 99.953219
09/26 04:55:41 PM train 550 8.571665e-02 97.277677 99.954628
09/26 04:55:45 PM train 600 8.717184e-02 97.212978 99.958403
09/26 04:55:50 PM train 650 8.774725e-02 97.175019 99.961598
09/26 04:55:54 PM train 700 8.792516e-02 97.138017 99.959879
09/26 04:55:58 PM train 750 8.781534e-02 97.132989 99.962550
09/26 04:56:01 PM train_acc 97.124000
09/26 04:56:01 PM valid 000 3.180695e-01 93.750000 100.000000
09/26 04:56:02 PM valid 050 2.211009e-01 94.546569 99.846814
09/26 04:56:03 PM valid 100 2.150392e-01 94.492574 99.891708
09/26 04:56:05 PM valid 150 2.107815e-01 94.660596 99.917219
09/26 04:56:05 PM valid_acc 94.670000, best_acc 95.120000
09/26 04:56:05 PM epoch 417 lr 5.206074e-03
09/26 04:56:05 PM train 000 5.043476e-02 100.000000 100.000000
09/26 04:56:09 PM train 050 8.728184e-02 97.120098 99.938725
09/26 04:56:13 PM train 100 8.440934e-02 97.339109 99.938119
09/26 04:56:18 PM train 150 8.276819e-02 97.464818 99.948262
09/26 04:56:22 PM train 200 8.404817e-02 97.419154 99.945585
09/26 04:56:26 PM train 250 8.511197e-02 97.397908 99.950199
09/26 04:56:30 PM train 300 8.718547e-02 97.253945 99.953281
09/26 04:56:35 PM train 350 8.934011e-02 97.226674 99.955484
09/26 04:56:39 PM train 400 8.922869e-02 97.213996 99.961035
09/26 04:56:43 PM train 450 8.857212e-02 97.238775 99.958426
09/26 04:56:47 PM train 500 8.847953e-02 97.261727 99.962575
09/26 04:56:52 PM train 550 8.825086e-02 97.240812 99.963135
09/26 04:56:56 PM train 600 8.818580e-02 97.228577 99.966202
09/26 04:57:00 PM train 650 8.863520e-02 97.218222 99.968798
09/26 04:57:04 PM train 700 9.040757e-02 97.169223 99.968795
09/26 04:57:09 PM train 750 9.020633e-02 97.187084 99.968792
09/26 04:57:11 PM train_acc 97.170000
09/26 04:57:11 PM valid 000 1.089284e-01 90.625000 100.000000
09/26 04:57:12 PM valid 050 1.919653e-01 95.220588 99.846814
09/26 04:57:14 PM valid 100 1.957485e-01 95.049505 99.907178
09/26 04:57:15 PM valid 150 1.924256e-01 95.177980 99.917219
09/26 04:57:15 PM valid_acc 95.150000, best_acc 95.150000
09/26 04:57:15 PM epoch 418 lr 5.153024e-03
09/26 04:57:15 PM train 000 9.283648e-02 96.875000 100.000000
09/26 04:57:20 PM train 050 8.161308e-02 97.671569 99.938725
09/26 04:57:24 PM train 100 8.637460e-02 97.246287 99.922649
09/26 04:57:28 PM train 150 8.962495e-02 97.102649 99.917219
09/26 04:57:32 PM train 200 8.982694e-02 97.061567 99.914490
09/26 04:57:36 PM train 250 9.333682e-02 96.937251 99.925299
09/26 04:57:41 PM train 300 9.337069e-02 96.952865 99.932517
09/26 04:57:45 PM train 350 9.164644e-02 97.026353 99.942130
09/26 04:57:49 PM train 400 9.330547e-02 96.945137 99.941552
09/26 04:57:53 PM train 450 9.419892e-02 96.885394 99.948032
09/26 04:57:58 PM train 500 9.379263e-02 96.912425 99.950100
09/26 04:58:02 PM train 550 9.516522e-02 96.860821 99.946121
09/26 04:58:06 PM train 600 9.659025e-02 96.830803 99.948003
09/26 04:58:10 PM train 650 9.730564e-02 96.802995 99.947197
09/26 04:58:15 PM train 700 9.732497e-02 96.814818 99.950963
09/26 04:58:19 PM train 750 9.695703e-02 96.829228 99.954228
09/26 04:58:21 PM train_acc 96.840000
09/26 04:58:21 PM valid 000 3.573121e-01 92.187500 100.000000
09/26 04:58:23 PM valid 050 2.240060e-01 94.607843 99.785539
09/26 04:58:24 PM valid 100 2.235061e-01 94.740099 99.845297
09/26 04:58:25 PM valid 150 2.150184e-01 94.691639 99.896523
09/26 04:58:25 PM valid_acc 94.690000, best_acc 95.150000
09/26 04:58:25 PM epoch 419 lr 5.100174e-03
09/26 04:58:26 PM train 000 4.340846e-02 100.000000 100.000000
09/26 04:58:30 PM train 050 8.106247e-02 97.365196 99.908088
09/26 04:58:34 PM train 100 8.546549e-02 97.153465 99.922649
09/26 04:58:38 PM train 150 8.543113e-02 97.237169 99.927566
09/26 04:58:43 PM train 200 8.779954e-02 97.154851 99.922264
09/26 04:58:47 PM train 250 8.839520e-02 97.161355 99.925299
09/26 04:58:51 PM train 300 8.766097e-02 97.181271 99.927326
09/26 04:58:55 PM train 350 9.035815e-02 97.044160 99.933226
09/26 04:58:59 PM train 400 9.111934e-02 97.023067 99.929863
09/26 04:59:04 PM train 450 9.097018e-02 97.055155 99.934174
09/26 04:59:08 PM train 500 9.038587e-02 97.087076 99.940744
09/26 04:59:12 PM train 550 8.989909e-02 97.104696 99.943285
09/26 04:59:16 PM train 600 9.022634e-02 97.080387 99.940204
09/26 04:59:21 PM train 650 9.075874e-02 97.047811 99.944796
09/26 04:59:25 PM train 700 9.117691e-02 97.035485 99.946505
09/26 04:59:29 PM train 750 9.178645e-02 97.008156 99.950067
09/26 04:59:32 PM train_acc 97.014000
09/26 04:59:32 PM valid 000 1.201505e-01 93.750000 100.000000
09/26 04:59:33 PM valid 050 1.925675e-01 94.883578 99.908088
09/26 04:59:34 PM valid 100 1.974266e-01 94.956683 99.938119
09/26 04:59:36 PM valid 150 1.924429e-01 95.105546 99.937914
09/26 04:59:36 PM valid_acc 95.110000, best_acc 95.150000
09/26 04:59:36 PM epoch 420 lr 5.047528e-03
09/26 04:59:36 PM train 000 1.133533e-01 95.312500 100.000000
09/26 04:59:40 PM train 050 7.631263e-02 97.579657 100.000000
09/26 04:59:44 PM train 100 8.573121e-02 97.323639 99.969059
09/26 04:59:49 PM train 150 8.560282e-02 97.309603 99.958609
09/26 04:59:53 PM train 200 8.762873e-02 97.123756 99.968905
09/26 04:59:57 PM train 250 8.490533e-02 97.192480 99.968875
09/26 05:00:01 PM train 300 8.713214e-02 97.118978 99.968854
09/26 05:00:06 PM train 350 8.747751e-02 97.119836 99.968839
09/26 05:00:10 PM train 400 8.640812e-02 97.178928 99.968828
09/26 05:00:14 PM train 450 8.565802e-02 97.197201 99.968819
09/26 05:00:18 PM train 500 8.520489e-02 97.239895 99.968812
09/26 05:00:23 PM train 550 8.556626e-02 97.237976 99.968807
09/26 05:00:27 PM train 600 8.615264e-02 97.228577 99.971402
09/26 05:00:31 PM train 650 8.707618e-02 97.196621 99.963998
09/26 05:00:35 PM train 700 8.823816e-02 97.126872 99.964337
09/26 05:00:39 PM train 750 8.791303e-02 97.160037 99.964630
09/26 05:00:42 PM train_acc 97.140000
09/26 05:00:42 PM valid 000 2.694952e-01 89.062500 100.000000
09/26 05:00:43 PM valid 050 1.907609e-01 94.975490 99.846814
09/26 05:00:44 PM valid 100 1.909686e-01 95.111386 99.876238
09/26 05:00:46 PM valid 150 1.851856e-01 95.146937 99.886175
09/26 05:00:46 PM valid_acc 95.130000, best_acc 95.150000
09/26 05:00:46 PM epoch 421 lr 4.995086e-03
09/26 05:00:46 PM train 000 1.396885e-01 95.312500 100.000000
09/26 05:00:50 PM train 050 8.975759e-02 97.181373 99.877451
09/26 05:00:54 PM train 100 9.616170e-02 96.998762 99.922649
09/26 05:00:59 PM train 150 9.021515e-02 97.154387 99.948262
09/26 05:01:03 PM train 200 9.128892e-02 97.077114 99.937811
09/26 05:01:07 PM train 250 9.246320e-02 96.993277 99.950199
09/26 05:01:11 PM train 300 9.327262e-02 96.999585 99.937708
09/26 05:01:15 PM train 350 9.337964e-02 96.986289 99.946581
09/26 05:01:19 PM train 400 9.099499e-02 97.058136 99.949345
09/26 05:01:24 PM train 450 9.125180e-02 97.051691 99.948032
09/26 05:01:28 PM train 500 9.066194e-02 97.087076 99.950100
09/26 05:01:32 PM train 550 9.072790e-02 97.082010 99.948956
09/26 05:01:36 PM train 600 8.979534e-02 97.132384 99.948003
09/26 05:01:40 PM train 650 8.917491e-02 97.148618 99.947197
09/26 05:01:44 PM train 700 8.925317e-02 97.155849 99.948734
09/26 05:01:49 PM train 750 8.869205e-02 97.189164 99.952147
09/26 05:01:51 PM train_acc 97.166000
09/26 05:01:51 PM valid 000 5.740248e-02 96.875000 100.000000
09/26 05:01:53 PM valid 050 2.007107e-01 95.251225 99.877451
09/26 05:01:54 PM valid 100 2.142470e-01 94.879332 99.814356
09/26 05:01:55 PM valid 150 2.069199e-01 94.960679 99.844785
09/26 05:01:55 PM valid_acc 94.970000, best_acc 95.150000
09/26 05:01:55 PM epoch 422 lr 4.942850e-03
09/26 05:01:55 PM train 000 6.251424e-02 98.437500 100.000000
09/26 05:02:00 PM train 050 7.827212e-02 97.426471 100.000000
09/26 05:02:04 PM train 100 7.834395e-02 97.354579 100.000000
09/26 05:02:08 PM train 150 8.352258e-02 97.185430 99.968957
09/26 05:02:12 PM train 200 8.486102e-02 97.193719 99.961132
09/26 05:02:16 PM train 250 8.761591e-02 97.124004 99.968875
09/26 05:02:20 PM train 300 8.727979e-02 97.217608 99.974045
09/26 05:02:25 PM train 350 8.720660e-02 97.288996 99.977742
09/26 05:02:29 PM train 400 8.729051e-02 97.229582 99.976621
09/26 05:02:33 PM train 450 8.759679e-02 97.190272 99.975748
09/26 05:02:37 PM train 500 8.790548e-02 97.186876 99.975050
09/26 05:02:41 PM train 550 8.713155e-02 97.203947 99.971642
09/26 05:02:46 PM train 600 8.759669e-02 97.168781 99.974002
09/26 05:02:50 PM train 650 8.886906e-02 97.131816 99.971198
09/26 05:02:54 PM train 700 8.902601e-02 97.115728 99.973252
09/26 05:02:58 PM train 750 8.951123e-02 97.110103 99.975033
09/26 05:03:01 PM train_acc 97.094000
09/26 05:03:01 PM valid 000 1.398018e-01 95.312500 100.000000
09/26 05:03:02 PM valid 050 2.092469e-01 94.944853 99.969363
09/26 05:03:03 PM valid 100 2.087618e-01 94.740099 99.938119
09/26 05:03:04 PM valid 150 1.975705e-01 95.033113 99.906871
09/26 05:03:05 PM valid_acc 95.010000, best_acc 95.150000
09/26 05:03:05 PM epoch 423 lr 4.890821e-03
09/26 05:03:05 PM train 000 1.051702e-01 93.750000 100.000000
09/26 05:03:09 PM train 050 8.341231e-02 97.120098 99.969363
09/26 05:03:13 PM train 100 8.893861e-02 96.921411 99.969059
09/26 05:03:17 PM train 150 8.915554e-02 97.061258 99.968957
09/26 05:03:22 PM train 200 8.858058e-02 97.131530 99.976679
09/26 05:03:26 PM train 250 9.023868e-02 97.086653 99.981325
09/26 05:03:30 PM train 300 8.786688e-02 97.170889 99.979236
09/26 05:03:34 PM train 350 8.652143e-02 97.240028 99.977742
09/26 05:03:38 PM train 400 8.576957e-02 97.268547 99.980517
09/26 05:03:43 PM train 450 8.664793e-02 97.235310 99.979213
09/26 05:03:47 PM train 500 8.628433e-02 97.218064 99.978169
09/26 05:03:51 PM train 550 8.622692e-02 97.229469 99.977314
09/26 05:03:55 PM train 600 8.591651e-02 97.246776 99.976601
09/26 05:03:59 PM train 650 8.539595e-02 97.278226 99.975998
09/26 05:04:04 PM train 700 8.501607e-02 97.289586 99.977710
09/26 05:04:08 PM train 750 8.494843e-02 97.284870 99.977114
09/26 05:04:10 PM train_acc 97.300000
09/26 05:04:10 PM valid 000 3.215541e-01 93.750000 100.000000
09/26 05:04:12 PM valid 050 1.892696e-01 94.883578 99.908088
09/26 05:04:13 PM valid 100 1.915225e-01 95.049505 99.891708
09/26 05:04:14 PM valid 150 1.866807e-01 95.126242 99.896523
09/26 05:04:14 PM valid_acc 95.110000, best_acc 95.150000
09/26 05:04:14 PM epoch 424 lr 4.839001e-03
09/26 05:04:15 PM train 000 1.084656e-01 98.437500 100.000000
09/26 05:04:19 PM train 050 9.098299e-02 96.997549 99.969363
09/26 05:04:23 PM train 100 8.517617e-02 97.462871 99.984530
09/26 05:04:27 PM train 150 8.273559e-02 97.526904 99.989652
09/26 05:04:31 PM train 200 8.169838e-02 97.504664 99.992226
09/26 05:04:35 PM train 250 8.224989e-02 97.497510 99.981325
09/26 05:04:40 PM train 300 8.385000e-02 97.409676 99.984427
09/26 05:04:44 PM train 350 8.345121e-02 97.391382 99.986645
09/26 05:04:48 PM train 400 8.396735e-02 97.381546 99.984414
09/26 05:04:52 PM train 450 8.358910e-02 97.363498 99.979213
09/26 05:04:56 PM train 500 8.274130e-02 97.380240 99.981287
09/26 05:05:01 PM train 550 8.448637e-02 97.317377 99.980150
09/26 05:05:05 PM train 600 8.483754e-02 97.301373 99.981801
09/26 05:05:09 PM train 650 8.508579e-02 97.314228 99.983199
09/26 05:05:13 PM train 700 8.470280e-02 97.316334 99.984397
09/26 05:05:18 PM train 750 8.425982e-02 97.326481 99.985436
09/26 05:05:20 PM train_acc 97.320000
09/26 05:05:20 PM valid 000 2.715544e-01 95.312500 100.000000
09/26 05:05:22 PM valid 050 2.115859e-01 94.761029 99.908088
09/26 05:05:23 PM valid 100 2.150532e-01 94.879332 99.907178
09/26 05:05:24 PM valid 150 2.040512e-01 95.002070 99.927566
09/26 05:05:24 PM valid_acc 95.030000, best_acc 95.150000
09/26 05:05:24 PM epoch 425 lr 4.787391e-03
09/26 05:05:24 PM train 000 1.311630e-01 95.312500 98.437500
09/26 05:05:29 PM train 050 8.410856e-02 97.273284 99.846814
09/26 05:05:33 PM train 100 8.067896e-02 97.416460 99.891708
09/26 05:05:37 PM train 150 8.029389e-02 97.433775 99.917219
09/26 05:05:41 PM train 200 8.230927e-02 97.333644 99.930037
09/26 05:05:45 PM train 250 8.223501e-02 97.323207 99.943974
09/26 05:05:50 PM train 300 8.193011e-02 97.321429 99.953281
09/26 05:05:54 PM train 350 8.374223e-02 97.280093 99.946581
09/26 05:05:58 PM train 400 8.376405e-02 97.307512 99.949345
09/26 05:06:02 PM train 450 8.465941e-02 97.301136 99.944568
09/26 05:06:06 PM train 500 8.486982e-02 97.299152 99.950100
09/26 05:06:11 PM train 550 8.569109e-02 97.274841 99.951792
09/26 05:06:15 PM train 600 8.565721e-02 97.293573 99.955803
09/26 05:06:19 PM train 650 8.479668e-02 97.328629 99.956797
09/26 05:06:23 PM train 700 8.465137e-02 97.349768 99.955421
09/26 05:06:27 PM train 750 8.424870e-02 97.368093 99.958389
09/26 05:06:30 PM train_acc 97.362000
09/26 05:06:30 PM valid 000 3.588605e-02 98.437500 100.000000
09/26 05:06:31 PM valid 050 2.008826e-01 95.281863 99.877451
09/26 05:06:32 PM valid 100 1.967047e-01 95.235149 99.922649
09/26 05:06:34 PM valid 150 1.934732e-01 95.209023 99.917219
09/26 05:06:34 PM valid_acc 95.210000, best_acc 95.210000
09/26 05:06:34 PM epoch 426 lr 4.735992e-03
09/26 05:06:34 PM train 000 5.335378e-02 98.437500 100.000000
09/26 05:06:38 PM train 050 8.379295e-02 97.303922 100.000000
09/26 05:06:42 PM train 100 7.932797e-02 97.416460 99.984530
09/26 05:06:47 PM train 150 7.926128e-02 97.475166 99.989652
09/26 05:06:51 PM train 200 7.742105e-02 97.527985 99.976679
09/26 05:06:55 PM train 250 7.880038e-02 97.466384 99.975100
09/26 05:06:59 PM train 300 7.872865e-02 97.440822 99.968854
09/26 05:07:04 PM train 350 8.116665e-02 97.373575 99.968839
09/26 05:07:08 PM train 400 8.323961e-02 97.319202 99.968828
09/26 05:07:12 PM train 450 8.350614e-02 97.301136 99.972284
09/26 05:07:16 PM train 500 8.348840e-02 97.339696 99.975050
09/26 05:07:20 PM train 550 8.326933e-02 97.359914 99.971642
09/26 05:07:25 PM train 600 8.233100e-02 97.368968 99.974002
09/26 05:07:29 PM train 650 8.213759e-02 97.376632 99.973598
09/26 05:07:33 PM train 700 8.231791e-02 97.376516 99.971024
09/26 05:07:37 PM train 750 8.350643e-02 97.336884 99.972953
09/26 05:07:40 PM train_acc 97.328000
09/26 05:07:40 PM valid 000 6.891838e-02 96.875000 100.000000
09/26 05:07:41 PM valid 050 1.847470e-01 95.189951 99.969363
09/26 05:07:43 PM valid 100 1.962544e-01 95.126856 99.907178
09/26 05:07:44 PM valid 150 1.869459e-01 95.281457 99.917219
09/26 05:07:44 PM valid_acc 95.290000, best_acc 95.290000
09/26 05:07:44 PM epoch 427 lr 4.684806e-03
09/26 05:07:44 PM train 000 6.075354e-02 98.437500 100.000000
09/26 05:07:48 PM train 050 8.361336e-02 97.212010 99.908088
09/26 05:07:53 PM train 100 8.480837e-02 97.215347 99.953589
09/26 05:07:57 PM train 150 8.023289e-02 97.382036 99.968957
09/26 05:08:01 PM train 200 8.204954e-02 97.341418 99.968905
09/26 05:08:05 PM train 250 8.057248e-02 97.391683 99.968875
09/26 05:08:10 PM train 300 8.178748e-02 97.331811 99.968854
09/26 05:08:14 PM train 350 8.223013e-02 97.337963 99.973291
09/26 05:08:18 PM train 400 8.273166e-02 97.342581 99.972724
09/26 05:08:22 PM train 450 8.206352e-02 97.422395 99.972284
09/26 05:08:27 PM train 500 8.123326e-02 97.461327 99.971931
09/26 05:08:31 PM train 550 8.199980e-02 97.433643 99.965971
09/26 05:08:35 PM train 600 8.281008e-02 97.400166 99.966202
09/26 05:08:40 PM train 650 8.336104e-02 97.383833 99.961598
09/26 05:08:44 PM train 700 8.444551e-02 97.338623 99.962108
09/26 05:08:48 PM train 750 8.416144e-02 97.359770 99.962550
09/26 05:08:51 PM train_acc 97.332000
09/26 05:08:51 PM valid 000 3.320820e-01 90.625000 100.000000
09/26 05:08:52 PM valid 050 1.994792e-01 94.699755 99.877451
09/26 05:08:53 PM valid 100 2.118127e-01 94.709158 99.845297
09/26 05:08:54 PM valid 150 2.021021e-01 94.836507 99.875828
09/26 05:08:55 PM valid_acc 94.820000, best_acc 95.290000
09/26 05:08:55 PM epoch 428 lr 4.633834e-03
09/26 05:08:55 PM train 000 8.911562e-02 96.875000 100.000000
09/26 05:08:59 PM train 050 7.312585e-02 98.008578 100.000000
09/26 05:09:03 PM train 100 8.173098e-02 97.602104 99.984530
09/26 05:09:07 PM train 150 8.321671e-02 97.402732 99.968957
09/26 05:09:12 PM train 200 8.427834e-02 97.372512 99.976679
09/26 05:09:16 PM train 250 8.398862e-02 97.373008 99.968875
09/26 05:09:20 PM train 300 8.203285e-02 97.456395 99.963663
09/26 05:09:25 PM train 350 8.120843e-02 97.493768 99.968839
09/26 05:09:29 PM train 400 8.245401e-02 97.478959 99.961035
09/26 05:09:33 PM train 450 8.253948e-02 97.467433 99.951497
09/26 05:09:37 PM train 500 8.309321e-02 97.448852 99.946981
09/26 05:09:42 PM train 550 8.232852e-02 97.479015 99.951792
09/26 05:09:46 PM train 600 8.236626e-02 97.493760 99.948003
09/26 05:09:50 PM train 650 8.241137e-02 97.477439 99.949597
09/26 05:09:54 PM train 700 8.267172e-02 97.467903 99.948734
09/26 05:09:59 PM train 750 8.279357e-02 97.438832 99.952147
09/26 05:10:01 PM train_acc 97.444000
09/26 05:10:01 PM valid 000 1.498368e-01 96.875000 100.000000
09/26 05:10:03 PM valid 050 2.008761e-01 94.883578 99.969363
09/26 05:10:04 PM valid 100 2.006150e-01 94.755569 99.953589
09/26 05:10:05 PM valid 150 1.922825e-01 94.950331 99.937914
09/26 05:10:05 PM valid_acc 94.970000, best_acc 95.290000
09/26 05:10:05 PM epoch 429 lr 4.583078e-03
09/26 05:10:05 PM train 000 7.155036e-02 96.875000 100.000000
09/26 05:10:10 PM train 050 6.443299e-02 98.069853 100.000000
09/26 05:10:14 PM train 100 6.689846e-02 97.973391 100.000000
09/26 05:10:18 PM train 150 6.748488e-02 98.023593 99.968957
09/26 05:10:23 PM train 200 7.281942e-02 97.776741 99.968905
09/26 05:10:27 PM train 250 7.161307e-02 97.814990 99.968875
09/26 05:10:31 PM train 300 7.238390e-02 97.767857 99.963663
09/26 05:10:35 PM train 350 7.363986e-02 97.698540 99.955484
09/26 05:10:40 PM train 400 7.429130e-02 97.642612 99.961035
09/26 05:10:44 PM train 450 7.546444e-02 97.585227 99.965355
09/26 05:10:48 PM train 500 7.608473e-02 97.576722 99.965694
09/26 05:10:53 PM train 550 7.730599e-02 97.510209 99.965971
09/26 05:10:57 PM train 600 7.740074e-02 97.504160 99.968802
09/26 05:11:01 PM train 650 7.812535e-02 97.494240 99.968798
09/26 05:11:05 PM train 700 7.799291e-02 97.476819 99.968795
09/26 05:11:10 PM train 750 7.825741e-02 97.463798 99.966711
09/26 05:11:12 PM train_acc 97.434000
09/26 05:11:12 PM valid 000 8.134535e-02 96.875000 100.000000
09/26 05:11:14 PM valid 050 1.900284e-01 95.343137 99.938725
09/26 05:11:15 PM valid 100 1.929572e-01 95.266089 99.891708
09/26 05:11:16 PM valid 150 1.834703e-01 95.374586 99.917219
09/26 05:11:16 PM valid_acc 95.380000, best_acc 95.380000
09/26 05:11:16 PM epoch 430 lr 4.532539e-03
09/26 05:11:17 PM train 000 2.786962e-01 92.187500 98.437500
09/26 05:11:21 PM train 050 9.410235e-02 96.966912 99.908088
09/26 05:11:25 PM train 100 9.276791e-02 97.153465 99.953589
09/26 05:11:29 PM train 150 9.000902e-02 97.175083 99.927566
09/26 05:11:34 PM train 200 8.674103e-02 97.193719 99.937811
09/26 05:11:38 PM train 250 8.412233e-02 97.236056 99.943974
09/26 05:11:42 PM train 300 8.357470e-02 97.285091 99.942899
09/26 05:11:47 PM train 350 8.453624e-02 97.248932 99.946581
09/26 05:11:51 PM train 400 8.382425e-02 97.280237 99.945449
09/26 05:11:55 PM train 450 8.297487e-02 97.325388 99.948032
09/26 05:11:59 PM train 500 8.260361e-02 97.342814 99.950100
09/26 05:12:04 PM train 550 8.152236e-02 97.371257 99.954628
09/26 05:12:08 PM train 600 8.202734e-02 97.340370 99.955803
09/26 05:12:12 PM train 650 8.224124e-02 97.323829 99.956797
09/26 05:12:17 PM train 700 8.296225e-02 97.300731 99.955421
09/26 05:12:21 PM train 750 8.419371e-02 97.272387 99.958389
09/26 05:12:23 PM train_acc 97.248000
09/26 05:12:24 PM valid 000 2.751013e-01 92.187500 100.000000
09/26 05:12:25 PM valid 050 2.199445e-01 94.454657 99.877451
09/26 05:12:26 PM valid 100 2.222805e-01 94.569926 99.891708
09/26 05:12:27 PM valid 150 2.127045e-01 94.764073 99.896523
09/26 05:12:27 PM valid_acc 94.760000, best_acc 95.380000
09/26 05:12:28 PM epoch 431 lr 4.482219e-03
09/26 05:12:28 PM train 000 5.570751e-02 96.875000 100.000000
09/26 05:12:32 PM train 050 8.320310e-02 97.181373 99.938725
09/26 05:12:36 PM train 100 8.762871e-02 97.137995 99.953589
09/26 05:12:40 PM train 150 8.956392e-02 97.112997 99.958609
09/26 05:12:45 PM train 200 8.631868e-02 97.255908 99.937811
09/26 05:12:49 PM train 250 8.485631e-02 97.292082 99.950199
09/26 05:12:53 PM train 300 8.669772e-02 97.222799 99.958472
09/26 05:12:57 PM train 350 8.742871e-02 97.195513 99.946581
09/26 05:13:02 PM train 400 8.641506e-02 97.202307 99.945449
09/26 05:13:06 PM train 450 8.674160e-02 97.204130 99.948032
09/26 05:13:10 PM train 500 8.695727e-02 97.211826 99.950100
09/26 05:13:14 PM train 550 8.727465e-02 97.201112 99.951792
09/26 05:13:19 PM train 600 8.754215e-02 97.163582 99.955803
09/26 05:13:23 PM train 650 8.820128e-02 97.134217 99.951997
09/26 05:13:27 PM train 700 8.841550e-02 97.122414 99.955421
09/26 05:13:31 PM train 750 8.934348e-02 97.097620 99.956308
09/26 05:13:34 PM train_acc 97.102000
09/26 05:13:34 PM valid 000 9.849525e-02 98.437500 100.000000
09/26 05:13:35 PM valid 050 2.110367e-01 94.761029 99.785539
09/26 05:13:36 PM valid 100 2.169743e-01 94.709158 99.860767
09/26 05:13:38 PM valid 150 2.097586e-01 94.857202 99.875828
09/26 05:13:38 PM valid_acc 94.850000, best_acc 95.380000
09/26 05:13:38 PM epoch 432 lr 4.432118e-03
09/26 05:13:38 PM train 000 1.570190e-01 98.437500 100.000000
09/26 05:13:42 PM train 050 7.328439e-02 97.579657 100.000000
09/26 05:13:47 PM train 100 8.032738e-02 97.230817 99.984530
09/26 05:13:51 PM train 150 8.300754e-02 97.216474 99.989652
09/26 05:13:55 PM train 200 8.297499e-02 97.248134 99.984453
09/26 05:13:59 PM train 250 8.198914e-02 97.323207 99.987550
09/26 05:14:03 PM train 300 8.089539e-02 97.383721 99.979236
09/26 05:14:08 PM train 350 8.185049e-02 97.333511 99.973291
09/26 05:14:12 PM train 400 8.261186e-02 97.323099 99.972724
09/26 05:14:16 PM train 450 8.301880e-02 97.318459 99.961890
09/26 05:14:20 PM train 500 8.285542e-02 97.327221 99.965694
09/26 05:14:25 PM train 550 8.335371e-02 97.328721 99.963135
09/26 05:14:29 PM train 600 8.280933e-02 97.324771 99.963602
09/26 05:14:33 PM train 650 8.311612e-02 97.314228 99.963998
09/26 05:14:37 PM train 700 8.263860e-02 97.329708 99.966566
09/26 05:14:42 PM train 750 8.253121e-02 97.328562 99.966711
09/26 05:14:44 PM train_acc 97.348000
09/26 05:14:44 PM valid 000 2.871090e-01 90.625000 100.000000
09/26 05:14:46 PM valid 050 2.090014e-01 94.638480 99.846814
09/26 05:14:47 PM valid 100 2.086903e-01 94.817450 99.891708
09/26 05:14:48 PM valid 150 1.917461e-01 95.074503 99.906871
09/26 05:14:48 PM valid_acc 95.020000, best_acc 95.380000
09/26 05:14:48 PM epoch 433 lr 4.382238e-03
09/26 05:14:48 PM train 000 7.227968e-02 98.437500 100.000000
09/26 05:14:53 PM train 050 7.118368e-02 97.671569 99.969363
09/26 05:14:57 PM train 100 7.971752e-02 97.400990 99.922649
09/26 05:15:01 PM train 150 7.824237e-02 97.454470 99.937914
09/26 05:15:05 PM train 200 7.847206e-02 97.481343 99.945585
09/26 05:15:10 PM train 250 7.803543e-02 97.547311 99.950199
09/26 05:15:14 PM train 300 7.661390e-02 97.555025 99.958472
09/26 05:15:18 PM train 350 7.741534e-02 97.542735 99.959936
09/26 05:15:22 PM train 400 7.782856e-02 97.506234 99.961035
09/26 05:15:27 PM train 450 7.949412e-02 97.418930 99.965355
09/26 05:15:31 PM train 500 8.055221e-02 97.389596 99.968812
09/26 05:15:35 PM train 550 8.096921e-02 97.351407 99.971642
09/26 05:15:40 PM train 600 8.045655e-02 97.376768 99.968802
09/26 05:15:44 PM train 650 8.072738e-02 97.367031 99.968798
09/26 05:15:48 PM train 700 8.124135e-02 97.372058 99.964337
09/26 05:15:52 PM train 750 8.110782e-02 97.388898 99.966711
09/26 05:15:55 PM train_acc 97.400000
09/26 05:15:55 PM valid 000 1.695900e-01 95.312500 100.000000
09/26 05:15:56 PM valid 050 2.041189e-01 95.251225 99.877451
09/26 05:15:57 PM valid 100 2.007389e-01 95.266089 99.891708
09/26 05:15:59 PM valid 150 1.854739e-01 95.488411 99.917219
09/26 05:15:59 PM valid_acc 95.510000, best_acc 95.510000
09/26 05:15:59 PM epoch 434 lr 4.332581e-03
09/26 05:15:59 PM train 000 3.146581e-02 100.000000 100.000000
09/26 05:16:03 PM train 050 7.719698e-02 97.824755 99.938725
09/26 05:16:08 PM train 100 8.249509e-02 97.509282 99.938119
09/26 05:16:12 PM train 150 8.189255e-02 97.547599 99.937914
09/26 05:16:16 PM train 200 8.173218e-02 97.450249 99.930037
09/26 05:16:20 PM train 250 8.063114e-02 97.453934 99.943974
09/26 05:16:25 PM train 300 8.196275e-02 97.357766 99.948090
09/26 05:16:29 PM train 350 8.089834e-02 97.386930 99.951033
09/26 05:16:33 PM train 400 7.890814e-02 97.467269 99.949345
09/26 05:16:37 PM train 450 7.854552e-02 97.474363 99.954961
09/26 05:16:42 PM train 500 7.850501e-02 97.489396 99.959456
09/26 05:16:46 PM train 550 7.937901e-02 97.476180 99.957464
09/26 05:16:50 PM train 600 8.068707e-02 97.436564 99.955803
09/26 05:16:54 PM train 650 8.106107e-02 97.419835 99.959197
09/26 05:16:59 PM train 700 8.164833e-02 97.412179 99.962108
09/26 05:17:03 PM train 750 8.223833e-02 97.397220 99.962550
09/26 05:17:06 PM train_acc 97.370000
09/26 05:17:06 PM valid 000 1.368034e-01 93.750000 100.000000
09/26 05:17:07 PM valid 050 1.938016e-01 95.281863 99.908088
09/26 05:17:08 PM valid 100 2.025479e-01 94.894802 99.922649
09/26 05:17:09 PM valid 150 1.962183e-01 95.064156 99.917219
09/26 05:17:10 PM valid_acc 95.060000, best_acc 95.510000
09/26 05:17:10 PM epoch 435 lr 4.283148e-03
09/26 05:17:10 PM train 000 1.548970e-01 93.750000 100.000000
09/26 05:17:14 PM train 050 7.752424e-02 97.763480 100.000000
09/26 05:17:18 PM train 100 7.218192e-02 97.772277 99.984530
09/26 05:17:23 PM train 150 7.347222e-02 97.723510 99.979305
09/26 05:17:27 PM train 200 7.260835e-02 97.730100 99.984453
09/26 05:17:31 PM train 250 7.646268e-02 97.609562 99.987550
09/26 05:17:35 PM train 300 7.660457e-02 97.596553 99.963663
09/26 05:17:40 PM train 350 7.519389e-02 97.654024 99.959936
09/26 05:17:44 PM train 400 7.532475e-02 97.650405 99.964931
09/26 05:17:48 PM train 450 7.551229e-02 97.654518 99.968819
09/26 05:17:52 PM train 500 7.494932e-02 97.676522 99.971931
09/26 05:17:56 PM train 550 7.524155e-02 97.691697 99.971642
09/26 05:18:01 PM train 600 7.638461e-02 97.644551 99.971402
09/26 05:18:05 PM train 650 7.744675e-02 97.604647 99.971198
09/26 05:18:09 PM train 700 7.823400e-02 97.570435 99.973252
09/26 05:18:13 PM train 750 8.057648e-02 97.511651 99.972953
09/26 05:18:16 PM train_acc 97.520000
09/26 05:18:16 PM valid 000 2.941532e-01 93.750000 100.000000
09/26 05:18:17 PM valid 050 2.076653e-01 95.312500 99.877451
09/26 05:18:18 PM valid 100 2.152325e-01 94.941213 99.891708
09/26 05:18:20 PM valid 150 2.117564e-01 95.022765 99.875828
09/26 05:18:20 PM valid_acc 95.020000, best_acc 95.510000
09/26 05:18:20 PM epoch 436 lr 4.233940e-03
09/26 05:18:20 PM train 000 1.086758e-01 96.875000 100.000000
09/26 05:18:24 PM train 050 7.061747e-02 97.763480 100.000000
09/26 05:18:28 PM train 100 6.820008e-02 97.988861 100.000000
09/26 05:18:33 PM train 150 6.946482e-02 97.909768 100.000000
09/26 05:18:37 PM train 200 7.226739e-02 97.807836 99.984453
09/26 05:18:41 PM train 250 7.439592e-02 97.671813 99.987550
09/26 05:18:45 PM train 300 7.353350e-02 97.705565 99.989618
09/26 05:18:50 PM train 350 7.358832e-02 97.702991 99.982194
09/26 05:18:54 PM train 400 7.210643e-02 97.740025 99.984414
09/26 05:18:58 PM train 450 7.170728e-02 97.744595 99.982677
09/26 05:19:02 PM train 500 7.246208e-02 97.732660 99.981287
09/26 05:19:06 PM train 550 7.312307e-02 97.717219 99.980150
09/26 05:19:11 PM train 600 7.455082e-02 97.657550 99.979201
09/26 05:19:15 PM train 650 7.509847e-02 97.647849 99.980799
09/26 05:19:19 PM train 700 7.656690e-02 97.601641 99.975481
09/26 05:19:23 PM train 750 7.691491e-02 97.588632 99.975033
09/26 05:19:26 PM train_acc 97.626000
09/26 05:19:26 PM valid 000 1.549687e-01 95.312500 100.000000
09/26 05:19:27 PM valid 050 2.070884e-01 94.761029 99.969363
09/26 05:19:29 PM valid 100 2.033894e-01 95.064975 99.938119
09/26 05:19:30 PM valid 150 1.941205e-01 95.271109 99.948262
09/26 05:19:30 PM valid_acc 95.310000, best_acc 95.510000
09/26 05:19:30 PM epoch 437 lr 4.184959e-03
09/26 05:19:30 PM train 000 2.554818e-02 100.000000 100.000000
09/26 05:19:34 PM train 050 6.642401e-02 97.886029 99.969363
09/26 05:19:39 PM train 100 7.245653e-02 97.756807 99.953589
09/26 05:19:43 PM train 150 7.195475e-02 97.868377 99.968957
09/26 05:19:47 PM train 200 7.236536e-02 97.800062 99.945585
09/26 05:19:51 PM train 250 7.124983e-02 97.796315 99.956424
09/26 05:19:56 PM train 300 7.408252e-02 97.726329 99.948090
09/26 05:20:00 PM train 350 7.423808e-02 97.689637 99.955484
09/26 05:20:04 PM train 400 7.349125e-02 97.697163 99.961035
09/26 05:20:08 PM train 450 7.556256e-02 97.616408 99.961890
09/26 05:20:13 PM train 500 7.564648e-02 97.611028 99.962575
09/26 05:20:17 PM train 550 7.579964e-02 97.603789 99.965971
09/26 05:20:21 PM train 600 7.591239e-02 97.615953 99.963602
09/26 05:20:25 PM train 650 7.655164e-02 97.602247 99.963998
09/26 05:20:30 PM train 700 7.721497e-02 97.583809 99.966566
09/26 05:20:34 PM train 750 7.665213e-02 97.605276 99.968792
09/26 05:20:36 PM train_acc 97.594000
09/26 05:20:37 PM valid 000 1.437470e-01 96.875000 100.000000
09/26 05:20:38 PM valid 050 2.082445e-01 94.914216 99.816176
09/26 05:20:39 PM valid 100 2.137944e-01 94.972153 99.829827
09/26 05:20:40 PM valid 150 1.971936e-01 95.209023 99.844785
09/26 05:20:40 PM valid_acc 95.210000, best_acc 95.510000
09/26 05:20:41 PM epoch 438 lr 4.136206e-03
09/26 05:20:41 PM train 000 1.033371e-01 98.437500 100.000000
09/26 05:20:45 PM train 050 7.574746e-02 97.671569 100.000000
09/26 05:20:49 PM train 100 7.259456e-02 97.710396 100.000000
09/26 05:20:53 PM train 150 7.424059e-02 97.651076 100.000000
09/26 05:20:58 PM train 200 7.662437e-02 97.597948 100.000000
09/26 05:21:02 PM train 250 7.651867e-02 97.590886 100.000000
09/26 05:21:06 PM train 300 7.568450e-02 97.638081 99.994809
09/26 05:21:10 PM train 350 7.501745e-02 97.640670 99.995548
09/26 05:21:15 PM train 400 7.566958e-02 97.595854 99.992207
09/26 05:21:19 PM train 450 7.695802e-02 97.547118 99.986142
09/26 05:21:23 PM train 500 7.766413e-02 97.520584 99.984406
09/26 05:21:27 PM train 550 7.807544e-02 97.510209 99.985821
09/26 05:21:32 PM train 600 7.751217e-02 97.530158 99.987001
09/26 05:21:36 PM train 650 7.783439e-02 97.489439 99.987999
09/26 05:21:40 PM train 700 7.768890e-02 97.505795 99.986626
09/26 05:21:44 PM train 750 7.750100e-02 97.511651 99.981275
09/26 05:21:47 PM train_acc 97.516000
09/26 05:21:47 PM valid 000 2.545186e-02 100.000000 100.000000
09/26 05:21:48 PM valid 050 1.966844e-01 95.281863 100.000000
09/26 05:21:49 PM valid 100 1.986716e-01 95.003094 99.984530
09/26 05:21:51 PM valid 150 1.907951e-01 95.177980 99.958609
09/26 05:21:51 PM valid_acc 95.200000, best_acc 95.510000
09/26 05:21:51 PM epoch 439 lr 4.087682e-03
09/26 05:21:51 PM train 000 7.383665e-02 96.875000 100.000000
09/26 05:21:55 PM train 050 7.599099e-02 97.518382 99.938725
09/26 05:22:00 PM train 100 7.173489e-02 97.648515 99.969059
09/26 05:22:04 PM train 150 7.469985e-02 97.557947 99.979305
09/26 05:22:08 PM train 200 7.321386e-02 97.675684 99.968905
09/26 05:22:12 PM train 250 7.316124e-02 97.653137 99.968875
09/26 05:22:16 PM train 300 7.223927e-02 97.689992 99.968854
09/26 05:22:21 PM train 350 7.227529e-02 97.676282 99.964387
09/26 05:22:25 PM train 400 7.316805e-02 97.681577 99.961035
09/26 05:22:29 PM train 450 7.362516e-02 97.668376 99.965355
09/26 05:22:33 PM train 500 7.314035e-02 97.673403 99.965694
09/26 05:22:37 PM train 550 7.249982e-02 97.711547 99.968807
09/26 05:22:42 PM train 600 7.231303e-02 97.730345 99.966202
09/26 05:22:46 PM train 650 7.198369e-02 97.719854 99.968798
09/26 05:22:50 PM train 700 7.281871e-02 97.713088 99.971024
09/26 05:22:54 PM train 750 7.367568e-02 97.673935 99.970872
09/26 05:22:57 PM train_acc 97.660000
09/26 05:22:57 PM valid 000 3.612888e-02 96.875000 100.000000
09/26 05:22:58 PM valid 050 2.019678e-01 94.791667 99.846814
09/26 05:22:59 PM valid 100 2.132936e-01 94.832921 99.891708
09/26 05:23:01 PM valid 150 2.076855e-01 94.919288 99.906871
09/26 05:23:01 PM valid_acc 94.920000, best_acc 95.510000
09/26 05:23:01 PM epoch 440 lr 4.039389e-03
09/26 05:23:01 PM train 000 1.692246e-01 95.312500 100.000000
09/26 05:23:05 PM train 050 7.298521e-02 97.395833 100.000000
09/26 05:23:09 PM train 100 7.379464e-02 97.540223 99.984530
09/26 05:23:14 PM train 150 7.048324e-02 97.713162 99.979305
09/26 05:23:18 PM train 200 7.138553e-02 97.660137 99.984453
09/26 05:23:22 PM train 250 7.202481e-02 97.646912 99.987550
09/26 05:23:26 PM train 300 7.750002e-02 97.529070 99.989618
09/26 05:23:30 PM train 350 7.570501e-02 97.551638 99.982194
09/26 05:23:35 PM train 400 7.593607e-02 97.556889 99.976621
09/26 05:23:39 PM train 450 7.493184e-02 97.592156 99.979213
09/26 05:23:43 PM train 500 7.602172e-02 97.564247 99.981287
09/26 05:23:47 PM train 550 7.533860e-02 97.609460 99.971642
09/26 05:23:51 PM train 600 7.545258e-02 97.605553 99.974002
09/26 05:23:56 PM train 650 7.499517e-02 97.623848 99.973598
09/26 05:24:00 PM train 700 7.498620e-02 97.599412 99.971024
09/26 05:24:04 PM train 750 7.528096e-02 97.603196 99.972953
09/26 05:24:07 PM train_acc 97.594000
09/26 05:24:07 PM valid 000 7.515102e-02 96.875000 100.000000
09/26 05:24:08 PM valid 050 1.859904e-01 95.465686 99.969363
09/26 05:24:09 PM valid 100 1.986901e-01 95.188738 99.922649
09/26 05:24:10 PM valid 150 1.898635e-01 95.374586 99.927566
09/26 05:24:11 PM valid_acc 95.350000, best_acc 95.510000
09/26 05:24:11 PM epoch 441 lr 3.991328e-03
09/26 05:24:11 PM train 000 9.169947e-02 96.875000 100.000000
09/26 05:24:15 PM train 050 5.546547e-02 98.161765 100.000000
09/26 05:24:19 PM train 100 6.164238e-02 97.957921 100.000000
09/26 05:24:24 PM train 150 6.333852e-02 97.971854 99.979305
09/26 05:24:28 PM train 200 6.478234e-02 97.939988 99.984453
09/26 05:24:32 PM train 250 6.628110e-02 97.877241 99.981325
09/26 05:24:36 PM train 300 6.716729e-02 97.835341 99.979236
09/26 05:24:40 PM train 350 6.671125e-02 97.872151 99.982194
09/26 05:24:45 PM train 400 6.821026e-02 97.856920 99.980517
09/26 05:24:49 PM train 450 6.768004e-02 97.876247 99.979213
09/26 05:24:53 PM train 500 6.867770e-02 97.841816 99.978169
09/26 05:24:57 PM train 550 6.955033e-02 97.799456 99.977314
09/26 05:25:01 PM train 600 6.969593e-02 97.764143 99.968802
09/26 05:25:06 PM train 650 6.993053e-02 97.758257 99.968798
09/26 05:25:10 PM train 700 7.122691e-02 97.735378 99.966566
09/26 05:25:14 PM train 750 7.140704e-02 97.738432 99.966711
09/26 05:25:17 PM train_acc 97.726000
09/26 05:25:17 PM valid 000 1.644227e-01 95.312500 100.000000
09/26 05:25:18 PM valid 050 1.880033e-01 95.343137 99.938725
09/26 05:25:19 PM valid 100 2.087096e-01 94.956683 99.953589
09/26 05:25:20 PM valid 150 1.991019e-01 95.157285 99.937914
09/26 05:25:21 PM valid_acc 95.130000, best_acc 95.510000
09/26 05:25:21 PM epoch 442 lr 3.943500e-03
09/26 05:25:21 PM train 000 1.902798e-02 100.000000 100.000000
09/26 05:25:25 PM train 050 7.385610e-02 97.824755 99.969363
09/26 05:25:29 PM train 100 6.965356e-02 97.818688 99.953589
09/26 05:25:33 PM train 150 7.231512e-02 97.847682 99.968957
09/26 05:25:38 PM train 200 7.344408e-02 97.745647 99.976679
09/26 05:25:42 PM train 250 7.306863e-02 97.790090 99.981325
09/26 05:25:46 PM train 300 7.254012e-02 97.767857 99.979236
09/26 05:25:50 PM train 350 7.015309e-02 97.854345 99.982194
09/26 05:25:55 PM train 400 7.030338e-02 97.849127 99.980517
09/26 05:25:59 PM train 450 6.992829e-02 97.851996 99.975748
09/26 05:26:03 PM train 500 7.037004e-02 97.838698 99.978169
09/26 05:26:07 PM train 550 7.109160e-02 97.799456 99.974478
09/26 05:26:11 PM train 600 7.168769e-02 97.766743 99.976601
09/26 05:26:16 PM train 650 7.229816e-02 97.739055 99.978399
09/26 05:26:20 PM train 700 7.247524e-02 97.733149 99.975481
09/26 05:26:24 PM train 750 7.353812e-02 97.690579 99.975033
09/26 05:26:27 PM train_acc 97.680000
09/26 05:26:27 PM valid 000 2.342661e-01 92.187500 100.000000
09/26 05:26:28 PM valid 050 1.905829e-01 95.006127 99.969363
09/26 05:26:29 PM valid 100 2.007828e-01 95.142327 99.922649
09/26 05:26:31 PM valid 150 1.902661e-01 95.240066 99.937914
09/26 05:26:31 PM valid_acc 95.240000, best_acc 95.510000
09/26 05:26:31 PM epoch 443 lr 3.895906e-03
09/26 05:26:31 PM train 000 7.581454e-02 96.875000 100.000000
09/26 05:26:35 PM train 050 7.241159e-02 97.824755 100.000000
09/26 05:26:39 PM train 100 7.186433e-02 97.694926 99.969059
09/26 05:26:44 PM train 150 7.424588e-02 97.754553 99.979305
09/26 05:26:48 PM train 200 7.283113e-02 97.768968 99.984453
09/26 05:26:52 PM train 250 7.257679e-02 97.765189 99.987550
09/26 05:26:56 PM train 300 7.195299e-02 97.783430 99.984427
09/26 05:27:00 PM train 350 7.085128e-02 97.814281 99.982194
09/26 05:27:05 PM train 400 7.266109e-02 97.767300 99.984414
09/26 05:27:09 PM train 450 7.190701e-02 97.813886 99.986142
09/26 05:27:13 PM train 500 7.341745e-02 97.788797 99.981287
09/26 05:27:17 PM train 550 7.404873e-02 97.759755 99.977314
09/26 05:27:21 PM train 600 7.418241e-02 97.745944 99.974002
09/26 05:27:26 PM train 650 7.481290e-02 97.715054 99.975998
09/26 05:27:30 PM train 700 7.482719e-02 97.701944 99.975481
09/26 05:27:34 PM train 750 7.498151e-02 97.688499 99.977114
09/26 05:27:37 PM train_acc 97.684000
09/26 05:27:37 PM valid 000 2.521280e-01 95.312500 100.000000
09/26 05:27:38 PM valid 050 2.078334e-01 95.067402 99.938725
09/26 05:27:39 PM valid 100 2.097527e-01 94.987624 99.907178
09/26 05:27:40 PM valid 150 2.032623e-01 95.064156 99.917219
09/26 05:27:41 PM valid_acc 95.070000, best_acc 95.510000
09/26 05:27:41 PM epoch 444 lr 3.848549e-03
09/26 05:27:41 PM train 000 4.557395e-02 98.437500 100.000000
09/26 05:27:45 PM train 050 7.553687e-02 97.395833 99.969363
09/26 05:27:49 PM train 100 6.816592e-02 97.663985 99.984530
09/26 05:27:53 PM train 150 6.798871e-02 97.764901 99.989652
09/26 05:27:58 PM train 200 6.822155e-02 97.737873 99.984453
09/26 05:28:02 PM train 250 6.742515e-02 97.796315 99.987550
09/26 05:28:06 PM train 300 6.581298e-02 97.876869 99.989618
09/26 05:28:10 PM train 350 6.610292e-02 97.872151 99.991097
09/26 05:28:15 PM train 400 6.778582e-02 97.845231 99.988310
09/26 05:28:19 PM train 450 6.836447e-02 97.851996 99.989606
09/26 05:28:23 PM train 500 6.754561e-02 97.860529 99.987525
09/26 05:28:27 PM train 550 6.676241e-02 97.878857 99.988657
09/26 05:28:31 PM train 600 6.791876e-02 97.823939 99.989601
09/26 05:28:36 PM train 650 6.878641e-02 97.823061 99.980799
09/26 05:28:40 PM train 700 6.875477e-02 97.831223 99.979939
09/26 05:28:44 PM train 750 6.876275e-02 97.846621 99.979194
09/26 05:28:47 PM train_acc 97.846000
09/26 05:28:47 PM valid 000 1.658447e-01 92.187500 100.000000
09/26 05:28:48 PM valid 050 1.872637e-01 95.588235 99.846814
09/26 05:28:49 PM valid 100 1.892902e-01 95.467203 99.891708
09/26 05:28:50 PM valid 150 1.815836e-01 95.529801 99.917219
09/26 05:28:50 PM valid_acc 95.490000, best_acc 95.510000
09/26 05:28:51 PM epoch 445 lr 3.801429e-03
09/26 05:28:51 PM train 000 7.712808e-02 95.312500 100.000000
09/26 05:28:55 PM train 050 7.110504e-02 97.702206 100.000000
09/26 05:28:59 PM train 100 6.703190e-02 97.880569 99.984530
09/26 05:29:04 PM train 150 6.529891e-02 97.982202 99.968957
09/26 05:29:08 PM train 200 6.671146e-02 97.955535 99.976679
09/26 05:29:12 PM train 250 6.718124e-02 97.914592 99.975100
09/26 05:29:16 PM train 300 6.726847e-02 97.876869 99.974045
09/26 05:29:21 PM train 350 6.758772e-02 97.840990 99.977742
09/26 05:29:25 PM train 400 6.802842e-02 97.829645 99.980517
09/26 05:29:29 PM train 450 6.769902e-02 97.848531 99.979213
09/26 05:29:33 PM train 500 6.815650e-02 97.854291 99.975050
09/26 05:29:38 PM train 550 6.815754e-02 97.856171 99.974478
09/26 05:29:42 PM train 600 6.895417e-02 97.831739 99.976601
09/26 05:29:46 PM train 650 6.937808e-02 97.808660 99.978399
09/26 05:29:50 PM train 700 7.049582e-02 97.791102 99.979939
09/26 05:29:55 PM train 750 7.042233e-02 97.790446 99.981275
09/26 05:29:57 PM train_acc 97.788000
09/26 05:29:57 PM valid 000 1.987199e-01 93.750000 100.000000
09/26 05:29:59 PM valid 050 1.849428e-01 95.435049 99.969363
09/26 05:30:00 PM valid 100 1.941307e-01 95.250619 99.969059
09/26 05:30:01 PM valid 150 1.932535e-01 95.271109 99.958609
09/26 05:30:01 PM valid_acc 95.260000, best_acc 95.510000
09/26 05:30:01 PM epoch 446 lr 3.754547e-03
09/26 05:30:02 PM train 000 6.298465e-02 96.875000 100.000000
09/26 05:30:06 PM train 050 7.972700e-02 97.518382 99.908088
09/26 05:30:10 PM train 100 7.432810e-02 97.756807 99.938119
09/26 05:30:14 PM train 150 7.096217e-02 97.899421 99.958609
09/26 05:30:19 PM train 200 7.072108e-02 97.846704 99.968905
09/26 05:30:23 PM train 250 7.107684e-02 97.827440 99.968875
09/26 05:30:27 PM train 300 7.168833e-02 97.783430 99.968854
09/26 05:30:31 PM train 350 7.182590e-02 97.774217 99.968839
09/26 05:30:36 PM train 400 7.311081e-02 97.704956 99.968828
09/26 05:30:40 PM train 450 7.285840e-02 97.720344 99.972284
09/26 05:30:44 PM train 500 7.225235e-02 97.742016 99.965694
09/26 05:30:48 PM train 550 7.206164e-02 97.725726 99.963135
09/26 05:30:53 PM train 600 7.269814e-02 97.704347 99.966202
09/26 05:30:57 PM train 650 7.247952e-02 97.717454 99.961598
09/26 05:31:01 PM train 700 7.211659e-02 97.710859 99.959879
09/26 05:31:05 PM train 750 7.189560e-02 97.713465 99.962550
09/26 05:31:08 PM train_acc 97.720000
09/26 05:31:08 PM valid 000 2.220709e-01 95.312500 100.000000
09/26 05:31:09 PM valid 050 2.198606e-01 94.822304 99.877451
09/26 05:31:11 PM valid 100 2.181630e-01 94.724629 99.907178
09/26 05:31:12 PM valid 150 2.087565e-01 94.857202 99.906871
09/26 05:31:12 PM valid_acc 94.880000, best_acc 95.510000
09/26 05:31:12 PM epoch 447 lr 3.707905e-03
09/26 05:31:12 PM train 000 3.264093e-02 98.437500 100.000000
09/26 05:31:17 PM train 050 6.274537e-02 97.824755 100.000000
09/26 05:31:21 PM train 100 6.509540e-02 97.911510 99.984530
09/26 05:31:25 PM train 150 6.247626e-02 97.951159 99.989652
09/26 05:31:30 PM train 200 6.591614e-02 97.924440 99.984453
09/26 05:31:34 PM train 250 6.631827e-02 97.889691 99.975100
09/26 05:31:38 PM train 300 6.659880e-02 97.840532 99.979236
09/26 05:31:42 PM train 350 6.655915e-02 97.827635 99.973291
09/26 05:31:47 PM train 400 6.712863e-02 97.782887 99.972724
09/26 05:31:51 PM train 450 6.810859e-02 97.765382 99.975748
09/26 05:31:55 PM train 500 6.905235e-02 97.745135 99.965694
09/26 05:31:59 PM train 550 6.882253e-02 97.754083 99.965971
09/26 05:32:04 PM train 600 6.890639e-02 97.766743 99.961002
09/26 05:32:08 PM train 650 6.969638e-02 97.779858 99.961598
09/26 05:32:12 PM train 700 6.980798e-02 97.768812 99.964337
09/26 05:32:16 PM train 750 7.065769e-02 97.736352 99.966711
09/26 05:32:19 PM train_acc 97.716000
09/26 05:32:19 PM valid 000 1.606079e-01 95.312500 100.000000
09/26 05:32:20 PM valid 050 1.955192e-01 95.496324 99.969363
09/26 05:32:22 PM valid 100 2.041349e-01 95.420792 99.969059
09/26 05:32:23 PM valid 150 1.917008e-01 95.581540 99.968957
09/26 05:32:23 PM valid_acc 95.580000, best_acc 95.580000
09/26 05:32:23 PM epoch 448 lr 3.661504e-03
09/26 05:32:23 PM train 000 4.383175e-02 98.437500 100.000000
09/26 05:32:28 PM train 050 6.304765e-02 98.161765 100.000000
09/26 05:32:32 PM train 100 6.273074e-02 98.189975 100.000000
09/26 05:32:36 PM train 150 6.272753e-02 98.251242 100.000000
09/26 05:32:40 PM train 200 6.477923e-02 98.157649 99.992226
09/26 05:32:45 PM train 250 6.602187e-02 98.095120 99.993775
09/26 05:32:49 PM train 300 6.495730e-02 98.068937 99.994809
09/26 05:32:53 PM train 350 6.517666e-02 98.081375 99.995548
09/26 05:32:57 PM train 400 6.485150e-02 98.086814 99.992207
09/26 05:33:02 PM train 450 6.573249e-02 98.025222 99.993071
09/26 05:33:06 PM train 500 6.710395e-02 97.985279 99.987525
09/26 05:33:10 PM train 550 6.783323e-02 97.963929 99.982985
09/26 05:33:14 PM train 600 6.935171e-02 97.899334 99.981801
09/26 05:33:19 PM train 650 6.919056e-02 97.875864 99.980799
09/26 05:33:23 PM train 700 6.875222e-02 97.898092 99.979939
09/26 05:33:27 PM train 750 6.821527e-02 97.923602 99.979194
09/26 05:33:30 PM train_acc 97.936000
09/26 05:33:30 PM valid 000 1.839659e-01 96.875000 100.000000
09/26 05:33:31 PM valid 050 1.895508e-01 95.404412 99.908088
09/26 05:33:32 PM valid 100 1.950694e-01 95.436262 99.938119
09/26 05:33:34 PM valid 150 1.886839e-01 95.498758 99.948262
09/26 05:33:34 PM valid_acc 95.520000, best_acc 95.580000
09/26 05:33:34 PM epoch 449 lr 3.615345e-03
09/26 05:33:34 PM train 000 1.000346e-01 96.875000 100.000000
09/26 05:33:38 PM train 050 5.721433e-02 98.100490 100.000000
09/26 05:33:43 PM train 100 5.598358e-02 98.375619 99.984530
09/26 05:33:47 PM train 150 6.161233e-02 98.116722 99.989652
09/26 05:33:51 PM train 200 6.354372e-02 97.971082 99.992226
09/26 05:33:55 PM train 250 6.170551e-02 98.026643 99.993775
09/26 05:33:59 PM train 300 6.303786e-02 97.991071 99.984427
09/26 05:34:04 PM train 350 6.292001e-02 98.010150 99.986645
09/26 05:34:08 PM train 400 6.346110e-02 97.993298 99.984414
09/26 05:34:12 PM train 450 6.325082e-02 97.994041 99.979213
09/26 05:34:16 PM train 500 6.369881e-02 98.003992 99.981287
09/26 05:34:21 PM train 550 6.396029e-02 98.012137 99.980150
09/26 05:34:25 PM train 600 6.441427e-02 97.995528 99.979201
09/26 05:34:29 PM train 650 6.522766e-02 97.971870 99.980799
09/26 05:34:33 PM train 700 6.487227e-02 97.969419 99.982168
09/26 05:34:38 PM train 750 6.442958e-02 97.977696 99.983356
09/26 05:34:40 PM train_acc 97.950000
09/26 05:34:40 PM valid 000 2.498690e-01 90.625000 100.000000
09/26 05:34:42 PM valid 050 1.936499e-01 95.281863 99.908088
09/26 05:34:43 PM valid 100 2.043135e-01 95.142327 99.907178
09/26 05:34:44 PM valid 150 1.991393e-01 95.271109 99.917219
09/26 05:34:44 PM valid_acc 95.240000, best_acc 95.580000
09/26 05:34:44 PM epoch 450 lr 3.569430e-03
09/26 05:34:44 PM train 000 1.526405e-01 95.312500 100.000000
09/26 05:34:49 PM train 050 6.466390e-02 98.008578 100.000000
09/26 05:34:53 PM train 100 6.559588e-02 98.004332 100.000000
09/26 05:34:57 PM train 150 6.550625e-02 97.961507 100.000000
09/26 05:35:01 PM train 200 6.256309e-02 98.017724 100.000000
09/26 05:35:06 PM train 250 6.378705e-02 98.001743 99.987550
09/26 05:35:10 PM train 300 6.478153e-02 98.001453 99.989618
09/26 05:35:14 PM train 350 6.554600e-02 97.974537 99.986645
09/26 05:35:18 PM train 400 6.786387e-02 97.888092 99.976621
09/26 05:35:23 PM train 450 6.936864e-02 97.841602 99.979213
09/26 05:35:27 PM train 500 6.964325e-02 97.844935 99.978169
09/26 05:35:31 PM train 550 6.983478e-02 97.830649 99.965971
09/26 05:35:35 PM train 600 6.930540e-02 97.842138 99.966202
09/26 05:35:40 PM train 650 6.861519e-02 97.849462 99.961598
09/26 05:35:44 PM train 700 6.922695e-02 97.833452 99.962108
09/26 05:35:48 PM train 750 6.980506e-02 97.809171 99.962550
09/26 05:35:51 PM train_acc 97.794000
09/26 05:35:51 PM valid 000 1.151671e-01 96.875000 100.000000
09/26 05:35:52 PM valid 050 1.913057e-01 95.680147 99.877451
09/26 05:35:53 PM valid 100 2.023279e-01 95.482673 99.860767
09/26 05:35:54 PM valid 150 1.901843e-01 95.622930 99.886175
09/26 05:35:55 PM valid_acc 95.600000, best_acc 95.600000
09/26 05:35:55 PM epoch 451 lr 3.523760e-03
09/26 05:35:55 PM train 000 2.627050e-02 100.000000 100.000000
09/26 05:35:59 PM train 050 6.247504e-02 97.947304 99.969363
09/26 05:36:03 PM train 100 6.142203e-02 98.035272 99.984530
09/26 05:36:08 PM train 150 6.377042e-02 97.982202 99.989652
09/26 05:36:12 PM train 200 6.094208e-02 98.095460 99.992226
09/26 05:36:16 PM train 250 6.134542e-02 98.107570 99.993775
09/26 05:36:20 PM train 300 6.449200e-02 98.006645 99.989618
09/26 05:36:24 PM train 350 6.520424e-02 97.978989 99.986645
09/26 05:36:29 PM train 400 6.539245e-02 97.946540 99.984414
09/26 05:36:33 PM train 450 6.584635e-02 97.921286 99.975748
09/26 05:36:37 PM train 500 6.574610e-02 97.913548 99.968812
09/26 05:36:41 PM train 550 6.642778e-02 97.864678 99.968807
09/26 05:36:46 PM train 600 6.595354e-02 97.899334 99.968802
09/26 05:36:50 PM train 650 6.645440e-02 97.902266 99.963998
09/26 05:36:54 PM train 700 6.722900e-02 97.875802 99.966566
09/26 05:36:58 PM train 750 6.781686e-02 97.848702 99.966711
09/26 05:37:01 PM train_acc 97.850000
09/26 05:37:01 PM valid 000 2.169156e-01 92.187500 100.000000
09/26 05:37:02 PM valid 050 1.979458e-01 94.975490 99.908088
09/26 05:37:04 PM valid 100 1.985621e-01 95.126856 99.938119
09/26 05:37:05 PM valid 150 1.911730e-01 95.177980 99.937914
09/26 05:37:05 PM valid_acc 95.190000, best_acc 95.600000
09/26 05:37:05 PM epoch 452 lr 3.478335e-03
09/26 05:37:05 PM train 000 2.338070e-02 98.437500 100.000000
09/26 05:37:09 PM train 050 6.471704e-02 98.223039 100.000000
09/26 05:37:14 PM train 100 6.834632e-02 97.988861 99.969059
09/26 05:37:18 PM train 150 6.247347e-02 98.220199 99.979305
09/26 05:37:22 PM train 200 6.308611e-02 98.126555 99.961132
09/26 05:37:26 PM train 250 6.333615e-02 98.101345 99.962649
09/26 05:37:31 PM train 300 6.273568e-02 98.110465 99.963663
09/26 05:37:35 PM train 350 6.120133e-02 98.165954 99.968839
09/26 05:37:39 PM train 400 6.284869e-02 98.141365 99.972724
09/26 05:37:43 PM train 450 6.410592e-02 98.073725 99.972284
09/26 05:37:47 PM train 500 6.497171e-02 98.053892 99.968812
09/26 05:37:52 PM train 550 6.548989e-02 98.034823 99.968807
09/26 05:37:56 PM train 600 6.583793e-02 98.026726 99.971402
09/26 05:38:00 PM train 650 6.560337e-02 98.029474 99.973598
09/26 05:38:04 PM train 700 6.541421e-02 98.020685 99.973252
09/26 05:38:09 PM train 750 6.607417e-02 98.000583 99.972953
09/26 05:38:11 PM train_acc 97.990000
09/26 05:38:11 PM valid 000 1.548337e-01 96.875000 100.000000
09/26 05:38:13 PM valid 050 2.040667e-01 94.975490 99.938725
09/26 05:38:14 PM valid 100 2.105740e-01 94.956683 99.891708
09/26 05:38:15 PM valid 150 1.993374e-01 95.209023 99.906871
09/26 05:38:15 PM valid_acc 95.200000, best_acc 95.600000
09/26 05:38:15 PM epoch 453 lr 3.433159e-03
09/26 05:38:15 PM train 000 2.190527e-01 95.312500 100.000000
09/26 05:38:20 PM train 050 7.166401e-02 97.732843 100.000000
09/26 05:38:24 PM train 100 6.662107e-02 98.004332 99.969059
09/26 05:38:28 PM train 150 6.548287e-02 98.023593 99.968957
09/26 05:38:32 PM train 200 6.307036e-02 98.056592 99.976679
09/26 05:38:37 PM train 250 6.234175e-02 98.113795 99.981325
09/26 05:38:41 PM train 300 6.373681e-02 98.042982 99.979236
09/26 05:38:45 PM train 350 6.411652e-02 98.027956 99.977742
09/26 05:38:49 PM train 400 6.588854e-02 97.989401 99.976621
09/26 05:38:54 PM train 450 6.623490e-02 97.959396 99.979213
09/26 05:38:58 PM train 500 6.654184e-02 97.929142 99.978169
09/26 05:39:02 PM train 550 6.675128e-02 97.929900 99.980150
09/26 05:39:06 PM train 600 6.592975e-02 97.951331 99.981801
09/26 05:39:11 PM train 650 6.556252e-02 97.935868 99.980799
09/26 05:39:15 PM train 700 6.547645e-02 97.933755 99.982168
09/26 05:39:19 PM train 750 6.584824e-02 97.931924 99.983356
09/26 05:39:22 PM train_acc 97.936000
09/26 05:39:22 PM valid 000 7.603371e-02 95.312500 100.000000
09/26 05:39:23 PM valid 050 1.969196e-01 95.373775 99.785539
09/26 05:39:24 PM valid 100 2.020563e-01 95.080446 99.845297
09/26 05:39:26 PM valid 150 1.965306e-01 95.229719 99.875828
09/26 05:39:26 PM valid_acc 95.230000, best_acc 95.600000
09/26 05:39:26 PM epoch 454 lr 3.388230e-03
09/26 05:39:26 PM train 000 5.641215e-02 98.437500 100.000000
09/26 05:39:30 PM train 050 4.866768e-02 98.560049 100.000000
09/26 05:39:34 PM train 100 5.337567e-02 98.189975 100.000000
09/26 05:39:39 PM train 150 6.253948e-02 97.982202 99.989652
09/26 05:39:43 PM train 200 6.228199e-02 98.017724 99.992226
09/26 05:39:47 PM train 250 6.384897e-02 98.014193 99.987550
09/26 05:39:51 PM train 300 6.506150e-02 97.970307 99.979236
09/26 05:39:56 PM train 350 6.412312e-02 98.027956 99.977742
09/26 05:40:00 PM train 400 6.389509e-02 98.040056 99.980517
09/26 05:40:04 PM train 450 6.353195e-02 98.049473 99.979213
09/26 05:40:08 PM train 500 6.315455e-02 98.063249 99.978169
09/26 05:40:13 PM train 550 6.368952e-02 98.040495 99.980150
09/26 05:40:17 PM train 600 6.453839e-02 98.013727 99.979201
09/26 05:40:21 PM train 650 6.476912e-02 98.010273 99.978399
09/26 05:40:25 PM train 700 6.496761e-02 98.005082 99.977710
09/26 05:40:30 PM train 750 6.593345e-02 97.954810 99.975033
09/26 05:40:32 PM train_acc 97.950000
09/26 05:40:32 PM valid 000 2.975762e-01 90.625000 100.000000
09/26 05:40:33 PM valid 050 2.017489e-01 95.557598 99.846814
09/26 05:40:35 PM valid 100 2.072134e-01 95.157797 99.891708
09/26 05:40:36 PM valid 150 1.964652e-01 95.333195 99.896523
09/26 05:40:36 PM valid_acc 95.310000, best_acc 95.600000
09/26 05:40:36 PM epoch 455 lr 3.343552e-03
09/26 05:40:36 PM train 000 3.640899e-02 98.437500 100.000000
09/26 05:40:41 PM train 050 5.730499e-02 98.284314 100.000000
09/26 05:40:45 PM train 100 6.257655e-02 98.050743 99.984530
09/26 05:40:49 PM train 150 6.313667e-02 97.982202 99.989652
09/26 05:40:53 PM train 200 6.062757e-02 98.103234 99.992226
09/26 05:40:58 PM train 250 6.081417e-02 98.057769 99.981325
09/26 05:41:02 PM train 300 6.221475e-02 98.027409 99.974045
09/26 05:41:06 PM train 350 6.442639e-02 97.965634 99.968839
09/26 05:41:10 PM train 400 6.553079e-02 97.907575 99.972724
09/26 05:41:15 PM train 450 6.583029e-02 97.910892 99.972284
09/26 05:41:19 PM train 500 6.534976e-02 97.926023 99.971931
09/26 05:41:23 PM train 550 6.640912e-02 97.924229 99.968807
09/26 05:41:27 PM train 600 6.632157e-02 97.946131 99.961002
09/26 05:41:31 PM train 650 6.619914e-02 97.940668 99.963998
09/26 05:41:36 PM train 700 6.766368e-02 97.911466 99.957650
09/26 05:41:40 PM train 750 6.734203e-02 97.931924 99.960469
09/26 05:41:42 PM train_acc 97.942000
09/26 05:41:43 PM valid 000 6.778932e-02 96.875000 100.000000
09/26 05:41:44 PM valid 050 1.855008e-01 95.741422 99.877451
09/26 05:41:45 PM valid 100 1.992121e-01 95.420792 99.876238
09/26 05:41:46 PM valid 150 1.910050e-01 95.550497 99.875828
09/26 05:41:47 PM valid_acc 95.540000, best_acc 95.600000
09/26 05:41:47 PM epoch 456 lr 3.299125e-03
09/26 05:41:47 PM train 000 9.314160e-02 98.437500 100.000000
09/26 05:41:51 PM train 050 5.947420e-02 98.131127 99.877451
09/26 05:41:55 PM train 100 6.053023e-02 98.035272 99.938119
09/26 05:41:59 PM train 150 6.068988e-02 98.075331 99.958609
09/26 05:42:04 PM train 200 6.029837e-02 98.041045 99.945585
09/26 05:42:08 PM train 250 6.064576e-02 98.032869 99.956424
09/26 05:42:12 PM train 300 5.954381e-02 98.063746 99.953281
09/26 05:42:16 PM train 350 5.891805e-02 98.099181 99.959936
09/26 05:42:21 PM train 400 6.038152e-02 98.051746 99.964931
09/26 05:42:25 PM train 450 6.081429e-02 98.063331 99.965355
09/26 05:42:29 PM train 500 6.026114e-02 98.060130 99.968812
09/26 05:42:33 PM train 550 5.974473e-02 98.091538 99.971642
09/26 05:42:38 PM train 600 6.054204e-02 98.076123 99.968802
09/26 05:42:42 PM train 650 6.108040e-02 98.051075 99.968798
09/26 05:42:46 PM train 700 6.228281e-02 98.002853 99.966566
09/26 05:42:50 PM train 750 6.274244e-02 97.983938 99.966711
09/26 05:42:53 PM train_acc 97.982000
09/26 05:42:53 PM valid 000 7.728431e-02 96.875000 100.000000
09/26 05:42:54 PM valid 050 1.931226e-01 95.343137 99.938725
09/26 05:42:56 PM valid 100 1.930619e-01 95.343441 99.922649
09/26 05:42:57 PM valid 150 1.909478e-01 95.312500 99.917219
09/26 05:42:57 PM valid_acc 95.330000, best_acc 95.600000
09/26 05:42:57 PM epoch 457 lr 3.254949e-03
09/26 05:42:57 PM train 000 1.084941e-01 96.875000 98.437500
09/26 05:43:01 PM train 050 6.416275e-02 98.161765 99.908088
09/26 05:43:06 PM train 100 6.123890e-02 98.236386 99.953589
09/26 05:43:10 PM train 150 6.317806e-02 98.147765 99.958609
09/26 05:43:14 PM train 200 6.063612e-02 98.204291 99.968905
09/26 05:43:18 PM train 250 5.720299e-02 98.275647 99.975100
09/26 05:43:23 PM train 300 5.777316e-02 98.235050 99.979236
09/26 05:43:27 PM train 350 5.680453e-02 98.259437 99.982194
09/26 05:43:31 PM train 400 5.796982e-02 98.203709 99.980517
09/26 05:43:35 PM train 450 5.973066e-02 98.167267 99.979213
09/26 05:43:40 PM train 500 5.995999e-02 98.150574 99.981287
09/26 05:43:44 PM train 550 6.054870e-02 98.125567 99.982985
09/26 05:43:48 PM train 600 5.981026e-02 98.143719 99.984401
09/26 05:43:52 PM train 650 6.030463e-02 98.151882 99.985599
09/26 05:43:57 PM train 700 6.045867e-02 98.147735 99.986626
09/26 05:44:01 PM train 750 6.033344e-02 98.162866 99.985436
09/26 05:44:04 PM train_acc 98.146000
09/26 05:44:04 PM valid 000 4.133718e-02 96.875000 100.000000
09/26 05:44:05 PM valid 050 2.132263e-01 95.189951 99.846814
09/26 05:44:06 PM valid 100 2.050900e-01 95.358911 99.891708
09/26 05:44:08 PM valid 150 2.000623e-01 95.478063 99.875828
09/26 05:44:08 PM valid_acc 95.450000, best_acc 95.600000
09/26 05:44:08 PM epoch 458 lr 3.211028e-03
09/26 05:44:08 PM train 000 1.070701e-01 95.312500 100.000000
09/26 05:44:12 PM train 050 6.104644e-02 98.100490 100.000000
09/26 05:44:17 PM train 100 5.965002e-02 98.128094 100.000000
09/26 05:44:21 PM train 150 5.658315e-02 98.189156 100.000000
09/26 05:44:25 PM train 200 5.713258e-02 98.157649 100.000000
09/26 05:44:29 PM train 250 5.767186e-02 98.176046 100.000000
09/26 05:44:34 PM train 300 5.898814e-02 98.157184 100.000000
09/26 05:44:38 PM train 350 5.933229e-02 98.165954 99.995548
09/26 05:44:42 PM train 400 5.902184e-02 98.168641 99.996103
09/26 05:44:47 PM train 450 5.840638e-02 98.205377 99.996535
09/26 05:44:51 PM train 500 5.815588e-02 98.206712 99.996881
09/26 05:44:55 PM train 550 5.865525e-02 98.162432 99.994328
09/26 05:44:59 PM train 600 5.872970e-02 98.167117 99.992200
09/26 05:45:04 PM train 650 5.941885e-02 98.130280 99.990399
09/26 05:45:08 PM train 700 6.012675e-02 98.114301 99.991084
09/26 05:45:12 PM train 750 6.061266e-02 98.117094 99.991678
09/26 05:45:15 PM train_acc 98.106000
09/26 05:45:15 PM valid 000 1.091463e-01 96.875000 100.000000
09/26 05:45:16 PM valid 050 1.970002e-01 95.404412 99.846814
09/26 05:45:18 PM valid 100 1.877899e-01 95.606436 99.891708
09/26 05:45:19 PM valid 150 1.784596e-01 95.788493 99.896523
09/26 05:45:19 PM valid_acc 95.770000, best_acc 95.770000
09/26 05:45:19 PM epoch 459 lr 3.167361e-03
09/26 05:45:19 PM train 000 3.572519e-02 100.000000 100.000000
09/26 05:45:24 PM train 050 6.565877e-02 98.100490 99.877451
09/26 05:45:28 PM train 100 6.061180e-02 98.097153 99.938119
09/26 05:45:32 PM train 150 6.556088e-02 98.023593 99.958609
09/26 05:45:37 PM train 200 6.408883e-02 98.041045 99.961132
09/26 05:45:41 PM train 250 6.017819e-02 98.176046 99.968875
09/26 05:45:45 PM train 300 6.082679e-02 98.110465 99.974045
09/26 05:45:49 PM train 350 6.164140e-02 98.099181 99.973291
09/26 05:45:54 PM train 400 6.091799e-02 98.090711 99.972724
09/26 05:45:58 PM train 450 6.035241e-02 98.091048 99.975748
09/26 05:46:02 PM train 500 5.989778e-02 98.122505 99.978169
09/26 05:46:07 PM train 550 5.987731e-02 98.097210 99.977314
09/26 05:46:11 PM train 600 5.975558e-02 98.104721 99.979201
09/26 05:46:15 PM train 650 5.952390e-02 98.120680 99.978399
09/26 05:46:19 PM train 700 5.866548e-02 98.149964 99.979939
09/26 05:46:24 PM train 750 5.916301e-02 98.133738 99.981275
09/26 05:46:26 PM train_acc 98.120000
09/26 05:46:26 PM valid 000 2.855950e-01 95.312500 100.000000
09/26 05:46:28 PM valid 050 2.077411e-01 95.251225 99.846814
09/26 05:46:29 PM valid 100 2.109433e-01 95.173267 99.876238
09/26 05:46:30 PM valid 150 2.054095e-01 95.260762 99.896523
09/26 05:46:30 PM valid_acc 95.230000, best_acc 95.770000
09/26 05:46:31 PM epoch 460 lr 3.123950e-03
09/26 05:46:31 PM train 000 8.639316e-02 96.875000 100.000000
09/26 05:46:35 PM train 050 5.750458e-02 98.131127 100.000000
09/26 05:46:39 PM train 100 5.742836e-02 98.205446 100.000000
09/26 05:46:43 PM train 150 5.782558e-02 98.230546 100.000000
09/26 05:46:48 PM train 200 5.560579e-02 98.274254 100.000000
09/26 05:46:52 PM train 250 5.540331e-02 98.275647 100.000000
09/26 05:46:56 PM train 300 5.602262e-02 98.297342 100.000000
09/26 05:47:01 PM train 350 5.672056e-02 98.246083 100.000000
09/26 05:47:05 PM train 400 5.589888e-02 98.269950 100.000000
09/26 05:47:09 PM train 450 5.668567e-02 98.240022 100.000000
09/26 05:47:13 PM train 500 5.665621e-02 98.262849 100.000000
09/26 05:47:18 PM train 550 5.733568e-02 98.267355 99.997164
09/26 05:47:22 PM train 600 5.763718e-02 98.260711 99.989601
09/26 05:47:26 PM train 650 5.702544e-02 98.281490 99.990399
09/26 05:47:31 PM train 700 5.749833e-02 98.265870 99.988855
09/26 05:47:35 PM train 750 5.834139e-02 98.260652 99.983356
09/26 05:47:37 PM train_acc 98.238000
09/26 05:47:37 PM valid 000 1.504131e-01 96.875000 100.000000
09/26 05:47:39 PM valid 050 1.882618e-01 95.802696 99.877451
09/26 05:47:40 PM valid 100 2.030159e-01 95.621906 99.907178
09/26 05:47:41 PM valid 150 1.945629e-01 95.643626 99.927566
09/26 05:47:41 PM valid_acc 95.610000, best_acc 95.770000
09/26 05:47:41 PM epoch 461 lr 3.080796e-03
09/26 05:47:42 PM train 000 8.233292e-02 96.875000 100.000000
09/26 05:47:46 PM train 050 6.647677e-02 97.855392 100.000000
09/26 05:47:50 PM train 100 6.425294e-02 98.035272 100.000000
09/26 05:47:54 PM train 150 6.212518e-02 98.168460 99.968957
09/26 05:47:59 PM train 200 6.084432e-02 98.126555 99.976679
09/26 05:48:03 PM train 250 6.153632e-02 98.095120 99.975100
09/26 05:48:07 PM train 300 5.999368e-02 98.172757 99.974045
09/26 05:48:11 PM train 350 5.905083e-02 98.170406 99.973291
09/26 05:48:16 PM train 400 5.841623e-02 98.188123 99.968828
09/26 05:48:20 PM train 450 5.981138e-02 98.125693 99.968819
09/26 05:48:24 PM train 500 6.079825e-02 98.066367 99.965694
09/26 05:48:28 PM train 550 5.995223e-02 98.094374 99.965971
09/26 05:48:33 PM train 600 5.980908e-02 98.107321 99.966202
09/26 05:48:37 PM train 650 5.982442e-02 98.101478 99.968798
09/26 05:48:41 PM train 700 5.921405e-02 98.134362 99.971024
09/26 05:48:45 PM train 750 5.881831e-02 98.148302 99.968792
09/26 05:48:48 PM train_acc 98.132000
09/26 05:48:48 PM valid 000 2.172112e-01 93.750000 100.000000
09/26 05:48:49 PM valid 050 2.103663e-01 95.159314 99.908088
09/26 05:48:50 PM valid 100 2.058311e-01 95.327970 99.907178
09/26 05:48:52 PM valid 150 1.992919e-01 95.395281 99.896523
09/26 05:48:52 PM valid_acc 95.360000, best_acc 95.770000
09/26 05:48:52 PM epoch 462 lr 3.037900e-03
09/26 05:48:52 PM train 000 7.112459e-02 96.875000 100.000000
09/26 05:48:56 PM train 050 4.221236e-02 98.621324 100.000000
09/26 05:49:01 PM train 100 4.530471e-02 98.561262 100.000000
09/26 05:49:05 PM train 150 5.284587e-02 98.354719 100.000000
09/26 05:49:09 PM train 200 4.990458e-02 98.515236 99.992226
09/26 05:49:13 PM train 250 5.187973e-02 98.474851 99.987550
09/26 05:49:18 PM train 300 5.299037e-02 98.375208 99.984427
09/26 05:49:22 PM train 350 5.480172e-02 98.299501 99.982194
09/26 05:49:26 PM train 400 5.499838e-02 98.273847 99.980517
09/26 05:49:30 PM train 450 5.456415e-02 98.291990 99.979213
09/26 05:49:34 PM train 500 5.491680e-02 98.287799 99.978169
09/26 05:49:39 PM train 550 5.541638e-02 98.284369 99.977314
09/26 05:49:43 PM train 600 5.685476e-02 98.258111 99.971402
09/26 05:49:47 PM train 650 5.696957e-02 98.264689 99.973598
09/26 05:49:51 PM train 700 5.768848e-02 98.232436 99.971024
09/26 05:49:56 PM train 750 5.874013e-02 98.208638 99.970872
09/26 05:49:58 PM train_acc 98.202000
09/26 05:49:58 PM valid 000 7.164938e-02 95.312500 100.000000
09/26 05:50:00 PM valid 050 1.837594e-01 95.404412 99.938725
09/26 05:50:01 PM valid 100 1.949575e-01 95.590965 99.953589
09/26 05:50:02 PM valid 150 1.845848e-01 95.736755 99.948262
09/26 05:50:02 PM valid_acc 95.700000, best_acc 95.770000
09/26 05:50:02 PM epoch 463 lr 2.995263e-03
09/26 05:50:02 PM train 000 1.982825e-01 98.437500 100.000000
09/26 05:50:07 PM train 050 6.603322e-02 98.039216 99.969363
09/26 05:50:11 PM train 100 5.766201e-02 98.205446 99.984530
09/26 05:50:15 PM train 150 5.783632e-02 98.147765 99.989652
09/26 05:50:19 PM train 200 5.891089e-02 98.165423 99.984453
09/26 05:50:24 PM train 250 5.687439e-02 98.232072 99.981325
09/26 05:50:28 PM train 300 5.600464e-02 98.245432 99.984427
09/26 05:50:32 PM train 350 5.650813e-02 98.232728 99.986645
09/26 05:50:36 PM train 400 5.690060e-02 98.234882 99.984414
09/26 05:50:41 PM train 450 5.664379e-02 98.226164 99.986142
09/26 05:50:45 PM train 500 5.655067e-02 98.219187 99.987525
09/26 05:50:49 PM train 550 5.658857e-02 98.221983 99.988657
09/26 05:50:53 PM train 600 5.663200e-02 98.224314 99.989601
09/26 05:50:58 PM train 650 5.634022e-02 98.221486 99.990399
09/26 05:51:02 PM train 700 5.660509e-02 98.225749 99.991084
09/26 05:51:06 PM train 750 5.619618e-02 98.231525 99.991678
09/26 05:51:09 PM train_acc 98.246000
09/26 05:51:09 PM valid 000 1.093863e-01 95.312500 100.000000
09/26 05:51:10 PM valid 050 2.011799e-01 95.404412 99.969363
09/26 05:51:11 PM valid 100 1.998569e-01 95.498144 99.969059
09/26 05:51:13 PM valid 150 1.870912e-01 95.850579 99.937914
09/26 05:51:13 PM valid_acc 95.820000, best_acc 95.820000
09/26 05:51:13 PM epoch 464 lr 2.952888e-03
09/26 05:51:13 PM train 000 5.248348e-02 98.437500 100.000000
09/26 05:51:17 PM train 050 4.538180e-02 98.651961 100.000000
09/26 05:51:22 PM train 100 4.952383e-02 98.483911 99.984530
09/26 05:51:26 PM train 150 5.012128e-02 98.437500 99.979305
09/26 05:51:30 PM train 200 5.156185e-02 98.375311 99.976679
09/26 05:51:34 PM train 250 5.466360e-02 98.225847 99.981325
09/26 05:51:39 PM train 300 5.615226e-02 98.162375 99.974045
09/26 05:51:43 PM train 350 5.545932e-02 98.174858 99.977742
09/26 05:51:47 PM train 400 5.578065e-02 98.156951 99.980517
09/26 05:51:51 PM train 450 5.476211e-02 98.181125 99.972284
09/26 05:51:56 PM train 500 5.382748e-02 98.231662 99.971931
09/26 05:52:00 PM train 550 5.392725e-02 98.244669 99.971642
09/26 05:52:04 PM train 600 5.330810e-02 98.268511 99.974002
09/26 05:52:08 PM train 650 5.354973e-02 98.276690 99.973598
09/26 05:52:13 PM train 700 5.329150e-02 98.281473 99.975481
09/26 05:52:17 PM train 750 5.466687e-02 98.241927 99.975033
09/26 05:52:19 PM train_acc 98.244000
09/26 05:52:20 PM valid 000 1.265030e-01 93.750000 100.000000
09/26 05:52:21 PM valid 050 2.110782e-01 95.465686 99.938725
09/26 05:52:22 PM valid 100 2.118220e-01 95.389851 99.907178
09/26 05:52:23 PM valid 150 2.000981e-01 95.622930 99.906871
09/26 05:52:23 PM valid_acc 95.670000, best_acc 95.820000
09/26 05:52:24 PM epoch 465 lr 2.910773e-03
09/26 05:52:24 PM train 000 8.180729e-02 98.437500 100.000000
09/26 05:52:28 PM train 050 5.628574e-02 98.468137 99.969363
09/26 05:52:32 PM train 100 5.353164e-02 98.483911 99.984530
09/26 05:52:36 PM train 150 5.241410e-02 98.447848 99.979305
09/26 05:52:41 PM train 200 5.313526e-02 98.429726 99.984453
09/26 05:52:45 PM train 250 5.450729e-02 98.393924 99.987550
09/26 05:52:49 PM train 300 5.682812e-02 98.323297 99.979236
09/26 05:52:53 PM train 350 5.671394e-02 98.281695 99.982194
09/26 05:52:58 PM train 400 5.624207e-02 98.308915 99.984414
09/26 05:53:02 PM train 450 5.594167e-02 98.309313 99.982677
09/26 05:53:06 PM train 500 5.563322e-02 98.309631 99.984406
09/26 05:53:10 PM train 550 5.573413e-02 98.307055 99.985821
09/26 05:53:15 PM train 600 5.614065e-02 98.304908 99.981801
09/26 05:53:19 PM train 650 5.630526e-02 98.276690 99.980799
09/26 05:53:23 PM train 700 5.695931e-02 98.248039 99.982168
09/26 05:53:27 PM train 750 5.666309e-02 98.248169 99.983356
09/26 05:53:30 PM train_acc 98.244000
09/26 05:53:30 PM valid 000 1.199792e-01 98.437500 100.000000
09/26 05:53:31 PM valid 050 1.957632e-01 95.526961 99.846814
09/26 05:53:33 PM valid 100 2.165705e-01 95.297030 99.845297
09/26 05:53:34 PM valid 150 2.073023e-01 95.364238 99.855132
09/26 05:53:34 PM valid_acc 95.420000, best_acc 95.820000
09/26 05:53:34 PM epoch 466 lr 2.868922e-03
09/26 05:53:34 PM train 000 1.961914e-02 100.000000 100.000000
09/26 05:53:38 PM train 050 5.166399e-02 98.376225 99.969363
09/26 05:53:43 PM train 100 5.612635e-02 98.282797 99.984530
09/26 05:53:47 PM train 150 5.342953e-02 98.282285 99.989652
09/26 05:53:51 PM train 200 5.372210e-02 98.274254 99.992226
09/26 05:53:55 PM train 250 5.245799e-02 98.331673 99.981325
09/26 05:54:00 PM train 300 5.310564e-02 98.297342 99.984427
09/26 05:54:04 PM train 350 5.254226e-02 98.317308 99.986645
09/26 05:54:08 PM train 400 5.295217e-02 98.316708 99.988310
09/26 05:54:12 PM train 450 5.258837e-02 98.326635 99.986142
09/26 05:54:17 PM train 500 5.303139e-02 98.294037 99.987525
09/26 05:54:21 PM train 550 5.349881e-02 98.298548 99.985821
09/26 05:54:25 PM train 600 5.425876e-02 98.273710 99.984401
09/26 05:54:29 PM train 650 5.395179e-02 98.288690 99.983199
09/26 05:54:33 PM train 700 5.405168e-02 98.285931 99.984397
09/26 05:54:38 PM train 750 5.525751e-02 98.264814 99.979194
09/26 05:54:40 PM train_acc 98.236000
09/26 05:54:40 PM valid 000 1.434776e-01 93.750000 100.000000
09/26 05:54:42 PM valid 050 1.857546e-01 95.802696 99.908088
09/26 05:54:43 PM valid 100 2.024732e-01 95.621906 99.845297
09/26 05:54:44 PM valid 150 1.932605e-01 95.798841 99.875828
09/26 05:54:44 PM valid_acc 95.770000, best_acc 95.820000
09/26 05:54:44 PM epoch 467 lr 2.827335e-03
09/26 05:54:45 PM train 000 9.818862e-02 96.875000 100.000000
09/26 05:54:49 PM train 050 5.937376e-02 98.314951 100.000000
09/26 05:54:53 PM train 100 5.246356e-02 98.468441 99.984530
09/26 05:54:57 PM train 150 5.297319e-02 98.458195 99.989652
09/26 05:55:02 PM train 200 4.955194e-02 98.554104 99.992226
09/26 05:55:06 PM train 250 5.138517e-02 98.437500 99.993775
09/26 05:55:10 PM train 300 5.029527e-02 98.468646 99.994809
09/26 05:55:15 PM train 350 5.019259e-02 98.446403 99.995548
09/26 05:55:19 PM train 400 5.190798e-02 98.421914 99.996103
09/26 05:55:23 PM train 450 5.205741e-02 98.385532 99.993071
09/26 05:55:27 PM train 500 5.243903e-02 98.384481 99.993762
09/26 05:55:32 PM train 550 5.265299e-02 98.377949 99.991493
09/26 05:55:36 PM train 600 5.340336e-02 98.346506 99.992200
09/26 05:55:40 PM train 650 5.353328e-02 98.329493 99.992800
09/26 05:55:45 PM train 700 5.436163e-02 98.321594 99.993313
09/26 05:55:49 PM train 750 5.463452e-02 98.300183 99.993758
09/26 05:55:51 PM train_acc 98.292000
09/26 05:55:52 PM valid 000 5.202115e-02 96.875000 100.000000
09/26 05:55:53 PM valid 050 2.034727e-01 95.588235 99.969363
09/26 05:55:54 PM valid 100 1.991160e-01 95.560025 99.891708
09/26 05:55:55 PM valid 150 1.931200e-01 95.633278 99.896523
09/26 05:55:55 PM valid_acc 95.590000, best_acc 95.820000
09/26 05:55:56 PM epoch 468 lr 2.786013e-03
09/26 05:55:56 PM train 000 4.669175e-02 98.437500 100.000000
09/26 05:56:00 PM train 050 4.627091e-02 98.774510 100.000000
09/26 05:56:04 PM train 100 5.181027e-02 98.623144 99.969059
09/26 05:56:09 PM train 150 5.354264e-02 98.520281 99.958609
09/26 05:56:13 PM train 200 5.381165e-02 98.484142 99.953358
09/26 05:56:17 PM train 250 5.495597e-02 98.449950 99.962649
09/26 05:56:21 PM train 300 5.474383e-02 98.453073 99.948090
09/26 05:56:26 PM train 350 5.588618e-02 98.384081 99.955484
09/26 05:56:30 PM train 400 5.573143e-02 98.375156 99.961035
09/26 05:56:34 PM train 450 5.612789e-02 98.333564 99.961890
09/26 05:56:39 PM train 500 5.660391e-02 98.318987 99.959456
09/26 05:56:43 PM train 550 5.726732e-02 98.292877 99.957464
09/26 05:56:47 PM train 600 5.682756e-02 98.328307 99.958403
09/26 05:56:51 PM train 650 5.677303e-02 98.322293 99.959197
09/26 05:56:56 PM train 700 5.727696e-02 98.290389 99.962108
09/26 05:57:00 PM train 750 5.724856e-02 98.281458 99.962550
09/26 05:57:03 PM train_acc 98.288000
09/26 05:57:03 PM valid 000 1.812289e-01 95.312500 100.000000
09/26 05:57:04 PM valid 050 1.872681e-01 95.496324 99.846814
09/26 05:57:05 PM valid 100 2.009629e-01 95.529084 99.845297
09/26 05:57:06 PM valid 150 1.887215e-01 95.716060 99.886175
09/26 05:57:06 PM valid_acc 95.760000, best_acc 95.820000
09/26 05:57:07 PM epoch 469 lr 2.744958e-03
09/26 05:57:07 PM train 000 1.872072e-02 100.000000 100.000000
09/26 05:57:11 PM train 050 4.911742e-02 98.529412 99.969363
09/26 05:57:15 PM train 100 5.169454e-02 98.422030 99.984530
09/26 05:57:19 PM train 150 5.423566e-02 98.354719 99.979305
09/26 05:57:24 PM train 200 5.513642e-02 98.351990 99.961132
09/26 05:57:28 PM train 250 5.408784e-02 98.375249 99.956424
09/26 05:57:32 PM train 300 5.469374e-02 98.349252 99.953281
09/26 05:57:36 PM train 350 5.423283e-02 98.348469 99.959936
09/26 05:57:41 PM train 400 5.356903e-02 98.379052 99.961035
09/26 05:57:45 PM train 450 5.372365e-02 98.378603 99.965355
09/26 05:57:49 PM train 500 5.445155e-02 98.343937 99.968812
09/26 05:57:53 PM train 550 5.509008e-02 98.321234 99.965971
09/26 05:57:58 PM train 600 5.483059e-02 98.320507 99.968802
09/26 05:58:02 PM train 650 5.492019e-02 98.319892 99.971198
09/26 05:58:06 PM train 700 5.426239e-02 98.339426 99.973252
09/26 05:58:10 PM train 750 5.420195e-02 98.325150 99.975033
09/26 05:58:13 PM train_acc 98.312000
09/26 05:58:13 PM valid 000 4.558440e-02 98.437500 100.000000
09/26 05:58:14 PM valid 050 2.032074e-01 95.496324 99.938725
09/26 05:58:16 PM valid 100 2.123321e-01 95.405322 99.891708
09/26 05:58:17 PM valid 150 1.973040e-01 95.550497 99.917219
09/26 05:58:17 PM valid_acc 95.580000, best_acc 95.820000
09/26 05:58:17 PM epoch 470 lr 2.704169e-03
09/26 05:58:18 PM train 000 2.776391e-02 100.000000 100.000000
09/26 05:58:22 PM train 050 5.159047e-02 98.621324 99.938725
09/26 05:58:26 PM train 100 5.369166e-02 98.452970 99.938119
09/26 05:58:30 PM train 150 5.352303e-02 98.427152 99.948262
09/26 05:58:34 PM train 200 5.479082e-02 98.351990 99.953358
09/26 05:58:39 PM train 250 5.297875e-02 98.425050 99.956424
09/26 05:58:43 PM train 300 5.365909e-02 98.385590 99.953281
09/26 05:58:47 PM train 350 5.420458e-02 98.419694 99.951033
09/26 05:58:51 PM train 400 5.224716e-02 98.464776 99.957138
09/26 05:58:56 PM train 450 5.139547e-02 98.496397 99.961890
09/26 05:59:00 PM train 500 5.158958e-02 98.474925 99.962575
09/26 05:59:04 PM train 550 5.173777e-02 98.460186 99.965971
09/26 05:59:08 PM train 600 5.321140e-02 98.440100 99.961002
09/26 05:59:13 PM train 650 5.271657e-02 98.435100 99.963998
09/26 05:59:17 PM train 700 5.232702e-02 98.437500 99.966566
09/26 05:59:21 PM train 750 5.291176e-02 98.414614 99.968792
09/26 05:59:24 PM train_acc 98.404000
09/26 05:59:24 PM valid 000 6.136890e-02 96.875000 100.000000
09/26 05:59:25 PM valid 050 2.148539e-01 95.526961 99.846814
09/26 05:59:26 PM valid 100 2.180346e-01 95.374381 99.860767
09/26 05:59:28 PM valid 150 2.045594e-01 95.478063 99.875828
09/26 05:59:28 PM valid_acc 95.470000, best_acc 95.820000
09/26 05:59:28 PM epoch 471 lr 2.663650e-03
09/26 05:59:28 PM train 000 5.454223e-02 98.437500 100.000000
09/26 05:59:32 PM train 050 5.413317e-02 98.468137 99.969363
09/26 05:59:36 PM train 100 5.700602e-02 98.298267 99.969059
09/26 05:59:41 PM train 150 5.307955e-02 98.375414 99.979305
09/26 05:59:45 PM train 200 5.248612e-02 98.359764 99.976679
09/26 05:59:49 PM train 250 5.331157e-02 98.331673 99.975100
09/26 05:59:53 PM train 300 5.407511e-02 98.333679 99.974045
09/26 05:59:58 PM train 350 5.431612e-02 98.326211 99.977742
09/26 06:00:02 PM train 400 5.495804e-02 98.305019 99.976621
09/26 06:00:06 PM train 450 5.492983e-02 98.319706 99.979213
09/26 06:00:10 PM train 500 5.482695e-02 98.318987 99.981287
09/26 06:00:15 PM train 550 5.417010e-02 98.343920 99.974478
09/26 06:00:19 PM train 600 5.448624e-02 98.323107 99.971402
09/26 06:00:23 PM train 650 5.388762e-02 98.343894 99.968798
09/26 06:00:27 PM train 700 5.380832e-02 98.343884 99.971024
09/26 06:00:31 PM train 750 5.371394e-02 98.339714 99.972953
09/26 06:00:34 PM train_acc 98.334000
09/26 06:00:34 PM valid 000 1.218904e-01 95.312500 100.000000
09/26 06:00:35 PM valid 050 1.807537e-01 95.772059 99.846814
09/26 06:00:37 PM valid 100 1.960956e-01 95.745668 99.845297
09/26 06:00:38 PM valid 150 1.864996e-01 95.757450 99.865480
09/26 06:00:38 PM valid_acc 95.680000, best_acc 95.820000
09/26 06:00:38 PM epoch 472 lr 2.623400e-03
09/26 06:00:38 PM train 000 9.833563e-03 100.000000 100.000000
09/26 06:00:43 PM train 050 4.427200e-02 98.743873 100.000000
09/26 06:00:47 PM train 100 5.200124e-02 98.344678 100.000000
09/26 06:00:51 PM train 150 5.039490e-02 98.396109 99.979305
09/26 06:00:55 PM train 200 5.132656e-02 98.390858 99.984453
09/26 06:00:59 PM train 250 5.226627e-02 98.337898 99.975100
09/26 06:01:04 PM train 300 5.175036e-02 98.395972 99.979236
09/26 06:01:08 PM train 350 5.293710e-02 98.375178 99.977742
09/26 06:01:12 PM train 400 5.303529e-02 98.390742 99.980517
09/26 06:01:16 PM train 450 5.375404e-02 98.340493 99.982677
09/26 06:01:21 PM train 500 5.350181e-02 98.350175 99.984406
09/26 06:01:25 PM train 550 5.271075e-02 98.377949 99.985821
09/26 06:01:29 PM train 600 5.181621e-02 98.395903 99.987001
09/26 06:01:33 PM train 650 5.188526e-02 98.401498 99.985599
09/26 06:01:38 PM train 700 5.144883e-02 98.430813 99.984397
09/26 06:01:42 PM train 750 5.076118e-02 98.449983 99.981275
09/26 06:01:44 PM train_acc 98.450000
09/26 06:01:44 PM valid 000 1.392341e-01 92.187500 100.000000
09/26 06:01:46 PM valid 050 2.134578e-01 95.251225 99.938725
09/26 06:01:47 PM valid 100 2.190540e-01 95.297030 99.922649
09/26 06:01:48 PM valid 150 2.062564e-01 95.498758 99.948262
09/26 06:01:48 PM valid_acc 95.520000, best_acc 95.820000
09/26 06:01:48 PM epoch 473 lr 2.583421e-03
09/26 06:01:49 PM train 000 1.826226e-02 98.437500 100.000000
09/26 06:01:53 PM train 050 5.112406e-02 98.590686 99.969363
09/26 06:01:57 PM train 100 4.850926e-02 98.545792 99.984530
09/26 06:02:01 PM train 150 5.134786e-02 98.416805 99.958609
09/26 06:02:06 PM train 200 4.956314e-02 98.476368 99.968905
09/26 06:02:10 PM train 250 4.860215e-02 98.505976 99.975100
09/26 06:02:14 PM train 300 5.032175e-02 98.504983 99.968854
09/26 06:02:18 PM train 350 5.025374e-02 98.499822 99.968839
09/26 06:02:22 PM train 400 5.046296e-02 98.464776 99.972724
09/26 06:02:27 PM train 450 5.131246e-02 98.458287 99.972284
09/26 06:02:31 PM train 500 5.080654e-02 98.481163 99.971931
09/26 06:02:35 PM train 550 5.154949e-02 98.477201 99.971642
09/26 06:02:39 PM train 600 5.158291e-02 98.455699 99.971402
09/26 06:02:44 PM train 650 5.225520e-02 98.423099 99.968798
09/26 06:02:48 PM train 700 5.173287e-02 98.439729 99.971024
09/26 06:02:52 PM train 750 5.201418e-02 98.420856 99.972953
09/26 06:02:55 PM train_acc 98.426000
09/26 06:02:55 PM valid 000 1.384018e-01 95.312500 100.000000
09/26 06:02:56 PM valid 050 1.930657e-01 95.618873 99.877451
09/26 06:02:57 PM valid 100 2.035063e-01 95.436262 99.876238
09/26 06:02:58 PM valid 150 1.930120e-01 95.581540 99.896523
09/26 06:02:59 PM valid_acc 95.570000, best_acc 95.820000
09/26 06:02:59 PM epoch 474 lr 2.543713e-03
09/26 06:02:59 PM train 000 3.070714e-02 100.000000 100.000000
09/26 06:03:03 PM train 050 4.151293e-02 99.050245 99.969363
09/26 06:03:07 PM train 100 4.174313e-02 98.901609 99.984530
09/26 06:03:12 PM train 150 4.300787e-02 98.830712 99.979305
09/26 06:03:16 PM train 200 4.475808e-02 98.802861 99.984453
09/26 06:03:20 PM train 250 4.573803e-02 98.730080 99.981325
09/26 06:03:24 PM train 300 4.525690e-02 98.728198 99.984427
09/26 06:03:29 PM train 350 4.681685e-02 98.682336 99.982194
09/26 06:03:33 PM train 400 4.691146e-02 98.655704 99.976621
09/26 06:03:37 PM train 450 4.743994e-02 98.624584 99.979213
09/26 06:03:41 PM train 500 4.773336e-02 98.596557 99.975050
09/26 06:03:46 PM train 550 4.830682e-02 98.576452 99.977314
09/26 06:03:50 PM train 600 4.755009e-02 98.609089 99.976601
09/26 06:03:54 PM train 650 4.878087e-02 98.583909 99.971198
09/26 06:03:59 PM train 700 5.003252e-02 98.555635 99.973252
09/26 06:04:03 PM train 750 4.975162e-02 98.541528 99.975033
09/26 06:04:05 PM train_acc 98.530000
09/26 06:04:05 PM valid 000 1.701025e-01 93.750000 100.000000
09/26 06:04:07 PM valid 050 1.881411e-01 95.618873 99.938725
09/26 06:04:08 PM valid 100 1.987203e-01 95.529084 99.922649
09/26 06:04:09 PM valid 150 1.900053e-01 95.695364 99.917219
09/26 06:04:09 PM valid_acc 95.690000, best_acc 95.820000
09/26 06:04:09 PM epoch 475 lr 2.504279e-03
09/26 06:04:10 PM train 000 3.002781e-02 98.437500 100.000000
09/26 06:04:14 PM train 050 4.166348e-02 98.835784 100.000000
09/26 06:04:18 PM train 100 3.669431e-02 98.917079 100.000000
09/26 06:04:22 PM train 150 3.598236e-02 98.923841 100.000000
09/26 06:04:27 PM train 200 3.850262e-02 98.896144 99.992226
09/26 06:04:31 PM train 250 4.126054e-02 98.792331 99.987550
09/26 06:04:35 PM train 300 4.497925e-02 98.702243 99.979236
09/26 06:04:39 PM train 350 4.565680e-02 98.660078 99.982194
09/26 06:04:44 PM train 400 4.516656e-02 98.659601 99.980517
09/26 06:04:48 PM train 450 4.395899e-02 98.711197 99.982677
09/26 06:04:52 PM train 500 4.514945e-02 98.677645 99.984406
09/26 06:04:56 PM train 550 4.475038e-02 98.698389 99.982985
09/26 06:05:01 PM train 600 4.474019e-02 98.689684 99.984401
09/26 06:05:05 PM train 650 4.513948e-02 98.677515 99.980799
09/26 06:05:09 PM train 700 4.545911e-02 98.673770 99.982168
09/26 06:05:13 PM train 750 4.590340e-02 98.662200 99.983356
09/26 06:05:16 PM train_acc 98.674000
09/26 06:05:16 PM valid 000 1.047393e-01 96.875000 100.000000
09/26 06:05:17 PM valid 050 1.844323e-01 95.588235 99.938725
09/26 06:05:19 PM valid 100 1.990834e-01 95.560025 99.907178
09/26 06:05:20 PM valid 150 1.869614e-01 95.788493 99.906871
09/26 06:05:20 PM valid_acc 95.770000, best_acc 95.820000
09/26 06:05:20 PM epoch 476 lr 2.465119e-03
09/26 06:05:20 PM train 000 3.781221e-02 100.000000 100.000000
09/26 06:05:25 PM train 050 5.052930e-02 98.406863 99.969363
09/26 06:05:29 PM train 100 4.755279e-02 98.530322 99.984530
09/26 06:05:33 PM train 150 4.676734e-02 98.582368 99.979305
09/26 06:05:37 PM train 200 4.632077e-02 98.592973 99.984453
09/26 06:05:41 PM train 250 4.658520e-02 98.574452 99.987550
09/26 06:05:46 PM train 300 4.659783e-02 98.562085 99.989618
09/26 06:05:50 PM train 350 4.626227e-02 98.588853 99.982194
09/26 06:05:54 PM train 400 4.557736e-02 98.624532 99.984414
09/26 06:05:58 PM train 450 4.541380e-02 98.631513 99.982677
09/26 06:06:03 PM train 500 4.513276e-02 98.646457 99.984406
09/26 06:06:07 PM train 550 4.521842e-02 98.633167 99.985821
09/26 06:06:11 PM train 600 4.523696e-02 98.632488 99.987001
09/26 06:06:15 PM train 650 4.594750e-02 98.646313 99.980799
09/26 06:06:20 PM train 700 4.566923e-02 98.660396 99.982168
09/26 06:06:24 PM train 750 4.569252e-02 98.655959 99.983356
09/26 06:06:27 PM train_acc 98.654000
09/26 06:06:27 PM valid 000 8.220865e-02 96.875000 100.000000
09/26 06:06:28 PM valid 050 2.057153e-01 95.710784 99.908088
09/26 06:06:29 PM valid 100 2.025702e-01 95.652847 99.907178
09/26 06:06:30 PM valid 150 1.895547e-01 95.850579 99.927566
09/26 06:06:30 PM valid_acc 95.820000, best_acc 95.820000
09/26 06:06:31 PM epoch 477 lr 2.426234e-03
09/26 06:06:31 PM train 000 1.256337e-02 100.000000 100.000000
09/26 06:06:35 PM train 050 5.249039e-02 98.406863 99.969363
09/26 06:06:39 PM train 100 5.115077e-02 98.375619 99.969059
09/26 06:06:43 PM train 150 4.925549e-02 98.499586 99.968957
09/26 06:06:48 PM train 200 4.856741e-02 98.569652 99.976679
09/26 06:06:52 PM train 250 4.682357e-02 98.611803 99.968875
09/26 06:06:56 PM train 300 4.623050e-02 98.613995 99.968854
09/26 06:07:00 PM train 350 4.512909e-02 98.642272 99.968839
09/26 06:07:05 PM train 400 4.448258e-02 98.679084 99.972724
09/26 06:07:09 PM train 450 4.484829e-02 98.676552 99.972284
09/26 06:07:13 PM train 500 4.501086e-02 98.665170 99.975050
09/26 06:07:17 PM train 550 4.461377e-02 98.675703 99.968807
09/26 06:07:21 PM train 600 4.466320e-02 98.671485 99.968802
09/26 06:07:26 PM train 650 4.429690e-02 98.679916 99.971198
09/26 06:07:30 PM train 700 4.444113e-02 98.687143 99.973252
09/26 06:07:34 PM train 750 4.459866e-02 98.672603 99.975033
09/26 06:07:37 PM train_acc 98.666000
09/26 06:07:37 PM valid 000 1.112118e-01 96.875000 100.000000
09/26 06:07:38 PM valid 050 1.906036e-01 95.802696 99.846814
09/26 06:07:39 PM valid 100 1.996750e-01 95.606436 99.845297
09/26 06:07:40 PM valid 150 1.909923e-01 95.788493 99.875828
09/26 06:07:41 PM valid_acc 95.810000, best_acc 95.820000
09/26 06:07:41 PM epoch 478 lr 2.387625e-03
09/26 06:07:41 PM train 000 1.027821e-02 100.000000 100.000000
09/26 06:07:45 PM train 050 4.172355e-02 98.835784 100.000000
09/26 06:07:49 PM train 100 4.429635e-02 98.762376 99.969059
09/26 06:07:54 PM train 150 4.400059e-02 98.727235 99.968957
09/26 06:07:58 PM train 200 4.442718e-02 98.670709 99.976679
09/26 06:08:02 PM train 250 4.337402e-02 98.730080 99.981325
09/26 06:08:06 PM train 300 4.513080e-02 98.717816 99.979236
09/26 06:08:10 PM train 350 4.513662e-02 98.682336 99.982194
09/26 06:08:15 PM train 400 4.509946e-02 98.690773 99.980517
09/26 06:08:19 PM train 450 4.495494e-02 98.704268 99.982677
09/26 06:08:23 PM train 500 4.511979e-02 98.680763 99.984406
09/26 06:08:27 PM train 550 4.541829e-02 98.681375 99.982985
09/26 06:08:31 PM train 600 4.561153e-02 98.676685 99.979201
09/26 06:08:36 PM train 650 4.633787e-02 98.646313 99.980799
09/26 06:08:40 PM train 700 4.644468e-02 98.651480 99.979939
09/26 06:08:44 PM train 750 4.668760e-02 98.643475 99.981275
09/26 06:08:47 PM train_acc 98.644000
09/26 06:08:47 PM valid 000 1.764153e-01 93.750000 100.000000
09/26 06:08:48 PM valid 050 1.793953e-01 96.047794 99.877451
09/26 06:08:49 PM valid 100 1.913673e-01 95.853960 99.891708
09/26 06:08:50 PM valid 150 1.837330e-01 95.902318 99.906871
09/26 06:08:51 PM valid_acc 95.890000, best_acc 95.890000
09/26 06:08:51 PM epoch 479 lr 2.349293e-03
09/26 06:08:51 PM train 000 4.210782e-02 98.437500 100.000000
09/26 06:08:55 PM train 050 5.413204e-02 98.345588 100.000000
09/26 06:08:59 PM train 100 4.984254e-02 98.468441 99.969059
09/26 06:09:03 PM train 150 4.954486e-02 98.551325 99.979305
09/26 06:09:08 PM train 200 4.887519e-02 98.554104 99.976679
09/26 06:09:12 PM train 250 5.025432e-02 98.462400 99.981325
09/26 06:09:16 PM train 300 4.781931e-02 98.551703 99.984427
09/26 06:09:20 PM train 350 4.917136e-02 98.499822 99.973291
09/26 06:09:25 PM train 400 4.896415e-02 98.507637 99.964931
09/26 06:09:29 PM train 450 4.817084e-02 98.558758 99.965355
09/26 06:09:33 PM train 500 4.894614e-02 98.546657 99.962575
09/26 06:09:37 PM train 550 4.915537e-02 98.548094 99.965971
09/26 06:09:41 PM train 600 4.841173e-02 98.554493 99.968802
09/26 06:09:46 PM train 650 4.761583e-02 98.583909 99.968798
09/26 06:09:50 PM train 700 4.798355e-02 98.566780 99.968795
09/26 06:09:54 PM train 750 4.787835e-02 98.566495 99.968792
09/26 06:09:57 PM train_acc 98.572000
09/26 06:09:57 PM valid 000 2.372494e-01 93.750000 100.000000
09/26 06:09:58 PM valid 050 1.946447e-01 95.802696 99.816176
09/26 06:09:59 PM valid 100 2.024116e-01 95.606436 99.845297
09/26 06:10:00 PM valid 150 1.939022e-01 95.674669 99.886175
09/26 06:10:01 PM valid_acc 95.680000, best_acc 95.890000
09/26 06:10:01 PM epoch 480 lr 2.311240e-03
09/26 06:10:01 PM train 000 4.910389e-02 96.875000 100.000000
09/26 06:10:05 PM train 050 4.838008e-02 98.529412 99.969363
09/26 06:10:09 PM train 100 4.435355e-02 98.623144 99.969059
09/26 06:10:14 PM train 150 4.607264e-02 98.540977 99.968957
09/26 06:10:18 PM train 200 4.556143e-02 98.608520 99.976679
09/26 06:10:22 PM train 250 4.287082e-02 98.667829 99.981325
09/26 06:10:26 PM train 300 4.227613e-02 98.723007 99.984427
09/26 06:10:30 PM train 350 4.012303e-02 98.815883 99.977742
09/26 06:10:35 PM train 400 4.072597e-02 98.807668 99.976621
09/26 06:10:39 PM train 450 4.216589e-02 98.749307 99.972284
09/26 06:10:43 PM train 500 4.233026e-02 98.743139 99.971931
09/26 06:10:47 PM train 550 4.311637e-02 98.726747 99.968807
09/26 06:10:52 PM train 600 4.404600e-02 98.687084 99.966202
09/26 06:10:56 PM train 650 4.528241e-02 98.646313 99.968798
09/26 06:11:00 PM train 700 4.555253e-02 98.615817 99.971024
09/26 06:11:04 PM train 750 4.577675e-02 98.628911 99.968792
09/26 06:11:07 PM train_acc 98.640000
09/26 06:11:07 PM valid 000 1.157177e-01 95.312500 100.000000
09/26 06:11:08 PM valid 050 1.823806e-01 95.588235 99.908088
09/26 06:11:09 PM valid 100 1.921417e-01 95.590965 99.907178
09/26 06:11:11 PM valid 150 1.822191e-01 95.757450 99.917219
09/26 06:11:11 PM valid_acc 95.780000, best_acc 95.890000
09/26 06:11:11 PM epoch 481 lr 2.273466e-03
09/26 06:11:11 PM train 000 6.780894e-03 100.000000 100.000000
09/26 06:11:15 PM train 050 5.415830e-02 98.376225 99.938725
09/26 06:11:19 PM train 100 4.863382e-02 98.561262 99.969059
09/26 06:11:24 PM train 150 4.242003e-02 98.758278 99.979305
09/26 06:11:28 PM train 200 4.266151e-02 98.717351 99.984453
09/26 06:11:32 PM train 250 4.592823e-02 98.599353 99.981325
09/26 06:11:36 PM train 300 4.620309e-02 98.613995 99.979236
09/26 06:11:41 PM train 350 4.557697e-02 98.637821 99.982194
09/26 06:11:45 PM train 400 4.540076e-02 98.632325 99.984414
09/26 06:11:49 PM train 450 4.494421e-02 98.628049 99.982677
09/26 06:11:53 PM train 500 4.473872e-02 98.646457 99.981287
09/26 06:11:57 PM train 550 4.500035e-02 98.644510 99.982985
09/26 06:12:02 PM train 600 4.479188e-02 98.648087 99.984401
09/26 06:12:06 PM train 650 4.479926e-02 98.653514 99.985599
09/26 06:12:10 PM train 700 4.475312e-02 98.644793 99.984397
09/26 06:12:14 PM train 750 4.423358e-02 98.662200 99.985436
09/26 06:12:17 PM train_acc 98.658000
09/26 06:12:17 PM valid 000 2.408075e-01 93.750000 100.000000
09/26 06:12:18 PM valid 050 1.940012e-01 95.680147 99.938725
09/26 06:12:19 PM valid 100 2.108297e-01 95.529084 99.938119
09/26 06:12:21 PM valid 150 1.979937e-01 95.757450 99.948262
09/26 06:12:21 PM valid_acc 95.740000, best_acc 95.890000
09/26 06:12:21 PM epoch 482 lr 2.235972e-03
09/26 06:12:21 PM train 000 5.134027e-02 98.437500 100.000000
09/26 06:12:25 PM train 050 3.472668e-02 99.080882 99.969363
09/26 06:12:30 PM train 100 3.425143e-02 98.932550 99.984530
09/26 06:12:34 PM train 150 3.726629e-02 98.841060 99.979305
09/26 06:12:38 PM train 200 3.687531e-02 98.880597 99.984453
09/26 06:12:42 PM train 250 3.831546e-02 98.848357 99.981325
09/26 06:12:47 PM train 300 3.898682e-02 98.847591 99.979236
09/26 06:12:51 PM train 350 3.982163e-02 98.820335 99.973291
09/26 06:12:55 PM train 400 4.008667e-02 98.815461 99.972724
09/26 06:12:59 PM train 450 4.020697e-02 98.811669 99.975748
09/26 06:13:03 PM train 500 4.172339e-02 98.771208 99.978169
09/26 06:13:08 PM train 550 4.167688e-02 98.769283 99.980150
09/26 06:13:12 PM train 600 4.149728e-02 98.778078 99.979201
09/26 06:13:16 PM train 650 4.094736e-02 98.795123 99.980799
09/26 06:13:21 PM train 700 4.147939e-02 98.769615 99.982168
09/26 06:13:25 PM train 750 4.145406e-02 98.768309 99.981275
09/26 06:13:27 PM train_acc 98.772000
09/26 06:13:27 PM valid 000 1.964808e-01 93.750000 100.000000
09/26 06:13:29 PM valid 050 1.879069e-01 95.955882 99.938725
09/26 06:13:30 PM valid 100 1.926448e-01 95.962252 99.891708
09/26 06:13:31 PM valid 150 1.854913e-01 96.005795 99.896523
09/26 06:13:31 PM valid_acc 96.020000, best_acc 96.020000
09/26 06:13:31 PM epoch 483 lr 2.198760e-03
09/26 06:13:32 PM train 000 9.727486e-02 93.750000 100.000000
09/26 06:13:36 PM train 050 3.948816e-02 98.897059 100.000000
09/26 06:13:40 PM train 100 4.144281e-02 98.824257 99.969059
09/26 06:13:44 PM train 150 4.000145e-02 98.923841 99.979305
09/26 06:13:49 PM train 200 4.066990e-02 98.865050 99.984453
09/26 06:13:53 PM train 250 4.051381e-02 98.823456 99.981325
09/26 06:13:57 PM train 300 4.084987e-02 98.811254 99.979236
09/26 06:14:01 PM train 350 4.245675e-02 98.775819 99.977742
09/26 06:14:05 PM train 400 4.253466e-02 98.753117 99.980517
09/26 06:14:10 PM train 450 4.169116e-02 98.790881 99.979213
09/26 06:14:14 PM train 500 4.283777e-02 98.758733 99.978169
09/26 06:14:18 PM train 550 4.319679e-02 98.743761 99.977314
09/26 06:14:22 PM train 600 4.311225e-02 98.759879 99.979201
09/26 06:14:27 PM train 650 4.332117e-02 98.737519 99.980799
09/26 06:14:31 PM train 700 4.325419e-02 98.754012 99.982168
09/26 06:14:35 PM train 750 4.346655e-02 98.757906 99.983356
09/26 06:14:38 PM train_acc 98.754000
09/26 06:14:38 PM valid 000 1.649823e-01 95.312500 100.000000
09/26 06:14:39 PM valid 050 1.911078e-01 95.772059 99.938725
09/26 06:14:40 PM valid 100 1.980608e-01 95.823020 99.891708
09/26 06:14:41 PM valid 150 1.889048e-01 95.829884 99.917219
09/26 06:14:42 PM valid_acc 95.850000, best_acc 96.020000
09/26 06:14:42 PM epoch 484 lr 2.161830e-03
09/26 06:14:42 PM train 000 3.171197e-02 100.000000 100.000000
09/26 06:14:46 PM train 050 3.451328e-02 98.866422 100.000000
09/26 06:14:50 PM train 100 3.444897e-02 99.040842 99.984530
09/26 06:14:55 PM train 150 3.813716e-02 98.934189 99.979305
09/26 06:14:59 PM train 200 3.926542e-02 98.872823 99.976679
09/26 06:15:03 PM train 250 3.869866e-02 98.904382 99.981325
09/26 06:15:07 PM train 300 3.888943e-02 98.915075 99.984427
09/26 06:15:11 PM train 350 3.876791e-02 98.936075 99.986645
09/26 06:15:16 PM train 400 3.796939e-02 98.932357 99.988310
09/26 06:15:20 PM train 450 3.970574e-02 98.894817 99.986142
09/26 06:15:24 PM train 500 4.065180e-02 98.833583 99.987525
09/26 06:15:28 PM train 550 4.136112e-02 98.811819 99.980150
09/26 06:15:33 PM train 600 4.082289e-02 98.837874 99.981801
09/26 06:15:37 PM train 650 4.181806e-02 98.826325 99.978399
09/26 06:15:41 PM train 700 4.200552e-02 98.820881 99.977710
09/26 06:15:45 PM train 750 4.244316e-02 98.812001 99.979194
09/26 06:15:48 PM train_acc 98.806000
09/26 06:15:48 PM valid 000 6.561814e-02 96.875000 100.000000
09/26 06:15:49 PM valid 050 1.657719e-01 96.354167 99.908088
09/26 06:15:51 PM valid 100 1.830990e-01 95.900371 99.876238
09/26 06:15:52 PM valid 150 1.800391e-01 95.933361 99.875828
09/26 06:15:52 PM valid_acc 95.940000, best_acc 96.020000
09/26 06:15:52 PM epoch 485 lr 2.125183e-03
09/26 06:15:52 PM train 000 4.834139e-02 98.437500 100.000000
09/26 06:15:56 PM train 050 3.954529e-02 98.958333 99.969363
09/26 06:16:01 PM train 100 3.864156e-02 99.009901 99.984530
09/26 06:16:05 PM train 150 3.812944e-02 98.965232 99.989652
09/26 06:16:09 PM train 200 3.942795e-02 98.903918 99.976679
09/26 06:16:13 PM train 250 4.216719e-02 98.804781 99.968875
09/26 06:16:18 PM train 300 4.142203e-02 98.806063 99.974045
09/26 06:16:22 PM train 350 4.220910e-02 98.766916 99.964387
09/26 06:16:26 PM train 400 4.242589e-02 98.768703 99.968828
09/26 06:16:30 PM train 450 4.166900e-02 98.783952 99.972284
09/26 06:16:34 PM train 500 4.060505e-02 98.821108 99.975050
09/26 06:16:39 PM train 550 4.057072e-02 98.814655 99.974478
09/26 06:16:43 PM train 600 4.015699e-02 98.832675 99.971402
09/26 06:16:47 PM train 650 3.961604e-02 98.833525 99.973598
09/26 06:16:51 PM train 700 3.976399e-02 98.840942 99.975481
09/26 06:16:55 PM train 750 4.011898e-02 98.834887 99.972953
09/26 06:16:58 PM train_acc 98.816000
09/26 06:16:58 PM valid 000 1.167724e-01 96.875000 100.000000
09/26 06:16:59 PM valid 050 1.964398e-01 96.139706 99.938725
09/26 06:17:01 PM valid 100 2.056690e-01 95.915842 99.922649
09/26 06:17:02 PM valid 150 1.970927e-01 95.923013 99.927566
09/26 06:17:02 PM valid_acc 95.930000, best_acc 96.020000
09/26 06:17:02 PM epoch 486 lr 2.088821e-03
09/26 06:17:02 PM train 000 1.183106e-01 96.875000 100.000000
09/26 06:17:07 PM train 050 3.748064e-02 98.927696 99.969363
09/26 06:17:11 PM train 100 3.720662e-02 98.963490 99.969059
09/26 06:17:15 PM train 150 3.871585e-02 98.861755 99.979305
09/26 06:17:19 PM train 200 3.967383e-02 98.880597 99.976679
09/26 06:17:23 PM train 250 3.787712e-02 98.929283 99.981325
09/26 06:17:28 PM train 300 4.001749e-02 98.842400 99.984427
09/26 06:17:32 PM train 350 3.971260e-02 98.864850 99.982194
09/26 06:17:36 PM train 400 3.938075e-02 98.854426 99.984414
09/26 06:17:40 PM train 450 3.855539e-02 98.870565 99.986142
09/26 06:17:44 PM train 500 3.889342e-02 98.864770 99.984406
09/26 06:17:49 PM train 550 3.913233e-02 98.865699 99.982985
09/26 06:17:53 PM train 600 3.910676e-02 98.874272 99.981801
09/26 06:17:57 PM train 650 3.940213e-02 98.852727 99.980799
09/26 06:18:01 PM train 700 3.961512e-02 98.852086 99.979939
09/26 06:18:05 PM train 750 4.011190e-02 98.841128 99.981275
09/26 06:18:08 PM train_acc 98.844000
09/26 06:18:08 PM valid 000 6.677143e-02 96.875000 100.000000
09/26 06:18:09 PM valid 050 1.898508e-01 96.262255 99.877451
09/26 06:18:11 PM valid 100 1.895970e-01 96.024134 99.907178
09/26 06:18:12 PM valid 150 1.862083e-01 96.005795 99.906871
09/26 06:18:12 PM valid_acc 95.990000, best_acc 96.020000
09/26 06:18:12 PM epoch 487 lr 2.052745e-03
09/26 06:18:12 PM train 000 8.793395e-02 95.312500 100.000000
09/26 06:18:16 PM train 050 3.972166e-02 98.560049 100.000000
09/26 06:18:21 PM train 100 3.832672e-02 98.715965 99.984530
09/26 06:18:25 PM train 150 3.801337e-02 98.810017 99.989652
09/26 06:18:29 PM train 200 3.943141e-02 98.795087 99.992226
09/26 06:18:33 PM train 250 3.942800e-02 98.804781 99.981325
09/26 06:18:38 PM train 300 3.920008e-02 98.790490 99.984427
09/26 06:18:42 PM train 350 3.932580e-02 98.806980 99.977742
09/26 06:18:46 PM train 400 3.919609e-02 98.838840 99.976621
09/26 06:18:50 PM train 450 3.871285e-02 98.863636 99.979213
09/26 06:18:54 PM train 500 3.908264e-02 98.864770 99.978169
09/26 06:18:59 PM train 550 3.896201e-02 98.854356 99.980150
09/26 06:19:03 PM train 600 3.940675e-02 98.822275 99.979201
09/26 06:19:07 PM train 650 4.068948e-02 98.792723 99.975998
09/26 06:19:11 PM train 700 4.047540e-02 98.794133 99.977710
09/26 06:19:15 PM train 750 4.011290e-02 98.801598 99.977114
09/26 06:19:18 PM train_acc 98.798000
09/26 06:19:18 PM valid 000 1.664398e-01 95.312500 100.000000
09/26 06:19:19 PM valid 050 1.928440e-01 95.863971 99.938725
09/26 06:19:20 PM valid 100 1.940767e-01 95.931312 99.938119
09/26 06:19:22 PM valid 150 1.904500e-01 95.954056 99.948262
09/26 06:19:22 PM valid_acc 95.950000, best_acc 96.020000
09/26 06:19:22 PM epoch 488 lr 2.016955e-03
09/26 06:19:22 PM train 000 1.790816e-02 100.000000 100.000000
09/26 06:19:26 PM train 050 3.287962e-02 99.050245 100.000000
09/26 06:19:31 PM train 100 3.418439e-02 98.994431 99.969059
09/26 06:19:35 PM train 150 3.695142e-02 98.996275 99.968957
09/26 06:19:39 PM train 200 3.844388e-02 98.935012 99.961132
09/26 06:19:43 PM train 250 4.034611e-02 98.867032 99.968875
09/26 06:19:47 PM train 300 3.890355e-02 98.894311 99.974045
09/26 06:19:52 PM train 350 3.953777e-02 98.887108 99.973291
09/26 06:19:56 PM train 400 4.047860e-02 98.858323 99.968828
09/26 06:20:00 PM train 450 4.142894e-02 98.828991 99.968819
09/26 06:20:04 PM train 500 4.066818e-02 98.849177 99.968812
09/26 06:20:08 PM train 550 4.021761e-02 98.860027 99.968807
09/26 06:20:13 PM train 600 3.945474e-02 98.876872 99.971402
09/26 06:20:17 PM train 650 3.868447e-02 98.891129 99.973598
09/26 06:20:21 PM train 700 3.918221e-02 98.858773 99.973252
09/26 06:20:25 PM train 750 3.888035e-02 98.882740 99.972953
09/26 06:20:28 PM train_acc 98.880000
09/26 06:20:28 PM valid 000 9.449143e-02 96.875000 100.000000
09/26 06:20:29 PM valid 050 1.874400e-01 95.986520 99.938725
09/26 06:20:30 PM valid 100 2.012682e-01 95.807550 99.938119
09/26 06:20:32 PM valid 150 1.942205e-01 95.891970 99.937914
09/26 06:20:32 PM valid_acc 95.920000, best_acc 96.020000
09/26 06:20:32 PM epoch 489 lr 1.981452e-03
09/26 06:20:32 PM train 000 7.998246e-03 100.000000 100.000000
09/26 06:20:36 PM train 050 3.596777e-02 99.050245 99.969363
09/26 06:20:40 PM train 100 3.488231e-02 99.025371 99.984530
09/26 06:20:44 PM train 150 3.757739e-02 98.903146 99.989652
09/26 06:20:49 PM train 200 3.736003e-02 98.927239 99.992226
09/26 06:20:53 PM train 250 3.874691e-02 98.923058 99.993775
09/26 06:20:57 PM train 300 3.882368e-02 98.935839 99.994809
09/26 06:21:01 PM train 350 3.918257e-02 98.896011 99.995548
09/26 06:21:05 PM train 400 3.889533e-02 98.912874 99.992207
09/26 06:21:10 PM train 450 3.958774e-02 98.905211 99.986142
09/26 06:21:14 PM train 500 3.963439e-02 98.905314 99.987525
09/26 06:21:18 PM train 550 4.007107e-02 98.888385 99.982985
09/26 06:21:22 PM train 600 3.946072e-02 98.895071 99.984401
09/26 06:21:26 PM train 650 3.875990e-02 98.917531 99.985599
09/26 06:21:30 PM train 700 3.871642e-02 98.914497 99.986626
09/26 06:21:35 PM train 750 3.929057e-02 98.886901 99.987517
09/26 06:21:37 PM train_acc 98.880000
09/26 06:21:37 PM valid 000 5.790470e-02 98.437500 100.000000
09/26 06:21:39 PM valid 050 1.855325e-01 95.925245 99.938725
09/26 06:21:40 PM valid 100 1.928361e-01 95.869431 99.938119
09/26 06:21:41 PM valid 150 1.848249e-01 96.005795 99.948262
09/26 06:21:41 PM valid_acc 96.030000, best_acc 96.030000
09/26 06:21:41 PM epoch 490 lr 1.946238e-03
09/26 06:21:41 PM train 000 4.756137e-03 100.000000 100.000000
09/26 06:21:46 PM train 050 3.220573e-02 99.080882 100.000000
09/26 06:21:50 PM train 100 3.511766e-02 98.963490 99.984530
09/26 06:21:54 PM train 150 3.612638e-02 98.954884 99.989652
09/26 06:21:58 PM train 200 3.585711e-02 98.958333 99.984453
09/26 06:22:02 PM train 250 3.509013e-02 98.972859 99.987550
09/26 06:22:07 PM train 300 3.512560e-02 98.961794 99.989618
09/26 06:22:11 PM train 350 3.424246e-02 98.989494 99.991097
09/26 06:22:15 PM train 400 3.389362e-02 98.983011 99.988310
09/26 06:22:19 PM train 450 3.411573e-02 98.977966 99.986142
09/26 06:22:23 PM train 500 3.428110e-02 98.992640 99.987525
09/26 06:22:28 PM train 550 3.456118e-02 98.990472 99.988657
09/26 06:22:32 PM train 600 3.539258e-02 98.960067 99.989601
09/26 06:22:36 PM train 650 3.598309e-02 98.929531 99.990399
09/26 06:22:40 PM train 700 3.644929e-02 98.927871 99.986626
09/26 06:22:44 PM train 750 3.668608e-02 98.918109 99.987517
09/26 06:22:47 PM train_acc 98.920000
09/26 06:22:47 PM valid 000 3.221097e-02 96.875000 100.000000
09/26 06:22:48 PM valid 050 1.887328e-01 95.863971 99.969363
09/26 06:22:49 PM valid 100 2.007211e-01 95.776609 99.969059
09/26 06:22:51 PM valid 150 1.897834e-01 95.902318 99.958609
09/26 06:22:51 PM valid_acc 95.930000, best_acc 96.030000
09/26 06:22:51 PM epoch 491 lr 1.911313e-03
09/26 06:22:51 PM train 000 3.595484e-02 98.437500 100.000000
09/26 06:22:55 PM train 050 3.812259e-02 98.927696 99.938725
09/26 06:22:59 PM train 100 3.485081e-02 99.056312 99.969059
09/26 06:23:04 PM train 150 3.524698e-02 99.027318 99.979305
09/26 06:23:08 PM train 200 3.549524e-02 99.059391 99.984453
09/26 06:23:12 PM train 250 3.558935e-02 99.066235 99.987550
09/26 06:23:16 PM train 300 3.492721e-02 99.065615 99.989618
09/26 06:23:21 PM train 350 3.484461e-02 99.047365 99.991097
09/26 06:23:25 PM train 400 3.540791e-02 99.029769 99.992207
09/26 06:23:29 PM train 450 3.531748e-02 99.012611 99.986142
09/26 06:23:33 PM train 500 3.628762e-02 98.977046 99.987525
09/26 06:23:38 PM train 550 3.658872e-02 98.973457 99.985821
09/26 06:23:42 PM train 600 3.698860e-02 98.960067 99.987001
09/26 06:23:46 PM train 650 3.757453e-02 98.931932 99.983199
09/26 06:23:50 PM train 700 3.758246e-02 98.925642 99.984397
09/26 06:23:54 PM train 750 3.738572e-02 98.909787 99.983356
09/26 06:23:57 PM train_acc 98.912000
09/26 06:23:57 PM valid 000 6.269194e-02 96.875000 100.000000
09/26 06:23:58 PM valid 050 1.966191e-01 95.863971 99.877451
09/26 06:24:00 PM valid 100 1.977401e-01 96.008663 99.876238
09/26 06:24:01 PM valid 150 1.910335e-01 96.005795 99.896523
09/26 06:24:01 PM valid_acc 96.010000, best_acc 96.030000
09/26 06:24:01 PM epoch 492 lr 1.876678e-03
09/26 06:24:01 PM train 000 9.494594e-03 100.000000 100.000000
09/26 06:24:05 PM train 050 3.697047e-02 99.050245 100.000000
09/26 06:24:10 PM train 100 3.696829e-02 99.071782 99.984530
09/26 06:24:14 PM train 150 3.905044e-02 98.975579 99.979305
09/26 06:24:18 PM train 200 3.646945e-02 99.020522 99.984453
09/26 06:24:22 PM train 250 3.820954e-02 98.972859 99.987550
09/26 06:24:26 PM train 300 3.840754e-02 98.941030 99.989618
09/26 06:24:31 PM train 350 3.748604e-02 98.949430 99.991097
09/26 06:24:35 PM train 400 3.679674e-02 98.967425 99.992207
09/26 06:24:39 PM train 450 3.711199e-02 98.964108 99.993071
09/26 06:24:43 PM train 500 3.681962e-02 98.964571 99.990644
09/26 06:24:47 PM train 550 3.704089e-02 98.947936 99.991493
09/26 06:24:52 PM train 600 3.654782e-02 98.954867 99.992200
09/26 06:24:56 PM train 650 3.608070e-02 98.972734 99.992800
09/26 06:25:00 PM train 700 3.596894e-02 98.967992 99.993313
09/26 06:25:04 PM train 750 3.647617e-02 98.947237 99.991678
09/26 06:25:07 PM train_acc 98.952000
09/26 06:25:07 PM valid 000 7.145232e-02 96.875000 100.000000
09/26 06:25:08 PM valid 050 1.758466e-01 96.078431 99.938725
09/26 06:25:10 PM valid 100 1.863726e-01 95.993193 99.891708
09/26 06:25:11 PM valid 150 1.795967e-01 96.057533 99.906871
09/26 06:25:11 PM valid_acc 96.060000, best_acc 96.060000
09/26 06:25:11 PM epoch 493 lr 1.842334e-03
09/26 06:25:11 PM train 000 3.334412e-02 98.437500 100.000000
09/26 06:25:15 PM train 050 3.209876e-02 99.142157 100.000000
09/26 06:25:20 PM train 100 3.177187e-02 99.118193 100.000000
09/26 06:25:24 PM train 150 3.331541e-02 99.058361 100.000000
09/26 06:25:28 PM train 200 3.392651e-02 99.051617 99.984453
09/26 06:25:32 PM train 250 3.261933e-02 99.060010 99.981325
09/26 06:25:36 PM train 300 3.400682e-02 99.029277 99.984427
09/26 06:25:41 PM train 350 3.596516e-02 98.993946 99.986645
09/26 06:25:45 PM train 400 3.625464e-02 98.967425 99.980517
09/26 06:25:49 PM train 450 3.582293e-02 98.946785 99.982677
09/26 06:25:53 PM train 500 3.597147e-02 98.930264 99.984406
09/26 06:25:57 PM train 550 3.573025e-02 98.942264 99.982985
09/26 06:26:02 PM train 600 3.632950e-02 98.928869 99.984401
09/26 06:26:06 PM train 650 3.706711e-02 98.910330 99.980799
09/26 06:26:10 PM train 700 3.713554e-02 98.905581 99.979939
09/26 06:26:14 PM train 750 3.657906e-02 98.916029 99.981275
09/26 06:26:17 PM train_acc 98.892000
09/26 06:26:17 PM valid 000 1.732705e-01 93.750000 100.000000
09/26 06:26:18 PM valid 050 2.020008e-01 95.649510 99.969363
09/26 06:26:19 PM valid 100 1.983824e-01 95.869431 99.891708
09/26 06:26:20 PM valid 150 1.910304e-01 95.850579 99.917219
09/26 06:26:21 PM valid_acc 95.900000, best_acc 96.060000
09/26 06:26:21 PM epoch 494 lr 1.808283e-03
09/26 06:26:21 PM train 000 4.309840e-03 100.000000 100.000000
09/26 06:26:25 PM train 050 3.482516e-02 98.988971 100.000000
09/26 06:26:29 PM train 100 3.595553e-02 98.948020 100.000000
09/26 06:26:34 PM train 150 3.599564e-02 98.954884 99.989652
09/26 06:26:38 PM train 200 3.910505e-02 98.865050 99.984453
09/26 06:26:42 PM train 250 3.866881e-02 98.923058 99.981325
09/26 06:26:46 PM train 300 3.876846e-02 98.941030 99.979236
09/26 06:26:50 PM train 350 3.672967e-02 99.007301 99.982194
09/26 06:26:55 PM train 400 3.655856e-02 99.018080 99.980517
09/26 06:26:59 PM train 450 3.592613e-02 99.033398 99.982677
09/26 06:27:03 PM train 500 3.624724e-02 99.026946 99.981287
09/26 06:27:07 PM train 550 3.615346e-02 99.033008 99.982985
09/26 06:27:11 PM train 600 3.715199e-02 98.983465 99.984401
09/26 06:27:16 PM train 650 3.751591e-02 98.955933 99.983199
09/26 06:27:20 PM train 700 3.782454e-02 98.939016 99.984397
09/26 06:27:24 PM train 750 3.812407e-02 98.934754 99.983356
09/26 06:27:27 PM train_acc 98.934000
09/26 06:27:27 PM valid 000 2.856684e-01 95.312500 100.000000
09/26 06:27:28 PM valid 050 1.878808e-01 96.200980 99.938725
09/26 06:27:29 PM valid 100 1.837153e-01 96.349010 99.907178
09/26 06:27:30 PM valid 150 1.786910e-01 96.357616 99.906871
09/26 06:27:30 PM valid_acc 96.330000, best_acc 96.330000
09/26 06:27:31 PM epoch 495 lr 1.774525e-03
09/26 06:27:31 PM train 000 5.251993e-02 96.875000 100.000000
09/26 06:27:35 PM train 050 3.089780e-02 98.958333 100.000000
09/26 06:27:39 PM train 100 2.833518e-02 99.071782 100.000000
09/26 06:27:43 PM train 150 3.333262e-02 98.903146 99.989652
09/26 06:27:47 PM train 200 3.345223e-02 98.973881 99.968905
09/26 06:27:52 PM train 250 3.326938e-02 99.016434 99.975100
09/26 06:27:56 PM train 300 3.424696e-02 98.987749 99.979236
09/26 06:28:00 PM train 350 3.447339e-02 98.998397 99.982194
09/26 06:28:04 PM train 400 3.458597e-02 99.006390 99.984414
09/26 06:28:09 PM train 450 3.570913e-02 98.995288 99.982677
09/26 06:28:13 PM train 500 3.566999e-02 99.005115 99.984406
09/26 06:28:17 PM train 550 3.538812e-02 99.007486 99.982985
09/26 06:28:21 PM train 600 3.488087e-02 99.017263 99.984401
09/26 06:28:25 PM train 650 3.450491e-02 99.020737 99.985599
09/26 06:28:30 PM train 700 3.483440e-02 99.017029 99.986626
09/26 06:28:34 PM train 750 3.471892e-02 99.028379 99.987517
09/26 06:28:37 PM train_acc 99.036000
09/26 06:28:37 PM valid 000 1.162951e-01 96.875000 100.000000
09/26 06:28:38 PM valid 050 1.879681e-01 95.894608 99.938725
09/26 06:28:39 PM valid 100 1.968125e-01 95.993193 99.891708
09/26 06:28:40 PM valid 150 1.904997e-01 96.109272 99.896523
09/26 06:28:40 PM valid_acc 96.100000, best_acc 96.330000
09/26 06:28:41 PM epoch 496 lr 1.741061e-03
09/26 06:28:41 PM train 000 1.037444e-01 98.437500 100.000000
09/26 06:28:45 PM train 050 3.677650e-02 98.835784 99.969363
09/26 06:28:49 PM train 100 3.381676e-02 98.963490 99.984530
09/26 06:28:53 PM train 150 3.341472e-02 99.006623 99.989652
09/26 06:28:58 PM train 200 3.456098e-02 98.989428 99.968905
09/26 06:29:02 PM train 250 3.297728e-02 99.053785 99.975100
09/26 06:29:06 PM train 300 3.257381e-02 99.091570 99.979236
09/26 06:29:10 PM train 350 3.392424e-02 99.051816 99.982194
09/26 06:29:14 PM train 400 3.443708e-02 99.045355 99.980517
09/26 06:29:19 PM train 450 3.421518e-02 99.047256 99.979213
09/26 06:29:23 PM train 500 3.463730e-02 99.042540 99.981287
09/26 06:29:27 PM train 550 3.439905e-02 99.047187 99.982985
09/26 06:29:31 PM train 600 3.430085e-02 99.043261 99.981801
09/26 06:29:36 PM train 650 3.466072e-02 99.023137 99.980799
09/26 06:29:40 PM train 700 3.479512e-02 99.010342 99.982168
09/26 06:29:44 PM train 750 3.503650e-02 99.003412 99.983356
09/26 06:29:47 PM train_acc 99.014000
09/26 06:29:47 PM valid 000 1.328569e-01 95.312500 100.000000
09/26 06:29:48 PM valid 050 1.805394e-01 95.894608 99.877451
09/26 06:29:49 PM valid 100 1.880627e-01 95.993193 99.891708
09/26 06:29:50 PM valid 150 1.812317e-01 96.119619 99.927566
09/26 06:29:50 PM valid_acc 96.130000, best_acc 96.330000
09/26 06:29:51 PM epoch 497 lr 1.707892e-03
09/26 06:29:51 PM train 000 1.841992e-02 98.437500 100.000000
09/26 06:29:55 PM train 050 3.285127e-02 99.050245 100.000000
09/26 06:29:59 PM train 100 3.634617e-02 98.870668 100.000000
09/26 06:30:03 PM train 150 3.846148e-02 98.851407 100.000000
09/26 06:30:07 PM train 200 3.764302e-02 98.857276 100.000000
09/26 06:30:12 PM train 250 3.683738e-02 98.879482 100.000000
09/26 06:30:16 PM train 300 3.600545e-02 98.951412 100.000000
09/26 06:30:20 PM train 350 3.577145e-02 98.989494 99.995548
09/26 06:30:24 PM train 400 3.642400e-02 98.971322 99.996103
09/26 06:30:28 PM train 450 3.723380e-02 98.950249 99.996535
09/26 06:30:33 PM train 500 3.607492e-02 98.977046 99.996881
09/26 06:30:37 PM train 550 3.608466e-02 98.967786 99.997164
09/26 06:30:41 PM train 600 3.607450e-02 98.967866 99.997400
09/26 06:30:45 PM train 650 3.596647e-02 98.970334 99.997600
09/26 06:30:49 PM train 700 3.625519e-02 98.959076 99.993313
09/26 06:30:53 PM train 750 3.632510e-02 98.961801 99.993758
09/26 06:30:56 PM train_acc 98.968000
09/26 06:30:56 PM valid 000 1.712348e-01 95.312500 100.000000
09/26 06:30:57 PM valid 050 2.111804e-01 95.741422 99.938725
09/26 06:30:59 PM valid 100 2.101209e-01 95.807550 99.922649
09/26 06:31:00 PM valid 150 1.975193e-01 95.933361 99.927566
09/26 06:31:00 PM valid_acc 95.930000, best_acc 96.330000
09/26 06:31:00 PM epoch 498 lr 1.675019e-03
09/26 06:31:00 PM train 000 2.616613e-02 100.000000 100.000000
09/26 06:31:04 PM train 050 3.579523e-02 98.927696 100.000000
09/26 06:31:09 PM train 100 3.496287e-02 99.009901 99.969059
09/26 06:31:13 PM train 150 3.687095e-02 98.923841 99.958609
09/26 06:31:17 PM train 200 3.598790e-02 98.981654 99.968905
09/26 06:31:21 PM train 250 3.489315e-02 99.010209 99.975100
09/26 06:31:25 PM train 300 3.464280e-02 98.998131 99.979236
09/26 06:31:29 PM train 350 3.337022e-02 99.011752 99.982194
09/26 06:31:34 PM train 400 3.355419e-02 99.014183 99.980517
09/26 06:31:38 PM train 450 3.346565e-02 99.019540 99.982677
09/26 06:31:42 PM train 500 3.376351e-02 99.014471 99.981287
09/26 06:31:46 PM train 550 3.274198e-02 99.047187 99.982985
09/26 06:31:50 PM train 600 3.278890e-02 99.038062 99.984401
09/26 06:31:54 PM train 650 3.265443e-02 99.042339 99.985599
09/26 06:31:59 PM train 700 3.270184e-02 99.041548 99.986626
09/26 06:32:03 PM train 750 3.311330e-02 99.020057 99.987517
09/26 06:32:05 PM train_acc 99.018000
09/26 06:32:05 PM valid 000 6.107540e-02 95.312500 100.000000
09/26 06:32:07 PM valid 050 1.817104e-01 95.986520 99.969363
09/26 06:32:08 PM valid 100 1.903106e-01 96.147896 99.953589
09/26 06:32:09 PM valid 150 1.815679e-01 96.316225 99.937914
09/26 06:32:09 PM valid_acc 96.270000, best_acc 96.330000
09/26 06:32:09 PM epoch 499 lr 1.642442e-03
09/26 06:32:10 PM train 000 1.838451e-02 98.437500 100.000000
09/26 06:32:14 PM train 050 2.403678e-02 99.203431 100.000000
09/26 06:32:18 PM train 100 2.857421e-02 99.102723 100.000000
09/26 06:32:22 PM train 150 2.928731e-02 99.110099 100.000000
09/26 06:32:26 PM train 200 3.119804e-02 99.020522 100.000000
09/26 06:32:31 PM train 250 3.187427e-02 99.010209 100.000000
09/26 06:32:35 PM train 300 3.115764e-02 99.050042 99.994809
09/26 06:32:39 PM train 350 3.116711e-02 99.069623 99.995548
09/26 06:32:43 PM train 400 3.130357e-02 99.072631 99.996103
09/26 06:32:48 PM train 450 3.168129e-02 99.074972 99.993071
09/26 06:32:52 PM train 500 3.289057e-02 99.033184 99.993762
09/26 06:32:56 PM train 550 3.322161e-02 99.015994 99.991493
09/26 06:33:00 PM train 600 3.370883e-02 99.009463 99.989601
09/26 06:33:05 PM train 650 3.388465e-02 98.996736 99.990399
09/26 06:33:09 PM train 700 3.383514e-02 98.999198 99.991084
09/26 06:33:13 PM train 750 3.376423e-02 98.999251 99.991678
09/26 06:33:16 PM train_acc 99.010000
09/26 06:33:16 PM valid 000 1.182282e-01 95.312500 100.000000
09/26 06:33:17 PM valid 050 1.888925e-01 96.139706 99.938725
09/26 06:33:18 PM valid 100 2.021783e-01 95.792079 99.891708
09/26 06:33:20 PM valid 150 1.938729e-01 95.891970 99.886175
09/26 06:33:20 PM valid_acc 95.890000, best_acc 96.330000
09/26 06:33:20 PM epoch 500 lr 1.610163e-03
09/26 06:33:20 PM train 000 2.404740e-02 98.437500 100.000000
09/26 06:33:24 PM train 050 2.662842e-02 99.142157 100.000000
09/26 06:33:28 PM train 100 2.850487e-02 99.149134 99.984530
09/26 06:33:33 PM train 150 3.359114e-02 98.954884 99.968957
09/26 06:33:37 PM train 200 3.222619e-02 99.012749 99.968905
09/26 06:33:41 PM train 250 3.192669e-02 99.047560 99.975100
09/26 06:33:45 PM train 300 3.256533e-02 98.998131 99.979236
09/26 06:33:50 PM train 350 3.177794e-02 99.038462 99.982194
09/26 06:33:54 PM train 400 3.182574e-02 99.049252 99.984414
09/26 06:33:58 PM train 450 3.200918e-02 99.047256 99.982677
09/26 06:34:02 PM train 500 3.223149e-02 99.051896 99.981287
09/26 06:34:07 PM train 550 3.325414e-02 99.015994 99.982985
09/26 06:34:11 PM train 600 3.276103e-02 99.032862 99.984401
09/26 06:34:15 PM train 650 3.272749e-02 99.044739 99.985599
09/26 06:34:19 PM train 700 3.234622e-02 99.070524 99.986626
09/26 06:34:24 PM train 750 3.228220e-02 99.069990 99.987517
09/26 06:34:26 PM train_acc 99.062000
09/26 06:34:26 PM valid 000 1.620675e-01 96.875000 100.000000
09/26 06:34:28 PM valid 050 1.816489e-01 96.323529 99.877451
09/26 06:34:29 PM valid 100 1.856616e-01 96.163366 99.907178
09/26 06:34:30 PM valid 150 1.795682e-01 96.212748 99.886175
09/26 06:34:30 PM valid_acc 96.190000, best_acc 96.330000
09/26 06:34:30 PM epoch 501 lr 1.578183e-03
09/26 06:34:30 PM train 000 4.759753e-02 96.875000 100.000000
09/26 06:34:35 PM train 050 3.223428e-02 99.203431 99.938725
09/26 06:34:39 PM train 100 3.072800e-02 99.118193 99.953589
09/26 06:34:43 PM train 150 3.079538e-02 99.151490 99.968957
09/26 06:34:47 PM train 200 3.052469e-02 99.168221 99.976679
09/26 06:34:52 PM train 250 2.963045e-02 99.196962 99.981325
09/26 06:34:56 PM train 300 2.965969e-02 99.190199 99.979236
09/26 06:35:00 PM train 350 2.920417e-02 99.198718 99.977742
09/26 06:35:04 PM train 400 2.997892e-02 99.170044 99.976621
09/26 06:35:08 PM train 450 3.070656e-02 99.161585 99.975748
09/26 06:35:13 PM train 500 3.102449e-02 99.145459 99.975050
09/26 06:35:17 PM train 550 3.068814e-02 99.149274 99.974478
09/26 06:35:21 PM train 600 3.045157e-02 99.142055 99.976601
09/26 06:35:25 PM train 650 3.068550e-02 99.135945 99.973598
09/26 06:35:30 PM train 700 3.086712e-02 99.132935 99.975481
09/26 06:35:34 PM train 750 3.092911e-02 99.124085 99.977114
09/26 06:35:36 PM train_acc 99.128000
09/26 06:35:36 PM valid 000 2.892183e-01 92.187500 100.000000
09/26 06:35:38 PM valid 050 1.893241e-01 95.863971 99.938725
09/26 06:35:39 PM valid 100 1.973125e-01 95.761139 99.907178
09/26 06:35:40 PM valid 150 1.855661e-01 96.026490 99.917219
09/26 06:35:40 PM valid_acc 96.020000, best_acc 96.330000
09/26 06:35:40 PM epoch 502 lr 1.546502e-03
09/26 06:35:41 PM train 000 1.607280e-02 98.437500 100.000000
09/26 06:35:45 PM train 050 3.300389e-02 98.927696 100.000000
09/26 06:35:49 PM train 100 3.343447e-02 98.932550 100.000000
09/26 06:35:53 PM train 150 3.190433e-02 99.048013 100.000000
09/26 06:35:57 PM train 200 3.171908e-02 99.074938 99.984453
09/26 06:36:02 PM train 250 3.165042e-02 99.109811 99.987550
09/26 06:36:06 PM train 300 3.214197e-02 99.081188 99.984427
09/26 06:36:10 PM train 350 3.142535e-02 99.069623 99.982194
09/26 06:36:14 PM train 400 3.244218e-02 99.053148 99.980517
09/26 06:36:19 PM train 450 3.249553e-02 99.043792 99.982677
09/26 06:36:23 PM train 500 3.216627e-02 99.061252 99.981287
09/26 06:36:27 PM train 550 3.161197e-02 99.081216 99.982985
09/26 06:36:31 PM train 600 3.205121e-02 99.038062 99.984401
09/26 06:36:35 PM train 650 3.213129e-02 99.030338 99.985599
09/26 06:36:39 PM train 700 3.207207e-02 99.039319 99.986626
09/26 06:36:44 PM train 750 3.157949e-02 99.059587 99.987517
09/26 06:36:46 PM train_acc 99.062000
09/26 06:36:46 PM valid 000 1.425095e-01 95.312500 100.000000
09/26 06:36:47 PM valid 050 1.786051e-01 96.354167 99.908088
09/26 06:36:49 PM valid 100 1.910632e-01 96.101485 99.907178
09/26 06:36:50 PM valid 150 1.821495e-01 96.233444 99.906871
09/26 06:36:50 PM valid_acc 96.210000, best_acc 96.330000
09/26 06:36:50 PM epoch 503 lr 1.515122e-03
09/26 06:36:50 PM train 000 7.379411e-02 98.437500 100.000000
09/26 06:36:55 PM train 050 3.022044e-02 99.080882 99.908088
09/26 06:36:59 PM train 100 3.376333e-02 99.087252 99.938119
09/26 06:37:03 PM train 150 3.221225e-02 99.151490 99.958609
09/26 06:37:07 PM train 200 3.183518e-02 99.175995 99.968905
09/26 06:37:11 PM train 250 3.145630e-02 99.159612 99.975100
09/26 06:37:15 PM train 300 3.154211e-02 99.153862 99.974045
09/26 06:37:20 PM train 350 3.155791e-02 99.167557 99.973291
09/26 06:37:24 PM train 400 3.288319e-02 99.099906 99.968828
09/26 06:37:28 PM train 450 3.256443e-02 99.102688 99.968819
09/26 06:37:32 PM train 500 3.259837e-02 99.095559 99.968812
09/26 06:37:36 PM train 550 3.237886e-02 99.092559 99.971642
09/26 06:37:41 PM train 600 3.256032e-02 99.074459 99.968802
09/26 06:37:45 PM train 650 3.248086e-02 99.087942 99.971198
09/26 06:37:49 PM train 700 3.213245e-02 99.095043 99.973252
09/26 06:37:53 PM train 750 3.195187e-02 99.107440 99.972953
09/26 06:37:56 PM train_acc 99.104000
09/26 06:37:56 PM valid 000 5.506093e-02 96.875000 100.000000
09/26 06:37:57 PM valid 050 2.013706e-01 96.170343 99.969363
09/26 06:37:58 PM valid 100 2.064403e-01 95.962252 99.922649
09/26 06:38:00 PM valid 150 1.957038e-01 96.088576 99.917219
09/26 06:38:00 PM valid_acc 96.090000, best_acc 96.330000
09/26 06:38:00 PM epoch 504 lr 1.484043e-03
09/26 06:38:00 PM train 000 1.898700e-02 98.437500 100.000000
09/26 06:38:04 PM train 050 3.637630e-02 99.050245 99.908088
09/26 06:38:08 PM train 100 3.432006e-02 99.164604 99.953589
09/26 06:38:13 PM train 150 3.275064e-02 99.151490 99.968957
09/26 06:38:17 PM train 200 3.278648e-02 99.129353 99.968905
09/26 06:38:21 PM train 250 3.263694e-02 99.109811 99.975100
09/26 06:38:25 PM train 300 3.236618e-02 99.107143 99.979236
09/26 06:38:29 PM train 350 3.257662e-02 99.087429 99.973291
09/26 06:38:34 PM train 400 3.117967e-02 99.123286 99.972724
09/26 06:38:38 PM train 450 3.103517e-02 99.126940 99.975748
09/26 06:38:42 PM train 500 3.099475e-02 99.129865 99.978169
09/26 06:38:46 PM train 550 3.054879e-02 99.149274 99.980150
09/26 06:38:50 PM train 600 3.069765e-02 99.149854 99.976601
09/26 06:38:55 PM train 650 3.028003e-02 99.167147 99.975998
09/26 06:38:59 PM train 700 3.066665e-02 99.139622 99.977710
09/26 06:39:03 PM train 750 3.063058e-02 99.140729 99.975033
09/26 06:39:06 PM train_acc 99.148000
09/26 06:39:06 PM valid 000 6.907211e-02 96.875000 100.000000
09/26 06:39:07 PM valid 050 1.899950e-01 95.986520 99.877451
09/26 06:39:08 PM valid 100 1.927193e-01 95.884901 99.907178
09/26 06:39:09 PM valid 150 1.862524e-01 95.985099 99.906871
09/26 06:39:10 PM valid_acc 95.980000, best_acc 96.330000
09/26 06:39:10 PM epoch 505 lr 1.453265e-03
09/26 06:39:10 PM train 000 3.895693e-02 98.437500 100.000000
09/26 06:39:14 PM train 050 2.552491e-02 99.295343 100.000000
09/26 06:39:18 PM train 100 2.679839e-02 99.334777 99.984530
09/26 06:39:22 PM train 150 2.804816e-02 99.265315 99.968957
09/26 06:39:27 PM train 200 2.767450e-02 99.261505 99.976679
09/26 06:39:31 PM train 250 2.863535e-02 99.259213 99.975100
09/26 06:39:35 PM train 300 2.973768e-02 99.210963 99.979236
09/26 06:39:39 PM train 350 3.030196e-02 99.185363 99.977742
09/26 06:39:43 PM train 400 3.076608e-02 99.162251 99.976621
09/26 06:39:48 PM train 450 3.140597e-02 99.147727 99.972284
09/26 06:39:52 PM train 500 3.100166e-02 99.161053 99.971931
09/26 06:39:56 PM train 550 3.097242e-02 99.169124 99.971642
09/26 06:40:00 PM train 600 3.041752e-02 99.183652 99.974002
09/26 06:40:04 PM train 650 3.038383e-02 99.181548 99.975998
09/26 06:40:08 PM train 700 3.033070e-02 99.186430 99.977710
09/26 06:40:13 PM train 750 3.057895e-02 99.169857 99.979194
09/26 06:40:15 PM train_acc 99.158000
09/26 06:40:15 PM valid 000 3.533533e-02 98.437500 100.000000
09/26 06:40:16 PM valid 050 2.009063e-01 95.955882 99.938725
09/26 06:40:18 PM valid 100 2.033145e-01 95.823020 99.922649
09/26 06:40:19 PM valid 150 1.902604e-01 96.067881 99.917219
09/26 06:40:19 PM valid_acc 96.060000, best_acc 96.330000
09/26 06:40:19 PM epoch 506 lr 1.422791e-03
09/26 06:40:19 PM train 000 1.296868e-02 100.000000 100.000000
09/26 06:40:23 PM train 050 3.233343e-02 99.203431 100.000000
09/26 06:40:28 PM train 100 3.315568e-02 99.040842 99.984530
09/26 06:40:32 PM train 150 3.285906e-02 99.089404 99.989652
09/26 06:40:36 PM train 200 3.159792e-02 99.098259 99.992226
09/26 06:40:40 PM train 250 3.029886e-02 99.140936 99.987550
09/26 06:40:44 PM train 300 3.192737e-02 99.117525 99.974045
09/26 06:40:49 PM train 350 3.263151e-02 99.087429 99.968839
09/26 06:40:53 PM train 400 3.188767e-02 99.115493 99.968828
09/26 06:40:57 PM train 450 3.085418e-02 99.168514 99.972284
09/26 06:41:01 PM train 500 3.004121e-02 99.189122 99.975050
09/26 06:41:05 PM train 550 3.072786e-02 99.191810 99.974478
09/26 06:41:09 PM train 600 3.074281e-02 99.183652 99.974002
09/26 06:41:14 PM train 650 3.052190e-02 99.179147 99.973598
09/26 06:41:18 PM train 700 3.085596e-02 99.159683 99.975481
09/26 06:41:22 PM train 750 3.046683e-02 99.163615 99.977114
09/26 06:41:25 PM train_acc 99.142000
09/26 06:41:25 PM valid 000 8.403965e-02 96.875000 100.000000
09/26 06:41:26 PM valid 050 1.863111e-01 96.384804 99.938725
09/26 06:41:27 PM valid 100 1.960177e-01 96.086015 99.922649
09/26 06:41:28 PM valid 150 1.835032e-01 96.295530 99.917219
09/26 06:41:28 PM valid_acc 96.290000, best_acc 96.330000
09/26 06:41:29 PM epoch 507 lr 1.392620e-03
09/26 06:41:29 PM train 000 2.971338e-02 98.437500 100.000000
09/26 06:41:33 PM train 050 3.355075e-02 99.080882 99.969363
09/26 06:41:37 PM train 100 3.045673e-02 99.102723 99.969059
09/26 06:41:41 PM train 150 2.794971e-02 99.234272 99.979305
09/26 06:41:46 PM train 200 2.765384e-02 99.222637 99.984453
09/26 06:41:50 PM train 250 2.665766e-02 99.284114 99.987550
09/26 06:41:54 PM train 300 2.743141e-02 99.231728 99.984427
09/26 06:41:58 PM train 350 2.762370e-02 99.216524 99.982194
09/26 06:42:02 PM train 400 2.784478e-02 99.205112 99.984414
09/26 06:42:06 PM train 450 2.792073e-02 99.206624 99.982677
09/26 06:42:11 PM train 500 2.715318e-02 99.242141 99.984406
09/26 06:42:15 PM train 550 2.743218e-02 99.237182 99.985821
09/26 06:42:19 PM train 600 2.812088e-02 99.225250 99.987001
09/26 06:42:23 PM train 650 2.835093e-02 99.215150 99.987999
09/26 06:42:27 PM train 700 2.838834e-02 99.213178 99.988855
09/26 06:42:32 PM train 750 2.848736e-02 99.213549 99.989597
09/26 06:42:34 PM train_acc 99.216000
09/26 06:42:34 PM valid 000 1.221638e-01 96.875000 100.000000
09/26 06:42:35 PM valid 050 1.821561e-01 96.231618 100.000000
09/26 06:42:37 PM valid 100 1.917723e-01 95.946782 99.953589
09/26 06:42:38 PM valid 150 1.795970e-01 96.192053 99.948262
09/26 06:42:38 PM valid_acc 96.190000, best_acc 96.330000
09/26 06:42:38 PM epoch 508 lr 1.362754e-03
09/26 06:42:38 PM train 000 2.279026e-01 98.437500 98.437500
09/26 06:42:42 PM train 050 2.775322e-02 99.325980 99.938725
09/26 06:42:47 PM train 100 2.573988e-02 99.396658 99.953589
09/26 06:42:51 PM train 150 2.550513e-02 99.379139 99.968957
09/26 06:42:55 PM train 200 2.548588e-02 99.409204 99.976679
09/26 06:42:59 PM train 250 2.702821e-02 99.340139 99.975100
09/26 06:43:04 PM train 300 2.743728e-02 99.309593 99.979236
09/26 06:43:08 PM train 350 2.768857e-02 99.292201 99.982194
09/26 06:43:12 PM train 400 2.812797e-02 99.255767 99.984414
09/26 06:43:16 PM train 450 2.953713e-02 99.185837 99.979213
09/26 06:43:20 PM train 500 2.873462e-02 99.210953 99.981287
09/26 06:43:25 PM train 550 2.954360e-02 99.188975 99.980150
09/26 06:43:29 PM train 600 2.904665e-02 99.207051 99.981801
09/26 06:43:33 PM train 650 2.909024e-02 99.198349 99.980799
09/26 06:43:37 PM train 700 2.907314e-02 99.204262 99.982168
09/26 06:43:41 PM train 750 2.896921e-02 99.203146 99.979194
09/26 06:43:44 PM train_acc 99.208000
09/26 06:43:44 PM valid 000 1.078849e-01 98.437500 100.000000
09/26 06:43:45 PM valid 050 1.918533e-01 96.139706 99.908088
09/26 06:43:47 PM valid 100 2.006168e-01 95.869431 99.907178
09/26 06:43:48 PM valid 150 1.923037e-01 95.923013 99.896523
09/26 06:43:48 PM valid_acc 95.930000, best_acc 96.330000
09/26 06:43:48 PM epoch 509 lr 1.333193e-03
09/26 06:43:48 PM train 000 2.631082e-02 98.437500 100.000000
09/26 06:43:52 PM train 050 2.678053e-02 99.234069 100.000000
09/26 06:43:57 PM train 100 3.295633e-02 99.180074 99.969059
09/26 06:44:01 PM train 150 3.198062e-02 99.141142 99.979305
09/26 06:44:05 PM train 200 3.128977e-02 99.137127 99.976679
09/26 06:44:09 PM train 250 3.006439e-02 99.159612 99.981325
09/26 06:44:13 PM train 300 2.904117e-02 99.174626 99.984427
09/26 06:44:18 PM train 350 2.861603e-02 99.198718 99.982194
09/26 06:44:22 PM train 400 2.830782e-02 99.205112 99.984414
09/26 06:44:26 PM train 450 2.883692e-02 99.192766 99.979213
09/26 06:44:30 PM train 500 2.854082e-02 99.214072 99.978169
09/26 06:44:34 PM train 550 2.853736e-02 99.228675 99.971642
09/26 06:44:39 PM train 600 2.840388e-02 99.214850 99.971402
09/26 06:44:43 PM train 650 2.797396e-02 99.219950 99.971198
09/26 06:44:47 PM train 700 2.872400e-02 99.197575 99.973252
09/26 06:44:51 PM train 750 2.844623e-02 99.198985 99.972953
09/26 06:44:54 PM train_acc 99.186000
09/26 06:44:54 PM valid 000 1.324348e-01 93.750000 100.000000
09/26 06:44:55 PM valid 050 1.895679e-01 96.047794 99.938725
09/26 06:44:56 PM valid 100 2.025580e-01 96.008663 99.907178
09/26 06:44:58 PM valid 150 1.900554e-01 96.078228 99.906871
09/26 06:44:58 PM valid_acc 96.100000, best_acc 96.330000
09/26 06:44:58 PM epoch 510 lr 1.303938e-03
09/26 06:44:58 PM train 000 7.973298e-03 100.000000 100.000000
09/26 06:45:02 PM train 050 2.865443e-02 99.080882 100.000000
09/26 06:45:06 PM train 100 3.265479e-02 99.009901 99.984530
09/26 06:45:10 PM train 150 3.031608e-02 99.079056 99.989652
09/26 06:45:15 PM train 200 2.990345e-02 99.113806 99.992226
09/26 06:45:19 PM train 250 2.978510e-02 99.159612 99.981325
09/26 06:45:23 PM train 300 2.988271e-02 99.179817 99.974045
09/26 06:45:27 PM train 350 2.864279e-02 99.220976 99.977742
09/26 06:45:31 PM train 400 2.925494e-02 99.197319 99.980517
09/26 06:45:36 PM train 450 2.984071e-02 99.189302 99.975748
09/26 06:45:40 PM train 500 2.950379e-02 99.207834 99.978169
09/26 06:45:44 PM train 550 2.964209e-02 99.208825 99.980150
09/26 06:45:48 PM train 600 2.973469e-02 99.204451 99.979201
09/26 06:45:52 PM train 650 2.970437e-02 99.203149 99.980799
09/26 06:45:57 PM train 700 2.960116e-02 99.204262 99.982168
09/26 06:46:01 PM train 750 2.973143e-02 99.201065 99.981275
09/26 06:46:03 PM train_acc 99.200000
09/26 06:46:04 PM valid 000 1.260969e-01 95.312500 100.000000
09/26 06:46:05 PM valid 050 1.913612e-01 96.415441 99.938725
09/26 06:46:06 PM valid 100 1.986744e-01 96.116955 99.922649
09/26 06:46:07 PM valid 150 1.902702e-01 96.171358 99.917219
09/26 06:46:07 PM valid_acc 96.160000, best_acc 96.330000
09/26 06:46:07 PM epoch 511 lr 1.274990e-03
09/26 06:46:08 PM train 000 5.849008e-03 100.000000 100.000000
09/26 06:46:12 PM train 050 2.167922e-02 99.356618 100.000000
09/26 06:46:16 PM train 100 2.500505e-02 99.272896 99.984530
09/26 06:46:20 PM train 150 2.571127e-02 99.265315 99.989652
09/26 06:46:25 PM train 200 2.615530e-02 99.214863 99.984453
09/26 06:46:29 PM train 250 2.681262e-02 99.184512 99.987550
09/26 06:46:33 PM train 300 2.751641e-02 99.174626 99.984427
09/26 06:46:37 PM train 350 2.770385e-02 99.176460 99.977742
09/26 06:46:42 PM train 400 2.871754e-02 99.154458 99.980517
09/26 06:46:46 PM train 450 2.868668e-02 99.171979 99.982677
09/26 06:46:50 PM train 500 2.819022e-02 99.176647 99.981287
09/26 06:46:54 PM train 550 2.881893e-02 99.146438 99.982985
09/26 06:46:58 PM train 600 2.868452e-02 99.152454 99.981801
09/26 06:47:03 PM train 650 2.828383e-02 99.157546 99.983199
09/26 06:47:07 PM train 700 2.846498e-02 99.157454 99.984397
09/26 06:47:11 PM train 750 2.919748e-02 99.144890 99.983356
09/26 06:47:14 PM train_acc 99.168000
09/26 06:47:14 PM valid 000 9.804119e-02 96.875000 100.000000
09/26 06:47:15 PM valid 050 1.834986e-01 96.354167 99.969363
09/26 06:47:16 PM valid 100 1.876483e-01 96.116955 99.922649
09/26 06:47:18 PM valid 150 1.811647e-01 96.181705 99.937914
09/26 06:47:18 PM valid_acc 96.200000, best_acc 96.330000
09/26 06:47:18 PM epoch 512 lr 1.246350e-03
09/26 06:47:18 PM train 000 3.898843e-02 98.437500 100.000000
09/26 06:47:22 PM train 050 3.242871e-02 99.203431 100.000000
09/26 06:47:26 PM train 100 3.093632e-02 99.164604 99.984530
09/26 06:47:30 PM train 150 3.167608e-02 99.151490 99.989652
09/26 06:47:35 PM train 200 2.925327e-02 99.230410 99.992226
09/26 06:47:39 PM train 250 2.971542e-02 99.228088 99.975100
09/26 06:47:43 PM train 300 3.011504e-02 99.221346 99.974045
09/26 06:47:47 PM train 350 3.001699e-02 99.220976 99.977742
09/26 06:47:52 PM train 400 3.033106e-02 99.205112 99.980517
09/26 06:47:56 PM train 450 2.935073e-02 99.223947 99.982677
09/26 06:48:00 PM train 500 2.961105e-02 99.214072 99.978169
09/26 06:48:04 PM train 550 2.936495e-02 99.228675 99.980150
09/26 06:48:08 PM train 600 2.923379e-02 99.225250 99.981801
09/26 06:48:13 PM train 650 2.906593e-02 99.224750 99.983199
09/26 06:48:17 PM train 700 2.901936e-02 99.224322 99.984397
09/26 06:48:21 PM train 750 2.886890e-02 99.230193 99.983356
09/26 06:48:24 PM train_acc 99.216000
09/26 06:48:24 PM valid 000 6.951693e-02 95.312500 100.000000
09/26 06:48:25 PM valid 050 1.799845e-01 96.292892 99.938725
09/26 06:48:26 PM valid 100 1.941460e-01 96.070545 99.891708
09/26 06:48:27 PM valid 150 1.856059e-01 96.109272 99.896523
09/26 06:48:27 PM valid_acc 96.100000, best_acc 96.330000
09/26 06:48:28 PM epoch 513 lr 1.218019e-03
09/26 06:48:28 PM train 000 1.284995e-01 96.875000 100.000000
09/26 06:48:32 PM train 050 2.315813e-02 99.356618 100.000000
09/26 06:48:36 PM train 100 2.323349e-02 99.303837 100.000000
09/26 06:48:40 PM train 150 2.406922e-02 99.275662 99.989652
09/26 06:48:44 PM train 200 2.420149e-02 99.261505 99.992226
09/26 06:48:49 PM train 250 2.358156e-02 99.284114 99.987550
09/26 06:48:53 PM train 300 2.338548e-02 99.288829 99.984427
09/26 06:48:57 PM train 350 2.432150e-02 99.310007 99.977742
09/26 06:49:01 PM train 400 2.544223e-02 99.279146 99.976621
09/26 06:49:06 PM train 450 2.607050e-02 99.272450 99.975748
09/26 06:49:10 PM train 500 2.572523e-02 99.282685 99.978169
09/26 06:49:14 PM train 550 2.574156e-02 99.274047 99.980150
09/26 06:49:18 PM train 600 2.667705e-02 99.248648 99.981801
09/26 06:49:22 PM train 650 2.677191e-02 99.265553 99.983199
09/26 06:49:26 PM train 700 2.685315e-02 99.262215 99.982168
09/26 06:49:31 PM train 750 2.636195e-02 99.273885 99.981275
09/26 06:49:33 PM train_acc 99.268000
09/26 06:49:33 PM valid 000 1.160656e-01 96.875000 100.000000
09/26 06:49:35 PM valid 050 1.787436e-01 96.415441 99.938725
09/26 06:49:36 PM valid 100 1.861569e-01 96.225248 99.907178
09/26 06:49:37 PM valid 150 1.815278e-01 96.243791 99.906871
09/26 06:49:37 PM valid_acc 96.260000, best_acc 96.330000
09/26 06:49:37 PM epoch 514 lr 1.189997e-03
09/26 06:49:37 PM train 000 1.598335e-02 98.437500 100.000000
09/26 06:49:42 PM train 050 2.495005e-02 99.295343 100.000000
09/26 06:49:46 PM train 100 2.246369e-02 99.396658 100.000000
09/26 06:49:50 PM train 150 2.418256e-02 99.358444 100.000000
09/26 06:49:54 PM train 200 2.519751e-02 99.331468 99.984453
09/26 06:49:59 PM train 250 2.460681e-02 99.358815 99.987550
09/26 06:50:03 PM train 300 2.397595e-02 99.377076 99.984427
09/26 06:50:07 PM train 350 2.540438e-02 99.305556 99.973291
09/26 06:50:11 PM train 400 2.523338e-02 99.302525 99.976621
09/26 06:50:15 PM train 450 2.653064e-02 99.275915 99.975748
09/26 06:50:19 PM train 500 2.706599e-02 99.251497 99.975050
09/26 06:50:24 PM train 550 2.705663e-02 99.262704 99.977314
09/26 06:50:28 PM train 600 2.710968e-02 99.272047 99.976601
09/26 06:50:32 PM train 650 2.739963e-02 99.263153 99.978399
09/26 06:50:36 PM train 700 2.744362e-02 99.259986 99.979939
09/26 06:50:40 PM train 750 2.734000e-02 99.265563 99.981275
09/26 06:50:43 PM train_acc 99.260000
09/26 06:50:43 PM valid 000 1.612242e-01 96.875000 100.000000
09/26 06:50:44 PM valid 050 1.927899e-01 96.017157 99.846814
09/26 06:50:46 PM valid 100 2.000059e-01 95.900371 99.876238
09/26 06:50:47 PM valid 150 1.954011e-01 95.923013 99.886175
09/26 06:50:47 PM valid_acc 95.920000, best_acc 96.330000
09/26 06:50:47 PM epoch 515 lr 1.162285e-03
09/26 06:50:47 PM train 000 2.336502e-03 100.000000 100.000000
09/26 06:50:51 PM train 050 2.576252e-02 99.142157 100.000000
09/26 06:50:56 PM train 100 2.544320e-02 99.211015 100.000000
09/26 06:51:00 PM train 150 2.762660e-02 99.203228 99.989652
09/26 06:51:04 PM train 200 2.828794e-02 99.238184 99.992226
09/26 06:51:08 PM train 250 2.821959e-02 99.203187 99.993775
09/26 06:51:12 PM train 300 2.908383e-02 99.164244 99.994809
09/26 06:51:17 PM train 350 2.883084e-02 99.163105 99.995548
09/26 06:51:21 PM train 400 2.763489e-02 99.205112 99.996103
09/26 06:51:25 PM train 450 2.728826e-02 99.223947 99.996535
09/26 06:51:29 PM train 500 2.723664e-02 99.226547 99.993762
09/26 06:51:33 PM train 550 2.652363e-02 99.248525 99.988657
09/26 06:51:38 PM train 600 2.656572e-02 99.259047 99.987001
09/26 06:51:42 PM train 650 2.613263e-02 99.272753 99.983199
09/26 06:51:46 PM train 700 2.569690e-02 99.288962 99.984397
09/26 06:51:50 PM train 750 2.545889e-02 99.305093 99.985436
09/26 06:51:53 PM train_acc 99.308000
09/26 06:51:53 PM valid 000 1.352975e-01 96.875000 100.000000
09/26 06:51:54 PM valid 050 1.828821e-01 96.476716 99.846814
09/26 06:51:55 PM valid 100 1.956817e-01 96.240718 99.860767
09/26 06:51:57 PM valid 150 1.871225e-01 96.264487 99.886175
09/26 06:51:57 PM valid_acc 96.270000, best_acc 96.330000
09/26 06:51:57 PM epoch 516 lr 1.134883e-03
09/26 06:51:57 PM train 000 2.981826e-03 100.000000 100.000000
09/26 06:52:01 PM train 050 2.837502e-02 99.203431 99.908088
09/26 06:52:05 PM train 100 2.469020e-02 99.365718 99.953589
09/26 06:52:10 PM train 150 2.391048e-02 99.379139 99.958609
09/26 06:52:14 PM train 200 2.389479e-02 99.393657 99.961132
09/26 06:52:18 PM train 250 2.394023e-02 99.377490 99.968875
09/26 06:52:22 PM train 300 2.355705e-02 99.371885 99.974045
09/26 06:52:27 PM train 350 2.381358e-02 99.354523 99.977742
09/26 06:52:31 PM train 400 2.352208e-02 99.357076 99.980517
09/26 06:52:35 PM train 450 2.383288e-02 99.324418 99.979213
09/26 06:52:39 PM train 500 2.421968e-02 99.316991 99.981287
09/26 06:52:44 PM train 550 2.378770e-02 99.322255 99.982985
09/26 06:52:48 PM train 600 2.356115e-02 99.318844 99.984401
09/26 06:52:52 PM train 650 2.361828e-02 99.315956 99.985599
09/26 06:52:56 PM train 700 2.418855e-02 99.306794 99.986626
09/26 06:53:00 PM train 750 2.391760e-02 99.334221 99.987517
09/26 06:53:03 PM train_acc 99.340000
09/26 06:53:03 PM valid 000 1.404567e-01 96.875000 100.000000
09/26 06:53:04 PM valid 050 1.840925e-01 96.476716 99.877451
09/26 06:53:06 PM valid 100 1.898619e-01 96.178837 99.891708
09/26 06:53:07 PM valid 150 1.845942e-01 96.254139 99.906871
09/26 06:53:07 PM valid_acc 96.260000, best_acc 96.330000
09/26 06:53:07 PM epoch 517 lr 1.107794e-03
09/26 06:53:07 PM train 000 2.305828e-02 98.437500 100.000000
09/26 06:53:11 PM train 050 2.287081e-02 99.234069 99.969363
09/26 06:53:16 PM train 100 2.350331e-02 99.257426 99.984530
09/26 06:53:20 PM train 150 2.356549e-02 99.296358 99.989652
09/26 06:53:24 PM train 200 2.300157e-02 99.277052 99.992226
09/26 06:53:28 PM train 250 2.219484e-02 99.352590 99.993775
09/26 06:53:32 PM train 300 2.321946e-02 99.319975 99.994809
09/26 06:53:37 PM train 350 2.351842e-02 99.336717 99.995548
09/26 06:53:41 PM train 400 2.338979e-02 99.357076 99.996103
09/26 06:53:45 PM train 450 2.307799e-02 99.379850 99.996535
09/26 06:53:49 PM train 500 2.352048e-02 99.363772 99.996881
09/26 06:53:54 PM train 550 2.305978e-02 99.381806 99.997164
09/26 06:53:58 PM train 600 2.312642e-02 99.373440 99.997400
09/26 06:54:02 PM train 650 2.280512e-02 99.380760 99.997600
09/26 06:54:06 PM train 700 2.323591e-02 99.362518 99.997771
09/26 06:54:11 PM train 750 2.304879e-02 99.357107 99.997919
09/26 06:54:13 PM train_acc 99.356000
09/26 06:54:13 PM valid 000 1.349743e-01 93.750000 100.000000
09/26 06:54:15 PM valid 050 1.981383e-01 96.139706 99.846814
09/26 06:54:16 PM valid 100 2.043743e-01 96.163366 99.860767
09/26 06:54:17 PM valid 150 1.995104e-01 96.202401 99.875828
09/26 06:54:17 PM valid_acc 96.220000, best_acc 96.330000
09/26 06:54:17 PM epoch 518 lr 1.081016e-03
09/26 06:54:18 PM train 000 7.722070e-03 100.000000 100.000000
09/26 06:54:22 PM train 050 1.739068e-02 99.479167 100.000000
09/26 06:54:26 PM train 100 2.090694e-02 99.365718 99.969059
09/26 06:54:30 PM train 150 2.459871e-02 99.254967 99.968957
09/26 06:54:34 PM train 200 2.385793e-02 99.292600 99.961132
09/26 06:54:39 PM train 250 2.414534e-02 99.290339 99.956424
09/26 06:54:43 PM train 300 2.428938e-02 99.304402 99.963663
09/26 06:54:47 PM train 350 2.460403e-02 99.314459 99.964387
09/26 06:54:52 PM train 400 2.444315e-02 99.306421 99.968828
09/26 06:54:56 PM train 450 2.459201e-02 99.286308 99.965355
09/26 06:55:00 PM train 500 2.453987e-02 99.295160 99.968812
09/26 06:55:04 PM train 550 2.484507e-02 99.291062 99.971642
09/26 06:55:09 PM train 600 2.491483e-02 99.290245 99.971402
09/26 06:55:13 PM train 650 2.475774e-02 99.294355 99.973598
09/26 06:55:17 PM train 700 2.450853e-02 99.311252 99.975481
09/26 06:55:21 PM train 750 2.439193e-02 99.315496 99.977114
09/26 06:55:24 PM train_acc 99.326000
09/26 06:55:24 PM valid 000 2.082311e-01 95.312500 100.000000
09/26 06:55:25 PM valid 050 1.939465e-01 96.231618 99.877451
09/26 06:55:26 PM valid 100 1.993028e-01 96.163366 99.860767
09/26 06:55:28 PM valid 150 1.900883e-01 96.326573 99.886175
09/26 06:55:28 PM valid_acc 96.320000, best_acc 96.330000
09/26 06:55:28 PM epoch 519 lr 1.054552e-03
09/26 06:55:28 PM train 000 5.130387e-02 98.437500 100.000000
09/26 06:55:32 PM train 050 2.349973e-02 99.448529 100.000000
09/26 06:55:37 PM train 100 2.257379e-02 99.365718 100.000000
09/26 06:55:41 PM train 150 2.360659e-02 99.317053 99.979305
09/26 06:55:45 PM train 200 2.312931e-02 99.315920 99.984453
09/26 06:55:49 PM train 250 2.367441e-02 99.290339 99.981325
09/26 06:55:53 PM train 300 2.349758e-02 99.278447 99.984427
09/26 06:55:58 PM train 350 2.332001e-02 99.310007 99.986645
09/26 06:56:02 PM train 400 2.370661e-02 99.298628 99.984414
09/26 06:56:06 PM train 450 2.381459e-02 99.296702 99.982677
09/26 06:56:10 PM train 500 2.398941e-02 99.301397 99.984406
09/26 06:56:15 PM train 550 2.395065e-02 99.299569 99.985821
09/26 06:56:19 PM train 600 2.336004e-02 99.318844 99.987001
09/26 06:56:23 PM train 650 2.326939e-02 99.327957 99.985599
09/26 06:56:27 PM train 700 2.338509e-02 99.331312 99.984397
09/26 06:56:32 PM train 750 2.347861e-02 99.330060 99.981275
09/26 06:56:34 PM train_acc 99.328000
09/26 06:56:34 PM valid 000 8.883403e-02 95.312500 100.000000
09/26 06:56:36 PM valid 050 1.909007e-01 96.323529 99.816176
09/26 06:56:37 PM valid 100 1.990777e-01 96.240718 99.845297
09/26 06:56:38 PM valid 150 1.944579e-01 96.326573 99.865480
09/26 06:56:38 PM valid_acc 96.320000, best_acc 96.330000
09/26 06:56:38 PM epoch 520 lr 1.028401e-03
09/26 06:56:39 PM train 000 2.556087e-03 100.000000 100.000000
09/26 06:56:43 PM train 050 2.343868e-02 99.387255 99.938725
09/26 06:56:47 PM train 100 2.137768e-02 99.443069 99.969059
09/26 06:56:51 PM train 150 2.208277e-02 99.389487 99.968957
09/26 06:56:55 PM train 200 2.282451e-02 99.323694 99.976679
09/26 06:57:00 PM train 250 2.132945e-02 99.389940 99.981325
09/26 06:57:04 PM train 300 2.294089e-02 99.361503 99.984427
09/26 06:57:08 PM train 350 2.219124e-02 99.381232 99.986645
09/26 06:57:12 PM train 400 2.215838e-02 99.396041 99.988310
09/26 06:57:17 PM train 450 2.240204e-02 99.397173 99.975748
09/26 06:57:21 PM train 500 2.231062e-02 99.391841 99.978169
09/26 06:57:25 PM train 550 2.331186e-02 99.367627 99.977314
09/26 06:57:29 PM train 600 2.390976e-02 99.339642 99.979201
09/26 06:57:34 PM train 650 2.405765e-02 99.339958 99.980799
09/26 06:57:38 PM train 700 2.403134e-02 99.333541 99.979939
09/26 06:57:42 PM train 750 2.365149e-02 99.342543 99.981275
09/26 06:57:45 PM train_acc 99.330000
09/26 06:57:45 PM valid 000 1.473532e-01 95.312500 100.000000
09/26 06:57:46 PM valid 050 2.035763e-01 96.200980 99.908088
09/26 06:57:47 PM valid 100 2.091854e-01 96.024134 99.876238
09/26 06:57:48 PM valid 150 2.004834e-01 96.057533 99.886175
09/26 06:57:48 PM valid_acc 96.070000, best_acc 96.330000
09/26 06:57:49 PM epoch 521 lr 1.002565e-03
09/26 06:57:49 PM train 000 5.081463e-02 98.437500 100.000000
09/26 06:57:53 PM train 050 1.919543e-02 99.479167 99.969363
09/26 06:57:57 PM train 100 2.146936e-02 99.458540 99.969059
09/26 06:58:01 PM train 150 2.242211e-02 99.461921 99.979305
09/26 06:58:06 PM train 200 2.325593e-02 99.378109 99.976679
09/26 06:58:10 PM train 250 2.364354e-02 99.365040 99.981325
09/26 06:58:14 PM train 300 2.335016e-02 99.361503 99.979236
09/26 06:58:18 PM train 350 2.305222e-02 99.372329 99.982194
09/26 06:58:22 PM train 400 2.259274e-02 99.380455 99.980517
09/26 06:58:26 PM train 450 2.278411e-02 99.376386 99.979213
09/26 06:58:31 PM train 500 2.240045e-02 99.394960 99.978169
09/26 06:58:35 PM train 550 2.342412e-02 99.373299 99.977314
09/26 06:58:39 PM train 600 2.300878e-02 99.378640 99.979201
09/26 06:58:43 PM train 650 2.249875e-02 99.392761 99.978399
09/26 06:58:47 PM train 700 2.278851e-02 99.380350 99.977710
09/26 06:58:52 PM train 750 2.245988e-02 99.388316 99.979194
09/26 06:58:54 PM train_acc 99.372000
09/26 06:58:54 PM valid 000 1.501185e-01 95.312500 100.000000
09/26 06:58:56 PM valid 050 1.911880e-01 96.139706 99.938725
09/26 06:58:57 PM valid 100 1.978011e-01 95.962252 99.938119
09/26 06:58:58 PM valid 150 1.878850e-01 96.057533 99.937914
09/26 06:58:58 PM valid_acc 96.050000, best_acc 96.330000
09/26 06:58:58 PM epoch 522 lr 9.770447e-04
09/26 06:58:58 PM train 000 3.476517e-02 100.000000 100.000000
09/26 06:59:03 PM train 050 2.631697e-02 99.264706 100.000000
09/26 06:59:07 PM train 100 2.253049e-02 99.319307 100.000000
09/26 06:59:11 PM train 150 2.336228e-02 99.337748 100.000000
09/26 06:59:15 PM train 200 2.379215e-02 99.292600 100.000000
09/26 06:59:19 PM train 250 2.444515e-02 99.309014 100.000000
09/26 06:59:24 PM train 300 2.416111e-02 99.319975 100.000000
09/26 06:59:28 PM train 350 2.371988e-02 99.341168 100.000000
09/26 06:59:32 PM train 400 2.353260e-02 99.345387 99.996103
09/26 06:59:36 PM train 450 2.311601e-02 99.379850 99.996535
09/26 06:59:40 PM train 500 2.283341e-02 99.385604 99.993762
09/26 06:59:45 PM train 550 2.264034e-02 99.381806 99.994328
09/26 06:59:49 PM train 600 2.267600e-02 99.376040 99.994800
09/26 06:59:53 PM train 650 2.315700e-02 99.366359 99.995200
09/26 06:59:57 PM train 700 2.324257e-02 99.353602 99.993313
09/26 07:00:01 PM train 750 2.329964e-02 99.355027 99.993758
09/26 07:00:04 PM train_acc 99.360000
09/26 07:00:04 PM valid 000 2.773637e-01 95.312500 100.000000
09/26 07:00:05 PM valid 050 2.015753e-01 96.109069 99.908088
09/26 07:00:06 PM valid 100 2.039384e-01 96.039604 99.922649
09/26 07:00:08 PM valid 150 1.944415e-01 96.181705 99.927566
09/26 07:00:08 PM valid_acc 96.190000, best_acc 96.330000
09/26 07:00:08 PM epoch 523 lr 9.518398e-04
09/26 07:00:08 PM train 000 6.061130e-02 98.437500 100.000000
09/26 07:00:12 PM train 050 2.846947e-02 99.325980 100.000000
09/26 07:00:16 PM train 100 2.691671e-02 99.303837 99.984530
09/26 07:00:21 PM train 150 2.483596e-02 99.358444 99.989652
09/26 07:00:25 PM train 200 2.571747e-02 99.354789 99.992226
09/26 07:00:29 PM train 250 2.420289e-02 99.377490 99.981325
09/26 07:00:33 PM train 300 2.261979e-02 99.434178 99.984427
09/26 07:00:37 PM train 350 2.267765e-02 99.399038 99.977742
09/26 07:00:42 PM train 400 2.280621e-02 99.403834 99.972724
09/26 07:00:46 PM train 450 2.261383e-02 99.383315 99.975748
09/26 07:00:50 PM train 500 2.276272e-02 99.354416 99.978169
09/26 07:00:54 PM train 550 2.245100e-02 99.356284 99.980150
09/26 07:00:58 PM train 600 2.202044e-02 99.370840 99.979201
09/26 07:01:02 PM train 650 2.168494e-02 99.395161 99.980799
09/26 07:01:07 PM train 700 2.152084e-02 99.400410 99.982168
09/26 07:01:11 PM train 750 2.184077e-02 99.390396 99.983356
09/26 07:01:13 PM train_acc 99.394000
09/26 07:01:13 PM valid 000 1.569831e-01 96.875000 100.000000
09/26 07:01:15 PM valid 050 1.940186e-01 96.292892 99.846814
09/26 07:01:16 PM valid 100 1.962962e-01 96.256188 99.860767
09/26 07:01:17 PM valid 150 1.853228e-01 96.399007 99.886175
09/26 07:01:17 PM valid_acc 96.400000, best_acc 96.400000
09/26 07:01:17 PM epoch 524 lr 9.269515e-04
09/26 07:01:18 PM train 000 1.894241e-02 100.000000 100.000000
09/26 07:01:22 PM train 050 2.189014e-02 99.571078 99.969363
09/26 07:01:26 PM train 100 1.965733e-02 99.535891 99.984530
09/26 07:01:30 PM train 150 2.198767e-02 99.441225 99.979305
09/26 07:01:34 PM train 200 2.145283e-02 99.409204 99.976679
09/26 07:01:39 PM train 250 2.167590e-02 99.414841 99.975100
09/26 07:01:43 PM train 300 2.092643e-02 99.439369 99.979236
09/26 07:01:47 PM train 350 2.079539e-02 99.461360 99.982194
09/26 07:01:51 PM train 400 2.069901e-02 99.466178 99.972724
09/26 07:01:56 PM train 450 2.048973e-02 99.476857 99.975748
09/26 07:02:00 PM train 500 2.046787e-02 99.482285 99.975050
09/26 07:02:04 PM train 550 2.075889e-02 99.469714 99.974478
09/26 07:02:08 PM train 600 2.088066e-02 99.474834 99.974002
09/26 07:02:12 PM train 650 2.051801e-02 99.483967 99.973598
09/26 07:02:16 PM train 700 2.106022e-02 99.462821 99.975481
09/26 07:02:21 PM train 750 2.089749e-02 99.463216 99.977114
09/26 07:02:23 PM train_acc 99.466000
09/26 07:02:23 PM valid 000 2.933734e-01 93.750000 100.000000
09/26 07:02:25 PM valid 050 2.040117e-01 96.170343 99.938725
09/26 07:02:26 PM valid 100 2.055190e-01 95.946782 99.922649
09/26 07:02:27 PM valid 150 1.976464e-01 96.047185 99.917219
09/26 07:02:27 PM valid_acc 96.050000, best_acc 96.400000
09/26 07:02:27 PM epoch 525 lr 9.023805e-04
09/26 07:02:27 PM train 000 4.322965e-03 100.000000 100.000000
09/26 07:02:32 PM train 050 2.281364e-02 99.356618 100.000000
09/26 07:02:36 PM train 100 2.204433e-02 99.427599 100.000000
09/26 07:02:40 PM train 150 2.213576e-02 99.399834 99.968957
09/26 07:02:44 PM train 200 2.435927e-02 99.300373 99.968905
09/26 07:02:49 PM train 250 2.449448e-02 99.321464 99.975100
09/26 07:02:53 PM train 300 2.466186e-02 99.304402 99.979236
09/26 07:02:57 PM train 350 2.325774e-02 99.341168 99.982194
09/26 07:03:01 PM train 400 2.295831e-02 99.341490 99.984414
09/26 07:03:05 PM train 450 2.248529e-02 99.355599 99.986142
09/26 07:03:09 PM train 500 2.210976e-02 99.370010 99.987525
09/26 07:03:14 PM train 550 2.149833e-02 99.393149 99.988657
09/26 07:03:18 PM train 600 2.173132e-02 99.391639 99.989601
09/26 07:03:22 PM train 650 2.151869e-02 99.404762 99.990399
09/26 07:03:26 PM train 700 2.128948e-02 99.411555 99.991084
09/26 07:03:30 PM train 750 2.133730e-02 99.413282 99.991678
09/26 07:03:33 PM train_acc 99.410000
09/26 07:03:33 PM valid 000 1.907517e-01 95.312500 100.000000
09/26 07:03:34 PM valid 050 1.905855e-01 96.354167 99.908088
09/26 07:03:35 PM valid 100 1.978940e-01 96.116955 99.907178
09/26 07:03:37 PM valid 150 1.893898e-01 96.295530 99.917219
09/26 07:03:37 PM valid_acc 96.290000, best_acc 96.400000
09/26 07:03:37 PM epoch 526 lr 8.781275e-04
09/26 07:03:37 PM train 000 1.621718e-02 100.000000 100.000000
09/26 07:03:41 PM train 050 1.692561e-02 99.571078 100.000000
09/26 07:03:46 PM train 100 1.854479e-02 99.474010 100.000000
09/26 07:03:50 PM train 150 2.017323e-02 99.513659 100.000000
09/26 07:03:54 PM train 200 1.910012e-02 99.533582 100.000000
09/26 07:03:58 PM train 250 1.860267e-02 99.539343 99.993775
09/26 07:04:02 PM train 300 1.900589e-02 99.527616 99.979236
09/26 07:04:06 PM train 350 1.996333e-02 99.488070 99.977742
09/26 07:04:11 PM train 400 2.055393e-02 99.466178 99.980517
09/26 07:04:15 PM train 450 2.032196e-02 99.476857 99.975748
09/26 07:04:19 PM train 500 2.002559e-02 99.466692 99.975050
09/26 07:04:23 PM train 550 2.029470e-02 99.458371 99.977314
09/26 07:04:27 PM train 600 2.007385e-02 99.469634 99.979201
09/26 07:04:31 PM train 650 2.056456e-02 99.464766 99.978399
09/26 07:04:36 PM train 700 2.120635e-02 99.440531 99.977710
09/26 07:04:40 PM train 750 2.186976e-02 99.434088 99.977114
09/26 07:04:43 PM train_acc 99.438000
09/26 07:04:43 PM valid 000 2.407167e-01 95.312500 100.000000
09/26 07:04:44 PM valid 050 1.975512e-01 96.170343 99.908088
09/26 07:04:45 PM valid 100 1.983484e-01 96.055074 99.907178
09/26 07:04:46 PM valid 150 1.909561e-01 96.098924 99.917219
09/26 07:04:46 PM valid_acc 96.110000, best_acc 96.400000
09/26 07:04:46 PM epoch 527 lr 8.541931e-04
09/26 07:04:47 PM train 000 9.384396e-04 100.000000 100.000000
09/26 07:04:51 PM train 050 2.327012e-02 99.540441 99.908088
09/26 07:04:55 PM train 100 2.397634e-02 99.396658 99.938119
09/26 07:04:59 PM train 150 2.748072e-02 99.337748 99.937914
09/26 07:05:03 PM train 200 2.599819e-02 99.339241 99.945585
09/26 07:05:08 PM train 250 2.441958e-02 99.383715 99.956424
09/26 07:05:12 PM train 300 2.424719e-02 99.403032 99.963663
09/26 07:05:16 PM train 350 2.431013e-02 99.390135 99.964387
09/26 07:05:20 PM train 400 2.405931e-02 99.392145 99.968828
09/26 07:05:24 PM train 450 2.402584e-02 99.393708 99.972284
09/26 07:05:29 PM train 500 2.345532e-02 99.407435 99.975050
09/26 07:05:33 PM train 550 2.315579e-02 99.415835 99.974478
09/26 07:05:37 PM train 600 2.325607e-02 99.422837 99.976601
09/26 07:05:41 PM train 650 2.300751e-02 99.421563 99.978399
09/26 07:05:45 PM train 700 2.248167e-02 99.436073 99.979939
09/26 07:05:50 PM train 750 2.256100e-02 99.434088 99.981275
09/26 07:05:52 PM train_acc 99.434000
09/26 07:05:52 PM valid 000 1.143100e-01 95.312500 100.000000
09/26 07:05:53 PM valid 050 1.933296e-01 96.292892 99.846814
09/26 07:05:55 PM valid 100 1.966213e-01 96.163366 99.876238
09/26 07:05:56 PM valid 150 1.862696e-01 96.274834 99.906871
09/26 07:05:56 PM valid_acc 96.280000, best_acc 96.400000
09/26 07:05:56 PM epoch 528 lr 8.305780e-04
09/26 07:05:56 PM train 000 5.127268e-02 98.437500 100.000000
09/26 07:06:01 PM train 050 2.264606e-02 99.356618 100.000000
09/26 07:06:05 PM train 100 2.311467e-02 99.412129 99.984530
09/26 07:06:09 PM train 150 2.000971e-02 99.492964 99.979305
09/26 07:06:13 PM train 200 2.157923e-02 99.455846 99.976679
09/26 07:06:17 PM train 250 2.259463e-02 99.439741 99.981325
09/26 07:06:21 PM train 300 2.359856e-02 99.418605 99.984427
09/26 07:06:26 PM train 350 2.358889e-02 99.421296 99.982194
09/26 07:06:30 PM train 400 2.338850e-02 99.419420 99.976621
09/26 07:06:34 PM train 450 2.338539e-02 99.411031 99.979213
09/26 07:06:38 PM train 500 2.294917e-02 99.426148 99.978169
09/26 07:06:42 PM train 550 2.286099e-02 99.432849 99.980150
09/26 07:06:47 PM train 600 2.233067e-02 99.448835 99.979201
09/26 07:06:51 PM train 650 2.253441e-02 99.431164 99.980799
09/26 07:06:55 PM train 700 2.252165e-02 99.442760 99.982168
09/26 07:06:59 PM train 750 2.236483e-02 99.436168 99.983356
09/26 07:07:02 PM train_acc 99.436000
09/26 07:07:02 PM valid 000 2.023642e-01 95.312500 100.000000
09/26 07:07:03 PM valid 050 1.915534e-01 96.231618 99.938725
09/26 07:07:04 PM valid 100 1.998266e-01 96.132426 99.907178
09/26 07:07:05 PM valid 150 1.875163e-01 96.233444 99.927566
09/26 07:07:06 PM valid_acc 96.240000, best_acc 96.400000
09/26 07:07:06 PM epoch 529 lr 8.072828e-04
09/26 07:07:06 PM train 000 3.899348e-03 100.000000 100.000000
09/26 07:07:10 PM train 050 1.984508e-02 99.571078 100.000000
09/26 07:07:14 PM train 100 1.899680e-02 99.535891 100.000000
09/26 07:07:19 PM train 150 2.160931e-02 99.513659 99.989652
09/26 07:07:23 PM train 200 2.093475e-02 99.510261 99.984453
09/26 07:07:27 PM train 250 2.096302e-02 99.483317 99.987550
09/26 07:07:31 PM train 300 1.983131e-02 99.522425 99.984427
09/26 07:07:36 PM train 350 2.051487e-02 99.501425 99.986645
09/26 07:07:40 PM train 400 2.014888e-02 99.497350 99.988310
09/26 07:07:44 PM train 450 1.948259e-02 99.511502 99.989606
09/26 07:07:48 PM train 500 1.986077e-02 99.510354 99.984406
09/26 07:07:53 PM train 550 2.010681e-02 99.489564 99.985821
09/26 07:07:57 PM train 600 1.997006e-02 99.487833 99.987001
09/26 07:08:01 PM train 650 1.995434e-02 99.483967 99.987999
09/26 07:08:05 PM train 700 2.006925e-02 99.487340 99.988855
09/26 07:08:09 PM train 750 2.014092e-02 99.477780 99.987517
09/26 07:08:12 PM train_acc 99.478000
09/26 07:08:12 PM valid 000 1.488393e-01 95.312500 100.000000
09/26 07:08:13 PM valid 050 1.853537e-01 96.384804 99.846814
09/26 07:08:15 PM valid 100 1.949171e-01 96.271658 99.860767
09/26 07:08:16 PM valid 150 1.839241e-01 96.326573 99.875828
09/26 07:08:16 PM valid_acc 96.330000, best_acc 96.400000
09/26 07:08:16 PM epoch 530 lr 7.843082e-04
09/26 07:08:16 PM train 000 3.072940e-02 98.437500 100.000000
09/26 07:08:21 PM train 050 2.128871e-02 99.448529 99.969363
09/26 07:08:25 PM train 100 1.894869e-02 99.504950 99.922649
09/26 07:08:29 PM train 150 1.760287e-02 99.534354 99.948262
09/26 07:08:33 PM train 200 1.880299e-02 99.518035 99.961132
09/26 07:08:37 PM train 250 1.876252e-02 99.539343 99.968875
09/26 07:08:42 PM train 300 1.981056e-02 99.517234 99.974045
09/26 07:08:46 PM train 350 1.983030e-02 99.523682 99.977742
09/26 07:08:50 PM train 400 1.949863e-02 99.524626 99.980517
09/26 07:08:54 PM train 450 2.013026e-02 99.511502 99.979213
09/26 07:08:59 PM train 500 2.031691e-02 99.507236 99.981287
09/26 07:09:03 PM train 550 2.032894e-02 99.509415 99.980150
09/26 07:09:07 PM train 600 2.018636e-02 99.503432 99.974002
09/26 07:09:11 PM train 650 2.010950e-02 99.498368 99.975998
09/26 07:09:15 PM train 700 2.009320e-02 99.491797 99.973252
09/26 07:09:20 PM train 750 2.022992e-02 99.488182 99.970872
09/26 07:09:22 PM train_acc 99.480000
09/26 07:09:22 PM valid 000 1.751864e-01 95.312500 100.000000
09/26 07:09:24 PM valid 050 1.957963e-01 96.323529 99.846814
09/26 07:09:25 PM valid 100 1.986163e-01 96.225248 99.891708
09/26 07:09:26 PM valid 150 1.923949e-01 96.254139 99.906871
09/26 07:09:26 PM valid_acc 96.260000, best_acc 96.400000
09/26 07:09:26 PM epoch 531 lr 7.616547e-04
09/26 07:09:26 PM train 000 2.655970e-03 100.000000 100.000000
09/26 07:09:31 PM train 050 2.530687e-02 99.325980 100.000000
09/26 07:09:35 PM train 100 2.387132e-02 99.427599 100.000000
09/26 07:09:39 PM train 150 2.156067e-02 99.472268 99.989652
09/26 07:09:43 PM train 200 2.100842e-02 99.471393 99.992226
09/26 07:09:48 PM train 250 2.020317e-02 99.483317 99.993775
09/26 07:09:52 PM train 300 1.984909e-02 99.486088 99.994809
09/26 07:09:56 PM train 350 1.988601e-02 99.492521 99.991097
09/26 07:10:00 PM train 400 1.987552e-02 99.485661 99.992207
09/26 07:10:04 PM train 450 1.999237e-02 99.473392 99.989606
09/26 07:10:09 PM train 500 2.035229e-02 99.472929 99.987525
09/26 07:10:13 PM train 550 2.006504e-02 99.475386 99.988657
09/26 07:10:17 PM train 600 2.007775e-02 99.467034 99.989601
09/26 07:10:21 PM train 650 1.989316e-02 99.464766 99.990399
09/26 07:10:25 PM train 700 2.011342e-02 99.458363 99.988855
09/26 07:10:30 PM train 750 2.012317e-02 99.467377 99.989597
09/26 07:10:32 PM train_acc 99.464000
09/26 07:10:32 PM valid 000 9.273270e-02 93.750000 100.000000
09/26 07:10:34 PM valid 050 1.873788e-01 96.384804 99.877451
09/26 07:10:35 PM valid 100 1.968044e-01 96.116955 99.891708
09/26 07:10:36 PM valid 150 1.883358e-01 96.171358 99.917219
09/26 07:10:36 PM valid_acc 96.200000, best_acc 96.400000
09/26 07:10:36 PM epoch 532 lr 7.393231e-04
09/26 07:10:36 PM train 000 7.971569e-03 100.000000 100.000000
09/26 07:10:41 PM train 050 1.645532e-02 99.632353 100.000000
09/26 07:10:45 PM train 100 1.931454e-02 99.489480 99.984530
09/26 07:10:49 PM train 150 2.206460e-02 99.430877 99.968957
09/26 07:10:53 PM train 200 2.194900e-02 99.455846 99.976679
09/26 07:10:57 PM train 250 2.191293e-02 99.445966 99.981325
09/26 07:11:02 PM train 300 2.197603e-02 99.454942 99.984427
09/26 07:11:06 PM train 350 2.206247e-02 99.430199 99.982194
09/26 07:11:10 PM train 400 2.123569e-02 99.473971 99.980517
09/26 07:11:14 PM train 450 2.170214e-02 99.469928 99.979213
09/26 07:11:19 PM train 500 2.180156e-02 99.460454 99.981287
09/26 07:11:23 PM train 550 2.168707e-02 99.469714 99.977314
09/26 07:11:27 PM train 600 2.127228e-02 99.482633 99.979201
09/26 07:11:31 PM train 650 2.090586e-02 99.498368 99.980799
09/26 07:11:35 PM train 700 2.142287e-02 99.476195 99.982168
09/26 07:11:40 PM train 750 2.118663e-02 99.473619 99.983356
09/26 07:11:42 PM train_acc 99.484000
09/26 07:11:42 PM valid 000 1.696557e-01 95.312500 100.000000
09/26 07:11:44 PM valid 050 1.913342e-01 96.476716 99.877451
09/26 07:11:45 PM valid 100 1.970362e-01 96.318069 99.907178
09/26 07:11:46 PM valid 150 1.887610e-01 96.409354 99.906871
09/26 07:11:46 PM valid_acc 96.410000, best_acc 96.410000
09/26 07:11:46 PM epoch 533 lr 7.173140e-04
09/26 07:11:46 PM train 000 6.431440e-04 100.000000 100.000000
09/26 07:11:50 PM train 050 1.951539e-02 99.417892 99.969363
09/26 07:11:55 PM train 100 2.044733e-02 99.474010 99.984530
09/26 07:11:59 PM train 150 2.025414e-02 99.503311 99.989652
09/26 07:12:03 PM train 200 2.010885e-02 99.502488 99.992226
09/26 07:12:07 PM train 250 1.870140e-02 99.539343 99.993775
09/26 07:12:11 PM train 300 1.894460e-02 99.548380 99.994809
09/26 07:12:16 PM train 350 1.972327e-02 99.523682 99.991097
09/26 07:12:20 PM train 400 2.081020e-02 99.493454 99.984414
09/26 07:12:24 PM train 450 2.058706e-02 99.504573 99.986142
09/26 07:12:28 PM train 500 2.004645e-02 99.519711 99.984406
09/26 07:12:32 PM train 550 1.995838e-02 99.526429 99.982985
09/26 07:12:37 PM train 600 1.999328e-02 99.524230 99.984401
09/26 07:12:41 PM train 650 1.981196e-02 99.534370 99.985599
09/26 07:12:45 PM train 700 1.952822e-02 99.540835 99.984397
09/26 07:12:49 PM train 750 1.925834e-02 99.540196 99.985436
09/26 07:12:52 PM train_acc 99.532000
09/26 07:12:52 PM valid 000 1.011622e-01 95.312500 100.000000
09/26 07:12:53 PM valid 050 1.946343e-01 96.384804 99.816176
09/26 07:12:54 PM valid 100 2.019506e-01 96.287129 99.860767
09/26 07:12:56 PM valid 150 1.911688e-01 96.295530 99.896523
09/26 07:12:56 PM valid_acc 96.300000, best_acc 96.410000
09/26 07:12:56 PM epoch 534 lr 6.956278e-04
09/26 07:12:56 PM train 000 9.898882e-03 100.000000 100.000000
09/26 07:13:00 PM train 050 2.043373e-02 99.479167 99.938725
09/26 07:13:04 PM train 100 1.904050e-02 99.535891 99.969059
09/26 07:13:09 PM train 150 1.993002e-02 99.503311 99.968957
09/26 07:13:13 PM train 200 1.870254e-02 99.541356 99.976679
09/26 07:13:17 PM train 250 1.860956e-02 99.539343 99.981325
09/26 07:13:21 PM train 300 1.804949e-02 99.537998 99.984427
09/26 07:13:25 PM train 350 1.762480e-02 99.559295 99.986645
09/26 07:13:30 PM train 400 1.720987e-02 99.567488 99.988310
09/26 07:13:34 PM train 450 1.721613e-02 99.560006 99.986142
09/26 07:13:38 PM train 500 1.751302e-02 99.535304 99.981287
09/26 07:13:42 PM train 550 1.751411e-02 99.549115 99.980150
09/26 07:13:46 PM train 600 1.779878e-02 99.537230 99.981801
09/26 07:13:51 PM train 650 1.792667e-02 99.531970 99.980799
09/26 07:13:55 PM train 700 1.810295e-02 99.534148 99.982168
09/26 07:13:59 PM train 750 1.819275e-02 99.533955 99.983356
09/26 07:14:02 PM train_acc 99.532000
09/26 07:14:02 PM valid 000 8.904024e-02 96.875000 100.000000
09/26 07:14:03 PM valid 050 1.905275e-01 96.354167 99.877451
09/26 07:14:04 PM valid 100 2.015432e-01 96.163366 99.907178
09/26 07:14:05 PM valid 150 1.904141e-01 96.285182 99.906871
09/26 07:14:06 PM valid_acc 96.300000, best_acc 96.410000
09/26 07:14:06 PM epoch 535 lr 6.742653e-04
09/26 07:14:06 PM train 000 1.905123e-02 98.437500 100.000000
09/26 07:14:10 PM train 050 2.123746e-02 99.234069 99.969363
09/26 07:14:14 PM train 100 2.092481e-02 99.365718 99.984530
09/26 07:14:18 PM train 150 2.128545e-02 99.389487 99.989652
09/26 07:14:23 PM train 200 2.192227e-02 99.424751 99.992226
09/26 07:14:27 PM train 250 2.099256e-02 99.464641 99.987550
09/26 07:14:31 PM train 300 2.135921e-02 99.465324 99.989618
09/26 07:14:35 PM train 350 2.092402e-02 99.479167 99.986645
09/26 07:14:39 PM train 400 2.057547e-02 99.489557 99.988310
09/26 07:14:44 PM train 450 2.036026e-02 99.490715 99.986142
09/26 07:14:48 PM train 500 1.981946e-02 99.507236 99.987525
09/26 07:14:52 PM train 550 1.972251e-02 99.506579 99.982985
09/26 07:14:56 PM train 600 2.005343e-02 99.495632 99.981801
09/26 07:15:01 PM train 650 2.050680e-02 99.500768 99.978399
09/26 07:15:05 PM train 700 2.026348e-02 99.507400 99.977710
09/26 07:15:09 PM train 750 1.992902e-02 99.515230 99.979194
09/26 07:15:12 PM train_acc 99.524000
09/26 07:15:12 PM valid 000 5.806931e-02 96.875000 100.000000
09/26 07:15:13 PM valid 050 1.906203e-01 96.507353 99.846814
09/26 07:15:15 PM valid 100 1.978095e-01 96.302599 99.876238
09/26 07:15:16 PM valid 150 1.890495e-01 96.347268 99.896523
09/26 07:15:16 PM valid_acc 96.350000, best_acc 96.410000
09/26 07:15:16 PM epoch 536 lr 6.532270e-04
09/26 07:15:16 PM train 000 3.250134e-03 100.000000 100.000000
09/26 07:15:20 PM train 050 1.434020e-02 99.693627 99.969363
09/26 07:15:25 PM train 100 1.552362e-02 99.597772 99.969059
09/26 07:15:29 PM train 150 1.474704e-02 99.637831 99.968957
09/26 07:15:33 PM train 200 1.656322e-02 99.603545 99.976679
09/26 07:15:37 PM train 250 1.717225e-02 99.595369 99.981325
09/26 07:15:41 PM train 300 1.834007e-02 99.579527 99.984427
09/26 07:15:46 PM train 350 1.848043e-02 99.545940 99.982194
09/26 07:15:50 PM train 400 1.923722e-02 99.509040 99.980517
09/26 07:15:54 PM train 450 1.917492e-02 99.518431 99.975748
09/26 07:15:58 PM train 500 1.896471e-02 99.532186 99.978169
09/26 07:16:03 PM train 550 1.899428e-02 99.526429 99.971642
09/26 07:16:07 PM train 600 1.902061e-02 99.524230 99.974002
09/26 07:16:11 PM train 650 1.881777e-02 99.527170 99.975998
09/26 07:16:15 PM train 700 1.868622e-02 99.536377 99.977710
09/26 07:16:19 PM train 750 1.842123e-02 99.540196 99.979194
09/26 07:16:22 PM train_acc 99.536000
09/26 07:16:22 PM valid 000 8.152562e-02 98.437500 100.000000
09/26 07:16:23 PM valid 050 1.945435e-01 96.691176 99.877451
09/26 07:16:25 PM valid 100 2.056303e-01 96.256188 99.891708
09/26 07:16:26 PM valid 150 1.956813e-01 96.305877 99.906871
09/26 07:16:26 PM valid_acc 96.300000, best_acc 96.410000
09/26 07:16:26 PM epoch 537 lr 6.325135e-04
09/26 07:16:26 PM train 000 2.598754e-03 100.000000 100.000000
09/26 07:16:30 PM train 050 1.935262e-02 99.509804 100.000000
09/26 07:16:35 PM train 100 1.739585e-02 99.551361 99.969059
09/26 07:16:39 PM train 150 1.617561e-02 99.586093 99.979305
09/26 07:16:43 PM train 200 1.517440e-02 99.626866 99.984453
09/26 07:16:47 PM train 250 1.677319e-02 99.570468 99.981325
09/26 07:16:52 PM train 300 1.668429e-02 99.548380 99.974045
09/26 07:16:56 PM train 350 1.635195e-02 99.568198 99.977742
09/26 07:17:00 PM train 400 1.632190e-02 99.571384 99.980517
09/26 07:17:04 PM train 450 1.618747e-02 99.580793 99.982677
09/26 07:17:08 PM train 500 1.608030e-02 99.585205 99.984406
09/26 07:17:13 PM train 550 1.632350e-02 99.583144 99.985821
09/26 07:17:17 PM train 600 1.632416e-02 99.581427 99.987001
09/26 07:17:21 PM train 650 1.616921e-02 99.591974 99.987999
09/26 07:17:25 PM train 700 1.616174e-02 99.587643 99.984397
09/26 07:17:29 PM train 750 1.634251e-02 99.575566 99.985436
09/26 07:17:32 PM train_acc 99.574000
09/26 07:17:32 PM valid 000 9.405965e-02 96.875000 100.000000
09/26 07:17:33 PM valid 050 1.887121e-01 96.537990 99.908088
09/26 07:17:35 PM valid 100 1.942730e-01 96.379950 99.891708
09/26 07:17:36 PM valid 150 1.839194e-01 96.471440 99.896523
09/26 07:17:36 PM valid_acc 96.460000, best_acc 96.460000
09/26 07:17:36 PM epoch 538 lr 6.121253e-04
09/26 07:17:36 PM train 000 2.154140e-02 98.437500 100.000000
09/26 07:17:40 PM train 050 1.653917e-02 99.540441 99.969363
09/26 07:17:45 PM train 100 2.049307e-02 99.443069 99.969059
09/26 07:17:49 PM train 150 2.165231e-02 99.379139 99.968957
09/26 07:17:53 PM train 200 1.995096e-02 99.448072 99.976679
09/26 07:17:57 PM train 250 1.982469e-02 99.433516 99.968875
09/26 07:18:01 PM train 300 1.964854e-02 99.439369 99.974045
09/26 07:18:06 PM train 350 1.910765e-02 99.456909 99.973291
09/26 07:18:10 PM train 400 1.906695e-02 99.481764 99.968828
09/26 07:18:14 PM train 450 1.925906e-02 99.487251 99.972284
09/26 07:18:18 PM train 500 1.864708e-02 99.510354 99.971931
09/26 07:18:22 PM train 550 1.836649e-02 99.523593 99.974478
09/26 07:18:26 PM train 600 1.854210e-02 99.511231 99.976601
09/26 07:18:31 PM train 650 1.821471e-02 99.519969 99.978399
09/26 07:18:35 PM train 700 1.813946e-02 99.531919 99.979939
09/26 07:18:39 PM train 750 1.796019e-02 99.540196 99.977114
09/26 07:18:42 PM train_acc 99.542000
09/26 07:18:42 PM valid 000 4.042100e-02 98.437500 100.000000
09/26 07:18:43 PM valid 050 1.823113e-01 96.476716 99.877451
09/26 07:18:44 PM valid 100 1.930745e-01 96.333540 99.876238
09/26 07:18:45 PM valid 150 1.831513e-01 96.523179 99.886175
09/26 07:18:46 PM valid_acc 96.510000, best_acc 96.510000
09/26 07:18:46 PM epoch 539 lr 5.920631e-04
09/26 07:18:46 PM train 000 3.210434e-03 100.000000 100.000000
09/26 07:18:50 PM train 050 1.745757e-02 99.601716 100.000000
09/26 07:18:54 PM train 100 1.815895e-02 99.613243 99.984530
09/26 07:18:58 PM train 150 1.893116e-02 99.575745 99.989652
09/26 07:19:03 PM train 200 1.876471e-02 99.587998 99.992226
09/26 07:19:07 PM train 250 1.801050e-02 99.607819 99.993775
09/26 07:19:11 PM train 300 1.827760e-02 99.600291 99.994809
09/26 07:19:15 PM train 350 1.855323e-02 99.577101 99.986645
09/26 07:19:19 PM train 400 1.851581e-02 99.575281 99.988310
09/26 07:19:24 PM train 450 1.821050e-02 99.580793 99.989606
09/26 07:19:28 PM train 500 1.821851e-02 99.582086 99.987525
09/26 07:19:32 PM train 550 1.826330e-02 99.574637 99.985821
09/26 07:19:36 PM train 600 1.800803e-02 99.584027 99.984401
09/26 07:19:40 PM train 650 1.801902e-02 99.582373 99.985599
09/26 07:19:45 PM train 700 1.762704e-02 99.601016 99.986626
09/26 07:19:49 PM train 750 1.750221e-02 99.610935 99.985436
09/26 07:19:51 PM train_acc 99.596000
09/26 07:19:51 PM valid 000 2.831661e-02 98.437500 100.000000
09/26 07:19:53 PM valid 050 1.869460e-01 96.446078 99.908088
09/26 07:19:54 PM valid 100 1.946730e-01 96.395421 99.907178
09/26 07:19:55 PM valid 150 1.873545e-01 96.461093 99.917219
09/26 07:19:55 PM valid_acc 96.470000, best_acc 96.510000
09/26 07:19:55 PM epoch 540 lr 5.723273e-04
09/26 07:19:56 PM train 000 7.301074e-02 98.437500 100.000000
09/26 07:20:00 PM train 050 1.876817e-02 99.540441 100.000000
09/26 07:20:04 PM train 100 1.675963e-02 99.597772 100.000000
09/26 07:20:08 PM train 150 1.850300e-02 99.555050 99.989652
09/26 07:20:13 PM train 200 1.832176e-02 99.533582 99.984453
09/26 07:20:17 PM train 250 1.794926e-02 99.533118 99.987550
09/26 07:20:21 PM train 300 1.812451e-02 99.527616 99.989618
09/26 07:20:25 PM train 350 1.839909e-02 99.510328 99.991097
09/26 07:20:30 PM train 400 1.833095e-02 99.505143 99.992207
09/26 07:20:34 PM train 450 1.864113e-02 99.514967 99.986142
09/26 07:20:38 PM train 500 1.882212e-02 99.529067 99.987525
09/26 07:20:42 PM train 550 1.894745e-02 99.537772 99.985821
09/26 07:20:46 PM train 600 1.919709e-02 99.532030 99.987001
09/26 07:20:51 PM train 650 1.951962e-02 99.519969 99.987999
09/26 07:20:55 PM train 700 1.983963e-02 99.507400 99.982168
09/26 07:20:59 PM train 750 1.974734e-02 99.502746 99.983356
09/26 07:21:02 PM train_acc 99.498000
09/26 07:21:02 PM valid 000 5.310391e-02 96.875000 100.000000
09/26 07:21:03 PM valid 050 1.890590e-01 96.384804 99.846814
09/26 07:21:04 PM valid 100 1.971044e-01 96.287129 99.860767
09/26 07:21:06 PM valid 150 1.933968e-01 96.305877 99.896523
09/26 07:21:06 PM valid_acc 96.310000, best_acc 96.510000
09/26 07:21:06 PM epoch 541 lr 5.529185e-04
09/26 07:21:06 PM train 000 1.362390e-02 100.000000 100.000000
09/26 07:21:10 PM train 050 2.063870e-02 99.601716 99.969363
09/26 07:21:14 PM train 100 1.823835e-02 99.566832 99.969059
09/26 07:21:19 PM train 150 1.674265e-02 99.596440 99.979305
09/26 07:21:23 PM train 200 1.605040e-02 99.595771 99.984453
09/26 07:21:27 PM train 250 1.619643e-02 99.576693 99.981325
09/26 07:21:32 PM train 300 1.608344e-02 99.579527 99.984427
09/26 07:21:36 PM train 350 1.645685e-02 99.568198 99.986645
09/26 07:21:40 PM train 400 1.678429e-02 99.551901 99.976621
09/26 07:21:44 PM train 450 1.669784e-02 99.563470 99.979213
09/26 07:21:48 PM train 500 1.710839e-02 99.550898 99.978169
09/26 07:21:53 PM train 550 1.731851e-02 99.549115 99.980150
09/26 07:21:57 PM train 600 1.732756e-02 99.560628 99.981801
09/26 07:22:01 PM train 650 1.727162e-02 99.563172 99.983199
09/26 07:22:05 PM train 700 1.726399e-02 99.565353 99.982168
09/26 07:22:10 PM train 750 1.732518e-02 99.558921 99.983356
09/26 07:22:12 PM train_acc 99.558000
09/26 07:22:12 PM valid 000 7.157706e-02 96.875000 100.000000
09/26 07:22:14 PM valid 050 1.849184e-01 96.446078 99.938725
09/26 07:22:15 PM valid 100 1.935125e-01 96.287129 99.922649
09/26 07:22:16 PM valid 150 1.849509e-01 96.367964 99.927566
09/26 07:22:16 PM valid_acc 96.360000, best_acc 96.510000
09/26 07:22:16 PM epoch 542 lr 5.338373e-04
09/26 07:22:16 PM train 000 1.185060e-03 100.000000 100.000000
09/26 07:22:21 PM train 050 1.557400e-02 99.662990 100.000000
09/26 07:22:25 PM train 100 2.142391e-02 99.566832 99.984530
09/26 07:22:29 PM train 150 1.926609e-02 99.606788 99.979305
09/26 07:22:33 PM train 200 1.888223e-02 99.556903 99.976679
09/26 07:22:38 PM train 250 1.729476e-02 99.620269 99.981325
09/26 07:22:42 PM train 300 1.767554e-02 99.621055 99.979236
09/26 07:22:46 PM train 350 1.767501e-02 99.617165 99.973291
09/26 07:22:50 PM train 400 1.732156e-02 99.614246 99.976621
09/26 07:22:54 PM train 450 1.711634e-02 99.622367 99.979213
09/26 07:22:59 PM train 500 1.673506e-02 99.628867 99.981287
09/26 07:23:03 PM train 550 1.701844e-02 99.617173 99.980150
09/26 07:23:07 PM train 600 1.698821e-02 99.615225 99.981801
09/26 07:23:11 PM train 650 1.663336e-02 99.618376 99.983199
09/26 07:23:15 PM train 700 1.729955e-02 99.596558 99.982168
09/26 07:23:20 PM train 750 1.738823e-02 99.588049 99.981275
09/26 07:23:22 PM train_acc 99.592000
09/26 07:23:22 PM valid 000 1.385721e-02 100.000000 100.000000
09/26 07:23:24 PM valid 050 1.914922e-01 96.231618 99.908088
09/26 07:23:25 PM valid 100 1.964286e-01 96.225248 99.891708
09/26 07:23:26 PM valid 150 1.867248e-01 96.399007 99.917219
09/26 07:23:26 PM valid_acc 96.400000, best_acc 96.510000
09/26 07:23:26 PM epoch 543 lr 5.150841e-04
09/26 07:23:27 PM train 000 3.463618e-03 100.000000 100.000000
09/26 07:23:31 PM train 050 1.433024e-02 99.693627 100.000000
09/26 07:23:35 PM train 100 1.560604e-02 99.659653 100.000000
09/26 07:23:39 PM train 150 1.549232e-02 99.658526 100.000000
09/26 07:23:43 PM train 200 1.545956e-02 99.657960 99.984453
09/26 07:23:47 PM train 250 1.524368e-02 99.676295 99.975100
09/26 07:23:52 PM train 300 1.553592e-02 99.683347 99.979236
09/26 07:23:56 PM train 350 1.519308e-02 99.692842 99.982194
09/26 07:24:00 PM train 400 1.550840e-02 99.672693 99.980517
09/26 07:24:04 PM train 450 1.559126e-02 99.663941 99.979213
09/26 07:24:09 PM train 500 1.610830e-02 99.635105 99.978169
09/26 07:24:13 PM train 550 1.641667e-02 99.628516 99.980150
09/26 07:24:17 PM train 600 1.645497e-02 99.620424 99.979201
09/26 07:24:21 PM train 650 1.642427e-02 99.620776 99.980799
09/26 07:24:25 PM train 700 1.655112e-02 99.618848 99.982168
09/26 07:24:30 PM train 750 1.693714e-02 99.608855 99.983356
09/26 07:24:32 PM train_acc 99.608000
09/26 07:24:32 PM valid 000 5.652994e-02 95.312500 100.000000
09/26 07:24:34 PM valid 050 1.947604e-01 96.415441 99.908088
09/26 07:24:35 PM valid 100 1.989737e-01 96.333540 99.860767
09/26 07:24:36 PM valid 150 1.894038e-01 96.378311 99.875828
09/26 07:24:36 PM valid_acc 96.390000, best_acc 96.510000
09/26 07:24:36 PM epoch 544 lr 4.966595e-04
09/26 07:24:36 PM train 000 3.076785e-03 100.000000 100.000000
09/26 07:24:41 PM train 050 1.521094e-02 99.540441 100.000000
09/26 07:24:45 PM train 100 1.521985e-02 99.628713 99.984530
09/26 07:24:49 PM train 150 1.553205e-02 99.606788 99.979305
09/26 07:24:53 PM train 200 1.527485e-02 99.619092 99.984453
09/26 07:24:57 PM train 250 1.610150e-02 99.582918 99.987550
09/26 07:25:02 PM train 300 1.646838e-02 99.579527 99.989618
09/26 07:25:06 PM train 350 1.689192e-02 99.572650 99.991097
09/26 07:25:10 PM train 400 1.706114e-02 99.555798 99.988310
09/26 07:25:14 PM train 450 1.688127e-02 99.549612 99.986142
09/26 07:25:18 PM train 500 1.672637e-02 99.557136 99.987525
09/26 07:25:23 PM train 550 1.692343e-02 99.557623 99.988657
09/26 07:25:27 PM train 600 1.680504e-02 99.560628 99.987001
09/26 07:25:31 PM train 650 1.704287e-02 99.558372 99.983199
09/26 07:25:35 PM train 700 1.722485e-02 99.547521 99.984397
09/26 07:25:39 PM train 750 1.720468e-02 99.548519 99.983356
09/26 07:25:42 PM train_acc 99.552000
09/26 07:25:42 PM valid 000 1.315585e-01 95.312500 100.000000
09/26 07:25:43 PM valid 050 1.972691e-01 96.231618 99.938725
09/26 07:25:44 PM valid 100 2.011148e-01 96.256188 99.938119
09/26 07:25:46 PM valid 150 1.909335e-01 96.481788 99.937914
09/26 07:25:46 PM valid_acc 96.470000, best_acc 96.510000
09/26 07:25:46 PM epoch 545 lr 4.785640e-04
09/26 07:25:46 PM train 000 9.409997e-03 100.000000 100.000000
09/26 07:25:50 PM train 050 1.493017e-02 99.662990 100.000000
09/26 07:25:55 PM train 100 1.686210e-02 99.597772 100.000000
09/26 07:25:59 PM train 150 1.902909e-02 99.524007 99.979305
09/26 07:26:03 PM train 200 1.830574e-02 99.564677 99.968905
09/26 07:26:07 PM train 250 1.724941e-02 99.582918 99.975100
09/26 07:26:11 PM train 300 1.689192e-02 99.600291 99.979236
09/26 07:26:16 PM train 350 1.681663e-02 99.586004 99.977742
09/26 07:26:20 PM train 400 1.766234e-02 99.579177 99.980517
09/26 07:26:24 PM train 450 1.759175e-02 99.587722 99.982677
09/26 07:26:28 PM train 500 1.758678e-02 99.594561 99.984406
09/26 07:26:32 PM train 550 1.794543e-02 99.588816 99.985821
09/26 07:26:36 PM train 600 1.807168e-02 99.576227 99.987001
09/26 07:26:41 PM train 650 1.832986e-02 99.555972 99.985599
09/26 07:26:45 PM train 700 1.810085e-02 99.554208 99.986626
09/26 07:26:49 PM train 750 1.830451e-02 99.550599 99.985436
09/26 07:26:52 PM train_acc 99.560000
09/26 07:26:52 PM valid 000 2.394240e-02 98.437500 100.000000
09/26 07:26:53 PM valid 050 1.876951e-01 96.507353 99.908088
09/26 07:26:54 PM valid 100 1.929599e-01 96.457302 99.922649
09/26 07:26:55 PM valid 150 1.839630e-01 96.512831 99.937914
09/26 07:26:56 PM valid_acc 96.500000, best_acc 96.510000
09/26 07:26:56 PM epoch 546 lr 4.607981e-04
09/26 07:26:56 PM train 000 7.609864e-02 96.875000 100.000000
09/26 07:27:00 PM train 050 1.279494e-02 99.724265 100.000000
09/26 07:27:04 PM train 100 1.450575e-02 99.628713 99.984530
09/26 07:27:08 PM train 150 1.462688e-02 99.617136 99.989652
09/26 07:27:13 PM train 200 1.482902e-02 99.626866 99.984453
09/26 07:27:17 PM train 250 1.610444e-02 99.570468 99.987550
09/26 07:27:21 PM train 300 1.644168e-02 99.574336 99.989618
09/26 07:27:25 PM train 350 1.720415e-02 99.577101 99.986645
09/26 07:27:29 PM train 400 1.690539e-02 99.590867 99.988310
09/26 07:27:34 PM train 450 1.700668e-02 99.598115 99.986142
09/26 07:27:38 PM train 500 1.707071e-02 99.597680 99.987525
09/26 07:27:42 PM train 550 1.697297e-02 99.591652 99.985821
09/26 07:27:46 PM train 600 1.706354e-02 99.589226 99.987001
09/26 07:27:50 PM train 650 1.701495e-02 99.594374 99.987999
09/26 07:27:55 PM train 700 1.715061e-02 99.587643 99.986626
09/26 07:27:59 PM train 750 1.695795e-02 99.594291 99.983356
09/26 07:28:01 PM train_acc 99.594000
09/26 07:28:02 PM valid 000 5.062255e-02 98.437500 100.000000
09/26 07:28:03 PM valid 050 1.901565e-01 96.568627 99.969363
09/26 07:28:04 PM valid 100 1.943928e-01 96.503713 99.907178
09/26 07:28:05 PM valid 150 1.855957e-01 96.512831 99.906871
09/26 07:28:05 PM valid_acc 96.500000, best_acc 96.510000
09/26 07:28:05 PM epoch 547 lr 4.433622e-04
09/26 07:28:06 PM train 000 1.229102e-02 98.437500 100.000000
09/26 07:28:10 PM train 050 2.048260e-02 99.448529 100.000000
09/26 07:28:14 PM train 100 2.114038e-02 99.504950 99.969059
09/26 07:28:18 PM train 150 1.820053e-02 99.565397 99.979305
09/26 07:28:22 PM train 200 1.860713e-02 99.564677 99.984453
09/26 07:28:27 PM train 250 1.839255e-02 99.564243 99.981325
09/26 07:28:31 PM train 300 1.825049e-02 99.548380 99.984427
09/26 07:28:35 PM train 350 1.774042e-02 99.568198 99.982194
09/26 07:28:39 PM train 400 1.762861e-02 99.555798 99.984414
09/26 07:28:43 PM train 450 1.810714e-02 99.553076 99.986142
09/26 07:28:48 PM train 500 1.783797e-02 99.563373 99.987525
09/26 07:28:52 PM train 550 1.758935e-02 99.577473 99.985821
09/26 07:28:56 PM train 600 1.759175e-02 99.578827 99.987001
09/26 07:29:00 PM train 650 1.780064e-02 99.572773 99.987999
09/26 07:29:04 PM train 700 1.781661e-02 99.576498 99.986626
09/26 07:29:09 PM train 750 1.754183e-02 99.575566 99.987517
09/26 07:29:11 PM train_acc 99.576000
09/26 07:29:11 PM valid 000 6.762359e-02 96.875000 100.000000
09/26 07:29:12 PM valid 050 1.985502e-01 96.354167 99.969363
09/26 07:29:14 PM valid 100 2.015396e-01 96.426361 99.922649
09/26 07:29:15 PM valid 150 1.909302e-01 96.554222 99.917219
09/26 07:29:15 PM valid_acc 96.560000, best_acc 96.560000
09/26 07:29:15 PM epoch 548 lr 4.262568e-04
09/26 07:29:15 PM train 000 3.180401e-02 98.437500 100.000000
09/26 07:29:19 PM train 050 1.781659e-02 99.571078 100.000000
09/26 07:29:24 PM train 100 1.747940e-02 99.551361 100.000000
09/26 07:29:28 PM train 150 1.763609e-02 99.534354 100.000000
09/26 07:29:32 PM train 200 1.712222e-02 99.572450 100.000000
09/26 07:29:36 PM train 250 1.680934e-02 99.576693 100.000000
09/26 07:29:40 PM train 300 1.688735e-02 99.579527 99.994809
09/26 07:29:45 PM train 350 1.735899e-02 99.586004 99.991097
09/26 07:29:49 PM train 400 1.745358e-02 99.575281 99.992207
09/26 07:29:53 PM train 450 1.751384e-02 99.584257 99.993071
09/26 07:29:57 PM train 500 1.776161e-02 99.582086 99.990644
09/26 07:30:01 PM train 550 1.793225e-02 99.580309 99.988657
09/26 07:30:06 PM train 600 1.762044e-02 99.597026 99.989601
09/26 07:30:10 PM train 650 1.730434e-02 99.606375 99.990399
09/26 07:30:14 PM train 700 1.758663e-02 99.601016 99.988855
09/26 07:30:18 PM train 750 1.757724e-02 99.600533 99.989597
09/26 07:30:21 PM train_acc 99.592000
09/26 07:30:21 PM valid 000 1.789451e-02 100.000000 100.000000
09/26 07:30:22 PM valid 050 1.901706e-01 96.446078 99.938725
09/26 07:30:23 PM valid 100 1.963815e-01 96.410891 99.938119
09/26 07:30:24 PM valid 150 1.855805e-01 96.543874 99.937914
09/26 07:30:25 PM valid_acc 96.560000, best_acc 96.560000
09/26 07:30:25 PM epoch 549 lr 4.094825e-04
09/26 07:30:25 PM train 000 1.855170e-02 98.437500 100.000000
09/26 07:30:29 PM train 050 1.604196e-02 99.509804 100.000000
09/26 07:30:33 PM train 100 1.594153e-02 99.582302 100.000000
09/26 07:30:37 PM train 150 1.382162e-02 99.668874 100.000000
09/26 07:30:42 PM train 200 1.528006e-02 99.595771 99.992226
09/26 07:30:46 PM train 250 1.594018e-02 99.614044 99.987550
09/26 07:30:50 PM train 300 1.643733e-02 99.595100 99.984427
09/26 07:30:54 PM train 350 1.639066e-02 99.608262 99.982194
09/26 07:30:58 PM train 400 1.640821e-02 99.610349 99.980517
09/26 07:31:03 PM train 450 1.610720e-02 99.622367 99.975748
09/26 07:31:07 PM train 500 1.627318e-02 99.619511 99.978169
09/26 07:31:11 PM train 550 1.651347e-02 99.614338 99.980150
09/26 07:31:15 PM train 600 1.669610e-02 99.610025 99.981801
09/26 07:31:19 PM train 650 1.643790e-02 99.615975 99.980799
09/26 07:31:24 PM train 700 1.636982e-02 99.614390 99.982168
09/26 07:31:28 PM train 750 1.652092e-02 99.604694 99.983356
09/26 07:31:30 PM train_acc 99.606000
09/26 07:31:30 PM valid 000 3.027311e-02 98.437500 100.000000
09/26 07:31:32 PM valid 050 1.919451e-01 96.415441 99.938725
09/26 07:31:33 PM valid 100 2.000309e-01 96.364480 99.938119
09/26 07:31:34 PM valid 150 1.900163e-01 96.430050 99.948262
09/26 07:31:34 PM valid_acc 96.440000, best_acc 96.560000
09/26 07:31:34 PM epoch 550 lr 3.930396e-04
09/26 07:31:34 PM train 000 3.019974e-03 100.000000 100.000000
09/26 07:31:39 PM train 050 1.500584e-02 99.754902 99.969363
09/26 07:31:43 PM train 100 1.433163e-02 99.783416 99.984530
09/26 07:31:47 PM train 150 1.379542e-02 99.772351 99.979305
09/26 07:31:51 PM train 200 1.481940e-02 99.712376 99.984453
09/26 07:31:55 PM train 250 1.643020e-02 99.663845 99.987550
09/26 07:32:00 PM train 300 1.708782e-02 99.652201 99.979236
09/26 07:32:04 PM train 350 1.695416e-02 99.643875 99.982194
09/26 07:32:08 PM train 400 1.645285e-02 99.641521 99.976621
09/26 07:32:12 PM train 450 1.700920e-02 99.618902 99.975748
09/26 07:32:16 PM train 500 1.680374e-02 99.607036 99.968812
09/26 07:32:21 PM train 550 1.716111e-02 99.588816 99.971642
09/26 07:32:25 PM train 600 1.654249e-02 99.617824 99.974002
09/26 07:32:29 PM train 650 1.644995e-02 99.627976 99.975998
09/26 07:32:33 PM train 700 1.640436e-02 99.625535 99.977710
09/26 07:32:37 PM train 750 1.621692e-02 99.631741 99.979194
09/26 07:32:40 PM train_acc 99.626000
09/26 07:32:40 PM valid 000 6.994596e-02 96.875000 100.000000
09/26 07:32:41 PM valid 050 1.878257e-01 96.446078 99.938725
09/26 07:32:43 PM valid 100 1.984461e-01 96.318069 99.922649
09/26 07:32:44 PM valid 150 1.876955e-01 96.430050 99.917219
09/26 07:32:44 PM valid_acc 96.420000, best_acc 96.560000
09/26 07:32:44 PM epoch 551 lr 3.769287e-04
09/26 07:32:44 PM train 000 2.771637e-02 98.437500 100.000000
09/26 07:32:48 PM train 050 1.722440e-02 99.540441 99.938725
09/26 07:32:53 PM train 100 1.662255e-02 99.597772 99.938119
09/26 07:32:57 PM train 150 1.649417e-02 99.637831 99.958609
09/26 07:33:01 PM train 200 1.637490e-02 99.657960 99.968905
09/26 07:33:05 PM train 250 1.550209e-02 99.676295 99.975100
09/26 07:33:10 PM train 300 1.669709e-02 99.647010 99.979236
09/26 07:33:14 PM train 350 1.663935e-02 99.639423 99.982194
09/26 07:33:18 PM train 400 1.678387e-02 99.637625 99.984414
09/26 07:33:22 PM train 450 1.664747e-02 99.618902 99.986142
09/26 07:33:26 PM train 500 1.701727e-02 99.610155 99.987525
09/26 07:33:30 PM train 550 1.662389e-02 99.622845 99.988657
09/26 07:33:35 PM train 600 1.678952e-02 99.612625 99.989601
09/26 07:33:39 PM train 650 1.667381e-02 99.623176 99.987999
09/26 07:33:43 PM train 700 1.652864e-02 99.623306 99.988855
09/26 07:33:47 PM train 750 1.633484e-02 99.633822 99.987517
09/26 07:33:50 PM train_acc 99.630000
09/26 07:33:50 PM valid 000 2.705439e-02 98.437500 100.000000
09/26 07:33:51 PM valid 050 1.845329e-01 96.507353 99.938725
09/26 07:33:52 PM valid 100 1.960746e-01 96.457302 99.907178
09/26 07:33:54 PM valid 150 1.869574e-01 96.512831 99.927566
09/26 07:33:54 PM valid_acc 96.500000, best_acc 96.560000
09/26 07:33:54 PM epoch 552 lr 3.611501e-04
09/26 07:33:54 PM train 000 5.471242e-02 98.437500 100.000000
09/26 07:33:58 PM train 050 1.904980e-02 99.448529 100.000000
09/26 07:34:03 PM train 100 1.724457e-02 99.535891 100.000000
09/26 07:34:07 PM train 150 1.623885e-02 99.596440 99.989652
09/26 07:34:11 PM train 200 1.626225e-02 99.603545 99.992226
09/26 07:34:15 PM train 250 1.723515e-02 99.589143 99.993775
09/26 07:34:19 PM train 300 1.678329e-02 99.600291 99.989618
09/26 07:34:24 PM train 350 1.638836e-02 99.621617 99.991097
09/26 07:34:28 PM train 400 1.664380e-02 99.614246 99.992207
09/26 07:34:32 PM train 450 1.643990e-02 99.611973 99.989606
09/26 07:34:36 PM train 500 1.632525e-02 99.616392 99.990644
09/26 07:34:40 PM train 550 1.633832e-02 99.614338 99.991493
09/26 07:34:45 PM train 600 1.657624e-02 99.615225 99.987001
09/26 07:34:49 PM train 650 1.664631e-02 99.613575 99.987999
09/26 07:34:53 PM train 700 1.700030e-02 99.596558 99.986626
09/26 07:34:57 PM train 750 1.676089e-02 99.600533 99.985436
09/26 07:35:00 PM train_acc 99.600000
09/26 07:35:00 PM valid 000 4.300320e-02 96.875000 100.000000
09/26 07:35:01 PM valid 050 1.872862e-01 96.446078 99.908088
09/26 07:35:03 PM valid 100 1.956572e-01 96.333540 99.891708
09/26 07:35:04 PM valid 150 1.867822e-01 96.399007 99.906871
09/26 07:35:04 PM valid_acc 96.400000, best_acc 96.560000
09/26 07:35:04 PM epoch 553 lr 3.457043e-04
09/26 07:35:04 PM train 000 2.293641e-02 98.437500 100.000000
09/26 07:35:08 PM train 050 1.659499e-02 99.509804 100.000000
09/26 07:35:13 PM train 100 1.421599e-02 99.597772 99.984530
09/26 07:35:17 PM train 150 1.441254e-02 99.627483 99.989652
09/26 07:35:21 PM train 200 1.403420e-02 99.650187 99.992226
09/26 07:35:25 PM train 250 1.430676e-02 99.645169 99.993775
09/26 07:35:29 PM train 300 1.466219e-02 99.621055 99.989618
09/26 07:35:34 PM train 350 1.441318e-02 99.630520 99.991097
09/26 07:35:38 PM train 400 1.425805e-02 99.633728 99.992207
09/26 07:35:42 PM train 450 1.427782e-02 99.625831 99.993071
09/26 07:35:46 PM train 500 1.480134e-02 99.607036 99.993762
09/26 07:35:51 PM train 550 1.494280e-02 99.608666 99.991493
09/26 07:35:55 PM train 600 1.526110e-02 99.599626 99.992200
09/26 07:35:59 PM train 650 1.552940e-02 99.606375 99.992800
09/26 07:36:03 PM train 700 1.557719e-02 99.609932 99.993313
09/26 07:36:07 PM train 750 1.572729e-02 99.615097 99.991678
09/26 07:36:10 PM train_acc 99.602000
09/26 07:36:10 PM valid 000 4.401257e-02 96.875000 100.000000
09/26 07:36:11 PM valid 050 1.784928e-01 96.415441 99.908088
09/26 07:36:13 PM valid 100 1.916615e-01 96.349010 99.891708
09/26 07:36:14 PM valid 150 1.829898e-01 96.430050 99.917219
09/26 07:36:14 PM valid_acc 96.410000, best_acc 96.560000
09/26 07:36:14 PM epoch 554 lr 3.305917e-04
09/26 07:36:14 PM train 000 1.460258e-02 100.000000 100.000000
09/26 07:36:19 PM train 050 1.386186e-02 99.693627 100.000000
09/26 07:36:23 PM train 100 1.549509e-02 99.613243 100.000000
09/26 07:36:27 PM train 150 1.578759e-02 99.637831 99.989652
09/26 07:36:31 PM train 200 1.622195e-02 99.619092 99.992226
09/26 07:36:35 PM train 250 1.593029e-02 99.626494 99.993775
09/26 07:36:40 PM train 300 1.580750e-02 99.641819 99.994809
09/26 07:36:44 PM train 350 1.494855e-02 99.670584 99.995548
09/26 07:36:48 PM train 400 1.496486e-02 99.664900 99.996103
09/26 07:36:52 PM train 450 1.589216e-02 99.632761 99.986142
09/26 07:36:57 PM train 500 1.575041e-02 99.641342 99.987525
09/26 07:37:01 PM train 550 1.636369e-02 99.620009 99.988657
09/26 07:37:05 PM train 600 1.624222e-02 99.625624 99.989601
09/26 07:37:09 PM train 650 1.608466e-02 99.632776 99.990399
09/26 07:37:13 PM train 700 1.602304e-02 99.625535 99.984397
09/26 07:37:18 PM train 750 1.627395e-02 99.625499 99.981275
09/26 07:37:20 PM train_acc 99.626000
09/26 07:37:20 PM valid 000 4.853888e-02 98.437500 100.000000
09/26 07:37:22 PM valid 050 1.836314e-01 96.476716 99.969363
09/26 07:37:23 PM valid 100 1.955115e-01 96.364480 99.907178
09/26 07:37:24 PM valid 150 1.861851e-01 96.512831 99.917219
09/26 07:37:24 PM valid_acc 96.510000, best_acc 96.560000
09/26 07:37:24 PM epoch 555 lr 3.158127e-04
09/26 07:37:24 PM train 000 7.831349e-02 98.437500 100.000000
09/26 07:37:29 PM train 050 1.602418e-02 99.509804 100.000000
09/26 07:37:33 PM train 100 1.953751e-02 99.535891 100.000000
09/26 07:37:37 PM train 150 2.045424e-02 99.482616 99.958609
09/26 07:37:41 PM train 200 1.831144e-02 99.533582 99.968905
09/26 07:37:45 PM train 250 1.776719e-02 99.551793 99.968875
09/26 07:37:50 PM train 300 1.719743e-02 99.569145 99.968854
09/26 07:37:54 PM train 350 1.660249e-02 99.581553 99.973291
09/26 07:37:58 PM train 400 1.619728e-02 99.590867 99.976621
09/26 07:38:02 PM train 450 1.658423e-02 99.584257 99.975748
09/26 07:38:07 PM train 500 1.661110e-02 99.591442 99.978169
09/26 07:38:11 PM train 550 1.617973e-02 99.602995 99.980150
09/26 07:38:15 PM train 600 1.620968e-02 99.602225 99.979201
09/26 07:38:19 PM train 650 1.602654e-02 99.606375 99.980799
09/26 07:38:23 PM train 700 1.625032e-02 99.609932 99.982168
09/26 07:38:28 PM train 750 1.620611e-02 99.606774 99.983356
09/26 07:38:30 PM train_acc 99.606000
09/26 07:38:30 PM valid 000 4.937128e-02 96.875000 100.000000
09/26 07:38:32 PM valid 050 1.795260e-01 96.415441 99.908088
09/26 07:38:33 PM valid 100 1.914171e-01 96.318069 99.860767
09/26 07:38:34 PM valid 150 1.846980e-01 96.430050 99.886175
09/26 07:38:34 PM valid_acc 96.430000, best_acc 96.560000
09/26 07:38:34 PM epoch 556 lr 3.013677e-04
09/26 07:38:34 PM train 000 1.799015e-03 100.000000 100.000000
09/26 07:38:39 PM train 050 9.626500e-03 99.816176 100.000000
09/26 07:38:43 PM train 100 1.161545e-02 99.706064 100.000000
09/26 07:38:47 PM train 150 1.434751e-02 99.637831 100.000000
09/26 07:38:51 PM train 200 1.459911e-02 99.642413 100.000000
09/26 07:38:55 PM train 250 1.573385e-02 99.614044 99.993775
09/26 07:39:00 PM train 300 1.572021e-02 99.610673 99.989618
09/26 07:39:04 PM train 350 1.508843e-02 99.652778 99.991097
09/26 07:39:08 PM train 400 1.565352e-02 99.645418 99.988310
09/26 07:39:12 PM train 450 1.655530e-02 99.615438 99.979213
09/26 07:39:17 PM train 500 1.709462e-02 99.610155 99.975050
09/26 07:39:21 PM train 550 1.694999e-02 99.597323 99.974478
09/26 07:39:25 PM train 600 1.728564e-02 99.607425 99.971402
09/26 07:39:29 PM train 650 1.714919e-02 99.613575 99.973598
09/26 07:39:33 PM train 700 1.688308e-02 99.623306 99.975481
09/26 07:39:38 PM train 750 1.732833e-02 99.600533 99.977114
09/26 07:39:40 PM train_acc 99.598000
09/26 07:39:40 PM valid 000 4.214481e-02 96.875000 100.000000
09/26 07:39:42 PM valid 050 1.818609e-01 96.446078 99.938725
09/26 07:39:43 PM valid 100 1.931412e-01 96.410891 99.891708
09/26 07:39:44 PM valid 150 1.859848e-01 96.533526 99.917219
09/26 07:39:44 PM valid_acc 96.530000, best_acc 96.560000
09/26 07:39:44 PM epoch 557 lr 2.872572e-04
09/26 07:39:44 PM train 000 4.151931e-02 98.437500 100.000000
09/26 07:39:49 PM train 050 1.980949e-02 99.540441 100.000000
09/26 07:39:53 PM train 100 1.654067e-02 99.613243 99.969059
09/26 07:39:57 PM train 150 1.690584e-02 99.586093 99.968957
09/26 07:40:01 PM train 200 1.708391e-02 99.572450 99.976679
09/26 07:40:05 PM train 250 1.677012e-02 99.582918 99.975100
09/26 07:40:10 PM train 300 1.758739e-02 99.553571 99.963663
09/26 07:40:14 PM train 350 1.732743e-02 99.559295 99.964387
09/26 07:40:18 PM train 400 1.734699e-02 99.563591 99.968828
09/26 07:40:22 PM train 450 1.699759e-02 99.573864 99.968819
09/26 07:40:27 PM train 500 1.691740e-02 99.572730 99.965694
09/26 07:40:31 PM train 550 1.685232e-02 99.574637 99.965971
09/26 07:40:35 PM train 600 1.692240e-02 99.571027 99.966202
09/26 07:40:39 PM train 650 1.679398e-02 99.570373 99.968798
09/26 07:40:44 PM train 700 1.673718e-02 99.572040 99.968795
09/26 07:40:48 PM train 750 1.657508e-02 99.579727 99.970872
09/26 07:40:50 PM train_acc 99.588000
09/26 07:40:50 PM valid 000 4.872416e-02 96.875000 100.000000
09/26 07:40:52 PM valid 050 1.766466e-01 96.384804 99.938725
09/26 07:40:53 PM valid 100 1.898225e-01 96.364480 99.938119
09/26 07:40:54 PM valid 150 1.832356e-01 96.471440 99.937914
09/26 07:40:54 PM valid_acc 96.460000, best_acc 96.560000
09/26 07:40:54 PM epoch 558 lr 2.734815e-04
09/26 07:40:55 PM train 000 3.095321e-02 98.437500 100.000000
09/26 07:40:59 PM train 050 1.961265e-02 99.387255 99.969363
09/26 07:41:03 PM train 100 1.699117e-02 99.504950 99.969059
09/26 07:41:07 PM train 150 1.780510e-02 99.524007 99.979305
09/26 07:41:11 PM train 200 1.818808e-02 99.549129 99.968905
09/26 07:41:16 PM train 250 1.685457e-02 99.595369 99.968875
09/26 07:41:20 PM train 300 1.668258e-02 99.595100 99.974045
09/26 07:41:24 PM train 350 1.635456e-02 99.612714 99.977742
09/26 07:41:28 PM train 400 1.554875e-02 99.637625 99.980517
09/26 07:41:32 PM train 450 1.641838e-02 99.591186 99.975748
09/26 07:41:37 PM train 500 1.609039e-02 99.610155 99.975050
09/26 07:41:41 PM train 550 1.580983e-02 99.617173 99.977314
09/26 07:41:45 PM train 600 1.572060e-02 99.630824 99.976601
09/26 07:41:49 PM train 650 1.558098e-02 99.625576 99.978399
09/26 07:41:54 PM train 700 1.579234e-02 99.623306 99.977710
09/26 07:41:58 PM train 750 1.570976e-02 99.623419 99.979194
09/26 07:42:00 PM train_acc 99.614000
09/26 07:42:01 PM valid 000 3.205830e-02 98.437500 100.000000
09/26 07:42:02 PM valid 050 1.833550e-01 96.568627 99.938725
09/26 07:42:03 PM valid 100 1.951505e-01 96.349010 99.907178
09/26 07:42:04 PM valid 150 1.883603e-01 96.419702 99.917219
09/26 07:42:04 PM valid_acc 96.400000, best_acc 96.560000
09/26 07:42:04 PM epoch 559 lr 2.600410e-04
09/26 07:42:05 PM train 000 5.255079e-03 100.000000 100.000000
09/26 07:42:09 PM train 050 1.608264e-02 99.662990 99.969363
09/26 07:42:13 PM train 100 1.570064e-02 99.675124 99.969059
09/26 07:42:17 PM train 150 1.528719e-02 99.648179 99.979305
09/26 07:42:22 PM train 200 1.617794e-02 99.587998 99.976679
09/26 07:42:26 PM train 250 1.505869e-02 99.632719 99.968875
09/26 07:42:30 PM train 300 1.529359e-02 99.621055 99.968854
09/26 07:42:34 PM train 350 1.512068e-02 99.639423 99.968839
09/26 07:42:38 PM train 400 1.520822e-02 99.633728 99.972724
09/26 07:42:43 PM train 450 1.515499e-02 99.646619 99.975748
09/26 07:42:47 PM train 500 1.502432e-02 99.653817 99.971931
09/26 07:42:51 PM train 550 1.496630e-02 99.659710 99.974478
09/26 07:42:55 PM train 600 1.507659e-02 99.664621 99.974002
09/26 07:42:59 PM train 650 1.538035e-02 99.659178 99.975998
09/26 07:43:04 PM train 700 1.534489e-02 99.656740 99.975481
09/26 07:43:08 PM train 750 1.539349e-02 99.650466 99.975033
09/26 07:43:11 PM train_acc 99.652000
09/26 07:43:11 PM valid 000 1.937929e-02 100.000000 100.000000
09/26 07:43:12 PM valid 050 1.847271e-01 96.537990 99.908088
09/26 07:43:13 PM valid 100 1.934772e-01 96.457302 99.891708
09/26 07:43:14 PM valid 150 1.873376e-01 96.492136 99.906871
09/26 07:43:14 PM valid_acc 96.480000, best_acc 96.560000
09/26 07:43:15 PM epoch 560 lr 2.469360e-04
09/26 07:43:15 PM train 000 2.171104e-03 100.000000 100.000000
09/26 07:43:19 PM train 050 1.698587e-02 99.662990 99.969363
09/26 07:43:23 PM train 100 1.419582e-02 99.752475 99.984530
09/26 07:43:27 PM train 150 1.568571e-02 99.668874 99.989652
09/26 07:43:32 PM train 200 1.692239e-02 99.619092 99.984453
09/26 07:43:36 PM train 250 1.579355e-02 99.645169 99.981325
09/26 07:43:40 PM train 300 1.569014e-02 99.672965 99.974045
09/26 07:43:44 PM train 350 1.513087e-02 99.683939 99.977742
09/26 07:43:48 PM train 400 1.554280e-02 99.668797 99.980517
09/26 07:43:52 PM train 450 1.599043e-02 99.663941 99.982677
09/26 07:43:57 PM train 500 1.626067e-02 99.647580 99.981287
09/26 07:44:01 PM train 550 1.603091e-02 99.651202 99.982985
09/26 07:44:05 PM train 600 1.662889e-02 99.628224 99.984401
09/26 07:44:09 PM train 650 1.683528e-02 99.623176 99.985599
09/26 07:44:13 PM train 700 1.675402e-02 99.621077 99.984397
09/26 07:44:18 PM train 750 1.682761e-02 99.617177 99.983356
09/26 07:44:20 PM train_acc 99.622000
09/26 07:44:20 PM valid 000 5.459844e-02 96.875000 100.000000
09/26 07:44:21 PM valid 050 1.830288e-01 96.476716 99.908088
09/26 07:44:23 PM valid 100 1.918919e-01 96.410891 99.907178
09/26 07:44:24 PM valid 150 1.852991e-01 96.450745 99.917219
09/26 07:44:24 PM valid_acc 96.430000, best_acc 96.560000
09/26 07:44:24 PM epoch 561 lr 2.341670e-04
09/26 07:44:24 PM train 000 1.818241e-02 98.437500 100.000000
09/26 07:44:29 PM train 050 1.536028e-02 99.601716 99.969363
09/26 07:44:33 PM train 100 1.738823e-02 99.489480 99.953589
09/26 07:44:37 PM train 150 1.627934e-02 99.544702 99.968957
09/26 07:44:41 PM train 200 1.575509e-02 99.549129 99.976679
09/26 07:44:45 PM train 250 1.583855e-02 99.558018 99.981325
09/26 07:44:50 PM train 300 1.659314e-02 99.553571 99.984427
09/26 07:44:54 PM train 350 1.687832e-02 99.577101 99.982194
09/26 07:44:58 PM train 400 1.659576e-02 99.590867 99.984414
09/26 07:45:02 PM train 450 1.628674e-02 99.594651 99.986142
09/26 07:45:06 PM train 500 1.660600e-02 99.582086 99.984406
09/26 07:45:11 PM train 550 1.707998e-02 99.571801 99.985821
09/26 07:45:15 PM train 600 1.674730e-02 99.586626 99.987001
09/26 07:45:19 PM train 650 1.651431e-02 99.589574 99.985599
09/26 07:45:23 PM train 700 1.624344e-02 99.596558 99.986626
09/26 07:45:27 PM train 750 1.640460e-02 99.600533 99.985436
09/26 07:45:30 PM train_acc 99.608000
09/26 07:45:30 PM valid 000 1.693282e-02 100.000000 100.000000
09/26 07:45:31 PM valid 050 1.810187e-01 96.537990 99.908088
09/26 07:45:33 PM valid 100 1.903168e-01 96.426361 99.891708
09/26 07:45:34 PM valid 150 1.840827e-01 96.502483 99.917219
09/26 07:45:34 PM valid_acc 96.510000, best_acc 96.560000
09/26 07:45:34 PM epoch 562 lr 2.217342e-04
09/26 07:45:34 PM train 000 2.545764e-03 100.000000 100.000000
09/26 07:45:38 PM train 050 1.520238e-02 99.632353 99.938725
09/26 07:45:43 PM train 100 1.504968e-02 99.675124 99.953589
09/26 07:45:47 PM train 150 1.757629e-02 99.575745 99.968957
09/26 07:45:51 PM train 200 1.776585e-02 99.580224 99.976679
09/26 07:45:55 PM train 250 1.740463e-02 99.607819 99.981325
09/26 07:45:59 PM train 300 1.661079e-02 99.636628 99.984427
09/26 07:46:04 PM train 350 1.672613e-02 99.612714 99.986645
09/26 07:46:08 PM train 400 1.624446e-02 99.625935 99.984414
09/26 07:46:12 PM train 450 1.621822e-02 99.629296 99.982677
09/26 07:46:16 PM train 500 1.647385e-02 99.619511 99.981287
09/26 07:46:20 PM train 550 1.610357e-02 99.634188 99.980150
09/26 07:46:24 PM train 600 1.611166e-02 99.630824 99.981801
09/26 07:46:29 PM train 650 1.618018e-02 99.625576 99.983199
09/26 07:46:33 PM train 700 1.607318e-02 99.618848 99.984397
09/26 07:46:37 PM train 750 1.618912e-02 99.615097 99.983356
09/26 07:46:40 PM train_acc 99.614000
09/26 07:46:40 PM valid 000 3.270805e-02 98.437500 100.000000
09/26 07:46:41 PM valid 050 1.821471e-01 96.629902 99.938725
09/26 07:46:42 PM valid 100 1.915054e-01 96.441832 99.907178
09/26 07:46:43 PM valid 150 1.841110e-01 96.440397 99.917219
09/26 07:46:43 PM valid_acc 96.430000, best_acc 96.560000
09/26 07:46:43 PM epoch 563 lr 2.096380e-04
09/26 07:46:44 PM train 000 6.092664e-02 98.437500 100.000000
09/26 07:46:48 PM train 050 1.570408e-02 99.632353 99.969363
09/26 07:46:52 PM train 100 1.638544e-02 99.613243 99.969059
09/26 07:46:56 PM train 150 1.698503e-02 99.606788 99.968957
09/26 07:47:01 PM train 200 1.671112e-02 99.595771 99.976679
09/26 07:47:05 PM train 250 1.615699e-02 99.620269 99.975100
09/26 07:47:09 PM train 300 1.743526e-02 99.584718 99.968854
09/26 07:47:13 PM train 350 1.809581e-02 99.577101 99.973291
09/26 07:47:18 PM train 400 1.785361e-02 99.579177 99.972724
09/26 07:47:22 PM train 450 1.799232e-02 99.577328 99.965355
09/26 07:47:26 PM train 500 1.745732e-02 99.591442 99.968812
09/26 07:47:30 PM train 550 1.725318e-02 99.600159 99.971642
09/26 07:47:34 PM train 600 1.751218e-02 99.607425 99.974002
09/26 07:47:39 PM train 650 1.761890e-02 99.606375 99.975998
09/26 07:47:43 PM train 700 1.737198e-02 99.609932 99.977710
09/26 07:47:47 PM train 750 1.732236e-02 99.613016 99.977114
09/26 07:47:50 PM train_acc 99.616000
09/26 07:47:50 PM valid 000 3.146454e-02 98.437500 100.000000
09/26 07:47:51 PM valid 050 1.828539e-01 96.691176 99.908088
09/26 07:47:52 PM valid 100 1.914749e-01 96.565594 99.891708
09/26 07:47:53 PM valid 150 1.837866e-01 96.564570 99.906871
09/26 07:47:54 PM valid_acc 96.550000, best_acc 96.560000
09/26 07:47:54 PM epoch 564 lr 1.978787e-04
09/26 07:47:54 PM train 000 2.037541e-02 100.000000 100.000000
09/26 07:47:58 PM train 050 1.596675e-02 99.571078 99.969363
09/26 07:48:02 PM train 100 1.716444e-02 99.582302 99.953589
09/26 07:48:07 PM train 150 1.630075e-02 99.575745 99.968957
09/26 07:48:11 PM train 200 1.666597e-02 99.587998 99.968905
09/26 07:48:15 PM train 250 1.604334e-02 99.607819 99.968875
09/26 07:48:19 PM train 300 1.639979e-02 99.605482 99.963663
09/26 07:48:23 PM train 350 1.668374e-02 99.599359 99.968839
09/26 07:48:28 PM train 400 1.698769e-02 99.602556 99.968828
09/26 07:48:32 PM train 450 1.657304e-02 99.611973 99.968819
09/26 07:48:36 PM train 500 1.625710e-02 99.616392 99.968812
09/26 07:48:40 PM train 550 1.575521e-02 99.631352 99.968807
09/26 07:48:45 PM train 600 1.576760e-02 99.630824 99.971402
09/26 07:48:49 PM train 650 1.553495e-02 99.632776 99.968798
09/26 07:48:53 PM train 700 1.511206e-02 99.645596 99.971024
09/26 07:48:57 PM train 750 1.528854e-02 99.646305 99.970872
09/26 07:49:00 PM train_acc 99.654000
09/26 07:49:00 PM valid 000 1.054331e-02 100.000000 100.000000
09/26 07:49:01 PM valid 050 1.784531e-01 96.537990 99.908088
09/26 07:49:02 PM valid 100 1.881440e-01 96.472772 99.891708
09/26 07:49:04 PM valid 150 1.822242e-01 96.533526 99.896523
09/26 07:49:04 PM valid_acc 96.520000, best_acc 96.560000
09/26 07:49:04 PM epoch 565 lr 1.864567e-04
09/26 07:49:04 PM train 000 4.766066e-03 100.000000 100.000000
09/26 07:49:08 PM train 050 1.044885e-02 99.846814 99.969363
09/26 07:49:12 PM train 100 1.438232e-02 99.659653 99.969059
09/26 07:49:17 PM train 150 1.529985e-02 99.658526 99.968957
09/26 07:49:21 PM train 200 1.595960e-02 99.619092 99.961132
09/26 07:49:25 PM train 250 1.641182e-02 99.589143 99.968875
09/26 07:49:29 PM train 300 1.673566e-02 99.600291 99.974045
09/26 07:49:33 PM train 350 1.693263e-02 99.594907 99.977742
09/26 07:49:38 PM train 400 1.706323e-02 99.610349 99.980517
09/26 07:49:42 PM train 450 1.660515e-02 99.618902 99.982677
09/26 07:49:46 PM train 500 1.714769e-02 99.591442 99.978169
09/26 07:49:50 PM train 550 1.724021e-02 99.583144 99.977314
09/26 07:49:54 PM train 600 1.685217e-02 99.594426 99.979201
09/26 07:49:59 PM train 650 1.659027e-02 99.599174 99.980799
09/26 07:50:03 PM train 700 1.631002e-02 99.605474 99.975481
09/26 07:50:07 PM train 750 1.632941e-02 99.602613 99.975033
09/26 07:50:10 PM train_acc 99.596000
09/26 07:50:10 PM valid 000 1.379957e-02 100.000000 100.000000
09/26 07:50:11 PM valid 050 1.830634e-01 96.568627 99.908088
09/26 07:50:12 PM valid 100 1.913039e-01 96.472772 99.891708
09/26 07:50:13 PM valid 150 1.834277e-01 96.502483 99.917219
09/26 07:50:14 PM valid_acc 96.480000, best_acc 96.560000
09/26 07:50:14 PM epoch 566 lr 1.753723e-04
09/26 07:50:14 PM train 000 2.284353e-02 100.000000 100.000000
09/26 07:50:18 PM train 050 1.259300e-02 99.754902 100.000000
09/26 07:50:22 PM train 100 1.423426e-02 99.752475 100.000000
09/26 07:50:26 PM train 150 1.705724e-02 99.596440 99.989652
09/26 07:50:31 PM train 200 1.787663e-02 99.572450 99.984453
09/26 07:50:35 PM train 250 1.764491e-02 99.551793 99.987550
09/26 07:50:39 PM train 300 1.725259e-02 99.569145 99.979236
09/26 07:50:43 PM train 350 1.655084e-02 99.603811 99.982194
09/26 07:50:47 PM train 400 1.612499e-02 99.606453 99.984414
09/26 07:50:52 PM train 450 1.592929e-02 99.611973 99.979213
09/26 07:50:56 PM train 500 1.595568e-02 99.616392 99.978169
09/26 07:51:00 PM train 550 1.605112e-02 99.617173 99.977314
09/26 07:51:04 PM train 600 1.575022e-02 99.615225 99.979201
09/26 07:51:08 PM train 650 1.580403e-02 99.611175 99.980799
09/26 07:51:13 PM train 700 1.564833e-02 99.618848 99.979939
09/26 07:51:17 PM train 750 1.558578e-02 99.623419 99.981275
09/26 07:51:19 PM train_acc 99.618000
09/26 07:51:20 PM valid 000 3.716530e-02 96.875000 100.000000
09/26 07:51:21 PM valid 050 1.841093e-01 96.476716 99.938725
09/26 07:51:22 PM valid 100 1.932195e-01 96.379950 99.922649
09/26 07:51:23 PM valid 150 1.844854e-01 96.461093 99.927566
09/26 07:51:23 PM valid_acc 96.460000, best_acc 96.560000
09/26 07:51:23 PM epoch 567 lr 1.646257e-04
09/26 07:51:24 PM train 000 3.603016e-02 98.437500 100.000000
09/26 07:51:28 PM train 050 1.344667e-02 99.754902 100.000000
09/26 07:51:32 PM train 100 1.476560e-02 99.706064 99.984530
09/26 07:51:36 PM train 150 1.392335e-02 99.730960 99.989652
09/26 07:51:40 PM train 200 1.414137e-02 99.689055 99.976679
09/26 07:51:45 PM train 250 1.437510e-02 99.688745 99.981325
09/26 07:51:49 PM train 300 1.390980e-02 99.698920 99.979236
09/26 07:51:53 PM train 350 1.423274e-02 99.688390 99.982194
09/26 07:51:57 PM train 400 1.503834e-02 99.676590 99.984414
09/26 07:52:01 PM train 450 1.593956e-02 99.636225 99.975748
09/26 07:52:06 PM train 500 1.570655e-02 99.638224 99.978169
09/26 07:52:10 PM train 550 1.564647e-02 99.639859 99.980150
09/26 07:52:14 PM train 600 1.587321e-02 99.625624 99.979201
09/26 07:52:18 PM train 650 1.586645e-02 99.627976 99.980799
09/26 07:52:23 PM train 700 1.587355e-02 99.625535 99.977710
09/26 07:52:27 PM train 750 1.553553e-02 99.635902 99.979194
09/26 07:52:29 PM train_acc 99.644000
09/26 07:52:29 PM valid 000 1.664628e-02 100.000000 100.000000
09/26 07:52:31 PM valid 050 1.788753e-01 96.629902 99.938725
09/26 07:52:32 PM valid 100 1.884623e-01 96.488243 99.922649
09/26 07:52:33 PM valid 150 1.827213e-01 96.574917 99.917219
09/26 07:52:33 PM valid_acc 96.570000, best_acc 96.570000
09/26 07:52:33 PM epoch 568 lr 1.542172e-04
09/26 07:52:34 PM train 000 6.952561e-03 100.000000 100.000000
09/26 07:52:38 PM train 050 1.191889e-02 99.846814 100.000000
09/26 07:52:42 PM train 100 1.079879e-02 99.829827 100.000000
09/26 07:52:46 PM train 150 1.192132e-02 99.762003 100.000000
09/26 07:52:51 PM train 200 1.242886e-02 99.735697 99.992226
09/26 07:52:55 PM train 250 1.290239e-02 99.719871 99.987550
09/26 07:52:59 PM train 300 1.341276e-02 99.698920 99.989618
09/26 07:53:03 PM train 350 1.325322e-02 99.697293 99.991097
09/26 07:53:08 PM train 400 1.418792e-02 99.676590 99.992207
09/26 07:53:12 PM train 450 1.396813e-02 99.681264 99.993071
09/26 07:53:16 PM train 500 1.416458e-02 99.672530 99.993762
09/26 07:53:20 PM train 550 1.426355e-02 99.673888 99.994328
09/26 07:53:25 PM train 600 1.434297e-02 99.675021 99.992200
09/26 07:53:29 PM train 650 1.416537e-02 99.680780 99.990399
09/26 07:53:33 PM train 700 1.437702e-02 99.679030 99.991084
09/26 07:53:37 PM train 750 1.442826e-02 99.679594 99.991678
09/26 07:53:40 PM train_acc 99.684000
09/26 07:53:40 PM valid 000 2.408297e-02 98.437500 100.000000
09/26 07:53:41 PM valid 050 1.767399e-01 96.660539 99.938725
09/26 07:53:43 PM valid 100 1.891274e-01 96.503713 99.922649
09/26 07:53:44 PM valid 150 1.813906e-01 96.595613 99.927566
09/26 07:53:44 PM valid_acc 96.580000, best_acc 96.580000
09/26 07:53:44 PM epoch 569 lr 1.441472e-04
09/26 07:53:44 PM train 000 1.965426e-02 98.437500 100.000000
09/26 07:53:49 PM train 050 1.528274e-02 99.571078 99.969363
09/26 07:53:53 PM train 100 1.353690e-02 99.644183 99.984530
09/26 07:53:57 PM train 150 1.364792e-02 99.637831 99.979305
09/26 07:54:01 PM train 200 1.413753e-02 99.603545 99.968905
09/26 07:54:05 PM train 250 1.627701e-02 99.589143 99.975100
09/26 07:54:10 PM train 300 1.586718e-02 99.605482 99.974045
09/26 07:54:14 PM train 350 1.589462e-02 99.617165 99.977742
09/26 07:54:18 PM train 400 1.606755e-02 99.614246 99.980517
09/26 07:54:22 PM train 450 1.583501e-02 99.618902 99.979213
09/26 07:54:26 PM train 500 1.619468e-02 99.610155 99.975050
09/26 07:54:31 PM train 550 1.595783e-02 99.611502 99.971642
09/26 07:54:35 PM train 600 1.567740e-02 99.610025 99.974002
09/26 07:54:39 PM train 650 1.556066e-02 99.615975 99.975998
09/26 07:54:43 PM train 700 1.556391e-02 99.616619 99.975481
09/26 07:54:48 PM train 750 1.564688e-02 99.621338 99.977114
09/26 07:54:50 PM train_acc 99.614000
09/26 07:54:50 PM valid 000 6.586889e-02 95.312500 100.000000
09/26 07:54:52 PM valid 050 1.820856e-01 96.568627 99.938725
09/26 07:54:53 PM valid 100 1.936163e-01 96.441832 99.891708
09/26 07:54:54 PM valid 150 1.832726e-01 96.543874 99.906871
09/26 07:54:54 PM valid_acc 96.530000, best_acc 96.580000
09/26 07:54:54 PM epoch 570 lr 1.344159e-04
09/26 07:54:55 PM train 000 2.585286e-02 100.000000 100.000000
09/26 07:54:59 PM train 050 1.289307e-02 99.693627 99.938725
09/26 07:55:03 PM train 100 1.363091e-02 99.721535 99.953589
09/26 07:55:07 PM train 150 1.264147e-02 99.730960 99.968957
09/26 07:55:11 PM train 200 1.449930e-02 99.650187 99.953358
09/26 07:55:16 PM train 250 1.540036e-02 99.651394 99.962649
09/26 07:55:20 PM train 300 1.535961e-02 99.652201 99.958472
09/26 07:55:24 PM train 350 1.453165e-02 99.675036 99.964387
09/26 07:55:28 PM train 400 1.473402e-02 99.661004 99.964931
09/26 07:55:32 PM train 450 1.541510e-02 99.639690 99.958426
09/26 07:55:37 PM train 500 1.569329e-02 99.650699 99.962575
09/26 07:55:41 PM train 550 1.531011e-02 99.651202 99.965971
09/26 07:55:45 PM train 600 1.515501e-02 99.654222 99.968802
09/26 07:55:49 PM train 650 1.508511e-02 99.651978 99.971198
09/26 07:55:54 PM train 700 1.530592e-02 99.641138 99.968795
09/26 07:55:58 PM train 750 1.549678e-02 99.631741 99.966711
09/26 07:56:00 PM train_acc 99.640000
09/26 07:56:00 PM valid 000 5.173542e-02 96.875000 100.000000
09/26 07:56:02 PM valid 050 1.807046e-01 96.752451 99.938725
09/26 07:56:03 PM valid 100 1.914068e-01 96.503713 99.938119
09/26 07:56:04 PM valid 150 1.819534e-01 96.585265 99.937914
09/26 07:56:04 PM valid_acc 96.570000, best_acc 96.580000
09/26 07:56:04 PM epoch 571 lr 1.250236e-04
09/26 07:56:05 PM train 000 1.613087e-03 100.000000 100.000000
09/26 07:56:09 PM train 050 1.036569e-02 99.908088 100.000000
09/26 07:56:13 PM train 100 1.168274e-02 99.814356 100.000000
09/26 07:56:17 PM train 150 1.257767e-02 99.762003 99.989652
09/26 07:56:21 PM train 200 1.348570e-02 99.720149 99.984453
09/26 07:56:26 PM train 250 1.361350e-02 99.701195 99.981325
09/26 07:56:30 PM train 300 1.440585e-02 99.647010 99.979236
09/26 07:56:34 PM train 350 1.380821e-02 99.670584 99.982194
09/26 07:56:38 PM train 400 1.436995e-02 99.645418 99.980517
09/26 07:56:42 PM train 450 1.475309e-02 99.639690 99.982677
09/26 07:56:47 PM train 500 1.460822e-02 99.628867 99.981287
09/26 07:56:51 PM train 550 1.448968e-02 99.637024 99.980150
09/26 07:56:55 PM train 600 1.466894e-02 99.641223 99.981801
09/26 07:56:59 PM train 650 1.464246e-02 99.639977 99.983199
09/26 07:57:03 PM train 700 1.457773e-02 99.643367 99.984397
09/26 07:57:08 PM train 750 1.490266e-02 99.635902 99.983356
09/26 07:57:10 PM train_acc 99.630000
09/26 07:57:10 PM valid 000 6.331862e-02 96.875000 100.000000
09/26 07:57:12 PM valid 050 1.767394e-01 96.537990 99.938725
09/26 07:57:13 PM valid 100 1.899222e-01 96.410891 99.938119
09/26 07:57:14 PM valid 150 1.813890e-01 96.492136 99.937914
09/26 07:57:14 PM valid_acc 96.480000, best_acc 96.580000
09/26 07:57:14 PM epoch 572 lr 1.159705e-04
09/26 07:57:14 PM train 000 4.318058e-04 100.000000 100.000000
09/26 07:57:19 PM train 050 1.362181e-02 99.632353 99.908088
09/26 07:57:23 PM train 100 1.597103e-02 99.613243 99.953589
09/26 07:57:27 PM train 150 1.505069e-02 99.637831 99.968957
09/26 07:57:31 PM train 200 1.629713e-02 99.611318 99.961132
09/26 07:57:35 PM train 250 1.535719e-02 99.651394 99.968875
09/26 07:57:40 PM train 300 1.478144e-02 99.672965 99.968854
09/26 07:57:44 PM train 350 1.500813e-02 99.648326 99.968839
09/26 07:57:48 PM train 400 1.552759e-02 99.641521 99.961035
09/26 07:57:52 PM train 450 1.521454e-02 99.657012 99.965355
09/26 07:57:56 PM train 500 1.506221e-02 99.656936 99.968812
09/26 07:58:01 PM train 550 1.487998e-02 99.659710 99.971642
09/26 07:58:05 PM train 600 1.445660e-02 99.677621 99.974002
09/26 07:58:09 PM train 650 1.471966e-02 99.666379 99.973598
09/26 07:58:13 PM train 700 1.451129e-02 99.670114 99.973252
09/26 07:58:17 PM train 750 1.484279e-02 99.662949 99.975033
09/26 07:58:20 PM train_acc 99.660000
09/26 07:58:20 PM valid 000 6.686746e-02 95.312500 100.000000
09/26 07:58:21 PM valid 050 1.854452e-01 96.507353 99.938725
09/26 07:58:22 PM valid 100 1.962794e-01 96.395421 99.907178
09/26 07:58:24 PM valid 150 1.868315e-01 96.471440 99.917219
09/26 07:58:24 PM valid_acc 96.470000, best_acc 96.580000
09/26 07:58:24 PM epoch 573 lr 1.072568e-04
09/26 07:58:24 PM train 000 3.078368e-02 98.437500 100.000000
09/26 07:58:28 PM train 050 1.473048e-02 99.632353 100.000000
09/26 07:58:33 PM train 100 1.676327e-02 99.613243 99.969059
09/26 07:58:37 PM train 150 1.712960e-02 99.606788 99.968957
09/26 07:58:41 PM train 200 1.781200e-02 99.564677 99.976679
09/26 07:58:45 PM train 250 1.702084e-02 99.620269 99.975100
09/26 07:58:50 PM train 300 1.749503e-02 99.579527 99.979236
09/26 07:58:54 PM train 350 1.685270e-02 99.599359 99.968839
09/26 07:58:58 PM train 400 1.649358e-02 99.614246 99.972724
09/26 07:59:02 PM train 450 1.598483e-02 99.625831 99.975748
09/26 07:59:06 PM train 500 1.607420e-02 99.619511 99.975050
09/26 07:59:11 PM train 550 1.554863e-02 99.639859 99.977314
09/26 07:59:15 PM train 600 1.599405e-02 99.628224 99.976601
09/26 07:59:19 PM train 650 1.608197e-02 99.630376 99.978399
09/26 07:59:23 PM train 700 1.592611e-02 99.636680 99.973252
09/26 07:59:27 PM train 750 1.597363e-02 99.644224 99.975033
09/26 07:59:30 PM train_acc 99.636000
09/26 07:59:30 PM valid 000 7.019465e-02 95.312500 100.000000
09/26 07:59:31 PM valid 050 1.837855e-01 96.599265 99.938725
09/26 07:59:33 PM valid 100 1.953348e-01 96.410891 99.938119
09/26 07:59:34 PM valid 150 1.856264e-01 96.461093 99.937914
09/26 07:59:34 PM valid_acc 96.440000, best_acc 96.580000
09/26 07:59:34 PM epoch 574 lr 9.888286e-05
09/26 07:59:34 PM train 000 7.892260e-03 100.000000 100.000000
09/26 07:59:39 PM train 050 1.527392e-02 99.601716 100.000000
09/26 07:59:43 PM train 100 1.688504e-02 99.551361 100.000000
09/26 07:59:47 PM train 150 1.552688e-02 99.627483 100.000000
09/26 07:59:51 PM train 200 1.712520e-02 99.587998 100.000000
09/26 07:59:55 PM train 250 1.689355e-02 99.570468 100.000000
09/26 08:00:00 PM train 300 1.649358e-02 99.589909 99.989618
09/26 08:00:04 PM train 350 1.592071e-02 99.612714 99.991097
09/26 08:00:08 PM train 400 1.649533e-02 99.606453 99.992207
09/26 08:00:12 PM train 450 1.645167e-02 99.608509 99.993071
09/26 08:00:16 PM train 500 1.619447e-02 99.616392 99.993762
09/26 08:00:20 PM train 550 1.636437e-02 99.611502 99.991493
09/26 08:00:25 PM train 600 1.625875e-02 99.617824 99.989601
09/26 08:00:29 PM train 650 1.592912e-02 99.637577 99.990399
09/26 08:00:33 PM train 700 1.648181e-02 99.625535 99.984397
09/26 08:00:37 PM train 750 1.633849e-02 99.623419 99.985436
09/26 08:00:40 PM train_acc 99.620000
09/26 08:00:40 PM valid 000 5.911955e-02 95.312500 100.000000
09/26 08:00:41 PM valid 050 1.807310e-01 96.660539 99.938725
09/26 08:00:42 PM valid 100 1.936805e-01 96.488243 99.922649
09/26 08:00:44 PM valid 150 1.839812e-01 96.574917 99.927566
09/26 08:00:44 PM valid_acc 96.560000, best_acc 96.580000
09/26 08:00:44 PM epoch 575 lr 9.084881e-05
09/26 08:00:44 PM train 000 4.545284e-03 100.000000 100.000000
09/26 08:00:48 PM train 050 1.940262e-02 99.509804 99.969363
09/26 08:00:52 PM train 100 1.719532e-02 99.628713 99.984530
09/26 08:00:56 PM train 150 1.860566e-02 99.565397 99.968957
09/26 08:01:01 PM train 200 1.784707e-02 99.603545 99.976679
09/26 08:01:05 PM train 250 1.747035e-02 99.601594 99.981325
09/26 08:01:09 PM train 300 1.679062e-02 99.621055 99.984427
09/26 08:01:13 PM train 350 1.769036e-02 99.599359 99.977742
09/26 08:01:18 PM train 400 1.722898e-02 99.602556 99.980517
09/26 08:01:22 PM train 450 1.665906e-02 99.625831 99.982677
09/26 08:01:26 PM train 500 1.640265e-02 99.619511 99.984406
09/26 08:01:30 PM train 550 1.577986e-02 99.634188 99.985821
09/26 08:01:34 PM train 600 1.562806e-02 99.638623 99.987001
09/26 08:01:39 PM train 650 1.523419e-02 99.656778 99.987999
09/26 08:01:43 PM train 700 1.525093e-02 99.654511 99.988855
09/26 08:01:47 PM train 750 1.510629e-02 99.654627 99.985436
09/26 08:01:49 PM train_acc 99.652000
09/26 08:01:50 PM valid 000 4.213277e-02 96.875000 100.000000
09/26 08:01:51 PM valid 050 1.806051e-01 96.660539 99.938725
09/26 08:01:52 PM valid 100 1.917536e-01 96.488243 99.938119
09/26 08:01:53 PM valid 150 1.817773e-01 96.585265 99.937914
09/26 08:01:53 PM valid_acc 96.570000, best_acc 96.580000
09/26 08:01:53 PM epoch 576 lr 8.315490e-05
09/26 08:01:54 PM train 000 1.864311e-03 100.000000 100.000000
09/26 08:01:58 PM train 050 1.512261e-02 99.601716 99.938725
09/26 08:02:02 PM train 100 1.629385e-02 99.613243 99.969059
09/26 08:02:06 PM train 150 1.677525e-02 99.596440 99.968957
09/26 08:02:11 PM train 200 1.696194e-02 99.603545 99.976679
09/26 08:02:15 PM train 250 1.666342e-02 99.614044 99.981325
09/26 08:02:19 PM train 300 1.636736e-02 99.631437 99.979236
09/26 08:02:23 PM train 350 1.631068e-02 99.630520 99.973291
09/26 08:02:27 PM train 400 1.621525e-02 99.641521 99.972724
09/26 08:02:32 PM train 450 1.619106e-02 99.650083 99.975748
09/26 08:02:36 PM train 500 1.606503e-02 99.653817 99.971931
09/26 08:02:40 PM train 550 1.575658e-02 99.668217 99.974478
09/26 08:02:44 PM train 600 1.574427e-02 99.662022 99.976601
09/26 08:02:48 PM train 650 1.566819e-02 99.661578 99.975998
09/26 08:02:53 PM train 700 1.606752e-02 99.656740 99.973252
09/26 08:02:57 PM train 750 1.600037e-02 99.665030 99.972953
09/26 08:03:00 PM train_acc 99.658000
09/26 08:03:00 PM valid 000 5.887348e-02 95.312500 100.000000
09/26 08:03:01 PM valid 050 1.794089e-01 96.599265 99.938725
09/26 08:03:02 PM valid 100 1.906424e-01 96.410891 99.922649
09/26 08:03:03 PM valid 150 1.817911e-01 96.512831 99.927566
09/26 08:03:03 PM valid_acc 96.500000, best_acc 96.580000
09/26 08:03:04 PM epoch 577 lr 7.580131e-05
09/26 08:03:04 PM train 000 4.445486e-03 100.000000 100.000000
09/26 08:03:08 PM train 050 1.713692e-02 99.724265 100.000000
09/26 08:03:12 PM train 100 1.934964e-02 99.613243 99.984530
09/26 08:03:16 PM train 150 1.835175e-02 99.648179 99.989652
09/26 08:03:21 PM train 200 1.834985e-02 99.611318 99.984453
09/26 08:03:25 PM train 250 1.804542e-02 99.626494 99.981325
09/26 08:03:29 PM train 300 1.863454e-02 99.626246 99.979236
09/26 08:03:33 PM train 350 1.859258e-02 99.634972 99.973291
09/26 08:03:38 PM train 400 1.779838e-02 99.633728 99.968828
09/26 08:03:42 PM train 450 1.777571e-02 99.632761 99.965355
09/26 08:03:46 PM train 500 1.761565e-02 99.628867 99.965694
09/26 08:03:50 PM train 550 1.793403e-02 99.628516 99.965971
09/26 08:03:54 PM train 600 1.771613e-02 99.638623 99.966202
09/26 08:03:59 PM train 650 1.740766e-02 99.642377 99.966398
09/26 08:04:03 PM train 700 1.721495e-02 99.641138 99.968795
09/26 08:04:07 PM train 750 1.727451e-02 99.635902 99.968792
09/26 08:04:10 PM train_acc 99.630000
09/26 08:04:10 PM valid 000 2.903885e-02 98.437500 100.000000
09/26 08:04:11 PM valid 050 1.769924e-01 96.568627 99.969363
09/26 08:04:12 PM valid 100 1.897304e-01 96.488243 99.953589
09/26 08:04:13 PM valid 150 1.809585e-01 96.574917 99.948262
09/26 08:04:13 PM valid_acc 96.560000, best_acc 96.580000
09/26 08:04:14 PM epoch 578 lr 6.878823e-05
09/26 08:04:14 PM train 000 2.155968e-03 100.000000 100.000000
09/26 08:04:18 PM train 050 1.633356e-02 99.662990 100.000000
09/26 08:04:22 PM train 100 1.440895e-02 99.597772 99.984530
09/26 08:04:27 PM train 150 1.363856e-02 99.617136 99.989652
09/26 08:04:31 PM train 200 1.440300e-02 99.603545 99.992226
09/26 08:04:35 PM train 250 1.488019e-02 99.614044 99.987550
09/26 08:04:39 PM train 300 1.488651e-02 99.626246 99.989618
09/26 08:04:43 PM train 350 1.480613e-02 99.626068 99.991097
09/26 08:04:48 PM train 400 1.515615e-02 99.614246 99.984414
09/26 08:04:52 PM train 450 1.472073e-02 99.622367 99.979213
09/26 08:04:56 PM train 500 1.484872e-02 99.638224 99.978169
09/26 08:05:00 PM train 550 1.501256e-02 99.637024 99.974478
09/26 08:05:04 PM train 600 1.474705e-02 99.651622 99.976601
09/26 08:05:09 PM train 650 1.484054e-02 99.649578 99.975998
09/26 08:05:13 PM train 700 1.514229e-02 99.636680 99.973252
09/26 08:05:17 PM train 750 1.553621e-02 99.633822 99.972953
09/26 08:05:20 PM train_acc 99.634000
09/26 08:05:20 PM valid 000 4.379278e-02 96.875000 100.000000
09/26 08:05:21 PM valid 050 1.851587e-01 96.476716 99.908088
09/26 08:05:22 PM valid 100 1.945091e-01 96.410891 99.938119
09/26 08:05:24 PM valid 150 1.857910e-01 96.471440 99.937914
09/26 08:05:24 PM valid_acc 96.460000, best_acc 96.580000
09/26 08:05:24 PM epoch 579 lr 6.211585e-05
09/26 08:05:24 PM train 000 3.753469e-02 98.437500 100.000000
09/26 08:05:28 PM train 050 1.404278e-02 99.601716 100.000000
09/26 08:05:33 PM train 100 1.704807e-02 99.582302 100.000000
09/26 08:05:37 PM train 150 1.711394e-02 99.575745 99.989652
09/26 08:05:41 PM train 200 1.554270e-02 99.611318 99.992226
09/26 08:05:45 PM train 250 1.523675e-02 99.614044 99.993775
09/26 08:05:50 PM train 300 1.590257e-02 99.610673 99.989618
09/26 08:05:54 PM train 350 1.648030e-02 99.599359 99.991097
09/26 08:05:58 PM train 400 1.649554e-02 99.602556 99.988310
09/26 08:06:02 PM train 450 1.677736e-02 99.594651 99.986142
09/26 08:06:06 PM train 500 1.628069e-02 99.610155 99.987525
09/26 08:06:11 PM train 550 1.639386e-02 99.600159 99.985821
09/26 08:06:15 PM train 600 1.675727e-02 99.594426 99.987001
09/26 08:06:19 PM train 650 1.684258e-02 99.584773 99.987999
09/26 08:06:23 PM train 700 1.691629e-02 99.587643 99.984397
09/26 08:06:28 PM train 750 1.677782e-02 99.592210 99.983356
09/26 08:06:30 PM train_acc 99.592000
09/26 08:06:30 PM valid 000 3.896486e-02 98.437500 100.000000
09/26 08:06:32 PM valid 050 1.813133e-01 96.660539 99.908088
09/26 08:06:33 PM valid 100 1.915189e-01 96.519183 99.938119
09/26 08:06:34 PM valid 150 1.830307e-01 96.564570 99.937914
09/26 08:06:34 PM valid_acc 96.550000, best_acc 96.580000
09/26 08:06:34 PM epoch 580 lr 5.578432e-05
09/26 08:06:34 PM train 000 1.442387e-03 100.000000 100.000000
09/26 08:06:39 PM train 050 1.333473e-02 99.632353 100.000000
09/26 08:06:43 PM train 100 1.526008e-02 99.613243 99.984530
09/26 08:06:47 PM train 150 1.434685e-02 99.668874 99.979305
09/26 08:06:51 PM train 200 1.648108e-02 99.611318 99.976679
09/26 08:06:56 PM train 250 1.587900e-02 99.645169 99.981325
09/26 08:07:00 PM train 300 1.550229e-02 99.657392 99.984427
09/26 08:07:04 PM train 350 1.612229e-02 99.626068 99.973291
09/26 08:07:08 PM train 400 1.628823e-02 99.629832 99.972724
09/26 08:07:13 PM train 450 1.627467e-02 99.629296 99.975748
09/26 08:07:17 PM train 500 1.588029e-02 99.631986 99.978169
09/26 08:07:21 PM train 550 1.571178e-02 99.639859 99.980150
09/26 08:07:25 PM train 600 1.560270e-02 99.641223 99.979201
09/26 08:07:29 PM train 650 1.599406e-02 99.632776 99.978399
09/26 08:07:34 PM train 700 1.627975e-02 99.627764 99.977710
09/26 08:07:38 PM train 750 1.637540e-02 99.627580 99.975033
09/26 08:07:41 PM train_acc 99.626000
09/26 08:07:41 PM valid 000 2.876136e-02 98.437500 100.000000
09/26 08:07:42 PM valid 050 1.814764e-01 96.507353 99.908088
09/26 08:07:43 PM valid 100 1.924590e-01 96.472772 99.938119
09/26 08:07:44 PM valid 150 1.848455e-01 96.492136 99.937914
09/26 08:07:45 PM valid_acc 96.480000, best_acc 96.580000
09/26 08:07:45 PM epoch 581 lr 4.979380e-05
09/26 08:07:45 PM train 000 4.737030e-03 100.000000 100.000000
09/26 08:07:49 PM train 050 1.850773e-02 99.540441 99.938725
09/26 08:07:53 PM train 100 1.671888e-02 99.597772 99.953589
09/26 08:07:57 PM train 150 1.714233e-02 99.555050 99.937914
09/26 08:08:02 PM train 200 1.660194e-02 99.580224 99.945585
09/26 08:08:06 PM train 250 1.634907e-02 99.582918 99.956424
09/26 08:08:10 PM train 300 1.572468e-02 99.600291 99.958472
09/26 08:08:14 PM train 350 1.571741e-02 99.603811 99.959936
09/26 08:08:19 PM train 400 1.569302e-02 99.598660 99.961035
09/26 08:08:23 PM train 450 1.592376e-02 99.598115 99.958426
09/26 08:08:27 PM train 500 1.593327e-02 99.607036 99.956337
09/26 08:08:31 PM train 550 1.594269e-02 99.600159 99.957464
09/26 08:08:36 PM train 600 1.598383e-02 99.591826 99.961002
09/26 08:08:40 PM train 650 1.628420e-02 99.584773 99.961598
09/26 08:08:44 PM train 700 1.621773e-02 99.583185 99.962108
09/26 08:08:48 PM train 750 1.621256e-02 99.588049 99.962550
09/26 08:08:51 PM train_acc 99.596000
09/26 08:08:51 PM valid 000 4.023544e-02 96.875000 100.000000
09/26 08:08:52 PM valid 050 1.822214e-01 96.537990 99.938725
09/26 08:08:53 PM valid 100 1.934618e-01 96.379950 99.938119
09/26 08:08:54 PM valid 150 1.842871e-01 96.461093 99.937914
09/26 08:08:55 PM valid_acc 96.450000, best_acc 96.580000
09/26 08:08:55 PM epoch 582 lr 4.414443e-05
09/26 08:08:55 PM train 000 1.828625e-02 98.437500 100.000000
09/26 08:08:59 PM train 050 1.955315e-02 99.479167 99.938725
09/26 08:09:04 PM train 100 1.884136e-02 99.504950 99.969059
09/26 08:09:08 PM train 150 1.838688e-02 99.482616 99.979305
09/26 08:09:12 PM train 200 1.745789e-02 99.525808 99.984453
09/26 08:09:16 PM train 250 1.793896e-02 99.514442 99.987550
09/26 08:09:20 PM train 300 1.744568e-02 99.527616 99.979236
09/26 08:09:24 PM train 350 1.747911e-02 99.519231 99.973291
09/26 08:09:29 PM train 400 1.728782e-02 99.516833 99.976621
09/26 08:09:33 PM train 450 1.692617e-02 99.539218 99.975748
09/26 08:09:37 PM train 500 1.642959e-02 99.566492 99.978169
09/26 08:09:41 PM train 550 1.625385e-02 99.574637 99.980150
09/26 08:09:46 PM train 600 1.658883e-02 99.576227 99.981801
09/26 08:09:50 PM train 650 1.695793e-02 99.567972 99.978399
09/26 08:09:54 PM train 700 1.702948e-02 99.558666 99.977710
09/26 08:09:58 PM train 750 1.697019e-02 99.571405 99.977114
09/26 08:10:01 PM train_acc 99.562000
09/26 08:10:01 PM valid 000 2.463931e-02 98.437500 100.000000
09/26 08:10:02 PM valid 050 1.795690e-01 96.507353 99.938725
09/26 08:10:04 PM valid 100 1.898938e-01 96.441832 99.938119
09/26 08:10:05 PM valid 150 1.818820e-01 96.502483 99.937914
09/26 08:10:05 PM valid_acc 96.490000, best_acc 96.580000
09/26 08:10:05 PM epoch 583 lr 3.883632e-05
09/26 08:10:05 PM train 000 6.914676e-03 100.000000 100.000000
09/26 08:10:10 PM train 050 2.058508e-02 99.571078 100.000000
09/26 08:10:14 PM train 100 1.726973e-02 99.628713 99.984530
09/26 08:10:18 PM train 150 1.816880e-02 99.596440 99.979305
09/26 08:10:22 PM train 200 1.788071e-02 99.595771 99.976679
09/26 08:10:27 PM train 250 1.777322e-02 99.589143 99.981325
09/26 08:10:31 PM train 300 1.741532e-02 99.600291 99.979236
09/26 08:10:35 PM train 350 1.787205e-02 99.581553 99.982194
09/26 08:10:39 PM train 400 1.764838e-02 99.590867 99.984414
09/26 08:10:44 PM train 450 1.758061e-02 99.605044 99.979213
09/26 08:10:48 PM train 500 1.728098e-02 99.613273 99.981287
09/26 08:10:52 PM train 550 1.784411e-02 99.591652 99.977314
09/26 08:10:56 PM train 600 1.792644e-02 99.584027 99.976601
09/26 08:11:01 PM train 650 1.776656e-02 99.587174 99.978399
09/26 08:11:05 PM train 700 1.763048e-02 99.601016 99.977710
09/26 08:11:09 PM train 750 1.729381e-02 99.608855 99.979194
09/26 08:11:12 PM train_acc 99.610000
09/26 08:11:12 PM valid 000 2.256200e-02 100.000000 100.000000
09/26 08:11:13 PM valid 050 1.802388e-01 96.568627 99.908088
09/26 08:11:14 PM valid 100 1.918779e-01 96.472772 99.938119
09/26 08:11:16 PM valid 150 1.834077e-01 96.543874 99.937914
09/26 08:11:16 PM valid_acc 96.530000, best_acc 96.580000
09/26 08:11:16 PM epoch 584 lr 3.386958e-05
09/26 08:11:16 PM train 000 7.317556e-03 100.000000 100.000000
09/26 08:11:20 PM train 050 2.020803e-02 99.662990 100.000000
09/26 08:11:25 PM train 100 1.929268e-02 99.597772 100.000000
09/26 08:11:29 PM train 150 1.763139e-02 99.648179 100.000000
09/26 08:11:33 PM train 200 1.643299e-02 99.689055 100.000000
09/26 08:11:37 PM train 250 1.597021e-02 99.701195 99.993775
09/26 08:11:42 PM train 300 1.557214e-02 99.704111 99.989618
09/26 08:11:46 PM train 350 1.559703e-02 99.697293 99.986645
09/26 08:11:50 PM train 400 1.606086e-02 99.692176 99.984414
09/26 08:11:54 PM train 450 1.606628e-02 99.684728 99.986142
09/26 08:11:59 PM train 500 1.649162e-02 99.672530 99.987525
09/26 08:12:03 PM train 550 1.621465e-02 99.673888 99.982985
09/26 08:12:07 PM train 600 1.630949e-02 99.654222 99.984401
09/26 08:12:11 PM train 650 1.632521e-02 99.647177 99.983199
09/26 08:12:16 PM train 700 1.612220e-02 99.654511 99.984397
09/26 08:12:20 PM train 750 1.604964e-02 99.652547 99.983356
09/26 08:12:23 PM train_acc 99.646000
09/26 08:12:23 PM valid 000 2.302589e-02 98.437500 100.000000
09/26 08:12:24 PM valid 050 1.803291e-01 96.507353 99.938725
09/26 08:12:25 PM valid 100 1.933525e-01 96.426361 99.938119
09/26 08:12:26 PM valid 150 1.851247e-01 96.523179 99.937914
09/26 08:12:27 PM valid_acc 96.510000, best_acc 96.580000
09/26 08:12:27 PM epoch 585 lr 2.924430e-05
09/26 08:12:27 PM train 000 4.931170e-02 98.437500 98.437500
09/26 08:12:31 PM train 050 2.119390e-02 99.479167 99.877451
09/26 08:12:35 PM train 100 1.580548e-02 99.675124 99.938119
09/26 08:12:40 PM train 150 1.563464e-02 99.658526 99.937914
09/26 08:12:44 PM train 200 1.692743e-02 99.626866 99.953358
09/26 08:12:48 PM train 250 1.710821e-02 99.607819 99.962649
09/26 08:12:52 PM train 300 1.680880e-02 99.621055 99.958472
09/26 08:12:57 PM train 350 1.677658e-02 99.626068 99.964387
09/26 08:13:01 PM train 400 1.676198e-02 99.629832 99.964931
09/26 08:13:05 PM train 450 1.676287e-02 99.636225 99.965355
09/26 08:13:09 PM train 500 1.650082e-02 99.641342 99.965694
09/26 08:13:14 PM train 550 1.647712e-02 99.637024 99.968807
09/26 08:13:18 PM train 600 1.667029e-02 99.633423 99.966202
09/26 08:13:22 PM train 650 1.655134e-02 99.630376 99.963998
09/26 08:13:26 PM train 700 1.623687e-02 99.643367 99.966566
09/26 08:13:31 PM train 750 1.598596e-02 99.650466 99.968792
09/26 08:13:33 PM train_acc 99.648000
09/26 08:13:33 PM valid 000 2.030848e-02 100.000000 100.000000
09/26 08:13:35 PM valid 050 1.819908e-01 96.629902 99.969363
09/26 08:13:36 PM valid 100 1.927280e-01 96.534653 99.953589
09/26 08:13:37 PM valid 150 1.838589e-01 96.605960 99.948262
09/26 08:13:37 PM valid_acc 96.590000, best_acc 96.590000
09/26 08:13:37 PM epoch 586 lr 2.496052e-05
09/26 08:13:37 PM train 000 3.891159e-02 98.437500 98.437500
09/26 08:13:42 PM train 050 2.261973e-02 99.417892 99.938725
09/26 08:13:46 PM train 100 1.992215e-02 99.504950 99.969059
09/26 08:13:50 PM train 150 1.919885e-02 99.513659 99.968957
09/26 08:13:54 PM train 200 1.771973e-02 99.580224 99.976679
09/26 08:13:59 PM train 250 1.834950e-02 99.564243 99.975100
09/26 08:14:03 PM train 300 1.750094e-02 99.569145 99.979236
09/26 08:14:07 PM train 350 1.809015e-02 99.554843 99.977742
09/26 08:14:11 PM train 400 1.820069e-02 99.540212 99.980517
09/26 08:14:16 PM train 450 1.812268e-02 99.546147 99.975748
09/26 08:14:20 PM train 500 1.875605e-02 99.529067 99.975050
09/26 08:14:24 PM train 550 1.830279e-02 99.540608 99.977314
09/26 08:14:28 PM train 600 1.822588e-02 99.545029 99.974002
09/26 08:14:33 PM train 650 1.812871e-02 99.548771 99.971198
09/26 08:14:37 PM train 700 1.759499e-02 99.572040 99.973252
09/26 08:14:41 PM train 750 1.766871e-02 99.571405 99.970872
09/26 08:14:44 PM train_acc 99.582000
09/26 08:14:44 PM valid 000 2.684581e-02 98.437500 100.000000
09/26 08:14:45 PM valid 050 1.786751e-01 96.629902 99.938725
09/26 08:14:46 PM valid 100 1.904713e-01 96.457302 99.907178
09/26 08:14:48 PM valid 150 1.825945e-01 96.523179 99.917219
09/26 08:14:48 PM valid_acc 96.510000, best_acc 96.590000
09/26 08:14:48 PM epoch 587 lr 2.101829e-05
09/26 08:14:48 PM train 000 1.787612e-02 100.000000 100.000000
09/26 08:14:52 PM train 050 1.794854e-02 99.632353 100.000000
09/26 08:14:56 PM train 100 1.709693e-02 99.628713 99.969059
09/26 08:15:01 PM train 150 1.557582e-02 99.689570 99.979305
09/26 08:15:05 PM train 200 1.602347e-02 99.665734 99.976679
09/26 08:15:09 PM train 250 1.666241e-02 99.638944 99.962649
09/26 08:15:14 PM train 300 1.679979e-02 99.610673 99.948090
09/26 08:15:18 PM train 350 1.736391e-02 99.586004 99.951033
09/26 08:15:22 PM train 400 1.723360e-02 99.598660 99.957138
09/26 08:15:26 PM train 450 1.693202e-02 99.594651 99.961890
09/26 08:15:30 PM train 500 1.665116e-02 99.591442 99.962575
09/26 08:15:35 PM train 550 1.664672e-02 99.594487 99.965971
09/26 08:15:39 PM train 600 1.674958e-02 99.591826 99.966202
09/26 08:15:43 PM train 650 1.709531e-02 99.577573 99.968798
09/26 08:15:48 PM train 700 1.723813e-02 99.567582 99.968795
09/26 08:15:52 PM train 750 1.715628e-02 99.575566 99.966711
09/26 08:15:54 PM train_acc 99.580000
09/26 08:15:54 PM valid 000 2.717701e-02 98.437500 100.000000
09/26 08:15:56 PM valid 050 1.821451e-01 96.629902 99.908088
09/26 08:15:57 PM valid 100 1.941484e-01 96.503713 99.907178
09/26 08:15:58 PM valid 150 1.856800e-01 96.533526 99.927566
09/26 08:15:58 PM valid_acc 96.520000, best_acc 96.590000
09/26 08:15:58 PM epoch 588 lr 1.741760e-05
09/26 08:15:59 PM train 000 2.007392e-03 100.000000 100.000000
09/26 08:16:03 PM train 050 1.772367e-02 99.693627 100.000000
09/26 08:16:07 PM train 100 1.841111e-02 99.690594 99.969059
09/26 08:16:11 PM train 150 1.711553e-02 99.668874 99.968957
09/26 08:16:16 PM train 200 1.728850e-02 99.673507 99.976679
09/26 08:16:20 PM train 250 1.758642e-02 99.645169 99.962649
09/26 08:16:24 PM train 300 1.666931e-02 99.672965 99.968854
09/26 08:16:28 PM train 350 1.666437e-02 99.670584 99.964387
09/26 08:16:33 PM train 400 1.656347e-02 99.672693 99.964931
09/26 08:16:37 PM train 450 1.689872e-02 99.653548 99.961890
09/26 08:16:41 PM train 500 1.728331e-02 99.647580 99.965694
09/26 08:16:46 PM train 550 1.747172e-02 99.637024 99.968807
09/26 08:16:50 PM train 600 1.737556e-02 99.636023 99.963602
09/26 08:16:54 PM train 650 1.776650e-02 99.620776 99.963998
09/26 08:16:58 PM train 700 1.741441e-02 99.621077 99.964337
09/26 08:17:02 PM train 750 1.759688e-02 99.613016 99.964630
09/26 08:17:05 PM train_acc 99.610000
09/26 08:17:05 PM valid 000 3.832563e-02 96.875000 100.000000
09/26 08:17:06 PM valid 050 1.812801e-01 96.537990 99.938725
09/26 08:17:08 PM valid 100 1.929950e-01 96.441832 99.907178
09/26 08:17:09 PM valid 150 1.843112e-01 96.481788 99.917219
09/26 08:17:09 PM valid_acc 96.480000, best_acc 96.590000
09/26 08:17:09 PM epoch 589 lr 1.415838e-05
09/26 08:17:09 PM train 000 1.832873e-02 98.437500 100.000000
09/26 08:17:13 PM train 050 2.190257e-02 99.632353 99.969363
09/26 08:17:18 PM train 100 1.668661e-02 99.690594 99.969059
09/26 08:17:22 PM train 150 1.961342e-02 99.648179 99.979305
09/26 08:17:26 PM train 200 1.934629e-02 99.634639 99.968905
09/26 08:17:30 PM train 250 1.911955e-02 99.626494 99.968875
09/26 08:17:35 PM train 300 1.847357e-02 99.621055 99.963663
09/26 08:17:39 PM train 350 1.919509e-02 99.603811 99.964387
09/26 08:17:43 PM train 400 1.913241e-02 99.602556 99.968828
09/26 08:17:47 PM train 450 1.863078e-02 99.598115 99.968819
09/26 08:17:51 PM train 500 1.837737e-02 99.603917 99.971931
09/26 08:17:56 PM train 550 1.831758e-02 99.597323 99.974478
09/26 08:18:00 PM train 600 1.845286e-02 99.589226 99.971402
09/26 08:18:04 PM train 650 1.835944e-02 99.579973 99.971198
09/26 08:18:08 PM train 700 1.811460e-02 99.585414 99.973252
09/26 08:18:13 PM train 750 1.831493e-02 99.577646 99.966711
09/26 08:18:15 PM train_acc 99.580000
09/26 08:18:15 PM valid 000 2.626069e-02 100.000000 100.000000
09/26 08:18:17 PM valid 050 1.803947e-01 96.568627 99.938725
09/26 08:18:18 PM valid 100 1.916836e-01 96.457302 99.938119
09/26 08:18:19 PM valid 150 1.831023e-01 96.512831 99.937914
09/26 08:18:19 PM valid_acc 96.500000, best_acc 96.590000
09/26 08:18:19 PM epoch 590 lr 1.124050e-05
09/26 08:18:19 PM train 000 4.239171e-02 98.437500 100.000000
09/26 08:18:24 PM train 050 1.458468e-02 99.571078 99.969363
09/26 08:18:28 PM train 100 1.475535e-02 99.628713 99.969059
09/26 08:18:32 PM train 150 1.400879e-02 99.648179 99.968957
09/26 08:18:36 PM train 200 1.472196e-02 99.642413 99.968905
09/26 08:18:41 PM train 250 1.486794e-02 99.651394 99.968875
09/26 08:18:45 PM train 300 1.559466e-02 99.657392 99.968854
09/26 08:18:49 PM train 350 1.592287e-02 99.648326 99.968839
09/26 08:18:53 PM train 400 1.549841e-02 99.672693 99.968828
09/26 08:18:57 PM train 450 1.514604e-02 99.677799 99.972284
09/26 08:19:02 PM train 500 1.518471e-02 99.669411 99.971931
09/26 08:19:06 PM train 550 1.525067e-02 99.671053 99.971642
09/26 08:19:10 PM train 600 1.507977e-02 99.672421 99.971402
09/26 08:19:14 PM train 650 1.509404e-02 99.675979 99.973598
09/26 08:19:18 PM train 700 1.507485e-02 99.674572 99.975481
09/26 08:19:23 PM train 750 1.556375e-02 99.665030 99.977114
09/26 08:19:25 PM train_acc 99.666000
09/26 08:19:25 PM valid 000 3.260055e-02 98.437500 100.000000
09/26 08:19:27 PM valid 050 1.823996e-01 96.415441 99.938725
09/26 08:19:28 PM valid 100 1.938151e-01 96.287129 99.938119
09/26 08:19:29 PM valid 150 1.850808e-01 96.450745 99.937914
09/26 08:19:29 PM valid_acc 96.440000, best_acc 96.590000
09/26 08:19:29 PM epoch 591 lr 8.663743e-06
09/26 08:19:29 PM train 000 4.552862e-03 100.000000 100.000000
09/26 08:19:34 PM train 050 1.665245e-02 99.662990 100.000000
09/26 08:19:38 PM train 100 1.985654e-02 99.597772 99.969059
09/26 08:19:42 PM train 150 1.920476e-02 99.637831 99.979305
09/26 08:19:46 PM train 200 1.814701e-02 99.619092 99.984453
09/26 08:19:51 PM train 250 1.927218e-02 99.582918 99.975100
09/26 08:19:55 PM train 300 1.949950e-02 99.579527 99.979236
09/26 08:19:59 PM train 350 1.887039e-02 99.599359 99.977742
09/26 08:20:03 PM train 400 1.922479e-02 99.575281 99.980517
09/26 08:20:08 PM train 450 1.861669e-02 99.580793 99.982677
09/26 08:20:12 PM train 500 1.872142e-02 99.578967 99.984406
09/26 08:20:16 PM train 550 1.879394e-02 99.574637 99.982985
09/26 08:20:20 PM train 600 1.853717e-02 99.581427 99.981801
09/26 08:20:24 PM train 650 1.825198e-02 99.587174 99.983199
09/26 08:20:29 PM train 700 1.834654e-02 99.587643 99.984397
09/26 08:20:33 PM train 750 1.834705e-02 99.583888 99.983356
09/26 08:20:36 PM train_acc 99.594000
09/26 08:20:36 PM valid 000 1.833593e-02 100.000000 100.000000
09/26 08:20:37 PM valid 050 1.759448e-01 96.660539 99.938725
09/26 08:20:38 PM valid 100 1.879350e-01 96.550124 99.938119
09/26 08:20:39 PM valid 150 1.796941e-01 96.574917 99.937914
09/26 08:20:40 PM valid_acc 96.560000, best_acc 96.590000
09/26 08:20:40 PM epoch 592 lr 6.427702e-06
09/26 08:20:40 PM train 000 7.102171e-03 100.000000 100.000000
09/26 08:20:44 PM train 050 1.291776e-02 99.693627 99.969363
09/26 08:20:48 PM train 100 1.790068e-02 99.566832 99.938119
09/26 08:20:52 PM train 150 1.902413e-02 99.565397 99.958609
09/26 08:20:57 PM train 200 1.940057e-02 99.518035 99.961132
09/26 08:21:01 PM train 250 1.892232e-02 99.533118 99.956424
09/26 08:21:05 PM train 300 1.841306e-02 99.548380 99.958472
09/26 08:21:09 PM train 350 1.855466e-02 99.550392 99.955484
09/26 08:21:14 PM train 400 1.859330e-02 99.528522 99.949345
09/26 08:21:18 PM train 450 1.819582e-02 99.535754 99.951497
09/26 08:21:22 PM train 500 1.874710e-02 99.516592 99.953219
09/26 08:21:26 PM train 550 1.843913e-02 99.534936 99.957464
09/26 08:21:31 PM train 600 1.819922e-02 99.542429 99.961002
09/26 08:21:35 PM train 650 1.815543e-02 99.536770 99.963998
09/26 08:21:39 PM train 700 1.822665e-02 99.536377 99.966566
09/26 08:21:43 PM train 750 1.860662e-02 99.529794 99.962550
09/26 08:21:46 PM train_acc 99.530000
09/26 08:21:46 PM valid 000 2.519462e-02 98.437500 100.000000
09/26 08:21:47 PM valid 050 1.800841e-01 96.629902 99.908088
09/26 08:21:48 PM valid 100 1.922944e-01 96.488243 99.922649
09/26 08:21:49 PM valid 150 1.845981e-01 96.523179 99.927566
09/26 08:21:50 PM valid_acc 96.510000, best_acc 96.590000
09/26 08:21:50 PM epoch 593 lr 4.531723e-06
09/26 08:21:50 PM train 000 2.454108e-02 100.000000 100.000000
09/26 08:21:54 PM train 050 2.877878e-02 99.295343 100.000000
09/26 08:21:58 PM train 100 2.698956e-02 99.381188 99.984530
09/26 08:22:03 PM train 150 2.460350e-02 99.430877 99.989652
09/26 08:22:07 PM train 200 2.379198e-02 99.455846 99.976679
09/26 08:22:11 PM train 250 2.251681e-02 99.483317 99.975100
09/26 08:22:15 PM train 300 2.181130e-02 99.512043 99.979236
09/26 08:22:19 PM train 350 2.118253e-02 99.523682 99.977742
09/26 08:22:24 PM train 400 2.042016e-02 99.540212 99.980517
09/26 08:22:28 PM train 450 2.042701e-02 99.539218 99.979213
09/26 08:22:32 PM train 500 2.041364e-02 99.541542 99.971931
09/26 08:22:36 PM train 550 2.086618e-02 99.520758 99.968807
09/26 08:22:41 PM train 600 2.067587e-02 99.521631 99.968802
09/26 08:22:45 PM train 650 2.047682e-02 99.534370 99.968798
09/26 08:22:49 PM train 700 2.068404e-02 99.527461 99.966566
09/26 08:22:53 PM train 750 2.005588e-02 99.533955 99.968792
09/26 08:22:56 PM train_acc 99.538000
09/26 08:22:56 PM valid 000 2.851124e-02 98.437500 100.000000
09/26 08:22:57 PM valid 050 1.804596e-01 96.629902 99.908088
09/26 08:22:58 PM valid 100 1.926746e-01 96.503713 99.922649
09/26 08:23:00 PM valid 150 1.843833e-01 96.533526 99.927566
09/26 08:23:00 PM valid_acc 96.520000, best_acc 96.590000
09/26 08:23:00 PM epoch 594 lr 2.974684e-06
09/26 08:23:00 PM train 000 7.920818e-03 100.000000 100.000000
09/26 08:23:04 PM train 050 1.621445e-02 99.479167 99.938725
09/26 08:23:08 PM train 100 1.830193e-02 99.443069 99.953589
09/26 08:23:13 PM train 150 1.589349e-02 99.524007 99.958609
09/26 08:23:17 PM train 200 1.845678e-02 99.471393 99.953358
09/26 08:23:21 PM train 250 1.840653e-02 99.501992 99.956424
09/26 08:23:25 PM train 300 1.764844e-02 99.537998 99.963663
09/26 08:23:30 PM train 350 1.701877e-02 99.568198 99.964387
09/26 08:23:34 PM train 400 1.738412e-02 99.544108 99.968828
09/26 08:23:38 PM train 450 1.794407e-02 99.532289 99.968819
09/26 08:23:42 PM train 500 1.793535e-02 99.538423 99.971931
09/26 08:23:47 PM train 550 1.823051e-02 99.534936 99.974478
09/26 08:23:51 PM train 600 1.785742e-02 99.555428 99.976601
09/26 08:23:55 PM train 650 1.811943e-02 99.548771 99.968798
09/26 08:23:59 PM train 700 1.845454e-02 99.538606 99.966566
09/26 08:24:04 PM train 750 1.816984e-02 99.550599 99.968792
09/26 08:24:06 PM train_acc 99.560000
09/26 08:24:06 PM valid 000 2.080744e-02 100.000000 100.000000
09/26 08:24:08 PM valid 050 1.808185e-01 96.629902 99.908088
09/26 08:24:09 PM valid 100 1.917531e-01 96.534653 99.907178
09/26 08:24:10 PM valid 150 1.835484e-01 96.574917 99.917219
09/26 08:24:10 PM valid_acc 96.570000, best_acc 96.590000
09/26 08:24:10 PM epoch 595 lr 1.754568e-06
09/26 08:24:11 PM train 000 2.917103e-03 100.000000 100.000000
09/26 08:24:15 PM train 050 1.838482e-02 99.632353 100.000000
09/26 08:24:19 PM train 100 2.190169e-02 99.489480 99.938119
09/26 08:24:23 PM train 150 1.931005e-02 99.544702 99.948262
09/26 08:24:28 PM train 200 1.859704e-02 99.549129 99.953358
09/26 08:24:32 PM train 250 1.809100e-02 99.576693 99.962649
09/26 08:24:36 PM train 300 1.875156e-02 99.548380 99.968854
09/26 08:24:41 PM train 350 1.939554e-02 99.545940 99.968839
09/26 08:24:45 PM train 400 1.931292e-02 99.544108 99.972724
09/26 08:24:49 PM train 450 1.993893e-02 99.535754 99.975748
09/26 08:24:53 PM train 500 1.957278e-02 99.547779 99.975050
09/26 08:24:58 PM train 550 1.939712e-02 99.543444 99.974478
09/26 08:25:02 PM train 600 1.946708e-02 99.550229 99.974002
09/26 08:25:06 PM train 650 1.904023e-02 99.563172 99.973598
09/26 08:25:10 PM train 700 1.895303e-02 99.567582 99.975481
09/26 08:25:14 PM train 750 1.896788e-02 99.563083 99.972953
09/26 08:25:17 PM train_acc 99.570000
09/26 08:25:17 PM valid 000 1.687270e-02 100.000000 100.000000
09/26 08:25:18 PM valid 050 1.777028e-01 96.629902 99.938725
09/26 08:25:20 PM valid 100 1.896067e-01 96.565594 99.938119
09/26 08:25:21 PM valid 150 1.811521e-01 96.605960 99.937914
09/26 08:25:21 PM valid_acc 96.590000, best_acc 96.590000
09/26 08:25:21 PM epoch 596 lr 8.674417e-07
09/26 08:25:21 PM train 000 1.557107e-01 96.875000 100.000000
09/26 08:25:26 PM train 050 1.933403e-02 99.571078 99.969363
09/26 08:25:30 PM train 100 1.795110e-02 99.659653 99.969059
09/26 08:25:34 PM train 150 1.750284e-02 99.637831 99.958609
09/26 08:25:38 PM train 200 1.761293e-02 99.587998 99.961132
09/26 08:25:43 PM train 250 1.741276e-02 99.589143 99.968875
09/26 08:25:47 PM train 300 1.676596e-02 99.600291 99.963663
09/26 08:25:51 PM train 350 1.721089e-02 99.577101 99.964387
09/26 08:25:55 PM train 400 1.701165e-02 99.586970 99.968828
09/26 08:26:00 PM train 450 1.711924e-02 99.594651 99.972284
09/26 08:26:04 PM train 500 1.716785e-02 99.600798 99.968812
09/26 08:26:08 PM train 550 1.721918e-02 99.585980 99.968807
09/26 08:26:12 PM train 600 1.717864e-02 99.584027 99.971402
09/26 08:26:17 PM train 650 1.701370e-02 99.589574 99.968798
09/26 08:26:21 PM train 700 1.679620e-02 99.594330 99.968795
09/26 08:26:25 PM train 750 1.702863e-02 99.583888 99.968792
09/26 08:26:28 PM train_acc 99.586000
09/26 08:26:28 PM valid 000 2.829372e-02 98.437500 100.000000
09/26 08:26:29 PM valid 050 1.795248e-01 96.660539 99.908088
09/26 08:26:30 PM valid 100 1.925132e-01 96.472772 99.907178
09/26 08:26:32 PM valid 150 1.842725e-01 96.492136 99.917219
09/26 08:26:32 PM valid_acc 96.480000, best_acc 96.590000
09/26 08:26:32 PM epoch 597 lr 3.046181e-07
09/26 08:26:32 PM train 000 6.904767e-02 96.875000 100.000000
09/26 08:26:36 PM train 050 1.448601e-02 99.693627 100.000000
09/26 08:26:40 PM train 100 1.814670e-02 99.690594 99.969059
09/26 08:26:45 PM train 150 1.872210e-02 99.627483 99.968957
09/26 08:26:49 PM train 200 1.811367e-02 99.595771 99.976679
09/26 08:26:53 PM train 250 1.844745e-02 99.595369 99.968875
09/26 08:26:57 PM train 300 1.809202e-02 99.605482 99.968854
09/26 08:27:02 PM train 350 1.768846e-02 99.608262 99.968839
09/26 08:27:06 PM train 400 1.773810e-02 99.602556 99.972724
09/26 08:27:10 PM train 450 1.765831e-02 99.598115 99.975748
09/26 08:27:14 PM train 500 1.792114e-02 99.585205 99.978169
09/26 08:27:18 PM train 550 1.814461e-02 99.577473 99.977314
09/26 08:27:22 PM train 600 1.837816e-02 99.573627 99.976601
09/26 08:27:27 PM train 650 1.879739e-02 99.558372 99.978399
09/26 08:27:31 PM train 700 1.861018e-02 99.569811 99.979939
09/26 08:27:35 PM train 750 1.863322e-02 99.567244 99.981275
09/26 08:27:38 PM train_acc 99.568000
09/26 08:27:38 PM valid 000 1.660326e-02 100.000000 100.000000
09/26 08:27:39 PM valid 050 1.797028e-01 96.599265 99.938725
09/26 08:27:40 PM valid 100 1.904852e-01 96.565594 99.938119
09/26 08:27:41 PM valid 150 1.819431e-01 96.616308 99.937914
09/26 08:27:42 PM valid_acc 96.600000, best_acc 96.600000
09/26 08:27:42 PM epoch 598 lr 4.283702e-08
09/26 08:27:42 PM train 000 2.078199e-03 100.000000 100.000000
09/26 08:27:46 PM train 050 1.963547e-02 99.601716 99.938725
09/26 08:27:50 PM train 100 1.714713e-02 99.628713 99.969059
09/26 08:27:55 PM train 150 1.867657e-02 99.544702 99.958609
09/26 08:27:59 PM train 200 1.837998e-02 99.556903 99.961132
09/26 08:28:03 PM train 250 1.820647e-02 99.539343 99.956424
09/26 08:28:07 PM train 300 1.853236e-02 99.543189 99.963663
09/26 08:28:12 PM train 350 1.872061e-02 99.554843 99.964387
09/26 08:28:16 PM train 400 1.847319e-02 99.559695 99.964931
09/26 08:28:20 PM train 450 1.824129e-02 99.556541 99.968819
09/26 08:28:24 PM train 500 1.789286e-02 99.578967 99.971931
09/26 08:28:29 PM train 550 1.790619e-02 99.585980 99.974478
09/26 08:28:33 PM train 600 1.892521e-02 99.568428 99.966202
09/26 08:28:37 PM train 650 1.887298e-02 99.570373 99.968798
09/26 08:28:41 PM train 700 1.873006e-02 99.569811 99.968795
09/26 08:28:45 PM train 750 1.899065e-02 99.563083 99.970872
09/26 08:28:48 PM train_acc 99.554000
09/26 08:28:48 PM valid 000 1.769778e-02 98.437500 100.000000
09/26 08:28:49 PM valid 050 1.802878e-01 96.691176 99.938725
09/26 08:28:51 PM valid 100 1.927149e-01 96.519183 99.922649
09/26 08:28:52 PM valid 150 1.853175e-01 96.523179 99.927566
09/26 08:28:52 PM valid_acc 96.520000, best_acc 96.600000
09/26 08:28:52 PM epoch 599 lr 0.000000e+00
09/26 08:28:52 PM train 000 1.884049e-02 98.437500 100.000000
09/26 08:28:57 PM train 050 1.630043e-02 99.693627 99.969363
09/26 08:29:01 PM train 100 1.582019e-02 99.721535 99.969059
09/26 08:29:05 PM train 150 1.607079e-02 99.648179 99.958609
09/26 08:29:09 PM train 200 1.658448e-02 99.650187 99.968905
09/26 08:29:13 PM train 250 1.857389e-02 99.607819 99.975100
09/26 08:29:18 PM train 300 1.883274e-02 99.595100 99.974045
09/26 08:29:22 PM train 350 1.816427e-02 99.599359 99.977742
09/26 08:29:26 PM train 400 1.803321e-02 99.579177 99.980517
09/26 08:29:30 PM train 450 1.807416e-02 99.577328 99.975748
09/26 08:29:34 PM train 500 1.821584e-02 99.572730 99.971931
09/26 08:29:39 PM train 550 1.826967e-02 99.557623 99.968807
09/26 08:29:43 PM train 600 1.836821e-02 99.563228 99.963602
09/26 08:29:47 PM train 650 1.863203e-02 99.565572 99.961598
09/26 08:29:51 PM train 700 1.881598e-02 99.556437 99.962108
09/26 08:29:56 PM train 750 1.881379e-02 99.550599 99.962550
09/26 08:29:58 PM train_acc 99.556000
09/26 08:29:58 PM valid 000 2.624608e-02 98.437500 100.000000
09/26 08:30:00 PM valid 050 1.789213e-01 96.660539 99.908088
09/26 08:30:01 PM valid 100 1.911977e-01 96.472772 99.922649
09/26 08:30:02 PM valid 150 1.824871e-01 96.564570 99.937914
09/26 08:30:02 PM valid_acc 96.550000, best_acc 96.600000
