This job can be monitored from: https://job.c3se.chalmers.se/alvis/5092250
Experiment dir : eval-EXP-20250925-142136
09/25 02:21:40 PM gpu device = 0
09/25 02:21:40 PM args = Namespace(data='../data', set='cifar100', batch_size=64, learning_rate=0.025, momentum=0.9, weight_decay=0.0003, report_freq=50, gpu=0, epochs=600, init_channels=36, layers=20, model_path='saved_models', auxiliary=False, auxiliary_weight=0.4, cutout=False, cutout_length=16, drop_path_prob=0.3, save='eval-EXP-20250925-142136', seed=0, arch='R1_P1', grad_clip=5)
108 108 36
108 144 36
144 144 36
144 144 36
144 144 36
144 144 36
144 144 72
144 288 72
288 288 72
288 288 72
288 288 72
288 288 72
288 288 72
288 288 144
288 576 144
576 576 144
576 576 144
576 576 144
576 576 144
576 576 144

------------------------------------- Calculate Flops Results -------------------------------------
Notations:
number of parameters (Params), number of multiply-accumulate operations(MACs),
number of floating-point operations (FLOPs), floating-point operations per second (FLOPS),
fwd FLOPs (model forward propagation FLOPs), bwd FLOPs (model backward propagation FLOPs),
default model backpropagation takes 2.00 times as much computation as forward propagation.

Total Training Params:                                                  2.89 M  
fwd MACs:                                                               0.4525 GMACs
fwd FLOPs:                                                              0.9209 GFLOPS
fwd+bwd MACs:                                                           1.3575 GMACs
fwd+bwd FLOPs:                                                          2.7626 GFLOPS

-------------------------------- Detailed Calculated FLOPs Results --------------------------------
Each module caculated is listed after its name in the following order: 
params, percentage of total params, MACs, percentage of total MACs, FLOPS, percentage of total FLOPs

Note: 1. A module can have torch.nn.module or torch.nn.functional to compute logits (e.g. CrossEntropyLoss). 
 They are not counted as submodules in calflops and not to be printed out. However they make up the difference between a parent's MACs and the sum of its submodules'.
2. Number of floating-point operations is a theoretical estimation, thus FLOPS computed using that could be larger than the maximum system throughput.

NetworkCIFAR(
  2.89 M = 100% Params, 452.49 MMACs = 100% MACs, 920.86 MFLOPS = 100% FLOPs
  (stem): Sequential(
    3.13 K = 0.1085% Params, 2.99 MMACs = 0.6599% MACs, 6.19 MFLOPS = 0.6725% FLOPs
    (0): Conv2d(2.92 K = 0.1011% Params, 2.99 MMACs = 0.6599% MACs, 5.97 MFLOPS = 0.6485% FLOPs, 3, 108, kernel_size=(3, 3), stride=(1, 1), padding=(1, 1), bias=False)
    (1): BatchNorm2d(216 = 0.0075% Params, 0 MACs = 0% MACs, 221.18 KFLOPS = 0.024% FLOPs, 108, eps=1e-05, momentum=0.1, affine=True, track_running_stats=True)
  )
  (cells): ModuleList(
    (0): Cell(
      22.03 K = 0.7635% Params, 21.82 MMACs = 4.823% MACs, 44.9 MFLOPS = 4.8759% FLOPs
      (preprocess0): ReLUConvBN(
        3.96 K = 0.1372% Params, 3.98 MMACs = 0.8799% MACs, 8.15 MFLOPS = 0.8847% FLOPs
        (op): Sequential(
          3.96 K = 0.1372% Params, 3.98 MMACs = 0.8799% MACs, 8.15 MFLOPS = 0.8847% FLOPs
          (0): ReLU(0 = 0% Params, 0 MACs = 0% MACs, 110.59 KFLOPS = 0.012% FLOPs)
          (1): Conv2d(3.89 K = 0.1347% Params, 3.98 MMACs = 0.8799% MACs, 7.96 MFLOPS = 0.8647% FLOPs, 108, 36, kernel_size=(1, 1), stride=(1, 1), bias=False)
          (2): BatchNorm2d(72 = 0.0025% Params, 0 MACs = 0% MACs, 73.73 KFLOPS = 0.008% FLOPs, 36, eps=1e-05, momentum=0.1, affine=True, track_running_stats=True)
        )
      )
      (preprocess1): ReLUConvBN(
        3.96 K = 0.1372% Params, 3.98 MMACs = 0.8799% MACs, 8.15 MFLOPS = 0.8847% FLOPs
        (op): Sequential(
          3.96 K = 0.1372% Params, 3.98 MMACs = 0.8799% MACs, 8.15 MFLOPS = 0.8847% FLOPs
          (0): ReLU(0 = 0% Params, 0 MACs = 0% MACs, 110.59 KFLOPS = 0.012% FLOPs)
          (1): Conv2d(3.89 K = 0.1347% Params, 3.98 MMACs = 0.8799% MACs, 7.96 MFLOPS = 0.8647% FLOPs, 108, 36, kernel_size=(1, 1), stride=(1, 1), bias=False)
          (2): BatchNorm2d(72 = 0.0025% Params, 0 MACs = 0% MACs, 73.73 KFLOPS = 0.008% FLOPs, 36, eps=1e-05, momentum=0.1, affine=True, track_running_stats=True)
        )
      )
      (_ops): ModuleList(
        (0-4): 5 x SepConv(
          1.69 K = 0.0586% Params, 1.66 MMACs = 0.3666% MACs, 3.43 MFLOPS = 0.3723% FLOPs
          (op): Sequential(
            1.69 K = 0.0586% Params, 1.66 MMACs = 0.3666% MACs, 3.43 MFLOPS = 0.3723% FLOPs
            (0): ReLU(0 = 0% Params, 0 MACs = 0% MACs, 36.86 KFLOPS = 0.004% FLOPs)
            (1): Conv2d(324 = 0.0112% Params, 331.78 KMACs = 0.0733% MACs, 663.55 KFLOPS = 0.0721% FLOPs, 36, 36, kernel_size=(3, 3), stride=(1, 1), padding=(1, 1), groups=36, bias=False)
            (2): Conv2d(1.3 K = 0.0449% Params, 1.33 MMACs = 0.2933% MACs, 2.65 MFLOPS = 0.2882% FLOPs, 36, 36, kernel_size=(1, 1), stride=(1, 1), bias=False)
            (3): BatchNorm2d(72 = 0.0025% Params, 0 MACs = 0% MACs, 73.73 KFLOPS = 0.008% FLOPs, 36, eps=1e-05, momentum=0.1, affine=True, track_running_stats=True)
          )
        )
        (5): SepConv(
          2.27 K = 0.0786% Params, 2.25 MMACs = 0.497% MACs, 4.61 MFLOPS = 0.5004% FLOPs
          (op): Sequential(
            2.27 K = 0.0786% Params, 2.25 MMACs = 0.497% MACs, 4.61 MFLOPS = 0.5004% FLOPs
            (0): ReLU(0 = 0% Params, 0 MACs = 0% MACs, 36.86 KFLOPS = 0.004% FLOPs)
            (1): Conv2d(900 = 0.0312% Params, 921.6 KMACs = 0.2037% MACs, 1.84 MFLOPS = 0.2002% FLOPs, 36, 36, kernel_size=(5, 5), stride=(1, 1), padding=(2, 2), groups=36, bias=False)
            (2): Conv2d(1.3 K = 0.0449% Params, 1.33 MMACs = 0.2933% MACs, 2.65 MFLOPS = 0.2882% FLOPs, 36, 36, kernel_size=(1, 1), stride=(1, 1), bias=False)
            (3): BatchNorm2d(72 = 0.0025% Params, 0 MACs = 0% MACs, 73.73 KFLOPS = 0.008% FLOPs, 36, eps=1e-05, momentum=0.1, affine=True, track_running_stats=True)
          )
        )
        (6-7): 2 x SepConv(
          1.69 K = 0.0586% Params, 1.66 MMACs = 0.3666% MACs, 3.43 MFLOPS = 0.3723% FLOPs
          (op): Sequential(
            1.69 K = 0.0586% Params, 1.66 MMACs = 0.3666% MACs, 3.43 MFLOPS = 0.3723% FLOPs
            (0): ReLU(0 = 0% Params, 0 MACs = 0% MACs, 36.86 KFLOPS = 0.004% FLOPs)
            (1): Conv2d(324 = 0.0112% Params, 331.78 KMACs = 0.0733% MACs, 663.55 KFLOPS = 0.0721% FLOPs, 36, 36, kernel_size=(3, 3), stride=(1, 1), padding=(1, 1), groups=36, bias=False)
            (2): Conv2d(1.3 K = 0.0449% Params, 1.33 MMACs = 0.2933% MACs, 2.65 MFLOPS = 0.2882% FLOPs, 36, 36, kernel_size=(1, 1), stride=(1, 1), bias=False)
            (3): BatchNorm2d(72 = 0.0025% Params, 0 MACs = 0% MACs, 73.73 KFLOPS = 0.008% FLOPs, 36, eps=1e-05, momentum=0.1, affine=True, track_running_stats=True)
          )
        )
      )
    )
    (1): Cell(
      23.33 K = 0.8084% Params, 23.15 MMACs = 5.1163% MACs, 47.59 MFLOPS = 5.1682% FLOPs
      (preprocess0): ReLUConvBN(
        3.96 K = 0.1372% Params, 3.98 MMACs = 0.8799% MACs, 8.15 MFLOPS = 0.8847% FLOPs
        (op): Sequential(
          3.96 K = 0.1372% Params, 3.98 MMACs = 0.8799% MACs, 8.15 MFLOPS = 0.8847% FLOPs
          (0): ReLU(0 = 0% Params, 0 MACs = 0% MACs, 110.59 KFLOPS = 0.012% FLOPs)
          (1): Conv2d(3.89 K = 0.1347% Params, 3.98 MMACs = 0.8799% MACs, 7.96 MFLOPS = 0.8647% FLOPs, 108, 36, kernel_size=(1, 1), stride=(1, 1), bias=False)
          (2): BatchNorm2d(72 = 0.0025% Params, 0 MACs = 0% MACs, 73.73 KFLOPS = 0.008% FLOPs, 36, eps=1e-05, momentum=0.1, affine=True, track_running_stats=True)
        )
      )
      (preprocess1): ReLUConvBN(
        5.26 K = 0.1821% Params, 5.31 MMACs = 1.1732% MACs, 10.84 MFLOPS = 1.1769% FLOPs
        (op): Sequential(
          5.26 K = 0.1821% Params, 5.31 MMACs = 1.1732% MACs, 10.84 MFLOPS = 1.1769% FLOPs
          (0): ReLU(0 = 0% Params, 0 MACs = 0% MACs, 147.46 KFLOPS = 0.016% FLOPs)
          (1): Conv2d(5.18 K = 0.1796% Params, 5.31 MMACs = 1.1732% MACs, 10.62 MFLOPS = 1.1529% FLOPs, 144, 36, kernel_size=(1, 1), stride=(1, 1), bias=False)
          (2): BatchNorm2d(72 = 0.0025% Params, 0 MACs = 0% MACs, 73.73 KFLOPS = 0.008% FLOPs, 36, eps=1e-05, momentum=0.1, affine=True, track_running_stats=True)
        )
      )
      (_ops): ModuleList(
        (0-4): 5 x SepConv(
          1.69 K = 0.0586% Params, 1.66 MMACs = 0.3666% MACs, 3.43 MFLOPS = 0.3723% FLOPs
          (op): Sequential(
            1.69 K = 0.0586% Params, 1.66 MMACs = 0.3666% MACs, 3.43 MFLOPS = 0.3723% FLOPs
            (0): ReLU(0 = 0% Params, 0 MACs = 0% MACs, 36.86 KFLOPS = 0.004% FLOPs)
            (1): Conv2d(324 = 0.0112% Params, 331.78 KMACs = 0.0733% MACs, 663.55 KFLOPS = 0.0721% FLOPs, 36, 36, kernel_size=(3, 3), stride=(1, 1), padding=(1, 1), groups=36, bias=False)
            (2): Conv2d(1.3 K = 0.0449% Params, 1.33 MMACs = 0.2933% MACs, 2.65 MFLOPS = 0.2882% FLOPs, 36, 36, kernel_size=(1, 1), stride=(1, 1), bias=False)
            (3): BatchNorm2d(72 = 0.0025% Params, 0 MACs = 0% MACs, 73.73 KFLOPS = 0.008% FLOPs, 36, eps=1e-05, momentum=0.1, affine=True, track_running_stats=True)
          )
        )
        (5): SepConv(
          2.27 K = 0.0786% Params, 2.25 MMACs = 0.497% MACs, 4.61 MFLOPS = 0.5004% FLOPs
          (op): Sequential(
            2.27 K = 0.0786% Params, 2.25 MMACs = 0.497% MACs, 4.61 MFLOPS = 0.5004% FLOPs
            (0): ReLU(0 = 0% Params, 0 MACs = 0% MACs, 36.86 KFLOPS = 0.004% FLOPs)
            (1): Conv2d(900 = 0.0312% Params, 921.6 KMACs = 0.2037% MACs, 1.84 MFLOPS = 0.2002% FLOPs, 36, 36, kernel_size=(5, 5), stride=(1, 1), padding=(2, 2), groups=36, bias=False)
            (2): Conv2d(1.3 K = 0.0449% Params, 1.33 MMACs = 0.2933% MACs, 2.65 MFLOPS = 0.2882% FLOPs, 36, 36, kernel_size=(1, 1), stride=(1, 1), bias=False)
            (3): BatchNorm2d(72 = 0.0025% Params, 0 MACs = 0% MACs, 73.73 KFLOPS = 0.008% FLOPs, 36, eps=1e-05, momentum=0.1, affine=True, track_running_stats=True)
          )
        )
        (6-7): 2 x SepConv(
          1.69 K = 0.0586% Params, 1.66 MMACs = 0.3666% MACs, 3.43 MFLOPS = 0.3723% FLOPs
          (op): Sequential(
            1.69 K = 0.0586% Params, 1.66 MMACs = 0.3666% MACs, 3.43 MFLOPS = 0.3723% FLOPs
            (0): ReLU(0 = 0% Params, 0 MACs = 0% MACs, 36.86 KFLOPS = 0.004% FLOPs)
            (1): Conv2d(324 = 0.0112% Params, 331.78 KMACs = 0.0733% MACs, 663.55 KFLOPS = 0.0721% FLOPs, 36, 36, kernel_size=(3, 3), stride=(1, 1), padding=(1, 1), groups=36, bias=False)
            (2): Conv2d(1.3 K = 0.0449% Params, 1.33 MMACs = 0.2933% MACs, 2.65 MFLOPS = 0.2882% FLOPs, 36, 36, kernel_size=(1, 1), stride=(1, 1), bias=False)
            (3): BatchNorm2d(72 = 0.0025% Params, 0 MACs = 0% MACs, 73.73 KFLOPS = 0.008% FLOPs, 36, eps=1e-05, momentum=0.1, affine=True, track_running_stats=True)
          )
        )
      )
    )
    (2-5): 4 x Cell(
      24.62 K = 0.8533% Params, 24.48 MMACs = 5.4096% MACs, 50.28 MFLOPS = 5.4604% FLOPs
      (preprocess0): ReLUConvBN(
        5.26 K = 0.1821% Params, 5.31 MMACs = 1.1732% MACs, 10.84 MFLOPS = 1.1769% FLOPs
        (op): Sequential(
          5.26 K = 0.1821% Params, 5.31 MMACs = 1.1732% MACs, 10.84 MFLOPS = 1.1769% FLOPs
          (0): ReLU(0 = 0% Params, 0 MACs = 0% MACs, 147.46 KFLOPS = 0.016% FLOPs)
          (1): Conv2d(5.18 K = 0.1796% Params, 5.31 MMACs = 1.1732% MACs, 10.62 MFLOPS = 1.1529% FLOPs, 144, 36, kernel_size=(1, 1), stride=(1, 1), bias=False)
          (2): BatchNorm2d(72 = 0.0025% Params, 0 MACs = 0% MACs, 73.73 KFLOPS = 0.008% FLOPs, 36, eps=1e-05, momentum=0.1, affine=True, track_running_stats=True)
        )
      )
      (preprocess1): ReLUConvBN(
        5.26 K = 0.1821% Params, 5.31 MMACs = 1.1732% MACs, 10.84 MFLOPS = 1.1769% FLOPs
        (op): Sequential(
          5.26 K = 0.1821% Params, 5.31 MMACs = 1.1732% MACs, 10.84 MFLOPS = 1.1769% FLOPs
          (0): ReLU(0 = 0% Params, 0 MACs = 0% MACs, 147.46 KFLOPS = 0.016% FLOPs)
          (1): Conv2d(5.18 K = 0.1796% Params, 5.31 MMACs = 1.1732% MACs, 10.62 MFLOPS = 1.1529% FLOPs, 144, 36, kernel_size=(1, 1), stride=(1, 1), bias=False)
          (2): BatchNorm2d(72 = 0.0025% Params, 0 MACs = 0% MACs, 73.73 KFLOPS = 0.008% FLOPs, 36, eps=1e-05, momentum=0.1, affine=True, track_running_stats=True)
        )
      )
      (_ops): ModuleList(
        (0-4): 5 x SepConv(
          1.69 K = 0.0586% Params, 1.66 MMACs = 0.3666% MACs, 3.43 MFLOPS = 0.3723% FLOPs
          (op): Sequential(
            1.69 K = 0.0586% Params, 1.66 MMACs = 0.3666% MACs, 3.43 MFLOPS = 0.3723% FLOPs
            (0): ReLU(0 = 0% Params, 0 MACs = 0% MACs, 36.86 KFLOPS = 0.004% FLOPs)
            (1): Conv2d(324 = 0.0112% Params, 331.78 KMACs = 0.0733% MACs, 663.55 KFLOPS = 0.0721% FLOPs, 36, 36, kernel_size=(3, 3), stride=(1, 1), padding=(1, 1), groups=36, bias=False)
            (2): Conv2d(1.3 K = 0.0449% Params, 1.33 MMACs = 0.2933% MACs, 2.65 MFLOPS = 0.2882% FLOPs, 36, 36, kernel_size=(1, 1), stride=(1, 1), bias=False)
            (3): BatchNorm2d(72 = 0.0025% Params, 0 MACs = 0% MACs, 73.73 KFLOPS = 0.008% FLOPs, 36, eps=1e-05, momentum=0.1, affine=True, track_running_stats=True)
          )
        )
        (5): SepConv(
          2.27 K = 0.0786% Params, 2.25 MMACs = 0.497% MACs, 4.61 MFLOPS = 0.5004% FLOPs
          (op): Sequential(
            2.27 K = 0.0786% Params, 2.25 MMACs = 0.497% MACs, 4.61 MFLOPS = 0.5004% FLOPs
            (0): ReLU(0 = 0% Params, 0 MACs = 0% MACs, 36.86 KFLOPS = 0.004% FLOPs)
            (1): Conv2d(900 = 0.0312% Params, 921.6 KMACs = 0.2037% MACs, 1.84 MFLOPS = 0.2002% FLOPs, 36, 36, kernel_size=(5, 5), stride=(1, 1), padding=(2, 2), groups=36, bias=False)
            (2): Conv2d(1.3 K = 0.0449% Params, 1.33 MMACs = 0.2933% MACs, 2.65 MFLOPS = 0.2882% FLOPs, 36, 36, kernel_size=(1, 1), stride=(1, 1), bias=False)
            (3): BatchNorm2d(72 = 0.0025% Params, 0 MACs = 0% MACs, 73.73 KFLOPS = 0.008% FLOPs, 36, eps=1e-05, momentum=0.1, affine=True, track_running_stats=True)
          )
        )
        (6-7): 2 x SepConv(
          1.69 K = 0.0586% Params, 1.66 MMACs = 0.3666% MACs, 3.43 MFLOPS = 0.3723% FLOPs
          (op): Sequential(
            1.69 K = 0.0586% Params, 1.66 MMACs = 0.3666% MACs, 3.43 MFLOPS = 0.3723% FLOPs
            (0): ReLU(0 = 0% Params, 0 MACs = 0% MACs, 36.86 KFLOPS = 0.004% FLOPs)
            (1): Conv2d(324 = 0.0112% Params, 331.78 KMACs = 0.0733% MACs, 663.55 KFLOPS = 0.0721% FLOPs, 36, 36, kernel_size=(3, 3), stride=(1, 1), padding=(1, 1), groups=36, bias=False)
            (2): Conv2d(1.3 K = 0.0449% Params, 1.33 MMACs = 0.2933% MACs, 2.65 MFLOPS = 0.2882% FLOPs, 36, 36, kernel_size=(1, 1), stride=(1, 1), bias=False)
            (3): BatchNorm2d(72 = 0.0025% Params, 0 MACs = 0% MACs, 73.73 KFLOPS = 0.008% FLOPs, 36, eps=1e-05, momentum=0.1, affine=True, track_running_stats=True)
          )
        )
      )
    )
    (6): Cell(
      21.02 K = 0.7286% Params, 21.23 MMACs = 4.6926% MACs, 43.59 MFLOPS = 4.7338% FLOPs
      (preprocess0): ReLUConvBN(
        10.51 K = 0.3643% Params, 10.62 MMACs = 2.3463% MACs, 21.53 MFLOPS = 2.3379% FLOPs
        (op): Sequential(
          10.51 K = 0.3643% Params, 10.62 MMACs = 2.3463% MACs, 21.53 MFLOPS = 2.3379% FLOPs
          (0): ReLU(0 = 0% Params, 0 MACs = 0% MACs, 147.46 KFLOPS = 0.016% FLOPs)
          (1): Conv2d(10.37 K = 0.3593% Params, 10.62 MMACs = 2.3463% MACs, 21.23 MFLOPS = 2.3059% FLOPs, 144, 72, kernel_size=(1, 1), stride=(1, 1), bias=False)
          (2): BatchNorm2d(144 = 0.005% Params, 0 MACs = 0% MACs, 147.46 KFLOPS = 0.016% FLOPs, 72, eps=1e-05, momentum=0.1, affine=True, track_running_stats=True)
        )
      )
      (preprocess1): ReLUConvBN(
        10.51 K = 0.3643% Params, 10.62 MMACs = 2.3463% MACs, 21.53 MFLOPS = 2.3379% FLOPs
        (op): Sequential(
          10.51 K = 0.3643% Params, 10.62 MMACs = 2.3463% MACs, 21.53 MFLOPS = 2.3379% FLOPs
          (0): ReLU(0 = 0% Params, 0 MACs = 0% MACs, 147.46 KFLOPS = 0.016% FLOPs)
          (1): Conv2d(10.37 K = 0.3593% Params, 10.62 MMACs = 2.3463% MACs, 21.23 MFLOPS = 2.3059% FLOPs, 144, 72, kernel_size=(1, 1), stride=(1, 1), bias=False)
          (2): BatchNorm2d(144 = 0.005% Params, 0 MACs = 0% MACs, 147.46 KFLOPS = 0.016% FLOPs, 72, eps=1e-05, momentum=0.1, affine=True, track_running_stats=True)
        )
      )
      (_ops): ModuleList(
        (0-4): 5 x AvgPool2d(0 = 0% Params, 0 MACs = 0% MACs, 73.73 KFLOPS = 0.008% FLOPs, kernel_size=3, stride=2, padding=1)
        (5): AvgPool2d(0 = 0% Params, 0 MACs = 0% MACs, 18.43 KFLOPS = 0.002% FLOPs, kernel_size=3, stride=1, padding=1)
        (6-7): 2 x AvgPool2d(0 = 0% Params, 0 MACs = 0% MACs, 73.73 KFLOPS = 0.008% FLOPs, kernel_size=3, stride=2, padding=1)
      )
    )
    (7): Cell(
      80.35 K = 2.7845% Params, 20.2 MMACs = 4.4645% MACs, 41.14 MFLOPS = 4.4676% FLOPs
      (preprocess0): FactorizedReduce(
        10.51 K = 0.3643% Params, 2.65 MMACs = 0.5866% MACs, 5.49 MFLOPS = 0.5965% FLOPs
        (relu): ReLU(0 = 0% Params, 0 MACs = 0% MACs, 147.46 KFLOPS = 0.016% FLOPs)
        (conv_1): Conv2d(5.18 K = 0.1796% Params, 1.33 MMACs = 0.2933% MACs, 2.65 MFLOPS = 0.2882% FLOPs, 144, 36, kernel_size=(1, 1), stride=(2, 2), bias=False)
        (conv_2): Conv2d(5.18 K = 0.1796% Params, 1.33 MMACs = 0.2933% MACs, 2.65 MFLOPS = 0.2882% FLOPs, 144, 36, kernel_size=(1, 1), stride=(2, 2), bias=False)
        (bn): BatchNorm2d(144 = 0.005% Params, 0 MACs = 0% MACs, 36.86 KFLOPS = 0.004% FLOPs, 72, eps=1e-05, momentum=0.1, affine=True, track_running_stats=True)
      )
      (preprocess1): ReLUConvBN(
        20.88 K = 0.7236% Params, 5.31 MMACs = 1.1732% MACs, 10.73 MFLOPS = 1.1649% FLOPs
        (op): Sequential(
          20.88 K = 0.7236% Params, 5.31 MMACs = 1.1732% MACs, 10.73 MFLOPS = 1.1649% FLOPs
          (0): ReLU(0 = 0% Params, 0 MACs = 0% MACs, 73.73 KFLOPS = 0.008% FLOPs)
          (1): Conv2d(20.74 K = 0.7186% Params, 5.31 MMACs = 1.1732% MACs, 10.62 MFLOPS = 1.1529% FLOPs, 288, 72, kernel_size=(1, 1), stride=(1, 1), bias=False)
          (2): BatchNorm2d(144 = 0.005% Params, 0 MACs = 0% MACs, 36.86 KFLOPS = 0.004% FLOPs, 72, eps=1e-05, momentum=0.1, affine=True, track_running_stats=True)
        )
      )
      (_ops): ModuleList(
        (0-4): 5 x SepConv(
          5.98 K = 0.2071% Params, 1.49 MMACs = 0.33% MACs, 3.04 MFLOPS = 0.3303% FLOPs
          (op): Sequential(
            5.98 K = 0.2071% Params, 1.49 MMACs = 0.33% MACs, 3.04 MFLOPS = 0.3303% FLOPs
            (0): ReLU(0 = 0% Params, 0 MACs = 0% MACs, 18.43 KFLOPS = 0.002% FLOPs)
            (1): Conv2d(648 = 0.0225% Params, 165.89 KMACs = 0.0367% MACs, 331.78 KFLOPS = 0.036% FLOPs, 72, 72, kernel_size=(3, 3), stride=(1, 1), padding=(1, 1), groups=72, bias=False)
            (2): Conv2d(5.18 K = 0.1796% Params, 1.33 MMACs = 0.2933% MACs, 2.65 MFLOPS = 0.2882% FLOPs, 72, 72, kernel_size=(1, 1), stride=(1, 1), bias=False)
            (3): BatchNorm2d(144 = 0.005% Params, 0 MACs = 0% MACs, 36.86 KFLOPS = 0.004% FLOPs, 72, eps=1e-05, momentum=0.1, affine=True, track_running_stats=True)
          )
        )
        (5): SepConv(
          7.13 K = 0.247% Params, 1.79 MMACs = 0.3951% MACs, 3.63 MFLOPS = 0.3943% FLOPs
          (op): Sequential(
            7.13 K = 0.247% Params, 1.79 MMACs = 0.3951% MACs, 3.63 MFLOPS = 0.3943% FLOPs
            (0): ReLU(0 = 0% Params, 0 MACs = 0% MACs, 18.43 KFLOPS = 0.002% FLOPs)
            (1): Conv2d(1.8 K = 0.0624% Params, 460.8 KMACs = 0.1018% MACs, 921.6 KFLOPS = 0.1001% FLOPs, 72, 72, kernel_size=(5, 5), stride=(1, 1), padding=(2, 2), groups=72, bias=False)
            (2): Conv2d(5.18 K = 0.1796% Params, 1.33 MMACs = 0.2933% MACs, 2.65 MFLOPS = 0.2882% FLOPs, 72, 72, kernel_size=(1, 1), stride=(1, 1), bias=False)
            (3): BatchNorm2d(144 = 0.005% Params, 0 MACs = 0% MACs, 36.86 KFLOPS = 0.004% FLOPs, 72, eps=1e-05, momentum=0.1, affine=True, track_running_stats=True)
          )
        )
        (6-7): 2 x SepConv(
          5.98 K = 0.2071% Params, 1.49 MMACs = 0.33% MACs, 3.04 MFLOPS = 0.3303% FLOPs
          (op): Sequential(
            5.98 K = 0.2071% Params, 1.49 MMACs = 0.33% MACs, 3.04 MFLOPS = 0.3303% FLOPs
            (0): ReLU(0 = 0% Params, 0 MACs = 0% MACs, 18.43 KFLOPS = 0.002% FLOPs)
            (1): Conv2d(648 = 0.0225% Params, 165.89 KMACs = 0.0367% MACs, 331.78 KFLOPS = 0.036% FLOPs, 72, 72, kernel_size=(3, 3), stride=(1, 1), padding=(1, 1), groups=72, bias=False)
            (2): Conv2d(5.18 K = 0.1796% Params, 1.33 MMACs = 0.2933% MACs, 2.65 MFLOPS = 0.2882% FLOPs, 72, 72, kernel_size=(1, 1), stride=(1, 1), bias=False)
            (3): BatchNorm2d(144 = 0.005% Params, 0 MACs = 0% MACs, 36.86 KFLOPS = 0.004% FLOPs, 72, eps=1e-05, momentum=0.1, affine=True, track_running_stats=True)
          )
        )
      )
    )
    (8-12): 5 x Cell(
      90.72 K = 3.1438% Params, 22.86 MMACs = 5.0511% MACs, 46.37 MFLOPS = 5.0361% FLOPs
      (preprocess0): ReLUConvBN(
        20.88 K = 0.7236% Params, 5.31 MMACs = 1.1732% MACs, 10.73 MFLOPS = 1.1649% FLOPs
        (op): Sequential(
          20.88 K = 0.7236% Params, 5.31 MMACs = 1.1732% MACs, 10.73 MFLOPS = 1.1649% FLOPs
          (0): ReLU(0 = 0% Params, 0 MACs = 0% MACs, 73.73 KFLOPS = 0.008% FLOPs)
          (1): Conv2d(20.74 K = 0.7186% Params, 5.31 MMACs = 1.1732% MACs, 10.62 MFLOPS = 1.1529% FLOPs, 288, 72, kernel_size=(1, 1), stride=(1, 1), bias=False)
          (2): BatchNorm2d(144 = 0.005% Params, 0 MACs = 0% MACs, 36.86 KFLOPS = 0.004% FLOPs, 72, eps=1e-05, momentum=0.1, affine=True, track_running_stats=True)
        )
      )
      (preprocess1): ReLUConvBN(
        20.88 K = 0.7236% Params, 5.31 MMACs = 1.1732% MACs, 10.73 MFLOPS = 1.1649% FLOPs
        (op): Sequential(
          20.88 K = 0.7236% Params, 5.31 MMACs = 1.1732% MACs, 10.73 MFLOPS = 1.1649% FLOPs
          (0): ReLU(0 = 0% Params, 0 MACs = 0% MACs, 73.73 KFLOPS = 0.008% FLOPs)
          (1): Conv2d(20.74 K = 0.7186% Params, 5.31 MMACs = 1.1732% MACs, 10.62 MFLOPS = 1.1529% FLOPs, 288, 72, kernel_size=(1, 1), stride=(1, 1), bias=False)
          (2): BatchNorm2d(144 = 0.005% Params, 0 MACs = 0% MACs, 36.86 KFLOPS = 0.004% FLOPs, 72, eps=1e-05, momentum=0.1, affine=True, track_running_stats=True)
        )
      )
      (_ops): ModuleList(
        (0-4): 5 x SepConv(
          5.98 K = 0.2071% Params, 1.49 MMACs = 0.33% MACs, 3.04 MFLOPS = 0.3303% FLOPs
          (op): Sequential(
            5.98 K = 0.2071% Params, 1.49 MMACs = 0.33% MACs, 3.04 MFLOPS = 0.3303% FLOPs
            (0): ReLU(0 = 0% Params, 0 MACs = 0% MACs, 18.43 KFLOPS = 0.002% FLOPs)
            (1): Conv2d(648 = 0.0225% Params, 165.89 KMACs = 0.0367% MACs, 331.78 KFLOPS = 0.036% FLOPs, 72, 72, kernel_size=(3, 3), stride=(1, 1), padding=(1, 1), groups=72, bias=False)
            (2): Conv2d(5.18 K = 0.1796% Params, 1.33 MMACs = 0.2933% MACs, 2.65 MFLOPS = 0.2882% FLOPs, 72, 72, kernel_size=(1, 1), stride=(1, 1), bias=False)
            (3): BatchNorm2d(144 = 0.005% Params, 0 MACs = 0% MACs, 36.86 KFLOPS = 0.004% FLOPs, 72, eps=1e-05, momentum=0.1, affine=True, track_running_stats=True)
          )
        )
        (5): SepConv(
          7.13 K = 0.247% Params, 1.79 MMACs = 0.3951% MACs, 3.63 MFLOPS = 0.3943% FLOPs
          (op): Sequential(
            7.13 K = 0.247% Params, 1.79 MMACs = 0.3951% MACs, 3.63 MFLOPS = 0.3943% FLOPs
            (0): ReLU(0 = 0% Params, 0 MACs = 0% MACs, 18.43 KFLOPS = 0.002% FLOPs)
            (1): Conv2d(1.8 K = 0.0624% Params, 460.8 KMACs = 0.1018% MACs, 921.6 KFLOPS = 0.1001% FLOPs, 72, 72, kernel_size=(5, 5), stride=(1, 1), padding=(2, 2), groups=72, bias=False)
            (2): Conv2d(5.18 K = 0.1796% Params, 1.33 MMACs = 0.2933% MACs, 2.65 MFLOPS = 0.2882% FLOPs, 72, 72, kernel_size=(1, 1), stride=(1, 1), bias=False)
            (3): BatchNorm2d(144 = 0.005% Params, 0 MACs = 0% MACs, 36.86 KFLOPS = 0.004% FLOPs, 72, eps=1e-05, momentum=0.1, affine=True, track_running_stats=True)
          )
        )
        (6-7): 2 x SepConv(
          5.98 K = 0.2071% Params, 1.49 MMACs = 0.33% MACs, 3.04 MFLOPS = 0.3303% FLOPs
          (op): Sequential(
            5.98 K = 0.2071% Params, 1.49 MMACs = 0.33% MACs, 3.04 MFLOPS = 0.3303% FLOPs
            (0): ReLU(0 = 0% Params, 0 MACs = 0% MACs, 18.43 KFLOPS = 0.002% FLOPs)
            (1): Conv2d(648 = 0.0225% Params, 165.89 KMACs = 0.0367% MACs, 331.78 KFLOPS = 0.036% FLOPs, 72, 72, kernel_size=(3, 3), stride=(1, 1), padding=(1, 1), groups=72, bias=False)
            (2): Conv2d(5.18 K = 0.1796% Params, 1.33 MMACs = 0.2933% MACs, 2.65 MFLOPS = 0.2882% FLOPs, 72, 72, kernel_size=(1, 1), stride=(1, 1), bias=False)
            (3): BatchNorm2d(144 = 0.005% Params, 0 MACs = 0% MACs, 36.86 KFLOPS = 0.004% FLOPs, 72, eps=1e-05, momentum=0.1, affine=True, track_running_stats=True)
          )
        )
      )
    )
    (13): Cell(
      83.52 K = 2.8943% Params, 21.23 MMACs = 4.6926% MACs, 43.03 MFLOPS = 4.6728% FLOPs
      (preprocess0): ReLUConvBN(
        41.76 K = 1.4471% Params, 10.62 MMACs = 2.3463% MACs, 21.38 MFLOPS = 2.3219% FLOPs
        (op): Sequential(
          41.76 K = 1.4471% Params, 10.62 MMACs = 2.3463% MACs, 21.38 MFLOPS = 2.3219% FLOPs
          (0): ReLU(0 = 0% Params, 0 MACs = 0% MACs, 73.73 KFLOPS = 0.008% FLOPs)
          (1): Conv2d(41.47 K = 1.4372% Params, 10.62 MMACs = 2.3463% MACs, 21.23 MFLOPS = 2.3059% FLOPs, 288, 144, kernel_size=(1, 1), stride=(1, 1), bias=False)
          (2): BatchNorm2d(288 = 0.01% Params, 0 MACs = 0% MACs, 73.73 KFLOPS = 0.008% FLOPs, 144, eps=1e-05, momentum=0.1, affine=True, track_running_stats=True)
        )
      )
      (preprocess1): ReLUConvBN(
        41.76 K = 1.4471% Params, 10.62 MMACs = 2.3463% MACs, 21.38 MFLOPS = 2.3219% FLOPs
        (op): Sequential(
          41.76 K = 1.4471% Params, 10.62 MMACs = 2.3463% MACs, 21.38 MFLOPS = 2.3219% FLOPs
          (0): ReLU(0 = 0% Params, 0 MACs = 0% MACs, 73.73 KFLOPS = 0.008% FLOPs)
          (1): Conv2d(41.47 K = 1.4372% Params, 10.62 MMACs = 2.3463% MACs, 21.23 MFLOPS = 2.3059% FLOPs, 288, 144, kernel_size=(1, 1), stride=(1, 1), bias=False)
          (2): BatchNorm2d(288 = 0.01% Params, 0 MACs = 0% MACs, 73.73 KFLOPS = 0.008% FLOPs, 144, eps=1e-05, momentum=0.1, affine=True, track_running_stats=True)
        )
      )
      (_ops): ModuleList(
        (0-4): 5 x AvgPool2d(0 = 0% Params, 0 MACs = 0% MACs, 36.86 KFLOPS = 0.004% FLOPs, kernel_size=3, stride=2, padding=1)
        (5): AvgPool2d(0 = 0% Params, 0 MACs = 0% MACs, 9.22 KFLOPS = 0.001% FLOPs, kernel_size=3, stride=1, padding=1)
        (6-7): 2 x AvgPool2d(0 = 0% Params, 0 MACs = 0% MACs, 36.86 KFLOPS = 0.004% FLOPs, kernel_size=3, stride=2, padding=1)
      )
    )
    (14): Cell(
      305.86 K = 10.5991% Params, 19.39 MMACs = 4.2853% MACs, 39.15 MFLOPS = 4.2514% FLOPs
      (preprocess0): FactorizedReduce(
        41.76 K = 1.4471% Params, 2.65 MMACs = 0.5866% MACs, 5.4 MFLOPS = 0.5865% FLOPs
        (relu): ReLU(0 = 0% Params, 0 MACs = 0% MACs, 73.73 KFLOPS = 0.008% FLOPs)
        (conv_1): Conv2d(20.74 K = 0.7186% Params, 1.33 MMACs = 0.2933% MACs, 2.65 MFLOPS = 0.2882% FLOPs, 288, 72, kernel_size=(1, 1), stride=(2, 2), bias=False)
        (conv_2): Conv2d(20.74 K = 0.7186% Params, 1.33 MMACs = 0.2933% MACs, 2.65 MFLOPS = 0.2882% FLOPs, 288, 72, kernel_size=(1, 1), stride=(2, 2), bias=False)
        (bn): BatchNorm2d(288 = 0.01% Params, 0 MACs = 0% MACs, 18.43 KFLOPS = 0.002% FLOPs, 144, eps=1e-05, momentum=0.1, affine=True, track_running_stats=True)
      )
      (preprocess1): ReLUConvBN(
        83.23 K = 2.8843% Params, 5.31 MMACs = 1.1732% MACs, 10.67 MFLOPS = 1.1589% FLOPs
        (op): Sequential(
          83.23 K = 2.8843% Params, 5.31 MMACs = 1.1732% MACs, 10.67 MFLOPS = 1.1589% FLOPs
          (0): ReLU(0 = 0% Params, 0 MACs = 0% MACs, 36.86 KFLOPS = 0.004% FLOPs)
          (1): Conv2d(82.94 K = 2.8743% Params, 5.31 MMACs = 1.1732% MACs, 10.62 MFLOPS = 1.1529% FLOPs, 576, 144, kernel_size=(1, 1), stride=(1, 1), bias=False)
          (2): BatchNorm2d(288 = 0.01% Params, 0 MACs = 0% MACs, 18.43 KFLOPS = 0.002% FLOPs, 144, eps=1e-05, momentum=0.1, affine=True, track_running_stats=True)
        )
      )
      (_ops): ModuleList(
        (0-4): 5 x SepConv(
          22.32 K = 0.7735% Params, 1.41 MMACs = 0.3116% MACs, 2.85 MFLOPS = 0.3092% FLOPs
          (op): Sequential(
            22.32 K = 0.7735% Params, 1.41 MMACs = 0.3116% MACs, 2.85 MFLOPS = 0.3092% FLOPs
            (0): ReLU(0 = 0% Params, 0 MACs = 0% MACs, 9.22 KFLOPS = 0.001% FLOPs)
            (1): Conv2d(1.3 K = 0.0449% Params, 82.94 KMACs = 0.0183% MACs, 165.89 KFLOPS = 0.018% FLOPs, 144, 144, kernel_size=(3, 3), stride=(1, 1), padding=(1, 1), groups=144, bias=False)
            (2): Conv2d(20.74 K = 0.7186% Params, 1.33 MMACs = 0.2933% MACs, 2.65 MFLOPS = 0.2882% FLOPs, 144, 144, kernel_size=(1, 1), stride=(1, 1), bias=False)
            (3): BatchNorm2d(288 = 0.01% Params, 0 MACs = 0% MACs, 18.43 KFLOPS = 0.002% FLOPs, 144, eps=1e-05, momentum=0.1, affine=True, track_running_stats=True)
          )
        )
        (5): SepConv(
          24.62 K = 0.8533% Params, 1.56 MMACs = 0.3442% MACs, 3.14 MFLOPS = 0.3413% FLOPs
          (op): Sequential(
            24.62 K = 0.8533% Params, 1.56 MMACs = 0.3442% MACs, 3.14 MFLOPS = 0.3413% FLOPs
            (0): ReLU(0 = 0% Params, 0 MACs = 0% MACs, 9.22 KFLOPS = 0.001% FLOPs)
            (1): Conv2d(3.6 K = 0.1248% Params, 230.4 KMACs = 0.0509% MACs, 460.8 KFLOPS = 0.05% FLOPs, 144, 144, kernel_size=(5, 5), stride=(1, 1), padding=(2, 2), groups=144, bias=False)
            (2): Conv2d(20.74 K = 0.7186% Params, 1.33 MMACs = 0.2933% MACs, 2.65 MFLOPS = 0.2882% FLOPs, 144, 144, kernel_size=(1, 1), stride=(1, 1), bias=False)
            (3): BatchNorm2d(288 = 0.01% Params, 0 MACs = 0% MACs, 18.43 KFLOPS = 0.002% FLOPs, 144, eps=1e-05, momentum=0.1, affine=True, track_running_stats=True)
          )
        )
        (6-7): 2 x SepConv(
          22.32 K = 0.7735% Params, 1.41 MMACs = 0.3116% MACs, 2.85 MFLOPS = 0.3092% FLOPs
          (op): Sequential(
            22.32 K = 0.7735% Params, 1.41 MMACs = 0.3116% MACs, 2.85 MFLOPS = 0.3092% FLOPs
            (0): ReLU(0 = 0% Params, 0 MACs = 0% MACs, 9.22 KFLOPS = 0.001% FLOPs)
            (1): Conv2d(1.3 K = 0.0449% Params, 82.94 KMACs = 0.0183% MACs, 165.89 KFLOPS = 0.018% FLOPs, 144, 144, kernel_size=(3, 3), stride=(1, 1), padding=(1, 1), groups=144, bias=False)
            (2): Conv2d(20.74 K = 0.7186% Params, 1.33 MMACs = 0.2933% MACs, 2.65 MFLOPS = 0.2882% FLOPs, 144, 144, kernel_size=(1, 1), stride=(1, 1), bias=False)
            (3): BatchNorm2d(288 = 0.01% Params, 0 MACs = 0% MACs, 18.43 KFLOPS = 0.002% FLOPs, 144, eps=1e-05, momentum=0.1, affine=True, track_running_stats=True)
          )
        )
      )
    )
    (15-19): 5 x Cell(
      347.33 K = 12.0363% Params, 22.04 MMACs = 4.8719% MACs, 44.42 MFLOPS = 4.8239% FLOPs
      (preprocess0): ReLUConvBN(
        83.23 K = 2.8843% Params, 5.31 MMACs = 1.1732% MACs, 10.67 MFLOPS = 1.1589% FLOPs
        (op): Sequential(
          83.23 K = 2.8843% Params, 5.31 MMACs = 1.1732% MACs, 10.67 MFLOPS = 1.1589% FLOPs
          (0): ReLU(0 = 0% Params, 0 MACs = 0% MACs, 36.86 KFLOPS = 0.004% FLOPs)
          (1): Conv2d(82.94 K = 2.8743% Params, 5.31 MMACs = 1.1732% MACs, 10.62 MFLOPS = 1.1529% FLOPs, 576, 144, kernel_size=(1, 1), stride=(1, 1), bias=False)
          (2): BatchNorm2d(288 = 0.01% Params, 0 MACs = 0% MACs, 18.43 KFLOPS = 0.002% FLOPs, 144, eps=1e-05, momentum=0.1, affine=True, track_running_stats=True)
        )
      )
      (preprocess1): ReLUConvBN(
        83.23 K = 2.8843% Params, 5.31 MMACs = 1.1732% MACs, 10.67 MFLOPS = 1.1589% FLOPs
        (op): Sequential(
          83.23 K = 2.8843% Params, 5.31 MMACs = 1.1732% MACs, 10.67 MFLOPS = 1.1589% FLOPs
          (0): ReLU(0 = 0% Params, 0 MACs = 0% MACs, 36.86 KFLOPS = 0.004% FLOPs)
          (1): Conv2d(82.94 K = 2.8743% Params, 5.31 MMACs = 1.1732% MACs, 10.62 MFLOPS = 1.1529% FLOPs, 576, 144, kernel_size=(1, 1), stride=(1, 1), bias=False)
          (2): BatchNorm2d(288 = 0.01% Params, 0 MACs = 0% MACs, 18.43 KFLOPS = 0.002% FLOPs, 144, eps=1e-05, momentum=0.1, affine=True, track_running_stats=True)
        )
      )
      (_ops): ModuleList(
        (0-4): 5 x SepConv(
          22.32 K = 0.7735% Params, 1.41 MMACs = 0.3116% MACs, 2.85 MFLOPS = 0.3092% FLOPs
          (op): Sequential(
            22.32 K = 0.7735% Params, 1.41 MMACs = 0.3116% MACs, 2.85 MFLOPS = 0.3092% FLOPs
            (0): ReLU(0 = 0% Params, 0 MACs = 0% MACs, 9.22 KFLOPS = 0.001% FLOPs)
            (1): Conv2d(1.3 K = 0.0449% Params, 82.94 KMACs = 0.0183% MACs, 165.89 KFLOPS = 0.018% FLOPs, 144, 144, kernel_size=(3, 3), stride=(1, 1), padding=(1, 1), groups=144, bias=False)
            (2): Conv2d(20.74 K = 0.7186% Params, 1.33 MMACs = 0.2933% MACs, 2.65 MFLOPS = 0.2882% FLOPs, 144, 144, kernel_size=(1, 1), stride=(1, 1), bias=False)
            (3): BatchNorm2d(288 = 0.01% Params, 0 MACs = 0% MACs, 18.43 KFLOPS = 0.002% FLOPs, 144, eps=1e-05, momentum=0.1, affine=True, track_running_stats=True)
          )
        )
        (5): SepConv(
          24.62 K = 0.8533% Params, 1.56 MMACs = 0.3442% MACs, 3.14 MFLOPS = 0.3413% FLOPs
          (op): Sequential(
            24.62 K = 0.8533% Params, 1.56 MMACs = 0.3442% MACs, 3.14 MFLOPS = 0.3413% FLOPs
            (0): ReLU(0 = 0% Params, 0 MACs = 0% MACs, 9.22 KFLOPS = 0.001% FLOPs)
            (1): Conv2d(3.6 K = 0.1248% Params, 230.4 KMACs = 0.0509% MACs, 460.8 KFLOPS = 0.05% FLOPs, 144, 144, kernel_size=(5, 5), stride=(1, 1), padding=(2, 2), groups=144, bias=False)
            (2): Conv2d(20.74 K = 0.7186% Params, 1.33 MMACs = 0.2933% MACs, 2.65 MFLOPS = 0.2882% FLOPs, 144, 144, kernel_size=(1, 1), stride=(1, 1), bias=False)
            (3): BatchNorm2d(288 = 0.01% Params, 0 MACs = 0% MACs, 18.43 KFLOPS = 0.002% FLOPs, 144, eps=1e-05, momentum=0.1, affine=True, track_running_stats=True)
          )
        )
        (6-7): 2 x SepConv(
          22.32 K = 0.7735% Params, 1.41 MMACs = 0.3116% MACs, 2.85 MFLOPS = 0.3092% FLOPs
          (op): Sequential(
            22.32 K = 0.7735% Params, 1.41 MMACs = 0.3116% MACs, 2.85 MFLOPS = 0.3092% FLOPs
            (0): ReLU(0 = 0% Params, 0 MACs = 0% MACs, 9.22 KFLOPS = 0.001% FLOPs)
            (1): Conv2d(1.3 K = 0.0449% Params, 82.94 KMACs = 0.0183% MACs, 165.89 KFLOPS = 0.018% FLOPs, 144, 144, kernel_size=(3, 3), stride=(1, 1), padding=(1, 1), groups=144, bias=False)
            (2): Conv2d(20.74 K = 0.7186% Params, 1.33 MMACs = 0.2933% MACs, 2.65 MFLOPS = 0.2882% FLOPs, 144, 144, kernel_size=(1, 1), stride=(1, 1), bias=False)
            (3): BatchNorm2d(288 = 0.01% Params, 0 MACs = 0% MACs, 18.43 KFLOPS = 0.002% FLOPs, 144, eps=1e-05, momentum=0.1, affine=True, track_running_stats=True)
          )
        )
      )
    )
  )
  (global_pooling): AdaptiveAvgPool2d(0 = 0% Params, 0 MACs = 0% MACs, 36.86 KFLOPS = 0.004% FLOPs, output_size=1)
  (classifier): Linear(57.7 K = 1.9995% Params, 57.6 KMACs = 0.0127% MACs, 115.2 KFLOPS = 0.0125% FLOPs, in_features=576, out_features=100, bias=True)
)
---------------------------------------------------------------------------------------------------
FLOPs: 0.9209 GFLOPS   MACs: 0.4525 GMACs   Params: 0.0029 B 

Model parameters:  2.88568  Millions
File size: 11.12888336 MB
<torch.utils.benchmark.utils.common.Measurement object at 0x14d8fea7fa30>
model(input_tensor)
  23.55 ms
  1 measurement, 10 runs , 1 thread
Average Inference Time 1 on A100 GPU= 0.023554s
<torch.utils.benchmark.utils.common.Measurement object at 0x14d8fea7f0a0>
model(input_tensor)
  23.34 ms
  1 measurement, 100 runs , 1 thread
Average Inference Time 301 Samples on A100 GPU= 0.023337s
09/25 02:21:46 PM param size = 2.885680MB
09/25 02:21:47 PM epoch 0 lr 2.499966e-02
09/25 02:21:48 PM train 000 4.585125e+00 1.562500 7.812500
09/25 02:21:52 PM train 050 4.569064e+00 1.838235 9.007353
09/25 02:21:55 PM train 100 4.503791e+00 2.846535 11.540842
09/25 02:21:59 PM train 150 4.411681e+00 3.621689 14.590232
09/25 02:22:03 PM train 200 4.334157e+00 4.252177 16.666667
09/25 02:22:07 PM train 250 4.273146e+00 4.961404 18.712649
09/25 02:22:10 PM train 300 4.212076e+00 5.668605 20.707018
09/25 02:22:14 PM train 350 4.148459e+00 6.525997 22.587251
09/25 02:22:18 PM train 400 4.103375e+00 7.079956 23.971322
09/25 02:22:21 PM train 450 4.062372e+00 7.632345 25.280626
09/25 02:22:25 PM train 500 4.025063e+00 8.208583 26.397206
09/25 02:22:29 PM train 550 3.986228e+00 8.731284 27.503970
09/25 02:22:32 PM train 600 3.955336e+00 9.193012 28.543573
09/25 02:22:36 PM train 650 3.923605e+00 9.708621 29.466686
09/25 02:22:40 PM train 700 3.890702e+00 10.215317 30.418598
09/25 02:22:44 PM train 750 3.859284e+00 10.660786 31.362350
09/25 02:22:46 PM train_acc 10.994000
09/25 02:22:46 PM valid 000 3.515565e+00 15.625000 40.625000
09/25 02:22:47 PM valid 050 3.374170e+00 17.922794 46.660539
09/25 02:22:49 PM valid 100 3.371014e+00 18.053837 46.658416
09/25 02:22:50 PM valid 150 3.373044e+00 18.253311 46.367964
09/25 02:22:50 PM valid_acc 18.250000, best_acc 18.250000
09/25 02:22:50 PM epoch 1 lr 2.499880e-02
09/25 02:22:50 PM train 000 2.932661e+00 25.000000 51.562500
09/25 02:22:55 PM train 050 3.314589e+00 18.504902 46.966912
09/25 02:22:59 PM train 100 3.303019e+00 19.245050 47.416460
09/25 02:23:03 PM train 150 3.286516e+00 19.536424 47.723510
09/25 02:23:07 PM train 200 3.275341e+00 19.768346 48.282027
09/25 02:23:12 PM train 250 3.252670e+00 20.082171 48.767430
09/25 02:23:16 PM train 300 3.237281e+00 20.302118 49.268065
09/25 02:23:20 PM train 350 3.217786e+00 20.793269 49.879808
09/25 02:23:25 PM train 400 3.196800e+00 21.045044 50.502650
09/25 02:23:29 PM train 450 3.177655e+00 21.441935 51.025499
09/25 02:23:33 PM train 500 3.162825e+00 21.740893 51.390968
09/25 02:23:37 PM train 550 3.149278e+00 21.988430 51.761003
09/25 02:23:42 PM train 600 3.131847e+00 22.361169 52.152662
09/25 02:23:46 PM train 650 3.113522e+00 22.779858 52.632969
09/25 02:23:50 PM train 700 3.092999e+00 23.207917 53.214158
09/25 02:23:54 PM train 750 3.071028e+00 23.649717 53.726282
09/25 02:23:57 PM train_acc 23.842000
09/25 02:23:57 PM valid 000 3.005373e+00 28.125000 65.625000
09/25 02:23:59 PM valid 050 2.981435e+00 26.439951 57.598039
09/25 02:24:00 PM valid 100 2.978252e+00 27.042079 57.595916
09/25 02:24:01 PM valid 150 2.989507e+00 27.100579 57.615894
09/25 02:24:01 PM valid_acc 27.170000, best_acc 27.170000
09/25 02:24:01 PM epoch 2 lr 2.499760e-02
09/25 02:24:02 PM train 000 2.857971e+00 29.687500 54.687500
09/25 02:24:06 PM train 050 2.746390e+00 30.177696 62.193627
09/25 02:24:10 PM train 100 2.720662e+00 30.569307 62.484530
09/25 02:24:14 PM train 150 2.695010e+00 30.815397 63.058775
09/25 02:24:19 PM train 200 2.678160e+00 31.063433 63.463930
09/25 02:24:23 PM train 250 2.660455e+00 31.355827 63.776145
09/25 02:24:27 PM train 300 2.652153e+00 31.654900 63.828904
09/25 02:24:32 PM train 350 2.641128e+00 31.953348 64.080306
09/25 02:24:36 PM train 400 2.621708e+00 32.286471 64.635287
09/25 02:24:40 PM train 450 2.603713e+00 32.621951 65.115715
09/25 02:24:44 PM train 500 2.595067e+00 32.812500 65.244511
09/25 02:24:49 PM train 550 2.580904e+00 33.229356 65.520077
09/25 02:24:53 PM train 600 2.563734e+00 33.673045 65.861585
09/25 02:24:57 PM train 650 2.550582e+00 33.933372 66.174635
09/25 02:25:02 PM train 700 2.531596e+00 34.319276 66.603513
09/25 02:25:06 PM train 750 2.518851e+00 34.578895 66.933672
09/25 02:25:09 PM train_acc 34.772000
09/25 02:25:09 PM valid 000 2.410578e+00 37.500000 70.312500
09/25 02:25:10 PM valid 050 2.453935e+00 36.397059 69.791667
09/25 02:25:11 PM valid 100 2.453598e+00 36.540842 69.245050
09/25 02:25:12 PM valid 150 2.459711e+00 36.506623 69.101821
09/25 02:25:13 PM valid_acc 36.600000, best_acc 36.600000
09/25 02:25:13 PM epoch 3 lr 2.499606e-02
09/25 02:25:13 PM train 000 2.510908e+00 40.625000 70.312500
09/25 02:25:17 PM train 050 2.274370e+00 40.104167 71.783088
09/25 02:25:22 PM train 100 2.224695e+00 41.089109 72.973391
09/25 02:25:26 PM train 150 2.238621e+00 40.490480 72.889073
09/25 02:25:30 PM train 200 2.233019e+00 40.399565 72.893346
09/25 02:25:35 PM train 250 2.224917e+00 40.749502 73.182271
09/25 02:25:39 PM train 300 2.207155e+00 41.138912 73.484219
09/25 02:25:43 PM train 350 2.202165e+00 41.208155 73.695691
09/25 02:25:48 PM train 400 2.196412e+00 41.306889 73.870012
09/25 02:25:52 PM train 450 2.187804e+00 41.466879 74.071508
09/25 02:25:56 PM train 500 2.173647e+00 41.660429 74.320110
09/25 02:26:01 PM train 550 2.159127e+00 41.986162 74.588816
09/25 02:26:05 PM train 600 2.154155e+00 42.078307 74.672421
09/25 02:26:09 PM train 650 2.147521e+00 42.266705 74.839190
09/25 02:26:14 PM train 700 2.144626e+00 42.425999 74.890781
09/25 02:26:18 PM train 750 2.136339e+00 42.599451 75.049933
09/25 02:26:21 PM train_acc 42.730000
09/25 02:26:21 PM valid 000 2.700676e+00 45.312500 67.187500
09/25 02:26:22 PM valid 050 2.500972e+00 38.357843 69.332108
09/25 02:26:23 PM valid 100 2.497162e+00 38.443688 69.059406
09/25 02:26:25 PM valid 150 2.506962e+00 38.131209 68.998344
09/25 02:26:25 PM valid_acc 38.130000, best_acc 38.130000
09/25 02:26:25 PM epoch 4 lr 2.499417e-02
09/25 02:26:25 PM train 000 1.830667e+00 48.437500 79.687500
09/25 02:26:29 PM train 050 1.964650e+00 46.262255 79.074755
09/25 02:26:33 PM train 100 1.933794e+00 47.370050 78.929455
09/25 02:26:38 PM train 150 1.912694e+00 47.951159 79.252897
09/25 02:26:42 PM train 200 1.928329e+00 47.178172 78.801306
09/25 02:26:46 PM train 250 1.923996e+00 47.248506 78.977839
09/25 02:26:51 PM train 300 1.911279e+00 47.456395 79.225498
09/25 02:26:55 PM train 350 1.912982e+00 47.413640 79.224537
09/25 02:26:59 PM train 400 1.906329e+00 47.619233 79.332918
09/25 02:27:03 PM train 450 1.908631e+00 47.502079 79.289080
09/25 02:27:08 PM train 500 1.903104e+00 47.667166 79.400574
09/25 02:27:12 PM train 550 1.899893e+00 47.776770 79.486162
09/25 02:27:16 PM train 600 1.897091e+00 47.855137 79.547109
09/25 02:27:21 PM train 650 1.890424e+00 48.067876 79.716302
09/25 02:27:25 PM train 700 1.888233e+00 48.154422 79.763285
09/25 02:27:29 PM train 750 1.884662e+00 48.239847 79.864348
09/25 02:27:32 PM train_acc 48.378000
09/25 02:27:32 PM valid 000 1.803109e+00 56.250000 76.562500
09/25 02:27:33 PM valid 050 2.098450e+00 45.496324 76.715686
09/25 02:27:34 PM valid 100 2.094993e+00 45.498144 76.423267
09/25 02:27:36 PM valid 150 2.101683e+00 45.612583 76.117550
09/25 02:27:36 PM valid_acc 45.630000, best_acc 45.630000
09/25 02:27:36 PM epoch 5 lr 2.499195e-02
09/25 02:27:36 PM train 000 1.874513e+00 48.437500 81.250000
09/25 02:27:40 PM train 050 1.679958e+00 52.818627 83.363971
09/25 02:27:45 PM train 100 1.681764e+00 53.094059 83.292079
09/25 02:27:49 PM train 150 1.688299e+00 53.125000 83.060844
09/25 02:27:53 PM train 200 1.705772e+00 52.580846 82.633706
09/25 02:27:57 PM train 250 1.719329e+00 52.153884 82.519920
09/25 02:28:02 PM train 300 1.724321e+00 52.169850 82.454319
09/25 02:28:06 PM train 350 1.716409e+00 52.381588 82.585470
09/25 02:28:10 PM train 400 1.716273e+00 52.392456 82.668329
09/25 02:28:15 PM train 450 1.715281e+00 52.529102 82.680848
09/25 02:28:19 PM train 500 1.711439e+00 52.654067 82.687750
09/25 02:28:23 PM train 550 1.714605e+00 52.509642 82.619669
09/25 02:28:27 PM train 600 1.713998e+00 52.462042 82.653910
09/25 02:28:32 PM train 650 1.711907e+00 52.529762 82.726094
09/25 02:28:36 PM train 700 1.708315e+00 52.634629 82.763463
09/25 02:28:40 PM train 750 1.710052e+00 52.625666 82.766728
09/25 02:28:43 PM train_acc 52.580000
09/25 02:28:43 PM valid 000 1.546415e+00 68.750000 84.375000
09/25 02:28:44 PM valid 050 1.831787e+00 50.857843 80.514706
09/25 02:28:46 PM valid 100 1.811436e+00 50.773515 80.878713
09/25 02:28:47 PM valid 150 1.819361e+00 50.662252 81.198262
09/25 02:28:47 PM valid_acc 50.630000, best_acc 50.630000
09/25 02:28:47 PM epoch 6 lr 2.498938e-02
09/25 02:28:47 PM train 000 1.451655e+00 50.000000 89.062500
09/25 02:28:51 PM train 050 1.534456e+00 55.667892 85.753676
09/25 02:28:56 PM train 100 1.535589e+00 56.280941 86.045792
09/25 02:29:00 PM train 150 1.547894e+00 56.053394 85.730546
09/25 02:29:04 PM train 200 1.561486e+00 55.861318 85.533271
09/25 02:29:09 PM train 250 1.566554e+00 55.820468 85.514193
09/25 02:29:13 PM train 300 1.570249e+00 55.694560 85.402824
09/25 02:29:17 PM train 350 1.569056e+00 55.858262 85.425570
09/25 02:29:21 PM train 400 1.574021e+00 55.692799 85.353024
09/25 02:29:26 PM train 450 1.579486e+00 55.543237 85.223808
09/25 02:29:30 PM train 500 1.581019e+00 55.542041 85.182759
09/25 02:29:34 PM train 550 1.585649e+00 55.487182 85.055581
09/25 02:29:38 PM train 600 1.590243e+00 55.425853 84.954763
09/25 02:29:43 PM train 650 1.590736e+00 55.381144 84.948637
09/25 02:29:47 PM train 700 1.590326e+00 55.438659 84.876516
09/25 02:29:51 PM train 750 1.587073e+00 55.565496 84.913865
09/25 02:29:54 PM train_acc 55.530000
09/25 02:29:54 PM valid 000 1.586877e+00 57.812500 84.375000
09/25 02:29:55 PM valid 050 1.753624e+00 52.971814 81.924020
09/25 02:29:56 PM valid 100 1.739291e+00 53.001238 81.714109
09/25 02:29:58 PM valid 150 1.744880e+00 53.031871 81.519040
09/25 02:29:58 PM valid_acc 53.090000, best_acc 53.090000
09/25 02:29:58 PM epoch 7 lr 2.498647e-02
09/25 02:29:58 PM train 000 1.396275e+00 60.937500 87.500000
09/25 02:30:02 PM train 050 1.451296e+00 58.823529 87.071078
09/25 02:30:07 PM train 100 1.456998e+00 58.477723 87.175124
09/25 02:30:11 PM train 150 1.455870e+00 58.619619 86.899834
09/25 02:30:15 PM train 200 1.463543e+00 58.278918 86.769279
09/25 02:30:20 PM train 250 1.472533e+00 58.086404 86.740538
09/25 02:30:24 PM train 300 1.481571e+00 57.988995 86.503322
09/25 02:30:28 PM train 350 1.488507e+00 57.759081 86.458333
09/25 02:30:32 PM train 400 1.487658e+00 57.929395 86.471322
09/25 02:30:37 PM train 450 1.493084e+00 57.819429 86.304739
09/25 02:30:41 PM train 500 1.491857e+00 57.899825 86.271208
09/25 02:30:45 PM train 550 1.497877e+00 57.696234 86.175703
09/25 02:30:49 PM train 600 1.492604e+00 57.861897 86.236481
09/25 02:30:54 PM train 650 1.496086e+00 57.774098 86.191916
09/25 02:30:58 PM train 700 1.491776e+00 57.854850 86.314194
09/25 02:31:02 PM train 750 1.491583e+00 57.908206 86.353612
09/25 02:31:05 PM train_acc 57.978000
09/25 02:31:05 PM valid 000 1.731924e+00 54.687500 81.250000
09/25 02:31:06 PM valid 050 1.674685e+00 54.932598 83.057598
09/25 02:31:07 PM valid 100 1.703826e+00 53.960396 82.750619
09/25 02:31:09 PM valid 150 1.710013e+00 54.108030 82.750414
09/25 02:31:09 PM valid_acc 54.160000, best_acc 54.160000
09/25 02:31:09 PM epoch 8 lr 2.498321e-02
09/25 02:31:09 PM train 000 1.024375e+00 67.187500 92.187500
09/25 02:31:13 PM train 050 1.338551e+00 61.182598 89.185049
09/25 02:31:18 PM train 100 1.323598e+00 62.020421 89.031559
09/25 02:31:22 PM train 150 1.347379e+00 61.175497 88.721026
09/25 02:31:26 PM train 200 1.357592e+00 60.820896 88.526119
09/25 02:31:30 PM train 250 1.365549e+00 60.700946 88.247012
09/25 02:31:35 PM train 300 1.377169e+00 60.345723 88.039867
09/25 02:31:39 PM train 350 1.380813e+00 60.340990 87.967415
09/25 02:31:43 PM train 400 1.381361e+00 60.376403 87.951995
09/25 02:31:48 PM train 450 1.382200e+00 60.376247 87.919207
09/25 02:31:52 PM train 500 1.383179e+00 60.363648 87.899202
09/25 02:31:56 PM train 550 1.389205e+00 60.234233 87.820440
09/25 02:32:00 PM train 600 1.396326e+00 59.998960 87.754784
09/25 02:32:05 PM train 650 1.399548e+00 59.929435 87.725614
09/25 02:32:09 PM train 700 1.399827e+00 59.965674 87.729583
09/25 02:32:13 PM train 750 1.402975e+00 59.926348 87.666445
09/25 02:32:16 PM train_acc 59.832000
09/25 02:32:16 PM valid 000 1.625262e+00 60.937500 79.687500
09/25 02:32:17 PM valid 050 1.582958e+00 56.464461 84.957108
09/25 02:32:18 PM valid 100 1.587210e+00 56.342822 85.040223
09/25 02:32:20 PM valid 150 1.596907e+00 56.312086 85.213162
09/25 02:32:20 PM valid_acc 56.310000, best_acc 56.310000
09/25 02:32:20 PM epoch 9 lr 2.497962e-02
09/25 02:32:20 PM train 000 1.489089e+00 64.062500 84.375000
09/25 02:32:24 PM train 050 1.262361e+00 63.633578 90.104167
09/25 02:32:29 PM train 100 1.281670e+00 62.948639 89.774134
09/25 02:32:33 PM train 150 1.312303e+00 62.386175 89.041805
09/25 02:32:37 PM train 200 1.322249e+00 62.189055 88.790423
09/25 02:32:41 PM train 250 1.317997e+00 62.282122 88.863297
09/25 02:32:46 PM train 300 1.323669e+00 62.157392 88.776993
09/25 02:32:50 PM train 350 1.324294e+00 62.023682 88.786503
09/25 02:32:54 PM train 400 1.329736e+00 62.044108 88.774158
09/25 02:32:58 PM train 450 1.336604e+00 61.890244 88.705654
09/25 02:33:03 PM train 500 1.335356e+00 61.957335 88.784930
09/25 02:33:07 PM train 550 1.335394e+00 61.910163 88.804446
09/25 02:33:11 PM train 600 1.336518e+00 61.860441 88.810316
09/25 02:33:16 PM train 650 1.337399e+00 61.775154 88.798483
09/25 02:33:20 PM train 700 1.338072e+00 61.762215 88.783880
09/25 02:33:24 PM train 750 1.340811e+00 61.715629 88.727530
09/25 02:33:27 PM train_acc 61.700000
09/25 02:33:27 PM valid 000 1.545323e+00 57.812500 81.250000
09/25 02:33:28 PM valid 050 1.496458e+00 58.455882 86.213235
09/25 02:33:30 PM valid 100 1.518221e+00 58.013614 85.860149
09/25 02:33:31 PM valid 150 1.538482e+00 57.812500 85.523593
09/25 02:33:31 PM valid_acc 57.700000, best_acc 57.700000
09/25 02:33:31 PM epoch 10 lr 2.497568e-02
09/25 02:33:31 PM train 000 1.314921e+00 65.625000 87.500000
09/25 02:33:36 PM train 050 1.160091e+00 66.727941 91.605392
09/25 02:33:40 PM train 100 1.183745e+00 65.934406 90.918936
09/25 02:33:44 PM train 150 1.200230e+00 65.428394 90.552566
09/25 02:33:48 PM train 200 1.222328e+00 64.902052 90.228545
09/25 02:33:53 PM train 250 1.244721e+00 64.218127 89.821962
09/25 02:33:57 PM train 300 1.253065e+00 64.052118 89.810008
09/25 02:34:01 PM train 350 1.259501e+00 63.746439 89.832621
09/25 02:34:06 PM train 400 1.264258e+00 63.680642 89.814526
09/25 02:34:10 PM train 450 1.272570e+00 63.435421 89.627217
09/25 02:34:14 PM train 500 1.275891e+00 63.391966 89.520958
09/25 02:34:18 PM train 550 1.283648e+00 63.254310 89.428312
09/25 02:34:23 PM train 600 1.283706e+00 63.235753 89.457675
09/25 02:34:27 PM train 650 1.290722e+00 62.982431 89.343318
09/25 02:34:31 PM train 700 1.287603e+00 63.106277 89.416904
09/25 02:34:36 PM train 750 1.289035e+00 63.070073 89.397470
09/25 02:34:38 PM train_acc 63.046000
09/25 02:34:38 PM valid 000 1.428021e+00 68.750000 85.937500
09/25 02:34:40 PM valid 050 1.595038e+00 57.935049 84.466912
09/25 02:34:41 PM valid 100 1.562647e+00 57.874381 85.117574
09/25 02:34:42 PM valid 150 1.569624e+00 57.626242 84.954470
09/25 02:34:42 PM valid_acc 57.610000, best_acc 57.700000
09/25 02:34:42 PM epoch 11 lr 2.497140e-02
09/25 02:34:43 PM train 000 1.577265e+00 50.000000 85.937500
09/25 02:34:47 PM train 050 1.162171e+00 66.727941 91.360294
09/25 02:34:51 PM train 100 1.167918e+00 66.321163 91.321163
09/25 02:34:55 PM train 150 1.165660e+00 66.090646 91.235513
09/25 02:35:00 PM train 200 1.178541e+00 65.819341 91.013682
09/25 02:35:04 PM train 250 1.181983e+00 65.855329 90.930030
09/25 02:35:08 PM train 300 1.189559e+00 65.599045 90.780731
09/25 02:35:12 PM train 350 1.203039e+00 65.228811 90.549323
09/25 02:35:17 PM train 400 1.209986e+00 64.935318 90.473036
09/25 02:35:21 PM train 450 1.219784e+00 64.547533 90.327051
09/25 02:35:25 PM train 500 1.222269e+00 64.567740 90.322480
09/25 02:35:29 PM train 550 1.225106e+00 64.541742 90.259188
09/25 02:35:34 PM train 600 1.232047e+00 64.356281 90.094634
09/25 02:35:38 PM train 650 1.233609e+00 64.297715 90.113767
09/25 02:35:42 PM train 700 1.237659e+00 64.254190 90.047700
09/25 02:35:46 PM train 750 1.236478e+00 64.237267 90.063249
09/25 02:35:49 PM train_acc 64.270000
09/25 02:35:49 PM valid 000 1.309660e+00 70.312500 85.937500
09/25 02:35:50 PM valid 050 1.372514e+00 61.213235 88.204657
09/25 02:35:52 PM valid 100 1.374275e+00 61.107673 88.103342
09/25 02:35:53 PM valid 150 1.393788e+00 61.092715 87.624172
09/25 02:35:53 PM valid_acc 61.150000, best_acc 61.150000
09/25 02:35:53 PM epoch 12 lr 2.496677e-02
09/25 02:35:53 PM train 000 1.074645e+00 70.312500 89.062500
09/25 02:35:58 PM train 050 1.131852e+00 66.758578 91.911765
09/25 02:36:02 PM train 100 1.131929e+00 66.676980 91.847153
09/25 02:36:06 PM train 150 1.133153e+00 66.794288 91.856374
09/25 02:36:10 PM train 200 1.146488e+00 66.705535 91.487873
09/25 02:36:15 PM train 250 1.147831e+00 66.564990 91.421813
09/25 02:36:19 PM train 300 1.155540e+00 66.346553 91.346553
09/25 02:36:23 PM train 350 1.158429e+00 66.243768 91.328348
09/25 02:36:28 PM train 400 1.154579e+00 66.236752 91.353647
09/25 02:36:32 PM train 450 1.162633e+00 66.071924 91.207040
09/25 02:36:36 PM train 500 1.171526e+00 65.749750 91.192615
09/25 02:36:40 PM train 550 1.177623e+00 65.559778 91.061706
09/25 02:36:45 PM train 600 1.180880e+00 65.466410 91.027974
09/25 02:36:49 PM train 650 1.183704e+00 65.329781 90.977823
09/25 02:36:53 PM train 700 1.189873e+00 65.288427 90.872414
09/25 02:36:57 PM train 750 1.193797e+00 65.161035 90.814331
09/25 02:37:00 PM train_acc 65.112000
09/25 02:37:00 PM valid 000 1.501759e+00 65.625000 82.812500
09/25 02:37:01 PM valid 050 1.496829e+00 59.129902 85.937500
09/25 02:37:03 PM valid 100 1.476481e+00 59.560644 86.076733
09/25 02:37:04 PM valid 150 1.492524e+00 59.126656 85.875414
09/25 02:37:04 PM valid_acc 59.110000, best_acc 61.150000
09/25 02:37:04 PM epoch 13 lr 2.496181e-02
09/25 02:37:04 PM train 000 8.423320e-01 75.000000 96.875000
09/25 02:37:09 PM train 050 1.072325e+00 68.841912 92.432598
09/25 02:37:13 PM train 100 1.080012e+00 68.162129 92.543317
09/25 02:37:17 PM train 150 1.092154e+00 67.984272 92.270281
09/25 02:37:21 PM train 200 1.098801e+00 67.552861 92.273010
09/25 02:37:26 PM train 250 1.107145e+00 67.361803 92.100349
09/25 02:37:30 PM train 300 1.113093e+00 67.145972 92.068106
09/25 02:37:34 PM train 350 1.125015e+00 66.898148 91.866987
09/25 02:37:38 PM train 400 1.137309e+00 66.696540 91.587438
09/25 02:37:43 PM train 450 1.140815e+00 66.678215 91.522312
09/25 02:37:47 PM train 500 1.142535e+00 66.623004 91.538797
09/25 02:37:51 PM train 550 1.149964e+00 66.393489 91.450204
09/25 02:37:56 PM train 600 1.153723e+00 66.389351 91.386751
09/25 02:38:00 PM train 650 1.159857e+00 66.333045 91.232239
09/25 02:38:04 PM train 700 1.163221e+00 66.246879 91.171095
09/25 02:38:08 PM train 750 1.163019e+00 66.213798 91.199234
09/25 02:38:11 PM train_acc 66.144000
09/25 02:38:11 PM valid 000 1.462235e+00 64.062500 84.375000
09/25 02:38:12 PM valid 050 1.578946e+00 57.996324 86.703431
09/25 02:38:14 PM valid 100 1.609751e+00 57.008045 85.999381
09/25 02:38:15 PM valid 150 1.628227e+00 56.860513 85.720199
09/25 02:38:15 PM valid_acc 56.820000, best_acc 61.150000
09/25 02:38:15 PM epoch 14 lr 2.495650e-02
09/25 02:38:15 PM train 000 9.940373e-01 67.187500 96.875000
09/25 02:38:20 PM train 050 1.076384e+00 68.229167 92.892157
09/25 02:38:24 PM train 100 1.057243e+00 68.889233 93.162129
09/25 02:38:28 PM train 150 1.064354e+00 68.522351 92.932533
09/25 02:38:32 PM train 200 1.077926e+00 68.159204 92.786070
09/25 02:38:37 PM train 250 1.095949e+00 67.816235 92.448954
09/25 02:38:41 PM train 300 1.093026e+00 67.945390 92.301703
09/25 02:38:45 PM train 350 1.098886e+00 67.779558 92.227564
09/25 02:38:50 PM train 400 1.098979e+00 67.884975 92.210879
09/25 02:38:54 PM train 450 1.098118e+00 67.897727 92.249861
09/25 02:38:58 PM train 500 1.103676e+00 67.773827 92.134481
09/25 02:39:03 PM train 550 1.108161e+00 67.785844 92.025862
09/25 02:39:07 PM train 600 1.111790e+00 67.694468 91.956115
09/25 02:39:11 PM train 650 1.116374e+00 67.633929 91.897081
09/25 02:39:15 PM train 700 1.121349e+00 67.475036 91.788516
09/25 02:39:20 PM train 750 1.126668e+00 67.212467 91.723535
09/25 02:39:22 PM train_acc 67.188000
09/25 02:39:23 PM valid 000 1.420385e+00 64.062500 85.937500
09/25 02:39:24 PM valid 050 1.368542e+00 61.856618 87.561275
09/25 02:39:25 PM valid 100 1.375231e+00 61.540842 87.608292
09/25 02:39:26 PM valid 150 1.392072e+00 61.475579 87.531043
09/25 02:39:26 PM valid_acc 61.450000, best_acc 61.450000
09/25 02:39:27 PM epoch 15 lr 2.495086e-02
09/25 02:39:27 PM train 000 8.369474e-01 79.687500 92.187500
09/25 02:39:31 PM train 050 9.980274e-01 70.189951 93.351716
09/25 02:39:35 PM train 100 1.017631e+00 69.662748 92.961015
09/25 02:39:39 PM train 150 1.025134e+00 69.764073 92.673841
09/25 02:39:44 PM train 200 1.046254e+00 69.092040 92.475124
09/25 02:39:48 PM train 250 1.060397e+00 68.581922 92.287102
09/25 02:39:52 PM train 300 1.068897e+00 68.557932 92.244601
09/25 02:39:57 PM train 350 1.072722e+00 68.460648 92.174145
09/25 02:40:01 PM train 400 1.076924e+00 68.414900 92.113466
09/25 02:40:05 PM train 450 1.081962e+00 68.199141 92.145926
09/25 02:40:10 PM train 500 1.089582e+00 68.004616 91.994137
09/25 02:40:14 PM train 550 1.091392e+00 67.947482 92.014519
09/25 02:40:18 PM train 600 1.094095e+00 67.910254 91.979513
09/25 02:40:22 PM train 650 1.099221e+00 67.756336 91.964286
09/25 02:40:27 PM train 700 1.101682e+00 67.684558 91.920025
09/25 02:40:31 PM train 750 1.104999e+00 67.553678 91.939913
09/25 02:40:34 PM train_acc 67.520000
09/25 02:40:34 PM valid 000 1.208870e+00 65.625000 90.625000
09/25 02:40:35 PM valid 050 1.426024e+00 61.335784 87.500000
09/25 02:40:36 PM valid 100 1.420553e+00 61.277847 87.237005
09/25 02:40:37 PM valid 150 1.427424e+00 61.123758 87.375828
09/25 02:40:38 PM valid_acc 61.100000, best_acc 61.450000
09/25 02:40:38 PM epoch 16 lr 2.494487e-02
09/25 02:40:38 PM train 000 9.981180e-01 70.312500 95.312500
09/25 02:40:42 PM train 050 9.993107e-01 70.281863 93.627451
09/25 02:40:47 PM train 100 9.963070e-01 70.451733 93.533416
09/25 02:40:51 PM train 150 1.014344e+00 69.877897 93.284354
09/25 02:40:55 PM train 200 1.029027e+00 69.472948 93.104789
09/25 02:40:59 PM train 250 1.038973e+00 69.229333 92.971863
09/25 02:41:04 PM train 300 1.042693e+00 69.087417 92.883098
09/25 02:41:08 PM train 350 1.046094e+00 69.052707 92.864138
09/25 02:41:12 PM train 400 1.055071e+00 68.870792 92.690150
09/25 02:41:16 PM train 450 1.056741e+00 68.916297 92.679462
09/25 02:41:21 PM train 500 1.063840e+00 68.653318 92.608533
09/25 02:41:25 PM train 550 1.068014e+00 68.557169 92.567491
09/25 02:41:29 PM train 600 1.068392e+00 68.510815 92.502080
09/25 02:41:34 PM train 650 1.071189e+00 68.406778 92.497120
09/25 02:41:38 PM train 700 1.073694e+00 68.384451 92.448288
09/25 02:41:42 PM train 750 1.073951e+00 68.485769 92.360186
09/25 02:41:45 PM train_acc 68.474000
09/25 02:41:45 PM valid 000 1.566994e+00 64.062500 85.937500
09/25 02:41:46 PM valid 050 1.487767e+00 60.416667 87.071078
09/25 02:41:48 PM valid 100 1.469725e+00 60.488861 87.035891
09/25 02:41:49 PM valid 150 1.484884e+00 60.533940 86.796358
09/25 02:41:49 PM valid_acc 60.560000, best_acc 61.450000
09/25 02:41:49 PM epoch 17 lr 2.493854e-02
09/25 02:41:49 PM train 000 1.083577e+00 64.062500 93.750000
09/25 02:41:54 PM train 050 1.027283e+00 69.424020 92.340686
09/25 02:41:58 PM train 100 1.027708e+00 69.275990 92.759901
09/25 02:42:02 PM train 150 1.030608e+00 68.987997 92.849752
09/25 02:42:06 PM train 200 1.015028e+00 69.923818 93.019279
09/25 02:42:11 PM train 250 1.021995e+00 69.845618 92.841135
09/25 02:42:15 PM train 300 1.024707e+00 69.741487 92.820806
09/25 02:42:19 PM train 350 1.025023e+00 69.787215 92.832977
09/25 02:42:24 PM train 400 1.030955e+00 69.618921 92.709632
09/25 02:42:28 PM train 450 1.036151e+00 69.415188 92.696785
09/25 02:42:32 PM train 500 1.043697e+00 69.286427 92.683383
09/25 02:42:37 PM train 550 1.046978e+00 69.175363 92.683757
09/25 02:42:41 PM train 600 1.048117e+00 69.145175 92.686668
09/25 02:42:45 PM train 650 1.049284e+00 69.110023 92.662730
09/25 02:42:49 PM train 700 1.050898e+00 69.088802 92.626605
09/25 02:42:54 PM train 750 1.051847e+00 69.072487 92.645223
09/25 02:42:56 PM train_acc 69.000000
09/25 02:42:56 PM valid 000 1.519606e+00 62.500000 84.375000
09/25 02:42:58 PM valid 050 1.514694e+00 59.834559 86.979167
09/25 02:42:59 PM valid 100 1.511897e+00 59.576114 86.896658
09/25 02:43:00 PM valid 150 1.522704e+00 59.623344 86.641142
09/25 02:43:00 PM valid_acc 59.580000, best_acc 61.450000
09/25 02:43:01 PM epoch 18 lr 2.493187e-02
09/25 02:43:01 PM train 000 9.272583e-01 73.437500 93.750000
09/25 02:43:05 PM train 050 9.727828e-01 70.741422 94.117647
09/25 02:43:09 PM train 100 9.638030e-01 71.410891 93.750000
09/25 02:43:14 PM train 150 9.700566e-01 71.202401 93.760348
09/25 02:43:18 PM train 200 9.791590e-01 71.144279 93.532338
09/25 02:43:22 PM train 250 9.858733e-01 70.935010 93.469871
09/25 02:43:26 PM train 300 9.983194e-01 70.639535 93.241279
09/25 02:43:31 PM train 350 1.005656e+00 70.486111 93.202457
09/25 02:43:35 PM train 400 1.018812e+00 70.109882 92.994077
09/25 02:43:39 PM train 450 1.019450e+00 70.038803 93.001663
09/25 02:43:44 PM train 500 1.019989e+00 69.878992 93.032685
09/25 02:43:48 PM train 550 1.024233e+00 69.705649 92.998525
09/25 02:43:52 PM train 600 1.025951e+00 69.641743 92.962250
09/25 02:43:57 PM train 650 1.030481e+00 69.530050 92.893145
09/25 02:44:01 PM train 700 1.035021e+00 69.425374 92.818295
09/25 02:44:05 PM train 750 1.038427e+00 69.390812 92.772137
09/25 02:44:08 PM train_acc 69.364000
09/25 02:44:08 PM valid 000 1.754875e+00 48.437500 82.812500
09/25 02:44:09 PM valid 050 1.588800e+00 57.291667 86.090686
09/25 02:44:10 PM valid 100 1.577807e+00 57.487624 85.952970
09/25 02:44:12 PM valid 150 1.584431e+00 57.998758 85.720199
09/25 02:44:12 PM valid_acc 58.030000, best_acc 61.450000
09/25 02:44:12 PM epoch 19 lr 2.492485e-02
09/25 02:44:12 PM train 000 8.140644e-01 73.437500 93.750000
09/25 02:44:16 PM train 050 1.002917e+00 69.761029 92.830882
09/25 02:44:21 PM train 100 9.879154e-01 70.358911 93.316832
09/25 02:44:25 PM train 150 9.829776e-01 70.322848 93.408526
09/25 02:44:29 PM train 200 9.828723e-01 70.592351 93.594527
09/25 02:44:34 PM train 250 9.894236e-01 70.437002 93.525896
09/25 02:44:38 PM train 300 9.891888e-01 70.478613 93.433347
09/25 02:44:42 PM train 350 9.890513e-01 70.526175 93.371617
09/25 02:44:47 PM train 400 9.957185e-01 70.308603 93.383728
09/25 02:44:51 PM train 450 9.955427e-01 70.374861 93.379296
09/25 02:44:55 PM train 500 9.984270e-01 70.290669 93.372630
09/25 02:45:00 PM train 550 1.003054e+00 70.150862 93.338816
09/25 02:45:04 PM train 600 1.005279e+00 70.031718 93.300229
09/25 02:45:08 PM train 650 1.011745e+00 69.825269 93.233967
09/25 02:45:13 PM train 700 1.015778e+00 69.721826 93.161555
09/25 02:45:17 PM train 750 1.017782e+00 69.644640 93.117510
09/25 02:45:19 PM train_acc 69.572000
09/25 02:45:20 PM valid 000 1.365104e+00 68.750000 84.375000
09/25 02:45:21 PM valid 050 1.458149e+00 60.232843 87.469363
09/25 02:45:22 PM valid 100 1.411733e+00 61.339728 87.964109
09/25 02:45:23 PM valid 150 1.428228e+00 61.072020 87.531043
09/25 02:45:24 PM valid_acc 61.250000, best_acc 61.450000
09/25 02:45:24 PM epoch 20 lr 2.491750e-02
09/25 02:45:24 PM train 000 7.195389e-01 79.687500 95.312500
09/25 02:45:28 PM train 050 9.010547e-01 72.855392 94.515931
09/25 02:45:33 PM train 100 9.247352e-01 72.416460 94.090347
09/25 02:45:37 PM train 150 9.326281e-01 71.792219 94.081126
09/25 02:45:41 PM train 200 9.346195e-01 71.944963 93.983209
09/25 02:45:45 PM train 250 9.439986e-01 71.582420 93.905627
09/25 02:45:50 PM train 300 9.584990e-01 71.189784 93.656561
09/25 02:45:54 PM train 350 9.733184e-01 70.855591 93.509615
09/25 02:45:58 PM train 400 9.796321e-01 70.756702 93.488934
09/25 02:46:02 PM train 450 9.846756e-01 70.624307 93.431264
09/25 02:46:07 PM train 500 9.868325e-01 70.543288 93.463074
09/25 02:46:11 PM train 550 9.890276e-01 70.457123 93.398367
09/25 02:46:15 PM train 600 9.919914e-01 70.374896 93.380824
09/25 02:46:20 PM train 650 9.982212e-01 70.262097 93.313172
09/25 02:46:24 PM train 700 1.001320e+00 70.176534 93.293063
09/25 02:46:28 PM train 750 1.002582e+00 70.139814 93.277713
09/25 02:46:31 PM train_acc 70.156000
09/25 02:46:31 PM valid 000 1.500992e+00 65.625000 84.375000
09/25 02:46:32 PM valid 050 1.449202e+00 62.071078 87.193627
09/25 02:46:33 PM valid 100 1.445910e+00 61.540842 87.422649
09/25 02:46:35 PM valid 150 1.455770e+00 61.579056 87.158526
09/25 02:46:35 PM valid_acc 61.490000, best_acc 61.490000
09/25 02:46:35 PM epoch 21 lr 2.490981e-02
09/25 02:46:35 PM train 000 1.060832e+00 68.750000 93.750000
09/25 02:46:39 PM train 050 8.945465e-01 74.172794 94.209559
09/25 02:46:44 PM train 100 8.668082e-01 74.257426 94.786510
09/25 02:46:48 PM train 150 8.760927e-01 73.810017 94.629553
09/25 02:46:52 PM train 200 8.891725e-01 73.212065 94.519590
09/25 02:46:57 PM train 250 9.018949e-01 72.983068 94.434761
09/25 02:47:01 PM train 300 9.177318e-01 72.638081 94.227575
09/25 02:47:05 PM train 350 9.261410e-01 72.351318 94.106125
09/25 02:47:09 PM train 400 9.359283e-01 72.182824 93.972101
09/25 02:47:14 PM train 450 9.441596e-01 71.836890 93.888581
09/25 02:47:18 PM train 500 9.525657e-01 71.597430 93.809256
09/25 02:47:22 PM train 550 9.590425e-01 71.497845 93.724478
09/25 02:47:27 PM train 600 9.652534e-01 71.342034 93.669405
09/25 02:47:31 PM train 650 9.706158e-01 71.193356 93.627592
09/25 02:47:35 PM train 700 9.768387e-01 71.023538 93.589515
09/25 02:47:40 PM train 750 9.819956e-01 70.886734 93.541944
09/25 02:47:42 PM train_acc 70.802000
09/25 02:47:42 PM valid 000 1.466224e+00 60.937500 84.375000
09/25 02:47:44 PM valid 050 1.463972e+00 60.569853 86.550245
09/25 02:47:45 PM valid 100 1.437275e+00 60.782797 87.360767
09/25 02:47:46 PM valid 150 1.442324e+00 60.937500 87.013659
09/25 02:47:46 PM valid_acc 61.000000, best_acc 61.490000
09/25 02:47:46 PM epoch 22 lr 2.490178e-02
09/25 02:47:47 PM train 000 1.065124e+00 60.937500 95.312500
09/25 02:47:51 PM train 050 9.132743e-01 72.089461 95.251225
09/25 02:47:55 PM train 100 9.250416e-01 71.844059 94.941213
09/25 02:48:00 PM train 150 9.287526e-01 71.988825 94.681291
09/25 02:48:04 PM train 200 9.272814e-01 72.271455 94.441853
09/25 02:48:08 PM train 250 9.310292e-01 72.061753 94.384960
09/25 02:48:12 PM train 300 9.262188e-01 72.176080 94.440407
09/25 02:48:17 PM train 350 9.354665e-01 71.919516 94.333155
09/25 02:48:21 PM train 400 9.359649e-01 71.867207 94.268236
09/25 02:48:25 PM train 450 9.398390e-01 71.798780 94.189994
09/25 02:48:30 PM train 500 9.444801e-01 71.644212 94.139845
09/25 02:48:34 PM train 550 9.521754e-01 71.421279 94.002382
09/25 02:48:38 PM train 600 9.559976e-01 71.344634 93.929389
09/25 02:48:42 PM train 650 9.609958e-01 71.222158 93.901210
09/25 02:48:47 PM train 700 9.685870e-01 71.003477 93.814640
09/25 02:48:51 PM train 750 9.740566e-01 70.840962 93.756242
09/25 02:48:54 PM train_acc 70.840000
09/25 02:48:54 PM valid 000 1.191919e+00 76.562500 90.625000
09/25 02:48:55 PM valid 050 1.372310e+00 63.174020 88.449755
09/25 02:48:57 PM valid 100 1.355766e+00 62.654703 88.845916
09/25 02:48:58 PM valid 150 1.361485e+00 62.831126 88.658940
09/25 02:48:58 PM valid_acc 62.790000, best_acc 62.790000
09/25 02:48:58 PM epoch 23 lr 2.489340e-02
09/25 02:48:58 PM train 000 1.084971e+00 62.500000 96.875000
09/25 02:49:03 PM train 050 8.843745e-01 73.713235 95.098039
09/25 02:49:07 PM train 100 8.602321e-01 74.396658 95.250619
09/25 02:49:11 PM train 150 8.762466e-01 73.768626 95.177980
09/25 02:49:16 PM train 200 8.890618e-01 73.313122 94.962687
09/25 02:49:20 PM train 250 9.117275e-01 72.777639 94.528137
09/25 02:49:24 PM train 300 9.248798e-01 72.451204 94.315822
09/25 02:49:28 PM train 350 9.337881e-01 72.395833 94.177350
09/25 02:49:33 PM train 400 9.441107e-01 72.069825 94.053928
09/25 02:49:37 PM train 450 9.439058e-01 72.051691 94.044484
09/25 02:49:41 PM train 500 9.503753e-01 71.868762 93.943363
09/25 02:49:46 PM train 550 9.511362e-01 71.761570 93.934324
09/25 02:49:50 PM train 600 9.552881e-01 71.674813 93.861793
09/25 02:49:54 PM train 650 9.566252e-01 71.632584 93.841206
09/25 02:49:58 PM train 700 9.611112e-01 71.525053 93.821327
09/25 02:50:03 PM train 750 9.632221e-01 71.463049 93.770806
09/25 02:50:05 PM train_acc 71.444000
09/25 02:50:06 PM valid 000 1.527998e+00 65.625000 85.937500
09/25 02:50:07 PM valid 050 1.394769e+00 63.020833 88.970588
09/25 02:50:08 PM valid 100 1.368643e+00 63.242574 89.016089
09/25 02:50:09 PM valid 150 1.386637e+00 63.027732 88.824503
09/25 02:50:10 PM valid_acc 62.910000, best_acc 62.910000
09/25 02:50:10 PM epoch 24 lr 2.488469e-02
09/25 02:50:10 PM train 000 5.162565e-01 87.500000 98.437500
09/25 02:50:14 PM train 050 8.683395e-01 73.835784 95.098039
09/25 02:50:19 PM train 100 8.582666e-01 74.334777 95.142327
09/25 02:50:23 PM train 150 8.657987e-01 73.841060 94.991722
09/25 02:50:27 PM train 200 8.725814e-01 73.608520 94.970460
09/25 02:50:31 PM train 250 8.836625e-01 73.250747 94.770916
09/25 02:50:36 PM train 300 8.963423e-01 72.897633 94.668812
09/25 02:50:40 PM train 350 9.007886e-01 72.823184 94.564637
09/25 02:50:44 PM train 400 9.043196e-01 72.782887 94.478647
09/25 02:50:49 PM train 450 9.143235e-01 72.571369 94.359756
09/25 02:50:53 PM train 500 9.184649e-01 72.508109 94.295783
09/25 02:50:57 PM train 550 9.276345e-01 72.246484 94.161184
09/25 02:51:02 PM train 600 9.348401e-01 72.075187 94.043781
09/25 02:51:06 PM train 650 9.370102e-01 72.009409 94.090822
09/25 02:51:10 PM train 700 9.402260e-01 71.901748 94.030849
09/25 02:51:15 PM train 750 9.444495e-01 71.802180 93.970539
09/25 02:51:17 PM train_acc 71.746000
09/25 02:51:17 PM valid 000 1.251855e+00 65.625000 93.750000
09/25 02:51:19 PM valid 050 1.388084e+00 63.296569 87.959559
09/25 02:51:20 PM valid 100 1.382043e+00 63.242574 88.196163
09/25 02:51:21 PM valid 150 1.391170e+00 63.234685 88.131209
09/25 02:51:21 PM valid_acc 63.200000, best_acc 63.200000
09/25 02:51:21 PM epoch 25 lr 2.487564e-02
09/25 02:51:22 PM train 000 1.253186e+00 64.062500 89.062500
09/25 02:51:26 PM train 050 8.219831e-01 75.551471 95.710784
09/25 02:51:30 PM train 100 8.184167e-01 74.953589 95.637376
09/25 02:51:34 PM train 150 8.361123e-01 74.668874 95.271109
09/25 02:51:39 PM train 200 8.541723e-01 74.168221 95.040423
09/25 02:51:43 PM train 250 8.636383e-01 73.904382 94.995020
09/25 02:51:47 PM train 300 8.752635e-01 73.702243 94.850498
09/25 02:51:52 PM train 350 8.893753e-01 73.246083 94.649217
09/25 02:51:56 PM train 400 8.936635e-01 73.114090 94.591646
09/25 02:52:00 PM train 450 8.975611e-01 72.962860 94.564163
09/25 02:52:04 PM train 500 9.069270e-01 72.626622 94.504741
09/25 02:52:09 PM train 550 9.148446e-01 72.501701 94.337001
09/25 02:52:13 PM train 600 9.203565e-01 72.335171 94.275166
09/25 02:52:17 PM train 650 9.237000e-01 72.247024 94.232431
09/25 02:52:22 PM train 700 9.282235e-01 72.111270 94.155670
09/25 02:52:26 PM train 750 9.314852e-01 72.035203 94.122420
09/25 02:52:28 PM train_acc 71.938000
09/25 02:52:29 PM valid 000 1.412061e+00 62.500000 85.937500
09/25 02:52:30 PM valid 050 1.459802e+00 62.438725 87.867647
09/25 02:52:31 PM valid 100 1.450732e+00 62.190594 87.886757
09/25 02:52:32 PM valid 150 1.472435e+00 61.589404 87.758692
09/25 02:52:33 PM valid_acc 61.580000, best_acc 63.200000
09/25 02:52:33 PM epoch 26 lr 2.486625e-02
09/25 02:52:33 PM train 000 1.056458e+00 71.875000 95.312500
09/25 02:52:37 PM train 050 8.575604e-01 74.387255 95.067402
09/25 02:52:41 PM train 100 8.820397e-01 73.360149 95.003094
09/25 02:52:46 PM train 150 8.767252e-01 73.613411 94.815811
09/25 02:52:50 PM train 200 8.789328e-01 73.577425 94.690609
09/25 02:52:54 PM train 250 8.795155e-01 73.593127 94.739791
09/25 02:52:58 PM train 300 8.817832e-01 73.510174 94.762251
09/25 02:53:03 PM train 350 8.871672e-01 73.210470 94.729345
09/25 02:53:07 PM train 400 8.914693e-01 73.055642 94.657887
09/25 02:53:11 PM train 450 8.974446e-01 73.021757 94.584950
09/25 02:53:15 PM train 500 9.000315e-01 72.982161 94.607660
09/25 02:53:20 PM train 550 9.048762e-01 72.881692 94.586547
09/25 02:53:24 PM train 600 9.111972e-01 72.654950 94.490953
09/25 02:53:28 PM train 650 9.170519e-01 72.494240 94.419643
09/25 02:53:33 PM train 700 9.198824e-01 72.414408 94.347361
09/25 02:53:37 PM train 750 9.250126e-01 72.264065 94.282623
09/25 02:53:39 PM train_acc 72.184000
09/25 02:53:40 PM valid 000 1.291658e+00 68.750000 89.062500
09/25 02:53:41 PM valid 050 1.316391e+00 64.093137 89.276961
09/25 02:53:42 PM valid 100 1.318735e+00 63.768564 89.480198
09/25 02:53:43 PM valid 150 1.319564e+00 63.907285 89.217715
09/25 02:53:44 PM valid_acc 63.830000, best_acc 63.830000
09/25 02:53:44 PM epoch 27 lr 2.485652e-02
09/25 02:53:44 PM train 000 7.520952e-01 81.250000 93.750000
09/25 02:53:48 PM train 050 8.053574e-01 76.256127 94.669118
09/25 02:53:52 PM train 100 8.134440e-01 75.340347 94.956683
09/25 02:53:56 PM train 150 8.312970e-01 75.031043 94.815811
09/25 02:54:01 PM train 200 8.344414e-01 74.673507 95.063744
09/25 02:54:05 PM train 250 8.441440e-01 74.383715 95.107072
09/25 02:54:09 PM train 300 8.563320e-01 74.091570 94.933555
09/25 02:54:14 PM train 350 8.623211e-01 73.891560 94.880698
09/25 02:54:18 PM train 400 8.697713e-01 73.644015 94.821540
09/25 02:54:22 PM train 450 8.779119e-01 73.444429 94.768570
09/25 02:54:26 PM train 500 8.856769e-01 73.244137 94.632610
09/25 02:54:31 PM train 550 8.954547e-01 72.927064 94.558190
09/25 02:54:35 PM train 600 8.981289e-01 72.940932 94.568948
09/25 02:54:39 PM train 650 9.045124e-01 72.813460 94.467646
09/25 02:54:43 PM train 700 9.101448e-01 72.742065 94.405314
09/25 02:54:48 PM train 750 9.128111e-01 72.605276 94.378329
09/25 02:54:50 PM train_acc 72.502000
09/25 02:54:50 PM valid 000 1.339504e+00 65.625000 84.375000
09/25 02:54:52 PM valid 050 1.425211e+00 62.591912 87.285539
09/25 02:54:53 PM valid 100 1.402699e+00 62.577351 88.288985
09/25 02:54:54 PM valid 150 1.413201e+00 62.634520 88.234685
09/25 02:54:54 PM valid_acc 62.620000, best_acc 63.830000
09/25 02:54:54 PM epoch 28 lr 2.484645e-02
09/25 02:54:55 PM train 000 8.609554e-01 70.312500 95.312500
09/25 02:54:59 PM train 050 8.174267e-01 75.337010 95.618873
09/25 02:55:03 PM train 100 8.022196e-01 75.897277 95.420792
09/25 02:55:07 PM train 150 8.030965e-01 75.879553 95.571192
09/25 02:55:12 PM train 200 8.199629e-01 75.466418 95.312500
09/25 02:55:16 PM train 250 8.306418e-01 75.130727 95.250249
09/25 02:55:20 PM train 300 8.461347e-01 74.688538 95.161960
09/25 02:55:25 PM train 350 8.536504e-01 74.434651 95.009793
09/25 02:55:29 PM train 400 8.559731e-01 74.290835 95.004676
09/25 02:55:33 PM train 450 8.652759e-01 74.005682 94.914080
09/25 02:55:37 PM train 500 8.755131e-01 73.687001 94.807260
09/25 02:55:42 PM train 550 8.845669e-01 73.431828 94.694306
09/25 02:55:46 PM train 600 8.933127e-01 73.234713 94.579347
09/25 02:55:50 PM train 650 8.939635e-01 73.154282 94.590054
09/25 02:55:55 PM train 700 8.944799e-01 73.047432 94.585859
09/25 02:55:59 PM train 750 8.974972e-01 72.956891 94.553096
09/25 02:56:02 PM train_acc 72.866000
09/25 02:56:02 PM valid 000 1.439224e+00 64.062500 84.375000
09/25 02:56:03 PM valid 050 1.445778e+00 62.009804 87.132353
09/25 02:56:04 PM valid 100 1.439150e+00 61.943069 87.144183
09/25 02:56:06 PM valid 150 1.447622e+00 61.910182 87.251656
09/25 02:56:06 PM valid_acc 61.890000, best_acc 63.830000
09/25 02:56:06 PM epoch 29 lr 2.483604e-02
09/25 02:56:06 PM train 000 1.116638e+00 67.187500 93.750000
09/25 02:56:10 PM train 050 8.008446e-01 76.317402 95.680147
09/25 02:56:15 PM train 100 7.926146e-01 76.485149 95.730198
09/25 02:56:19 PM train 150 8.028740e-01 75.910596 95.643626
09/25 02:56:23 PM train 200 8.150404e-01 75.474192 95.623445
09/25 02:56:27 PM train 250 8.195233e-01 75.367281 95.617530
09/25 02:56:32 PM train 300 8.296580e-01 74.968854 95.463040
09/25 02:56:36 PM train 350 8.402252e-01 74.594907 95.308048
09/25 02:56:40 PM train 400 8.552118e-01 74.279146 95.121571
09/25 02:56:45 PM train 450 8.613771e-01 74.043792 95.018016
09/25 02:56:49 PM train 500 8.714663e-01 73.749376 94.866517
09/25 02:56:53 PM train 550 8.768815e-01 73.638838 94.807736
09/25 02:56:58 PM train 600 8.822235e-01 73.445300 94.745736
09/25 02:57:02 PM train 650 8.874005e-01 73.303091 94.688460
09/25 02:57:06 PM train 700 8.921292e-01 73.225749 94.632668
09/25 02:57:10 PM train 750 8.934719e-01 73.162866 94.621754
09/25 02:57:13 PM train_acc 73.156000
09/25 02:57:13 PM valid 000 1.085437e+00 76.562500 89.062500
09/25 02:57:14 PM valid 050 1.381157e+00 63.541667 88.511029
09/25 02:57:16 PM valid 100 1.351439e+00 63.366337 89.217203
09/25 02:57:17 PM valid 150 1.368069e+00 63.431291 89.031457
09/25 02:57:17 PM valid_acc 63.410000, best_acc 63.830000
09/25 02:57:17 PM epoch 30 lr 2.482529e-02
09/25 02:57:17 PM train 000 5.289704e-01 81.250000 96.875000
09/25 02:57:22 PM train 050 8.344664e-01 75.306373 95.251225
09/25 02:57:26 PM train 100 8.216911e-01 75.758045 95.343441
09/25 02:57:30 PM train 150 8.291821e-01 75.206954 95.209023
09/25 02:57:35 PM train 200 8.275553e-01 75.139925 95.436878
09/25 02:57:39 PM train 250 8.372542e-01 74.831922 95.430777
09/25 02:57:43 PM train 300 8.436328e-01 74.465324 95.348837
09/25 02:57:48 PM train 350 8.463941e-01 74.434651 95.334758
09/25 02:57:52 PM train 400 8.507325e-01 74.279146 95.246259
09/25 02:57:56 PM train 450 8.573092e-01 74.081901 95.191242
09/25 02:58:00 PM train 500 8.640209e-01 73.905314 95.112899
09/25 02:58:05 PM train 550 8.686905e-01 73.777790 95.034596
09/25 02:58:09 PM train 600 8.699187e-01 73.819676 94.935524
09/25 02:58:13 PM train 650 8.739280e-01 73.703917 94.866071
09/25 02:58:18 PM train 700 8.780259e-01 73.569009 94.848877
09/25 02:58:22 PM train 750 8.831927e-01 73.458306 94.811085
09/25 02:58:25 PM train_acc 73.350000
09/25 02:58:25 PM valid 000 1.217664e+00 71.875000 89.062500
09/25 02:58:26 PM valid 050 1.419395e+00 62.500000 88.327206
09/25 02:58:27 PM valid 100 1.412140e+00 62.345297 88.582921
09/25 02:58:29 PM valid 150 1.417340e+00 62.468957 88.462334
09/25 02:58:29 PM valid_acc 62.480000, best_acc 63.830000
09/25 02:58:29 PM epoch 31 lr 2.481421e-02
09/25 02:58:29 PM train 000 9.214488e-01 70.312500 93.750000
09/25 02:58:34 PM train 050 8.038363e-01 76.317402 96.109069
09/25 02:58:38 PM train 100 8.109506e-01 75.788985 95.838490
09/25 02:58:42 PM train 150 8.099179e-01 75.765728 95.747103
09/25 02:58:46 PM train 200 8.201849e-01 75.396455 95.553483
09/25 02:58:51 PM train 250 8.253407e-01 75.249004 95.511703
09/25 02:58:55 PM train 300 8.382065e-01 74.948090 95.312500
09/25 02:58:59 PM train 350 8.437993e-01 74.634972 95.276887
09/25 02:59:04 PM train 400 8.488587e-01 74.442799 95.308603
09/25 02:59:08 PM train 450 8.568077e-01 74.241269 95.198171
09/25 02:59:12 PM train 500 8.639585e-01 74.076846 95.072355
09/25 02:59:16 PM train 550 8.701013e-01 73.888385 94.966538
09/25 02:59:21 PM train 600 8.761411e-01 73.700083 94.873128
09/25 02:59:25 PM train 650 8.797929e-01 73.607911 94.825269
09/25 02:59:29 PM train 700 8.845719e-01 73.502140 94.750802
09/25 02:59:34 PM train 750 8.881248e-01 73.408372 94.725782
09/25 02:59:36 PM train_acc 73.396000
09/25 02:59:36 PM valid 000 1.316499e+00 68.750000 89.062500
09/25 02:59:38 PM valid 050 1.467574e+00 61.887255 87.622549
09/25 02:59:39 PM valid 100 1.460879e+00 62.066832 87.453589
09/25 02:59:40 PM valid 150 1.470530e+00 61.889487 87.479305
09/25 02:59:40 PM valid_acc 61.940000, best_acc 63.830000
09/25 02:59:40 PM epoch 32 lr 2.480279e-02
09/25 02:59:41 PM train 000 6.470057e-01 76.562500 96.875000
09/25 02:59:45 PM train 050 8.134195e-01 75.367647 95.281863
09/25 02:59:49 PM train 100 7.977485e-01 75.943688 95.668317
09/25 02:59:53 PM train 150 7.912407e-01 76.158940 95.529801
09/25 02:59:58 PM train 200 7.985311e-01 76.041667 95.506841
09/25 03:00:02 PM train 250 8.057193e-01 75.815488 95.468127
09/25 03:00:06 PM train 300 8.193742e-01 75.327035 95.276163
09/25 03:00:11 PM train 350 8.253967e-01 75.164708 95.223469
09/25 03:00:15 PM train 400 8.340729e-01 74.922070 95.176122
09/25 03:00:19 PM train 450 8.396216e-01 74.771341 95.111558
09/25 03:00:24 PM train 500 8.434084e-01 74.566492 95.069237
09/25 03:00:28 PM train 550 8.487341e-01 74.404492 95.003403
09/25 03:00:32 PM train 600 8.563035e-01 74.173253 94.906926
09/25 03:00:36 PM train 650 8.608357e-01 74.119144 94.846870
09/25 03:00:41 PM train 700 8.687318e-01 73.854315 94.766405
09/25 03:00:45 PM train 750 8.731729e-01 73.728778 94.700816
09/25 03:00:48 PM train_acc 73.596000
09/25 03:00:48 PM valid 000 1.439229e+00 60.937500 85.937500
09/25 03:00:49 PM valid 050 1.526184e+00 60.263480 87.469363
09/25 03:00:50 PM valid 100 1.523575e+00 59.761757 87.376238
09/25 03:00:52 PM valid 150 1.521850e+00 60.223510 87.448262
09/25 03:00:52 PM valid_acc 60.280000, best_acc 63.830000
09/25 03:00:52 PM epoch 33 lr 2.479103e-02
09/25 03:00:52 PM train 000 7.739894e-01 73.437500 95.312500
09/25 03:00:57 PM train 050 8.104346e-01 75.735294 95.343137
09/25 03:01:01 PM train 100 7.936634e-01 75.850866 95.606436
09/25 03:01:05 PM train 150 7.942675e-01 75.817467 95.705712
09/25 03:01:09 PM train 200 8.049457e-01 75.645211 95.685634
09/25 03:01:14 PM train 250 8.104891e-01 75.454432 95.580179
09/25 03:01:18 PM train 300 8.136838e-01 75.425664 95.499377
09/25 03:01:22 PM train 350 8.144133e-01 75.342771 95.526175
09/25 03:01:27 PM train 400 8.263140e-01 75.070137 95.335879
09/25 03:01:31 PM train 450 8.389947e-01 74.646619 95.208564
09/25 03:01:35 PM train 500 8.480390e-01 74.295160 95.125374
09/25 03:01:39 PM train 550 8.556526e-01 74.055694 95.000567
09/25 03:01:44 PM train 600 8.560583e-01 74.032862 94.995320
09/25 03:01:48 PM train 650 8.604049e-01 73.929531 94.945276
09/25 03:01:52 PM train 700 8.616889e-01 73.954618 94.922432
09/25 03:01:57 PM train 750 8.660822e-01 73.803678 94.865180
09/25 03:01:59 PM train_acc 73.752000
09/25 03:01:59 PM valid 000 1.182314e+00 67.187500 89.062500
09/25 03:02:01 PM valid 050 1.336405e+00 64.981618 88.756127
09/25 03:02:02 PM valid 100 1.346707e+00 64.681312 88.505569
09/25 03:02:03 PM valid 150 1.358602e+00 64.600579 88.410596
09/25 03:02:03 PM valid_acc 64.580000, best_acc 64.580000
09/25 03:02:04 PM epoch 34 lr 2.477893e-02
09/25 03:02:04 PM train 000 7.074378e-01 75.000000 96.875000
09/25 03:02:08 PM train 050 7.583878e-01 77.604167 95.863971
09/25 03:02:12 PM train 100 7.663473e-01 77.011139 96.225248
09/25 03:02:17 PM train 150 7.766904e-01 76.386589 95.985099
09/25 03:02:21 PM train 200 7.909434e-01 76.103856 95.794465
09/25 03:02:25 PM train 250 8.013826e-01 75.902639 95.661106
09/25 03:02:30 PM train 300 8.108889e-01 75.716362 95.426703
09/25 03:02:34 PM train 350 8.208669e-01 75.409544 95.272436
09/25 03:02:38 PM train 400 8.243895e-01 75.276652 95.289121
09/25 03:02:42 PM train 450 8.304306e-01 75.034645 95.232816
09/25 03:02:47 PM train 500 8.377514e-01 74.794162 95.215818
09/25 03:02:51 PM train 550 8.389093e-01 74.821348 95.173548
09/25 03:02:55 PM train 600 8.457678e-01 74.552829 95.109713
09/25 03:03:00 PM train 650 8.537170e-01 74.301555 95.034082
09/25 03:03:04 PM train 700 8.597792e-01 74.146309 94.951409
09/25 03:03:08 PM train 750 8.627565e-01 74.126165 94.885985
09/25 03:03:11 PM train_acc 74.086000
09/25 03:03:11 PM valid 000 1.460650e+00 64.062500 84.375000
09/25 03:03:12 PM valid 050 1.401452e+00 63.480392 88.572304
09/25 03:03:14 PM valid 100 1.381546e+00 63.366337 88.985149
09/25 03:03:15 PM valid 150 1.372064e+00 63.338162 89.041805
09/25 03:03:15 PM valid_acc 63.380000, best_acc 64.580000
09/25 03:03:15 PM epoch 35 lr 2.476650e-02
09/25 03:03:15 PM train 000 6.832396e-01 79.687500 98.437500
09/25 03:03:20 PM train 050 7.158015e-01 77.941176 96.354167
09/25 03:03:24 PM train 100 7.432703e-01 77.289604 96.194307
09/25 03:03:28 PM train 150 7.562780e-01 76.903974 96.078228
09/25 03:03:33 PM train 200 7.753714e-01 76.305970 96.066542
09/25 03:03:37 PM train 250 7.792288e-01 76.294821 96.015936
09/25 03:03:41 PM train 300 7.836936e-01 76.256229 95.950997
09/25 03:03:46 PM train 350 7.883718e-01 76.099537 95.891204
09/25 03:03:50 PM train 400 7.956940e-01 75.993610 95.776185
09/25 03:03:54 PM train 450 8.018448e-01 75.793376 95.703991
09/25 03:03:59 PM train 500 8.151367e-01 75.449102 95.590070
09/25 03:04:03 PM train 550 8.219741e-01 75.195667 95.547868
09/25 03:04:07 PM train 600 8.300868e-01 75.012999 95.447691
09/25 03:04:11 PM train 650 8.401634e-01 74.649578 95.334101
09/25 03:04:16 PM train 700 8.429843e-01 74.632222 95.305813
09/25 03:04:20 PM train 750 8.509176e-01 74.444491 95.229278
09/25 03:04:23 PM train_acc 74.332000
09/25 03:04:23 PM valid 000 1.566697e+00 64.062500 82.812500
09/25 03:04:24 PM valid 050 1.391996e+00 63.725490 88.296569
09/25 03:04:25 PM valid 100 1.410987e+00 62.840347 88.350866
09/25 03:04:27 PM valid 150 1.416095e+00 62.996689 88.203642
09/25 03:04:27 PM valid_acc 63.000000, best_acc 64.580000
09/25 03:04:27 PM epoch 36 lr 2.475373e-02
09/25 03:04:27 PM train 000 9.326169e-01 76.562500 92.187500
09/25 03:04:31 PM train 050 7.883124e-01 76.409314 95.618873
09/25 03:04:36 PM train 100 7.797885e-01 76.485149 95.761139
09/25 03:04:40 PM train 150 7.928377e-01 75.920944 95.819536
09/25 03:04:44 PM train 200 8.019883e-01 75.652985 95.740050
09/25 03:04:48 PM train 250 8.077326e-01 75.410857 95.729582
09/25 03:04:53 PM train 300 8.184722e-01 75.171304 95.623962
09/25 03:04:57 PM train 350 8.181417e-01 75.191417 95.535078
09/25 03:05:01 PM train 400 8.203863e-01 75.109102 95.460567
09/25 03:05:06 PM train 450 8.280807e-01 74.941103 95.392184
09/25 03:05:10 PM train 500 8.319760e-01 74.725549 95.349925
09/25 03:05:14 PM train 550 8.393712e-01 74.574637 95.278471
09/25 03:05:19 PM train 600 8.412932e-01 74.545029 95.242304
09/25 03:05:23 PM train 650 8.428095e-01 74.527170 95.197293
09/25 03:05:27 PM train 700 8.468778e-01 74.398181 95.158702
09/25 03:05:31 PM train 750 8.542110e-01 74.240596 95.077397
09/25 03:05:34 PM train_acc 74.160000
09/25 03:05:34 PM valid 000 1.383955e+00 64.062500 89.062500
09/25 03:05:35 PM valid 050 1.388386e+00 62.775735 88.572304
09/25 03:05:37 PM valid 100 1.364385e+00 62.979579 89.077970
09/25 03:05:38 PM valid 150 1.373240e+00 63.483030 89.062500
09/25 03:05:38 PM valid_acc 63.440000, best_acc 64.580000
09/25 03:05:38 PM epoch 37 lr 2.474063e-02
09/25 03:05:38 PM train 000 8.753390e-01 76.562500 95.312500
09/25 03:05:43 PM train 050 7.439244e-01 78.063725 96.415441
09/25 03:05:47 PM train 100 7.551945e-01 77.274134 96.256188
09/25 03:05:51 PM train 150 7.484516e-01 77.328228 96.274834
09/25 03:05:56 PM train 200 7.550360e-01 77.145522 96.190920
09/25 03:06:00 PM train 250 7.665223e-01 76.836404 96.078187
09/25 03:06:04 PM train 300 7.810982e-01 76.365241 95.966570
09/25 03:06:09 PM train 350 7.915198e-01 75.952635 95.779915
09/25 03:06:13 PM train 400 8.015411e-01 75.615648 95.702151
09/25 03:06:17 PM train 450 8.077945e-01 75.481569 95.606984
09/25 03:06:22 PM train 500 8.120739e-01 75.364895 95.537051
09/25 03:06:26 PM train 550 8.136296e-01 75.379991 95.505331
09/25 03:06:30 PM train 600 8.182766e-01 75.236585 95.468490
09/25 03:06:34 PM train 650 8.257248e-01 75.076805 95.394105
09/25 03:06:39 PM train 700 8.302854e-01 74.919757 95.341476
09/25 03:06:43 PM train 750 8.332318e-01 74.833555 95.335386
09/25 03:06:46 PM train_acc 74.790000
09/25 03:06:46 PM valid 000 1.397694e+00 64.062500 89.062500
09/25 03:06:47 PM valid 050 1.483764e+00 61.948529 88.051471
09/25 03:06:48 PM valid 100 1.504408e+00 61.463490 87.577351
09/25 03:06:50 PM valid 150 1.504057e+00 61.465232 87.313742
09/25 03:06:50 PM valid_acc 61.420000, best_acc 64.580000
09/25 03:06:50 PM epoch 38 lr 2.472719e-02
09/25 03:06:50 PM train 000 8.080364e-01 78.125000 93.750000
09/25 03:06:54 PM train 050 7.714683e-01 76.409314 95.833333
09/25 03:06:59 PM train 100 7.580924e-01 76.964728 95.962252
09/25 03:07:03 PM train 150 7.705896e-01 76.717715 95.860927
09/25 03:07:07 PM train 200 7.857131e-01 76.282649 95.786692
09/25 03:07:12 PM train 250 7.864332e-01 76.164094 95.729582
09/25 03:07:16 PM train 300 7.928584e-01 75.986296 95.587625
09/25 03:07:20 PM train 350 7.948076e-01 75.939281 95.535078
09/25 03:07:24 PM train 400 8.030497e-01 75.693579 95.468360
09/25 03:07:29 PM train 450 8.028930e-01 75.737943 95.485726
09/25 03:07:33 PM train 500 8.101190e-01 75.492764 95.418538
09/25 03:07:37 PM train 550 8.150723e-01 75.351633 95.377722
09/25 03:07:41 PM train 600 8.186712e-01 75.267783 95.346298
09/25 03:07:46 PM train 650 8.213014e-01 75.148810 95.324501
09/25 03:07:50 PM train 700 8.251683e-01 75.002229 95.296897
09/25 03:07:54 PM train 750 8.284641e-01 74.898053 95.254244
09/25 03:07:57 PM train_acc 74.880000
09/25 03:07:57 PM valid 000 1.375231e+00 65.625000 87.500000
09/25 03:07:58 PM valid 050 1.332156e+00 64.705882 89.399510
09/25 03:07:59 PM valid 100 1.329702e+00 64.603960 89.480198
09/25 03:08:01 PM valid 150 1.326011e+00 64.838576 89.352235
09/25 03:08:01 PM valid_acc 64.970000, best_acc 64.970000
09/25 03:08:01 PM epoch 39 lr 2.471341e-02
09/25 03:08:01 PM train 000 8.534764e-01 75.000000 95.312500
09/25 03:08:05 PM train 050 7.755611e-01 76.194853 95.986520
09/25 03:08:10 PM train 100 7.733352e-01 76.438738 95.993193
09/25 03:08:14 PM train 150 7.725340e-01 76.541805 95.964404
09/25 03:08:18 PM train 200 7.734894e-01 76.329291 95.957711
09/25 03:08:22 PM train 250 7.792615e-01 76.114293 95.959910
09/25 03:08:27 PM train 300 7.893007e-01 75.851329 95.790075
09/25 03:08:31 PM train 350 8.000999e-01 75.551994 95.641916
09/25 03:08:35 PM train 400 8.100652e-01 75.225998 95.616428
09/25 03:08:40 PM train 450 8.166159e-01 75.086613 95.544623
09/25 03:08:44 PM train 500 8.212718e-01 74.978169 95.480913
09/25 03:08:48 PM train 550 8.233500e-01 74.929106 95.476974
09/25 03:08:52 PM train 600 8.238838e-01 75.018199 95.434692
09/25 03:08:57 PM train 650 8.257534e-01 75.043203 95.365303
09/25 03:09:01 PM train 700 8.273570e-01 75.024519 95.359308
09/25 03:09:05 PM train 750 8.326446e-01 74.889730 95.287533
09/25 03:09:08 PM train_acc 74.836000
09/25 03:09:08 PM valid 000 1.529052e+00 70.312500 87.500000
09/25 03:09:09 PM valid 050 1.439708e+00 62.408088 88.357843
09/25 03:09:10 PM valid 100 1.407588e+00 62.670173 88.505569
09/25 03:09:12 PM valid 150 1.411084e+00 63.058775 88.400248
09/25 03:09:12 PM valid_acc 63.080000, best_acc 64.970000
09/25 03:09:12 PM epoch 40 lr 2.469930e-02
09/25 03:09:12 PM train 000 6.477641e-01 79.687500 98.437500
09/25 03:09:16 PM train 050 7.188696e-01 79.074755 96.047794
09/25 03:09:21 PM train 100 7.266838e-01 78.852104 96.024134
09/25 03:09:25 PM train 150 7.397314e-01 77.897351 96.109272
09/25 03:09:29 PM train 200 7.642280e-01 77.153296 95.841107
09/25 03:09:33 PM train 250 7.723252e-01 76.699452 95.810508
09/25 03:09:38 PM train 300 7.818837e-01 76.282184 95.743355
09/25 03:09:42 PM train 350 7.873755e-01 76.001603 95.673077
09/25 03:09:46 PM train 400 7.900658e-01 75.997506 95.604738
09/25 03:09:50 PM train 450 7.956285e-01 75.810698 95.568875
09/25 03:09:55 PM train 500 7.996689e-01 75.670534 95.546407
09/25 03:09:59 PM train 550 8.036724e-01 75.609687 95.493988
09/25 03:10:03 PM train 600 8.041905e-01 75.564164 95.528286
09/25 03:10:08 PM train 650 8.119984e-01 75.388825 95.420507
09/25 03:10:12 PM train 700 8.179009e-01 75.200606 95.406116
09/25 03:10:16 PM train 750 8.237177e-01 75.027047 95.333306
09/25 03:10:19 PM train_acc 74.948000
09/25 03:10:19 PM valid 000 1.223255e+00 65.625000 85.937500
09/25 03:10:20 PM valid 050 1.396255e+00 63.327206 88.602941
09/25 03:10:21 PM valid 100 1.379552e+00 63.242574 88.629332
09/25 03:10:23 PM valid 150 1.388556e+00 63.224338 88.648593
09/25 03:10:23 PM valid_acc 63.380000, best_acc 64.970000
09/25 03:10:23 PM epoch 41 lr 2.468486e-02
09/25 03:10:23 PM train 000 7.484654e-01 79.687500 93.750000
09/25 03:10:27 PM train 050 7.781212e-01 77.359069 96.231618
09/25 03:10:32 PM train 100 7.696157e-01 77.150371 96.225248
09/25 03:10:36 PM train 150 7.692479e-01 76.986755 96.047185
09/25 03:10:40 PM train 200 7.632450e-01 77.129975 95.981032
09/25 03:10:44 PM train 250 7.630152e-01 77.135209 95.953685
09/25 03:10:48 PM train 300 7.619762e-01 77.190615 95.997716
09/25 03:10:53 PM train 350 7.657339e-01 77.083333 95.971332
09/25 03:10:57 PM train 400 7.684860e-01 76.928772 95.955424
09/25 03:11:01 PM train 450 7.791323e-01 76.624861 95.842572
09/25 03:11:05 PM train 500 7.910589e-01 76.241267 95.736652
09/25 03:11:10 PM train 550 7.959637e-01 76.142809 95.678312
09/25 03:11:14 PM train 600 8.013203e-01 75.980137 95.611481
09/25 03:11:18 PM train 650 8.068218e-01 75.844854 95.528514
09/25 03:11:23 PM train 700 8.088955e-01 75.764533 95.519793
09/25 03:11:27 PM train 750 8.123450e-01 75.674101 95.460220
09/25 03:11:30 PM train_acc 75.606000
09/25 03:11:30 PM valid 000 1.194089e+00 73.437500 89.062500
09/25 03:11:31 PM valid 050 1.253352e+00 66.452206 89.828431
09/25 03:11:32 PM valid 100 1.274753e+00 65.578589 90.176361
09/25 03:11:33 PM valid 150 1.281991e+00 65.852649 90.035182
09/25 03:11:34 PM valid_acc 65.770000, best_acc 65.770000
09/25 03:11:34 PM epoch 42 lr 2.467008e-02
09/25 03:11:34 PM train 000 5.231548e-01 79.687500 100.000000
09/25 03:11:38 PM train 050 7.756369e-01 76.378676 95.588235
09/25 03:11:42 PM train 100 7.496486e-01 77.459777 96.101485
09/25 03:11:47 PM train 150 7.398224e-01 77.711093 96.223096
09/25 03:11:51 PM train 200 7.517988e-01 77.176617 96.097637
09/25 03:11:55 PM train 250 7.602082e-01 76.836404 96.034612
09/25 03:11:59 PM train 300 7.677518e-01 76.619601 95.982143
09/25 03:12:04 PM train 350 7.709457e-01 76.504630 95.949074
09/25 03:12:08 PM train 400 7.755982e-01 76.324813 95.908666
09/25 03:12:12 PM train 450 7.816821e-01 76.164080 95.832178
09/25 03:12:16 PM train 500 7.850280e-01 76.029192 95.755364
09/25 03:12:21 PM train 550 7.943144e-01 75.765653 95.607418
09/25 03:12:25 PM train 600 7.991037e-01 75.582363 95.624480
09/25 03:12:29 PM train 650 8.057080e-01 75.396025 95.550115
09/25 03:12:33 PM train 700 8.086701e-01 75.332115 95.555456
09/25 03:12:37 PM train 750 8.145858e-01 75.205975 95.489348
09/25 03:12:40 PM train_acc 75.154000
09/25 03:12:40 PM valid 000 1.119970e+00 70.312500 93.750000
09/25 03:12:41 PM valid 050 1.355088e+00 65.073529 88.939951
09/25 03:12:43 PM valid 100 1.354565e+00 64.665842 89.155322
09/25 03:12:44 PM valid 150 1.368506e+00 64.528146 88.741722
09/25 03:12:44 PM valid_acc 64.590000, best_acc 65.770000
09/25 03:12:44 PM epoch 43 lr 2.465497e-02
09/25 03:12:44 PM train 000 9.194553e-01 78.125000 92.187500
09/25 03:12:49 PM train 050 7.317270e-01 77.604167 96.537990
09/25 03:12:53 PM train 100 7.378294e-01 77.583540 96.395421
09/25 03:12:57 PM train 150 7.362712e-01 77.659354 96.471440
09/25 03:13:02 PM train 200 7.411252e-01 77.619714 96.338619
09/25 03:13:06 PM train 250 7.462780e-01 77.427789 96.320966
09/25 03:13:10 PM train 300 7.523179e-01 77.242525 96.262458
09/25 03:13:14 PM train 350 7.561509e-01 77.118946 96.198362
09/25 03:13:19 PM train 400 7.660100e-01 76.885910 96.087905
09/25 03:13:23 PM train 450 7.702332e-01 76.749584 96.015798
09/25 03:13:27 PM train 500 7.757464e-01 76.509481 95.926896
09/25 03:13:32 PM train 550 7.830813e-01 76.307282 95.885322
09/25 03:13:36 PM train 600 7.878819e-01 76.240121 95.809068
09/25 03:13:40 PM train 650 7.894433e-01 76.164075 95.790131
09/25 03:13:44 PM train 700 7.961735e-01 76.005260 95.711484
09/25 03:13:49 PM train 750 7.992427e-01 75.909204 95.649551
09/25 03:13:51 PM train_acc 75.922000
09/25 03:13:51 PM valid 000 1.353696e+00 68.750000 87.500000
09/25 03:13:52 PM valid 050 1.338234e+00 65.533088 88.327206
09/25 03:13:54 PM valid 100 1.328055e+00 65.176361 88.706683
09/25 03:13:55 PM valid 150 1.350206e+00 64.931705 88.596854
09/25 03:13:55 PM valid_acc 65.050000, best_acc 65.770000
09/25 03:13:55 PM epoch 44 lr 2.463952e-02
09/25 03:13:55 PM train 000 7.933940e-01 81.250000 96.875000
09/25 03:14:00 PM train 050 7.278463e-01 77.420343 96.599265
09/25 03:14:04 PM train 100 7.062958e-01 78.295173 96.720297
09/25 03:14:08 PM train 150 7.101307e-01 78.125000 96.750828
09/25 03:14:13 PM train 200 7.280600e-01 77.751866 96.486318
09/25 03:14:17 PM train 250 7.337253e-01 77.496265 96.464143
09/25 03:14:21 PM train 300 7.450080e-01 77.216570 96.293605
09/25 03:14:25 PM train 350 7.547802e-01 76.847400 96.185007
09/25 03:14:30 PM train 400 7.587330e-01 76.702774 96.076216
09/25 03:14:34 PM train 450 7.686573e-01 76.513997 95.963830
09/25 03:14:38 PM train 500 7.724584e-01 76.425274 95.936252
09/25 03:14:43 PM train 550 7.800028e-01 76.179673 95.862636
09/25 03:14:47 PM train 600 7.814323e-01 76.104929 95.845466
09/25 03:14:51 PM train 650 7.891339e-01 75.873656 95.744528
09/25 03:14:55 PM train 700 7.947851e-01 75.724412 95.673591
09/25 03:15:00 PM train 750 8.004956e-01 75.561751 95.626664
09/25 03:15:02 PM train_acc 75.476000
09/25 03:15:02 PM valid 000 1.245343e+00 62.500000 89.062500
09/25 03:15:04 PM valid 050 1.277663e+00 65.318627 89.154412
09/25 03:15:05 PM valid 100 1.252388e+00 65.748762 89.866955
09/25 03:15:06 PM valid 150 1.255945e+00 65.976821 89.983444
09/25 03:15:06 PM valid_acc 65.980000, best_acc 65.980000
09/25 03:15:07 PM epoch 45 lr 2.462374e-02
09/25 03:15:07 PM train 000 6.957244e-01 81.250000 96.875000
09/25 03:15:11 PM train 050 7.341563e-01 77.604167 96.384804
09/25 03:15:15 PM train 100 7.287910e-01 77.676361 96.519183
09/25 03:15:20 PM train 150 7.367942e-01 77.628311 96.264487
09/25 03:15:24 PM train 200 7.331846e-01 77.689677 96.237562
09/25 03:15:28 PM train 250 7.319805e-01 77.633217 96.302291
09/25 03:15:33 PM train 300 7.334555e-01 77.548796 96.314369
09/25 03:15:37 PM train 350 7.465377e-01 77.243590 96.140491
09/25 03:15:41 PM train 400 7.540712e-01 76.963840 96.052837
09/25 03:15:46 PM train 450 7.624620e-01 76.621397 96.001940
09/25 03:15:50 PM train 500 7.610519e-01 76.693488 96.001747
09/25 03:15:54 PM train 550 7.665520e-01 76.440563 95.959052
09/25 03:15:58 PM train 600 7.711267e-01 76.292117 95.920861
09/25 03:16:03 PM train 650 7.737826e-01 76.274482 95.905338
09/25 03:16:07 PM train 700 7.767179e-01 76.192493 95.849679
09/25 03:16:11 PM train 750 7.843154e-01 75.965379 95.786868
09/25 03:16:14 PM train_acc 75.850000
09/25 03:16:14 PM valid 000 1.314020e+00 68.750000 84.375000
09/25 03:16:16 PM valid 050 1.357393e+00 64.583333 89.246324
09/25 03:16:17 PM valid 100 1.366539e+00 64.526609 89.031559
09/25 03:16:18 PM valid 150 1.374853e+00 64.507450 89.031457
09/25 03:16:18 PM valid_acc 64.460000, best_acc 65.980000
09/25 03:16:18 PM epoch 46 lr 2.460763e-02
09/25 03:16:19 PM train 000 6.862161e-01 81.250000 96.875000
09/25 03:16:23 PM train 050 7.527307e-01 77.083333 96.384804
09/25 03:16:27 PM train 100 7.545045e-01 77.366955 96.225248
09/25 03:16:31 PM train 150 7.357971e-01 77.773179 96.481788
09/25 03:16:36 PM train 200 7.395410e-01 77.650808 96.517413
09/25 03:16:40 PM train 250 7.408313e-01 77.440239 96.607321
09/25 03:16:44 PM train 300 7.401857e-01 77.512458 96.516819
09/25 03:16:48 PM train 350 7.519361e-01 76.998754 96.452101
09/25 03:16:53 PM train 400 7.657959e-01 76.648223 96.212594
09/25 03:16:57 PM train 450 7.674111e-01 76.597145 96.143986
09/25 03:17:01 PM train 500 7.724008e-01 76.412799 96.117141
09/25 03:17:05 PM train 550 7.746070e-01 76.329968 96.126361
09/25 03:17:10 PM train 600 7.779920e-01 76.211522 96.113249
09/25 03:17:14 PM train 650 7.833295e-01 76.034466 96.070949
09/25 03:17:18 PM train 700 7.908279e-01 75.820257 95.963356
09/25 03:17:22 PM train 750 7.969059e-01 75.680343 95.865929
09/25 03:17:25 PM train_acc 75.558000
09/25 03:17:25 PM valid 000 1.294827e+00 62.500000 90.625000
09/25 03:17:26 PM valid 050 1.445462e+00 62.806373 88.817402
09/25 03:17:28 PM valid 100 1.453217e+00 62.608292 88.814975
09/25 03:17:29 PM valid 150 1.451621e+00 62.706954 88.638245
09/25 03:17:29 PM valid_acc 62.580000, best_acc 65.980000
09/25 03:17:29 PM epoch 47 lr 2.459119e-02
09/25 03:17:29 PM train 000 7.374659e-01 84.375000 96.875000
09/25 03:17:34 PM train 050 7.153361e-01 78.278186 96.629902
09/25 03:17:38 PM train 100 7.075442e-01 78.604579 96.627475
09/25 03:17:42 PM train 150 7.025317e-01 78.735513 96.543874
09/25 03:17:47 PM train 200 7.035848e-01 78.568097 96.672886
09/25 03:17:51 PM train 250 7.097696e-01 78.336653 96.619771
09/25 03:17:55 PM train 300 7.178209e-01 78.109427 96.501246
09/25 03:17:59 PM train 350 7.242648e-01 77.866809 96.412037
09/25 03:18:04 PM train 400 7.364337e-01 77.556110 96.302213
09/25 03:18:08 PM train 450 7.437793e-01 77.269263 96.230599
09/25 03:18:12 PM train 500 7.517721e-01 77.058383 96.132735
09/25 03:18:16 PM train 550 7.584409e-01 76.806375 96.061139
09/25 03:18:21 PM train 600 7.667523e-01 76.520903 95.962458
09/25 03:18:25 PM train 650 7.692226e-01 76.488095 95.912538
09/25 03:18:29 PM train 700 7.726848e-01 76.375267 95.842992
09/25 03:18:34 PM train 750 7.777187e-01 76.262899 95.815995
09/25 03:18:36 PM train_acc 76.170000
09/25 03:18:36 PM valid 000 1.310385e+00 65.625000 92.187500
09/25 03:18:38 PM valid 050 1.351443e+00 64.215686 89.399510
09/25 03:18:39 PM valid 100 1.319254e+00 64.542079 89.603960
09/25 03:18:40 PM valid 150 1.320062e+00 64.973096 89.424669
09/25 03:18:41 PM valid_acc 64.950000, best_acc 65.980000
09/25 03:18:41 PM epoch 48 lr 2.457442e-02
09/25 03:18:41 PM train 000 4.785703e-01 89.062500 96.875000
09/25 03:18:45 PM train 050 7.083600e-01 78.645833 97.150735
09/25 03:18:49 PM train 100 6.925142e-01 78.960396 97.261757
09/25 03:18:54 PM train 150 6.885055e-01 79.056291 97.092301
09/25 03:18:58 PM train 200 6.936803e-01 78.754664 96.890547
09/25 03:19:02 PM train 250 7.079306e-01 78.293078 96.669572
09/25 03:19:07 PM train 300 7.252900e-01 77.912168 96.516819
09/25 03:19:11 PM train 350 7.329087e-01 77.724359 96.385328
09/25 03:19:15 PM train 400 7.378817e-01 77.591178 96.317799
09/25 03:19:20 PM train 450 7.427294e-01 77.449418 96.282567
09/25 03:19:24 PM train 500 7.484417e-01 77.164421 96.213822
09/25 03:19:28 PM train 550 7.504588e-01 77.135322 96.174569
09/25 03:19:33 PM train 600 7.548424e-01 76.968074 96.167845
09/25 03:19:37 PM train 650 7.570583e-01 76.932124 96.094950
09/25 03:19:41 PM train 700 7.627225e-01 76.823288 96.010164
09/25 03:19:46 PM train 750 7.692562e-01 76.695656 95.953312
09/25 03:19:48 PM train_acc 76.630000
09/25 03:19:48 PM valid 000 1.449530e+00 62.500000 82.812500
09/25 03:19:50 PM valid 050 1.426097e+00 63.143382 88.143382
09/25 03:19:51 PM valid 100 1.417094e+00 63.242574 88.072401
09/25 03:19:52 PM valid 150 1.426598e+00 63.276076 88.048427
09/25 03:19:52 PM valid_acc 63.450000, best_acc 65.980000
09/25 03:19:52 PM epoch 49 lr 2.455731e-02
09/25 03:19:53 PM train 000 7.330649e-01 76.562500 98.437500
09/25 03:19:57 PM train 050 7.416025e-01 77.818627 95.863971
09/25 03:20:01 PM train 100 7.253173e-01 78.264233 96.070545
09/25 03:20:06 PM train 150 7.299461e-01 77.959437 96.036838
09/25 03:20:10 PM train 200 7.251161e-01 78.148321 96.152052
09/25 03:20:14 PM train 250 7.282784e-01 77.981823 96.208914
09/25 03:20:18 PM train 300 7.382774e-01 77.761628 96.137874
09/25 03:20:23 PM train 350 7.437980e-01 77.608618 96.100427
09/25 03:20:27 PM train 400 7.454407e-01 77.548317 96.130767
09/25 03:20:31 PM train 450 7.512208e-01 77.345482 96.126663
09/25 03:20:36 PM train 500 7.556863e-01 77.233034 96.051647
09/25 03:20:40 PM train 550 7.623292e-01 77.016221 95.981738
09/25 03:20:44 PM train 600 7.652416e-01 76.934276 95.970258
09/25 03:20:49 PM train 650 7.681902e-01 76.780914 95.958141
09/25 03:20:53 PM train 700 7.718972e-01 76.609308 95.907632
09/25 03:20:57 PM train 750 7.751656e-01 76.541694 95.872170
09/25 03:21:00 PM train_acc 76.498000
09/25 03:21:00 PM valid 000 1.390680e+00 67.187500 90.625000
09/25 03:21:01 PM valid 050 1.459224e+00 63.694853 87.990196
09/25 03:21:03 PM valid 100 1.416316e+00 64.000619 88.165223
09/25 03:21:04 PM valid 150 1.422348e+00 63.721026 88.286424
09/25 03:21:04 PM valid_acc 63.770000, best_acc 65.980000
09/25 03:21:04 PM epoch 50 lr 2.453987e-02
09/25 03:21:04 PM train 000 6.745496e-01 79.687500 98.437500
09/25 03:21:09 PM train 050 6.726173e-01 79.350490 96.752451
09/25 03:21:13 PM train 100 6.933152e-01 78.697401 96.673886
09/25 03:21:17 PM train 150 6.958007e-01 78.538907 96.699089
09/25 03:21:21 PM train 200 6.981481e-01 78.443719 96.688433
09/25 03:21:26 PM train 250 7.020970e-01 78.342878 96.588645
09/25 03:21:30 PM train 300 7.079539e-01 78.213248 96.599875
09/25 03:21:34 PM train 350 7.141129e-01 78.031517 96.576745
09/25 03:21:39 PM train 400 7.228864e-01 77.719763 96.567176
09/25 03:21:43 PM train 450 7.284234e-01 77.591463 96.514690
09/25 03:21:47 PM train 500 7.368368e-01 77.404566 96.394711
09/25 03:21:52 PM train 550 7.433124e-01 77.214723 96.358893
09/25 03:21:56 PM train 600 7.514678e-01 77.043469 96.266639
09/25 03:22:00 PM train 650 7.591589e-01 76.831317 96.183756
09/25 03:22:05 PM train 700 7.635256e-01 76.689551 96.168420
09/25 03:22:09 PM train 750 7.680883e-01 76.622836 96.103113
09/25 03:22:12 PM train_acc 76.592000
09/25 03:22:12 PM valid 000 1.065295e+00 75.000000 92.187500
09/25 03:22:13 PM valid 050 1.370016e+00 64.491422 88.878676
09/25 03:22:14 PM valid 100 1.339678e+00 65.423886 89.387376
09/25 03:22:15 PM valid 150 1.343618e+00 65.500828 89.269454
09/25 03:22:16 PM valid_acc 65.470000, best_acc 65.980000
09/25 03:22:16 PM epoch 51 lr 2.452211e-02
09/25 03:22:16 PM train 000 5.815708e-01 82.812500 96.875000
09/25 03:22:20 PM train 050 6.967349e-01 79.166667 97.120098
09/25 03:22:25 PM train 100 6.892016e-01 79.037748 96.921411
09/25 03:22:29 PM train 150 6.847084e-01 79.252897 96.895695
09/25 03:22:33 PM train 200 6.945348e-01 78.886816 96.719527
09/25 03:22:37 PM train 250 7.002696e-01 78.809761 96.638446
09/25 03:22:42 PM train 300 7.126287e-01 78.311877 96.610257
09/25 03:22:46 PM train 350 7.211367e-01 78.040420 96.501068
09/25 03:22:50 PM train 400 7.254063e-01 77.848348 96.442488
09/25 03:22:55 PM train 450 7.323100e-01 77.574141 96.337999
09/25 03:22:59 PM train 500 7.372903e-01 77.432635 96.332335
09/25 03:23:03 PM train 550 7.420278e-01 77.330989 96.307849
09/25 03:23:08 PM train 600 7.485374e-01 77.118864 96.225042
09/25 03:23:12 PM train 650 7.540226e-01 76.994528 96.166955
09/25 03:23:16 PM train 700 7.596568e-01 76.825517 96.128299
09/25 03:23:21 PM train 750 7.658085e-01 76.681092 96.067743
09/25 03:23:23 PM train_acc 76.626000
09/25 03:23:23 PM valid 000 1.327227e+00 67.187500 87.500000
09/25 03:23:25 PM valid 050 1.444514e+00 62.622549 88.511029
09/25 03:23:26 PM valid 100 1.393796e+00 64.062500 88.923267
09/25 03:23:27 PM valid 150 1.391920e+00 64.393626 88.658940
09/25 03:23:27 PM valid_acc 64.360000, best_acc 65.980000
09/25 03:23:28 PM epoch 52 lr 2.450401e-02
09/25 03:23:28 PM train 000 5.673944e-01 81.250000 98.437500
09/25 03:23:32 PM train 050 6.479723e-01 79.932598 96.813725
09/25 03:23:36 PM train 100 6.552407e-01 79.888614 96.983292
09/25 03:23:41 PM train 150 6.580088e-01 79.615066 97.112997
09/25 03:23:45 PM train 200 6.764723e-01 79.252177 96.898321
09/25 03:23:49 PM train 250 6.855646e-01 78.915588 96.800299
09/25 03:23:53 PM train 300 6.887343e-01 78.888081 96.817899
09/25 03:23:58 PM train 350 7.028235e-01 78.441061 96.741453
09/25 03:24:02 PM train 400 7.107747e-01 78.152276 96.680175
09/25 03:24:06 PM train 450 7.153055e-01 78.083426 96.629019
09/25 03:24:11 PM train 500 7.190742e-01 78.000250 96.566243
09/25 03:24:15 PM train 550 7.233443e-01 77.883961 96.514859
09/25 03:24:19 PM train 600 7.306091e-01 77.664829 96.453827
09/25 03:24:23 PM train 650 7.366543e-01 77.496160 96.394969
09/25 03:24:28 PM train 700 7.447081e-01 77.260164 96.344508
09/25 03:24:32 PM train 750 7.514070e-01 76.976531 96.298685
09/25 03:24:35 PM train_acc 76.896000
09/25 03:24:35 PM valid 000 1.488526e+00 64.062500 84.375000
09/25 03:24:36 PM valid 050 1.413287e+00 63.020833 88.602941
09/25 03:24:37 PM valid 100 1.413046e+00 62.732054 88.907797
09/25 03:24:39 PM valid 150 1.437635e+00 62.810430 88.483030
09/25 03:24:39 PM valid_acc 62.750000, best_acc 65.980000
09/25 03:24:39 PM epoch 53 lr 2.448559e-02
09/25 03:24:39 PM train 000 7.736319e-01 81.250000 98.437500
09/25 03:24:43 PM train 050 6.943417e-01 79.503676 96.660539
09/25 03:24:48 PM train 100 6.794257e-01 79.455446 96.967822
09/25 03:24:52 PM train 150 6.838525e-01 78.963162 96.906043
09/25 03:24:56 PM train 200 6.848753e-01 78.832400 96.890547
09/25 03:25:00 PM train 250 6.922759e-01 78.598108 96.800299
09/25 03:25:05 PM train 300 7.142851e-01 78.057517 96.594684
09/25 03:25:09 PM train 350 7.251302e-01 77.773326 96.469907
09/25 03:25:13 PM train 400 7.278303e-01 77.653522 96.485349
09/25 03:25:17 PM train 450 7.325138e-01 77.587999 96.389967
09/25 03:25:22 PM train 500 7.419662e-01 77.407685 96.335454
09/25 03:25:26 PM train 550 7.484301e-01 77.240245 96.285163
09/25 03:25:30 PM train 600 7.525016e-01 77.176061 96.269239
09/25 03:25:34 PM train 650 7.577365e-01 76.972926 96.246160
09/25 03:25:39 PM train 700 7.585301e-01 76.925820 96.264265
09/25 03:25:43 PM train 750 7.629934e-01 76.791362 96.242510
09/25 03:25:46 PM train_acc 76.762000
09/25 03:25:46 PM valid 000 1.290452e+00 68.750000 93.750000
09/25 03:25:47 PM valid 050 1.464106e+00 62.530637 88.480392
09/25 03:25:48 PM valid 100 1.447673e+00 63.459158 88.366337
09/25 03:25:50 PM valid 150 1.446460e+00 63.503725 88.079470
09/25 03:25:50 PM valid_acc 63.480000, best_acc 65.980000
09/25 03:25:50 PM epoch 54 lr 2.446684e-02
09/25 03:25:50 PM train 000 6.057433e-01 78.125000 100.000000
09/25 03:25:54 PM train 050 6.887432e-01 79.074755 96.875000
09/25 03:25:58 PM train 100 7.072202e-01 78.434406 96.581064
09/25 03:26:03 PM train 150 7.102501e-01 78.218129 96.657699
09/25 03:26:07 PM train 200 6.924663e-01 78.731343 96.851679
09/25 03:26:11 PM train 250 7.018464e-01 78.542082 96.657122
09/25 03:26:15 PM train 300 7.129540e-01 78.171719 96.563538
09/25 03:26:20 PM train 350 7.161711e-01 78.080484 96.518875
09/25 03:26:24 PM train 400 7.187743e-01 78.039277 96.497039
09/25 03:26:28 PM train 450 7.233420e-01 77.896341 96.483509
09/25 03:26:33 PM train 500 7.308506e-01 77.682136 96.410304
09/25 03:26:37 PM train 550 7.399818e-01 77.396211 96.339043
09/25 03:26:41 PM train 600 7.426312e-01 77.371048 96.292637
09/25 03:26:45 PM train 650 7.499379e-01 77.143337 96.217358
09/25 03:26:50 PM train 700 7.553258e-01 77.017208 96.188481
09/25 03:26:54 PM train 750 7.576929e-01 76.995256 96.157207
09/25 03:26:57 PM train_acc 76.912000
09/25 03:26:57 PM valid 000 1.454116e+00 64.062500 85.937500
09/25 03:26:58 PM valid 050 1.344495e+00 65.104167 89.338235
09/25 03:26:59 PM valid 100 1.322758e+00 65.532178 89.696782
09/25 03:27:00 PM valid 150 1.332499e+00 65.769868 89.641970
09/25 03:27:00 PM valid_acc 65.820000, best_acc 65.980000
09/25 03:27:01 PM epoch 55 lr 2.444776e-02
09/25 03:27:01 PM train 000 5.189226e-01 82.812500 95.312500
09/25 03:27:05 PM train 050 6.750242e-01 79.748775 96.844363
09/25 03:27:09 PM train 100 6.775250e-01 79.733911 96.921411
09/25 03:27:13 PM train 150 6.745965e-01 79.449503 96.926738
09/25 03:27:18 PM train 200 6.808840e-01 79.430970 96.851679
09/25 03:27:22 PM train 250 6.878451e-01 79.064990 96.818974
09/25 03:27:26 PM train 300 6.930558e-01 78.934801 96.781561
09/25 03:27:30 PM train 350 7.045724e-01 78.436610 96.656873
09/25 03:27:35 PM train 400 7.131365e-01 78.179551 96.633416
09/25 03:27:39 PM train 450 7.189006e-01 78.003742 96.590909
09/25 03:27:43 PM train 500 7.245587e-01 77.897330 96.472680
09/25 03:27:47 PM train 550 7.332649e-01 77.685458 96.375907
09/25 03:27:52 PM train 600 7.348718e-01 77.610233 96.362833
09/25 03:27:56 PM train 650 7.393143e-01 77.452957 96.310964
09/25 03:28:00 PM train 700 7.428904e-01 77.338178 96.255350
09/25 03:28:04 PM train 750 7.460571e-01 77.222037 96.207140
09/25 03:28:07 PM train_acc 77.116000
09/25 03:28:07 PM valid 000 1.243710e+00 71.875000 85.937500
09/25 03:28:08 PM valid 050 1.326086e+00 65.778186 90.104167
09/25 03:28:10 PM valid 100 1.324153e+00 65.516708 89.913366
09/25 03:28:11 PM valid 150 1.331301e+00 65.418046 89.693709
09/25 03:28:11 PM valid_acc 65.460000, best_acc 65.980000
09/25 03:28:11 PM epoch 56 lr 2.442835e-02
09/25 03:28:11 PM train 000 7.516154e-01 84.375000 92.187500
09/25 03:28:16 PM train 050 6.411882e-01 80.514706 97.150735
09/25 03:28:20 PM train 100 6.310975e-01 80.399134 97.400990
09/25 03:28:24 PM train 150 6.468313e-01 79.853063 97.195778
09/25 03:28:28 PM train 200 6.696824e-01 79.322139 97.092662
09/25 03:28:33 PM train 250 6.843479e-01 78.847112 96.943476
09/25 03:28:37 PM train 300 6.851704e-01 78.872508 96.926910
09/25 03:28:41 PM train 350 6.993508e-01 78.392094 96.848291
09/25 03:28:46 PM train 400 7.060638e-01 78.245792 96.793173
09/25 03:28:50 PM train 450 7.102724e-01 78.073032 96.670593
09/25 03:28:54 PM train 500 7.117822e-01 78.115644 96.631737
09/25 03:28:58 PM train 550 7.166800e-01 77.991720 96.560231
09/25 03:29:02 PM train 600 7.236586e-01 77.794821 96.498024
09/25 03:29:07 PM train 650 7.274384e-01 77.652170 96.466974
09/25 03:29:11 PM train 700 7.294311e-01 77.567760 96.458185
09/25 03:29:15 PM train 750 7.341325e-01 77.421771 96.404794
09/25 03:29:18 PM train_acc 77.336000
09/25 03:29:18 PM valid 000 1.344027e+00 70.312500 89.062500
09/25 03:29:19 PM valid 050 1.459444e+00 62.377451 88.020833
09/25 03:29:20 PM valid 100 1.440846e+00 62.995050 88.474629
09/25 03:29:22 PM valid 150 1.436807e+00 63.265728 88.586507
09/25 03:29:22 PM valid_acc 63.290000, best_acc 65.980000
09/25 03:29:22 PM epoch 57 lr 2.440861e-02
09/25 03:29:22 PM train 000 6.077577e-01 84.375000 95.312500
09/25 03:29:26 PM train 050 7.020512e-01 78.952206 96.629902
09/25 03:29:31 PM train 100 6.912972e-01 79.331683 96.720297
09/25 03:29:35 PM train 150 6.863314e-01 79.490894 96.823262
09/25 03:29:39 PM train 200 6.968652e-01 79.011194 96.828358
09/25 03:29:43 PM train 250 7.025241e-01 78.679034 96.775398
09/25 03:29:48 PM train 300 6.998995e-01 78.727159 96.859427
09/25 03:29:52 PM train 350 6.989001e-01 78.757123 96.852742
09/25 03:29:56 PM train 400 7.034160e-01 78.713373 96.746415
09/25 03:30:00 PM train 450 7.079243e-01 78.440272 96.687916
09/25 03:30:05 PM train 500 7.199733e-01 78.025200 96.541292
09/25 03:30:09 PM train 550 7.236209e-01 77.966198 96.497845
09/25 03:30:13 PM train 600 7.224752e-01 78.013207 96.498024
09/25 03:30:17 PM train 650 7.294547e-01 77.839382 96.406970
09/25 03:30:22 PM train 700 7.340530e-01 77.741619 96.328905
09/25 03:30:26 PM train 750 7.348498e-01 77.725533 96.334055
09/25 03:30:28 PM train_acc 77.636000
09/25 03:30:28 PM valid 000 1.169371e+00 71.875000 89.062500
09/25 03:30:30 PM valid 050 1.303890e+00 65.900735 89.644608
09/25 03:30:31 PM valid 100 1.298846e+00 65.748762 89.557550
09/25 03:30:32 PM valid 150 1.307182e+00 65.676738 89.641970
09/25 03:30:32 PM valid_acc 65.650000, best_acc 65.980000
09/25 03:30:33 PM epoch 58 lr 2.438855e-02
09/25 03:30:33 PM train 000 4.967071e-01 78.125000 98.437500
09/25 03:30:37 PM train 050 6.877156e-01 78.615196 96.936275
09/25 03:30:41 PM train 100 6.686630e-01 79.316213 97.168936
09/25 03:30:46 PM train 150 6.630933e-01 79.428808 97.195778
09/25 03:30:50 PM train 200 6.661149e-01 79.298818 97.232587
09/25 03:30:54 PM train 250 6.755535e-01 78.940488 97.180030
09/25 03:30:58 PM train 300 6.818384e-01 78.856935 97.067068
09/25 03:31:03 PM train 350 6.912941e-01 78.596866 96.901709
09/25 03:31:07 PM train 400 7.009203e-01 78.413342 96.773691
09/25 03:31:11 PM train 450 7.085807e-01 78.107677 96.726025
09/25 03:31:15 PM train 500 7.120870e-01 78.081337 96.637974
09/25 03:31:20 PM train 550 7.162977e-01 78.028584 96.565903
09/25 03:31:24 PM train 600 7.188494e-01 77.927413 96.560420
09/25 03:31:28 PM train 650 7.237147e-01 77.791379 96.486175
09/25 03:31:33 PM train 700 7.262005e-01 77.734932 96.438124
09/25 03:31:37 PM train 750 7.313607e-01 77.592377 96.371505
09/25 03:31:39 PM train_acc 77.538000
09/25 03:31:39 PM valid 000 1.306232e+00 67.187500 90.625000
09/25 03:31:41 PM valid 050 1.424416e+00 63.480392 88.419118
09/25 03:31:42 PM valid 100 1.414254e+00 63.103342 88.691213
09/25 03:31:43 PM valid 150 1.411388e+00 63.400248 88.586507
09/25 03:31:43 PM valid_acc 63.360000, best_acc 65.980000
09/25 03:31:44 PM epoch 59 lr 2.436816e-02
09/25 03:31:44 PM train 000 6.761181e-01 79.687500 100.000000
09/25 03:31:48 PM train 050 6.717698e-01 79.442402 96.936275
09/25 03:31:52 PM train 100 6.813984e-01 78.666460 96.952351
09/25 03:31:56 PM train 150 6.680886e-01 79.170116 96.968129
09/25 03:32:01 PM train 200 6.695692e-01 79.275498 96.944963
09/25 03:32:05 PM train 250 6.734991e-01 79.170817 96.931026
09/25 03:32:09 PM train 300 6.748488e-01 79.173588 96.843854
09/25 03:32:14 PM train 350 6.814236e-01 78.952991 96.821581
09/25 03:32:18 PM train 400 6.887257e-01 78.779613 96.687968
09/25 03:32:22 PM train 450 7.008142e-01 78.433343 96.573586
09/25 03:32:26 PM train 500 7.088700e-01 78.231038 96.488273
09/25 03:32:31 PM train 550 7.131457e-01 78.073956 96.392922
09/25 03:32:35 PM train 600 7.162728e-01 78.049605 96.422629
09/25 03:32:39 PM train 650 7.197582e-01 77.884985 96.409370
09/25 03:32:43 PM train 700 7.213521e-01 77.875357 96.384629
09/25 03:32:48 PM train 750 7.265058e-01 77.723452 96.307007
09/25 03:32:50 PM train_acc 77.612000
09/25 03:32:50 PM valid 000 1.137767e+00 68.750000 95.312500
09/25 03:32:52 PM valid 050 1.264230e+00 66.574755 90.778186
09/25 03:32:53 PM valid 100 1.264421e+00 66.352104 90.655941
09/25 03:32:54 PM valid 150 1.264968e+00 66.618377 90.500828
09/25 03:32:54 PM valid_acc 66.570000, best_acc 66.570000
09/25 03:32:54 PM epoch 60 lr 2.434745e-02
09/25 03:32:55 PM train 000 6.000813e-01 84.375000 96.875000
09/25 03:32:59 PM train 050 6.404249e-01 80.361520 97.732843
09/25 03:33:03 PM train 100 6.492944e-01 79.935025 97.524752
09/25 03:33:07 PM train 150 6.550173e-01 79.811672 97.350993
09/25 03:33:12 PM train 200 6.658936e-01 79.462065 97.170398
09/25 03:33:16 PM train 250 6.722997e-01 79.183267 97.124004
09/25 03:33:20 PM train 300 6.788186e-01 78.965947 96.989203
09/25 03:33:25 PM train 350 6.817453e-01 78.966346 96.875000
09/25 03:33:29 PM train 400 6.903891e-01 78.709476 96.723036
09/25 03:33:33 PM train 450 7.007387e-01 78.492239 96.635948
09/25 03:33:37 PM train 500 7.056276e-01 78.355788 96.616143
09/25 03:33:42 PM train 550 7.094129e-01 78.229923 96.560231
09/25 03:33:46 PM train 600 7.167276e-01 78.135399 96.414829
09/25 03:33:50 PM train 650 7.179949e-01 78.091398 96.387769
09/25 03:33:54 PM train 700 7.219869e-01 77.926623 96.402461
09/25 03:33:59 PM train 750 7.269016e-01 77.819158 96.354860
09/25 03:34:01 PM train_acc 77.792000
09/25 03:34:01 PM valid 000 1.151502e+00 67.187500 93.750000
09/25 03:34:03 PM valid 050 1.321799e+00 66.084559 90.257353
09/25 03:34:04 PM valid 100 1.296857e+00 66.305693 90.300124
09/25 03:34:05 PM valid 150 1.304685e+00 66.566639 90.014487
09/25 03:34:05 PM valid_acc 66.480000, best_acc 66.570000
09/25 03:34:06 PM epoch 61 lr 2.432641e-02
09/25 03:34:06 PM train 000 5.996788e-01 81.250000 98.437500
09/25 03:34:10 PM train 050 6.432171e-01 80.606618 97.242647
09/25 03:34:14 PM train 100 6.197451e-01 81.234530 97.540223
09/25 03:34:18 PM train 150 6.294119e-01 80.918874 97.402732
09/25 03:34:23 PM train 200 6.375474e-01 80.651430 97.263682
09/25 03:34:27 PM train 250 6.489033e-01 80.310010 97.080428
09/25 03:34:31 PM train 300 6.597225e-01 79.988580 96.994394
09/25 03:34:36 PM train 350 6.697527e-01 79.718661 96.919516
09/25 03:34:40 PM train 400 6.784727e-01 79.457606 96.878897
09/25 03:34:44 PM train 450 6.846906e-01 79.233647 96.847284
09/25 03:34:48 PM train 500 6.924682e-01 78.954591 96.806387
09/25 03:34:53 PM train 550 6.970657e-01 78.833938 96.761570
09/25 03:34:57 PM train 600 7.059288e-01 78.512375 96.713810
09/25 03:35:01 PM train 650 7.159916e-01 78.276210 96.613383
09/25 03:35:06 PM train 700 7.213271e-01 78.120542 96.562946
09/25 03:35:10 PM train 750 7.237216e-01 78.083389 96.500499
09/25 03:35:12 PM train_acc 78.022000
09/25 03:35:13 PM valid 000 1.214129e+00 70.312500 90.625000
09/25 03:35:14 PM valid 050 1.478959e+00 63.174020 88.020833
09/25 03:35:15 PM valid 100 1.454297e+00 63.381807 88.304455
09/25 03:35:16 PM valid 150 1.467860e+00 63.172599 88.420944
09/25 03:35:16 PM valid_acc 63.190000, best_acc 66.570000
09/25 03:35:17 PM epoch 62 lr 2.430505e-02
09/25 03:35:17 PM train 000 6.353114e-01 82.812500 93.750000
09/25 03:35:21 PM train 050 6.415054e-01 80.729167 97.273284
09/25 03:35:25 PM train 100 6.612290e-01 79.764851 97.168936
09/25 03:35:30 PM train 150 6.697244e-01 79.470199 97.133692
09/25 03:35:34 PM train 200 6.738041e-01 79.197761 97.046020
09/25 03:35:38 PM train 250 6.751054e-01 79.139691 96.999502
09/25 03:35:42 PM train 300 6.784326e-01 79.116487 96.890573
09/25 03:35:47 PM train 350 6.819416e-01 78.988604 96.897258
09/25 03:35:51 PM train 400 6.851087e-01 78.884819 96.839931
09/25 03:35:55 PM train 450 6.969761e-01 78.537278 96.729490
09/25 03:35:59 PM train 500 7.063376e-01 78.305888 96.622380
09/25 03:36:04 PM train 550 7.086372e-01 78.241266 96.574410
09/25 03:36:08 PM train 600 7.111404e-01 78.176997 96.557820
09/25 03:36:12 PM train 650 7.163657e-01 78.093798 96.519777
09/25 03:36:16 PM train 700 7.215150e-01 77.897646 96.516138
09/25 03:36:21 PM train 750 7.256490e-01 77.748419 96.469291
09/25 03:36:23 PM train_acc 77.678000
09/25 03:36:23 PM valid 000 1.327067e+00 64.062500 85.937500
09/25 03:36:25 PM valid 050 1.382156e+00 64.736520 88.664216
09/25 03:36:26 PM valid 100 1.351729e+00 65.346535 89.232673
09/25 03:36:27 PM valid 150 1.350669e+00 65.407699 89.279801
09/25 03:36:27 PM valid_acc 65.410000, best_acc 66.570000
09/25 03:36:27 PM epoch 63 lr 2.428336e-02
09/25 03:36:28 PM train 000 6.413889e-01 81.250000 95.312500
09/25 03:36:32 PM train 050 6.567171e-01 80.116422 96.721814
09/25 03:36:36 PM train 100 6.391571e-01 80.569307 97.060644
09/25 03:36:40 PM train 150 6.429101e-01 80.360099 97.102649
09/25 03:36:45 PM train 200 6.521475e-01 79.998445 96.991604
09/25 03:36:49 PM train 250 6.640164e-01 79.712400 96.943476
09/25 03:36:53 PM train 300 6.782816e-01 79.220307 96.786752
09/25 03:36:57 PM train 350 6.837539e-01 79.050926 96.794872
09/25 03:37:02 PM train 400 6.861992e-01 78.947163 96.828242
09/25 03:37:06 PM train 450 6.939743e-01 78.710504 96.736419
09/25 03:37:10 PM train 500 6.982496e-01 78.595933 96.706587
09/25 03:37:14 PM train 550 7.029262e-01 78.541856 96.648140
09/25 03:37:19 PM train 600 7.123184e-01 78.226394 96.573419
09/25 03:37:23 PM train 650 7.164724e-01 78.105799 96.560580
09/25 03:37:27 PM train 700 7.182659e-01 78.064818 96.536198
09/25 03:37:31 PM train 750 7.218287e-01 78.002247 96.471372
09/25 03:37:34 PM train_acc 77.898000
09/25 03:37:34 PM valid 000 1.252301e+00 67.187500 87.500000
09/25 03:37:35 PM valid 050 1.375202e+00 65.196078 88.511029
09/25 03:37:37 PM valid 100 1.376564e+00 64.325495 88.629332
09/25 03:37:38 PM valid 150 1.382262e+00 64.331540 88.451987
09/25 03:37:38 PM valid_acc 64.460000, best_acc 66.570000
09/25 03:37:38 PM epoch 64 lr 2.426135e-02
09/25 03:37:39 PM train 000 6.165660e-01 79.687500 96.875000
09/25 03:37:43 PM train 050 6.535534e-01 79.227941 97.303922
09/25 03:37:47 PM train 100 6.227828e-01 80.569307 97.416460
09/25 03:37:51 PM train 150 6.344911e-01 80.266970 97.340646
09/25 03:37:56 PM train 200 6.458612e-01 79.944030 97.318097
09/25 03:38:00 PM train 250 6.504799e-01 79.899153 97.180030
09/25 03:38:04 PM train 300 6.519672e-01 79.931478 97.056686
09/25 03:38:08 PM train 350 6.561968e-01 79.834402 97.048611
09/25 03:38:13 PM train 400 6.618262e-01 79.656328 97.038653
09/25 03:38:17 PM train 450 6.754351e-01 79.216325 96.888858
09/25 03:38:21 PM train 500 6.823315e-01 79.004491 96.843812
09/25 03:38:25 PM train 550 6.912017e-01 78.709165 96.764406
09/25 03:38:29 PM train 600 7.019435e-01 78.410982 96.651414
09/25 03:38:34 PM train 650 7.066078e-01 78.297811 96.620584
09/25 03:38:38 PM train 700 7.100236e-01 78.178495 96.574091
09/25 03:38:42 PM train 750 7.124844e-01 78.133322 96.531708
09/25 03:38:45 PM train_acc 78.002000
09/25 03:38:45 PM valid 000 1.199031e+00 68.750000 85.937500
09/25 03:38:46 PM valid 050 1.321160e+00 65.563725 89.338235
09/25 03:38:47 PM valid 100 1.330864e+00 64.866955 89.310025
09/25 03:38:49 PM valid 150 1.349708e+00 64.600579 89.134934
09/25 03:38:49 PM valid_acc 64.640000, best_acc 66.570000
09/25 03:38:49 PM epoch 65 lr 2.423902e-02
09/25 03:38:49 PM train 000 6.617478e-01 81.250000 96.875000
09/25 03:38:53 PM train 050 6.551962e-01 80.453431 96.875000
09/25 03:38:58 PM train 100 6.517250e-01 80.538366 96.936881
09/25 03:39:02 PM train 150 6.542916e-01 80.370447 97.164735
09/25 03:39:06 PM train 200 6.656322e-01 79.905162 97.092662
09/25 03:39:11 PM train 250 6.775562e-01 79.475847 96.943476
09/25 03:39:15 PM train 300 6.826661e-01 79.360465 96.875000
09/25 03:39:19 PM train 350 6.871580e-01 79.166667 96.821581
09/25 03:39:23 PM train 400 6.885183e-01 78.939370 96.800966
09/25 03:39:28 PM train 450 6.937584e-01 78.807511 96.767600
09/25 03:39:32 PM train 500 6.971155e-01 78.592814 96.793912
09/25 03:39:36 PM train 550 7.020696e-01 78.388725 96.770077
09/25 03:39:41 PM train 600 7.044775e-01 78.314788 96.760607
09/25 03:39:45 PM train 650 7.098565e-01 78.197005 96.685388
09/25 03:39:49 PM train 700 7.154478e-01 78.122771 96.616441
09/25 03:39:54 PM train 750 7.172585e-01 78.052180 96.564997
09/25 03:39:56 PM train_acc 78.010000
09/25 03:39:56 PM valid 000 1.394793e+00 65.625000 89.062500
09/25 03:39:58 PM valid 050 1.317084e+00 66.636029 89.430147
09/25 03:39:59 PM valid 100 1.310173e+00 66.120050 89.913366
09/25 03:40:00 PM valid 150 1.303544e+00 66.318295 89.962748
09/25 03:40:00 PM valid_acc 66.380000, best_acc 66.570000
09/25 03:40:01 PM epoch 66 lr 2.421637e-02
09/25 03:40:01 PM train 000 8.781987e-01 70.312500 96.875000
09/25 03:40:05 PM train 050 6.492528e-01 79.595588 97.610294
09/25 03:40:09 PM train 100 6.520315e-01 79.316213 97.431931
09/25 03:40:13 PM train 150 6.561824e-01 79.190811 97.392384
09/25 03:40:18 PM train 200 6.650692e-01 78.863495 97.240361
09/25 03:40:22 PM train 250 6.651345e-01 79.102341 97.161355
09/25 03:40:26 PM train 300 6.785492e-01 78.685631 97.072259
09/25 03:40:31 PM train 350 6.837382e-01 78.543447 97.070869
09/25 03:40:35 PM train 400 6.890434e-01 78.518547 96.960723
09/25 03:40:39 PM train 450 6.931789e-01 78.402162 96.920039
09/25 03:40:43 PM train 500 6.986367e-01 78.305888 96.868762
09/25 03:40:48 PM train 550 7.029613e-01 78.147686 96.832464
09/25 03:40:52 PM train 600 7.094176e-01 77.956011 96.734609
09/25 03:40:56 PM train 650 7.104064e-01 77.923387 96.687788
09/25 03:41:00 PM train 700 7.122521e-01 77.904333 96.676623
09/25 03:41:05 PM train 750 7.201720e-01 77.679760 96.604527
09/25 03:41:07 PM train_acc 77.640000
09/25 03:41:07 PM valid 000 1.580146e+00 60.937500 84.375000
09/25 03:41:09 PM valid 050 1.317770e+00 65.349265 89.767157
09/25 03:41:10 PM valid 100 1.326082e+00 65.501238 89.928837
09/25 03:41:11 PM valid 150 1.326004e+00 65.687086 89.786838
09/25 03:41:11 PM valid_acc 65.680000, best_acc 66.570000
09/25 03:41:11 PM epoch 67 lr 2.419339e-02
09/25 03:41:12 PM train 000 5.625831e-01 84.375000 98.437500
09/25 03:41:16 PM train 050 6.489583e-01 79.871324 97.365196
09/25 03:41:20 PM train 100 6.324951e-01 80.491955 97.246287
09/25 03:41:24 PM train 150 6.262318e-01 80.515315 97.423427
09/25 03:41:29 PM train 200 6.325689e-01 80.371580 97.318097
09/25 03:41:33 PM train 250 6.417766e-01 80.061006 97.248506
09/25 03:41:37 PM train 300 6.611494e-01 79.604444 97.118978
09/25 03:41:41 PM train 350 6.706128e-01 79.286859 97.066417
09/25 03:41:46 PM train 400 6.742725e-01 79.239401 97.007481
09/25 03:41:50 PM train 450 6.774216e-01 79.209396 96.944290
09/25 03:41:54 PM train 500 6.819424e-01 79.020085 96.884356
09/25 03:41:59 PM train 550 6.859877e-01 78.947368 96.829628
09/25 03:42:03 PM train 600 6.909411e-01 78.798357 96.799605
09/25 03:42:07 PM train 650 6.942620e-01 78.765841 96.786194
09/25 03:42:11 PM train 700 6.995625e-01 78.590852 96.730118
09/25 03:42:16 PM train 750 7.075309e-01 78.343459 96.669025
09/25 03:42:18 PM train_acc 78.250000
09/25 03:42:18 PM valid 000 1.429836e+00 68.750000 85.937500
09/25 03:42:20 PM valid 050 1.360622e+00 65.073529 88.878676
09/25 03:42:21 PM valid 100 1.325305e+00 65.655941 89.279084
09/25 03:42:22 PM valid 150 1.327976e+00 65.800911 89.259106
09/25 03:42:22 PM valid_acc 65.830000, best_acc 66.570000
09/25 03:42:22 PM epoch 68 lr 2.417010e-02
09/25 03:42:22 PM train 000 6.616203e-01 78.125000 98.437500
09/25 03:42:27 PM train 050 5.878755e-01 81.862745 97.947304
09/25 03:42:31 PM train 100 6.033579e-01 81.482054 97.648515
09/25 03:42:35 PM train 150 6.075030e-01 81.105132 97.630381
09/25 03:42:40 PM train 200 6.235760e-01 80.643657 97.590174
09/25 03:42:44 PM train 250 6.263612e-01 80.403386 97.590886
09/25 03:42:48 PM train 300 6.320789e-01 80.242940 97.508306
09/25 03:42:53 PM train 350 6.431193e-01 79.941239 97.400285
09/25 03:42:57 PM train 400 6.506520e-01 79.757637 97.330892
09/25 03:43:01 PM train 450 6.616539e-01 79.469235 97.252633
09/25 03:43:06 PM train 500 6.722571e-01 79.225923 97.143214
09/25 03:43:10 PM train 550 6.812707e-01 79.046620 97.005445
09/25 03:43:14 PM train 600 6.873265e-01 78.912750 96.913998
09/25 03:43:18 PM train 650 6.947859e-01 78.720238 96.853399
09/25 03:43:23 PM train 700 7.017308e-01 78.501694 96.779155
09/25 03:43:27 PM train 750 7.089653e-01 78.374667 96.681508
09/25 03:43:30 PM train_acc 78.222000
09/25 03:43:30 PM valid 000 1.634610e+00 65.625000 85.937500
09/25 03:43:31 PM valid 050 1.382220e+00 65.165441 89.062500
09/25 03:43:32 PM valid 100 1.371395e+00 65.516708 89.248144
09/25 03:43:33 PM valid 150 1.390993e+00 65.231788 89.093543
09/25 03:43:34 PM valid_acc 65.330000, best_acc 66.570000
09/25 03:43:34 PM epoch 69 lr 2.414648e-02
09/25 03:43:34 PM train 000 6.118706e-01 82.812500 98.437500
09/25 03:43:38 PM train 050 6.212576e-01 81.250000 97.518382
09/25 03:43:42 PM train 100 6.297120e-01 80.646658 97.478342
09/25 03:43:47 PM train 150 6.448565e-01 80.101407 97.206126
09/25 03:43:51 PM train 200 6.515478e-01 79.741915 97.224813
09/25 03:43:55 PM train 250 6.517516e-01 79.942729 97.124004
09/25 03:43:59 PM train 300 6.524444e-01 79.926287 97.139743
09/25 03:44:04 PM train 350 6.591586e-01 79.718661 97.097578
09/25 03:44:08 PM train 400 6.608082e-01 79.648535 97.019171
09/25 03:44:12 PM train 450 6.650136e-01 79.517738 96.978936
09/25 03:44:16 PM train 500 6.703393e-01 79.381861 96.884356
09/25 03:44:21 PM train 550 6.780719e-01 79.162886 96.787092
09/25 03:44:25 PM train 600 6.818865e-01 79.042741 96.768407
09/25 03:44:29 PM train 650 6.870240e-01 78.960253 96.694988
09/25 03:44:33 PM train 700 6.954753e-01 78.753566 96.625357
09/25 03:44:38 PM train 750 7.003174e-01 78.597287 96.610769
09/25 03:44:40 PM train_acc 78.516000
09/25 03:44:40 PM valid 000 1.260410e+00 67.187500 90.625000
09/25 03:44:42 PM valid 050 1.327619e+00 66.758578 89.491422
09/25 03:44:43 PM valid 100 1.307190e+00 66.197401 90.006188
09/25 03:44:44 PM valid 150 1.324584e+00 66.069950 89.921358
09/25 03:44:44 PM valid_acc 66.090000, best_acc 66.570000
09/25 03:44:44 PM epoch 70 lr 2.412255e-02
09/25 03:44:45 PM train 000 6.146982e-01 81.250000 100.000000
09/25 03:44:49 PM train 050 6.538221e-01 80.116422 97.089461
09/25 03:44:53 PM train 100 6.235907e-01 80.863243 97.261757
09/25 03:44:57 PM train 150 6.348229e-01 80.370447 97.299255
09/25 03:45:02 PM train 200 6.297099e-01 80.534826 97.287002
09/25 03:45:06 PM train 250 6.391630e-01 80.210408 97.248506
09/25 03:45:10 PM train 300 6.434898e-01 80.248131 97.248754
09/25 03:45:15 PM train 350 6.513072e-01 80.061432 97.195513
09/25 03:45:19 PM train 400 6.554738e-01 80.030393 97.178928
09/25 03:45:23 PM train 450 6.615569e-01 79.742932 97.082871
09/25 03:45:27 PM train 500 6.726566e-01 79.450474 96.949850
09/25 03:45:32 PM train 550 6.791061e-01 79.188407 96.875000
09/25 03:45:36 PM train 600 6.868541e-01 78.951747 96.802205
09/25 03:45:40 PM train 650 6.920809e-01 78.787442 96.764593
09/25 03:45:44 PM train 700 6.964257e-01 78.646576 96.736805
09/25 03:45:49 PM train 750 6.999470e-01 78.524467 96.689830
09/25 03:45:51 PM train_acc 78.370000
09/25 03:45:51 PM valid 000 1.216829e+00 70.312500 92.187500
09/25 03:45:53 PM valid 050 1.384298e+00 64.307598 89.583333
09/25 03:45:54 PM valid 100 1.377092e+00 64.449257 89.464728
09/25 03:45:55 PM valid 150 1.403582e+00 64.217715 89.455712
09/25 03:45:55 PM valid_acc 64.210000, best_acc 66.570000
09/25 03:45:55 PM epoch 71 lr 2.409830e-02
09/25 03:45:56 PM train 000 9.652051e-01 73.437500 93.750000
09/25 03:46:00 PM train 050 6.657861e-01 79.748775 97.089461
09/25 03:46:04 PM train 100 6.395258e-01 80.522896 97.137995
09/25 03:46:08 PM train 150 6.467950e-01 79.822020 97.112997
09/25 03:46:13 PM train 200 6.439053e-01 79.936256 97.046020
09/25 03:46:17 PM train 250 6.434451e-01 80.023655 97.105329
09/25 03:46:21 PM train 300 6.423534e-01 80.061254 97.186462
09/25 03:46:26 PM train 350 6.512112e-01 79.780983 97.146546
09/25 03:46:30 PM train 400 6.620257e-01 79.430330 97.058136
09/25 03:46:34 PM train 450 6.699879e-01 79.195538 97.023975
09/25 03:46:38 PM train 500 6.777672e-01 78.988897 96.952969
09/25 03:46:43 PM train 550 6.809930e-01 78.901996 96.911865
09/25 03:46:47 PM train 600 6.854604e-01 78.772359 96.825603
09/25 03:46:51 PM train 650 6.904549e-01 78.621832 96.766993
09/25 03:46:55 PM train 700 6.926651e-01 78.532899 96.756865
09/25 03:46:59 PM train 750 6.981063e-01 78.422520 96.729361
09/25 03:47:02 PM train_acc 78.400000
09/25 03:47:02 PM valid 000 1.294662e+00 67.187500 85.937500
09/25 03:47:03 PM valid 050 1.375684e+00 65.441176 89.123775
09/25 03:47:05 PM valid 100 1.371734e+00 65.006188 89.093441
09/25 03:47:06 PM valid 150 1.374085e+00 64.869619 89.197020
09/25 03:47:06 PM valid_acc 64.800000, best_acc 66.570000
09/25 03:47:06 PM epoch 72 lr 2.407372e-02
09/25 03:47:06 PM train 000 7.273389e-01 78.125000 93.750000
09/25 03:47:11 PM train 050 6.612440e-01 79.871324 96.997549
09/25 03:47:15 PM train 100 6.416440e-01 80.399134 97.292698
09/25 03:47:19 PM train 150 6.276482e-01 80.598096 97.547599
09/25 03:47:24 PM train 200 6.268211e-01 80.659204 97.551306
09/25 03:47:28 PM train 250 6.371718e-01 80.366036 97.379233
09/25 03:47:32 PM train 300 6.416912e-01 80.258513 97.295473
09/25 03:47:36 PM train 350 6.508576e-01 80.137108 97.213319
09/25 03:47:41 PM train 400 6.581257e-01 79.897911 97.159445
09/25 03:47:45 PM train 450 6.620511e-01 79.742932 97.082871
09/25 03:47:49 PM train 500 6.703700e-01 79.547156 96.971682
09/25 03:47:54 PM train 550 6.772501e-01 79.333031 96.926044
09/25 03:47:58 PM train 600 6.825080e-01 79.164933 96.841202
09/25 03:48:02 PM train 650 6.881228e-01 78.998656 96.802995
09/25 03:48:06 PM train 700 6.979550e-01 78.691155 96.734576
09/25 03:48:11 PM train 750 7.007625e-01 78.640979 96.714797
09/25 03:48:13 PM train_acc 78.528000
09/25 03:48:13 PM valid 000 1.473816e+00 70.312500 85.937500
09/25 03:48:15 PM valid 050 1.444469e+00 63.602941 88.112745
09/25 03:48:16 PM valid 100 1.437617e+00 63.567450 88.644802
09/25 03:48:17 PM valid 150 1.451635e+00 63.689983 88.327815
09/25 03:48:17 PM valid_acc 63.700000, best_acc 66.570000
09/25 03:48:17 PM epoch 73 lr 2.404884e-02
09/25 03:48:18 PM train 000 1.046059e+00 68.750000 95.312500
09/25 03:48:22 PM train 050 6.347736e-01 80.361520 97.732843
09/25 03:48:26 PM train 100 6.207829e-01 80.677599 97.524752
09/25 03:48:30 PM train 150 6.269415e-01 80.732616 97.485513
09/25 03:48:35 PM train 200 6.315128e-01 80.457090 97.356965
09/25 03:48:39 PM train 250 6.351329e-01 80.546564 97.285857
09/25 03:48:43 PM train 300 6.407665e-01 80.346761 97.222799
09/25 03:48:48 PM train 350 6.468445e-01 80.021368 97.208868
09/25 03:48:52 PM train 400 6.533143e-01 79.909601 97.100998
09/25 03:48:56 PM train 450 6.566811e-01 79.850333 97.062084
09/25 03:49:00 PM train 500 6.633614e-01 79.662550 97.030938
09/25 03:49:05 PM train 550 6.675562e-01 79.593920 96.982759
09/25 03:49:09 PM train 600 6.742708e-01 79.414517 96.916597
09/25 03:49:13 PM train 650 6.805041e-01 79.190668 96.870200
09/25 03:49:17 PM train 700 6.892142e-01 78.916280 96.828192
09/25 03:49:22 PM train 750 6.921711e-01 78.830310 96.785536
09/25 03:49:24 PM train_acc 78.750000
09/25 03:49:24 PM valid 000 1.218243e+00 70.312500 90.625000
09/25 03:49:26 PM valid 050 1.406170e+00 64.736520 89.736520
09/25 03:49:27 PM valid 100 1.409332e+00 64.851485 89.387376
09/25 03:49:28 PM valid 150 1.399343e+00 64.973096 89.455712
09/25 03:49:28 PM valid_acc 64.980000, best_acc 66.570000
09/25 03:49:29 PM epoch 74 lr 2.402363e-02
09/25 03:49:29 PM train 000 9.079182e-01 71.875000 95.312500
09/25 03:49:33 PM train 050 6.408444e-01 80.790441 96.813725
09/25 03:49:37 PM train 100 6.348571e-01 80.507426 97.292698
09/25 03:49:42 PM train 150 6.291956e-01 80.515315 97.350993
09/25 03:49:46 PM train 200 6.328831e-01 80.216107 97.341418
09/25 03:49:50 PM train 250 6.388378e-01 80.023655 97.285857
09/25 03:49:54 PM train 300 6.432233e-01 80.014535 97.305855
09/25 03:49:59 PM train 350 6.480939e-01 79.847756 97.226674
09/25 03:50:03 PM train 400 6.548319e-01 79.582294 97.124377
09/25 03:50:07 PM train 450 6.601720e-01 79.427661 97.058620
09/25 03:50:12 PM train 500 6.670427e-01 79.244636 96.956088
09/25 03:50:16 PM train 550 6.760326e-01 79.006919 96.846642
09/25 03:50:20 PM train 600 6.799512e-01 78.889351 96.859401
09/25 03:50:24 PM train 650 6.871210e-01 78.725038 96.781394
09/25 03:50:29 PM train 700 6.889430e-01 78.686698 96.745720
09/25 03:50:33 PM train 750 6.935160e-01 78.574401 96.704394
09/25 03:50:36 PM train_acc 78.508000
09/25 03:50:36 PM valid 000 1.478177e+00 70.312500 84.375000
09/25 03:50:37 PM valid 050 1.286718e+00 67.493873 90.471814
09/25 03:50:38 PM valid 100 1.273361e+00 67.233911 90.795173
09/25 03:50:40 PM valid 150 1.293269e+00 67.166805 90.687086
09/25 03:50:40 PM valid_acc 67.170000, best_acc 67.170000
09/25 03:50:40 PM epoch 75 lr 2.399811e-02
09/25 03:50:40 PM train 000 5.655193e-01 84.375000 96.875000
09/25 03:50:44 PM train 050 6.364090e-01 79.289216 97.518382
09/25 03:50:48 PM train 100 6.261049e-01 80.414604 97.509282
09/25 03:50:53 PM train 150 6.306599e-01 80.360099 97.413079
09/25 03:50:57 PM train 200 6.354627e-01 80.410448 97.263682
09/25 03:51:01 PM train 250 6.420926e-01 80.253984 97.223606
09/25 03:51:06 PM train 300 6.441430e-01 80.139120 97.186462
09/25 03:51:10 PM train 350 6.476485e-01 79.985755 97.191061
09/25 03:51:14 PM train 400 6.513583e-01 79.921291 97.163342
09/25 03:51:18 PM train 450 6.550836e-01 79.864191 97.110588
09/25 03:51:22 PM train 500 6.586418e-01 79.771707 97.055888
09/25 03:51:27 PM train 550 6.637009e-01 79.667650 97.033802
09/25 03:51:31 PM train 600 6.718666e-01 79.404118 96.968594
09/25 03:51:35 PM train 650 6.773355e-01 79.281874 96.918203
09/25 03:51:39 PM train 700 6.813572e-01 79.217190 96.863855
09/25 03:51:44 PM train 750 6.876078e-01 79.042527 96.773053
09/25 03:51:46 PM train_acc 78.944000
09/25 03:51:46 PM valid 000 1.276418e+00 71.875000 90.625000
09/25 03:51:48 PM valid 050 1.465104e+00 64.276961 88.694853
09/25 03:51:49 PM valid 100 1.408972e+00 64.743193 89.201733
09/25 03:51:50 PM valid 150 1.409488e+00 65.086921 89.021109
09/25 03:51:50 PM valid_acc 65.160000, best_acc 67.170000
09/25 03:51:50 PM epoch 76 lr 2.397228e-02
09/25 03:51:51 PM train 000 6.635846e-01 79.687500 96.875000
09/25 03:51:55 PM train 050 6.458713e-01 80.147059 97.150735
09/25 03:51:59 PM train 100 6.502300e-01 79.656559 97.060644
09/25 03:52:03 PM train 150 6.402775e-01 79.925497 97.226821
09/25 03:52:08 PM train 200 6.367494e-01 79.920709 97.333644
09/25 03:52:12 PM train 250 6.373235e-01 79.986305 97.391683
09/25 03:52:16 PM train 300 6.409191e-01 79.853613 97.368148
09/25 03:52:20 PM train 350 6.402679e-01 79.941239 97.378027
09/25 03:52:25 PM train 400 6.507704e-01 79.660224 97.284133
09/25 03:52:29 PM train 450 6.576232e-01 79.496951 97.217988
09/25 03:52:33 PM train 500 6.620615e-01 79.394336 97.183757
09/25 03:52:37 PM train 550 6.667517e-01 79.196915 97.175590
09/25 03:52:42 PM train 600 6.721971e-01 79.060940 97.080387
09/25 03:52:46 PM train 650 6.759629e-01 78.909850 97.083813
09/25 03:52:50 PM train 700 6.781174e-01 78.858327 97.035485
09/25 03:52:54 PM train 750 6.829343e-01 78.780376 96.974867
09/25 03:52:57 PM train_acc 78.756000
09/25 03:52:57 PM valid 000 8.891392e-01 75.000000 95.312500
09/25 03:52:58 PM valid 050 1.259703e+00 67.524510 89.920343
09/25 03:53:00 PM valid 100 1.256986e+00 67.311262 90.501238
09/25 03:53:01 PM valid 150 1.274018e+00 67.208195 90.169702
09/25 03:53:01 PM valid_acc 67.240000, best_acc 67.240000
09/25 03:53:01 PM epoch 77 lr 2.394612e-02
09/25 03:53:01 PM train 000 5.223569e-01 84.375000 96.875000
09/25 03:53:06 PM train 050 5.888575e-01 81.280637 98.039216
09/25 03:53:10 PM train 100 6.027277e-01 81.095297 97.772277
09/25 03:53:14 PM train 150 6.097911e-01 81.177566 97.692467
09/25 03:53:18 PM train 200 6.233464e-01 80.799129 97.559080
09/25 03:53:23 PM train 250 6.331584e-01 80.596365 97.466384
09/25 03:53:27 PM train 300 6.381843e-01 80.455772 97.414867
09/25 03:53:31 PM train 350 6.428833e-01 80.315171 97.360221
09/25 03:53:35 PM train 400 6.460390e-01 80.186253 97.330892
09/25 03:53:40 PM train 450 6.515552e-01 80.078991 97.287278
09/25 03:53:44 PM train 500 6.530329e-01 80.102295 97.246133
09/25 03:53:48 PM train 550 6.606885e-01 79.854809 97.161411
09/25 03:53:52 PM train 600 6.618951e-01 79.817492 97.129784
09/25 03:53:57 PM train 650 6.715366e-01 79.589094 97.043011
09/25 03:54:01 PM train 700 6.804671e-01 79.277372 96.944098
09/25 03:54:05 PM train 750 6.884425e-01 79.032124 96.858356
09/25 03:54:08 PM train_acc 78.936000
09/25 03:54:08 PM valid 000 1.464594e+00 67.187500 90.625000
09/25 03:54:09 PM valid 050 1.325099e+00 66.237745 89.675245
09/25 03:54:10 PM valid 100 1.318451e+00 66.135520 89.866955
09/25 03:54:12 PM valid 150 1.325801e+00 66.204470 89.755795
09/25 03:54:12 PM valid_acc 66.250000, best_acc 67.240000
09/25 03:54:12 PM epoch 78 lr 2.391966e-02
09/25 03:54:12 PM train 000 8.146779e-01 79.687500 93.750000
09/25 03:54:16 PM train 050 6.542794e-01 80.177696 97.610294
09/25 03:54:21 PM train 100 6.233991e-01 81.373762 97.478342
09/25 03:54:25 PM train 150 6.223263e-01 81.229305 97.485513
09/25 03:54:29 PM train 200 6.292694e-01 80.713619 97.504664
09/25 03:54:33 PM train 250 6.353326e-01 80.571464 97.323207
09/25 03:54:38 PM train 300 6.424233e-01 80.175457 97.305855
09/25 03:54:42 PM train 350 6.410681e-01 80.208333 97.364672
09/25 03:54:46 PM train 400 6.441167e-01 80.088840 97.295823
09/25 03:54:51 PM train 450 6.548938e-01 79.815687 97.152162
09/25 03:54:55 PM train 500 6.654092e-01 79.515968 97.068363
09/25 03:54:59 PM train 550 6.683187e-01 79.398253 97.042309
09/25 03:55:03 PM train 600 6.733171e-01 79.266327 97.012791
09/25 03:55:07 PM train 650 6.760706e-01 79.173867 96.968606
09/25 03:55:12 PM train 700 6.790751e-01 79.107971 96.895061
09/25 03:55:16 PM train 750 6.834463e-01 78.980110 96.856275
09/25 03:55:19 PM train_acc 78.856000
09/25 03:55:19 PM valid 000 1.260034e+00 68.750000 90.625000
09/25 03:55:20 PM valid 050 1.337200e+00 67.034314 89.889706
09/25 03:55:21 PM valid 100 1.296368e+00 67.156559 90.516708
09/25 03:55:22 PM valid 150 1.309270e+00 67.052980 90.428394
09/25 03:55:23 PM valid_acc 67.010000, best_acc 67.240000
09/25 03:55:23 PM epoch 79 lr 2.389288e-02
09/25 03:55:23 PM train 000 6.603960e-01 84.375000 96.875000
09/25 03:55:27 PM train 050 5.914591e-01 82.230392 97.487745
09/25 03:55:31 PM train 100 6.000860e-01 81.729579 97.416460
09/25 03:55:36 PM train 150 6.084194e-01 81.353477 97.516556
09/25 03:55:40 PM train 200 6.215874e-01 80.931281 97.403607
09/25 03:55:44 PM train 250 6.328250e-01 80.478088 97.373008
09/25 03:55:48 PM train 300 6.396435e-01 80.289659 97.347384
09/25 03:55:53 PM train 350 6.431067e-01 80.190527 97.262286
09/25 03:55:57 PM train 400 6.507699e-01 80.022600 97.159445
09/25 03:56:01 PM train 450 6.566829e-01 79.822616 97.107123
09/25 03:56:05 PM train 500 6.608458e-01 79.746756 97.040294
09/25 03:56:10 PM train 550 6.701653e-01 79.435118 96.940222
09/25 03:56:14 PM train 600 6.747942e-01 79.320923 96.898399
09/25 03:56:18 PM train 650 6.780311e-01 79.209869 96.846198
09/25 03:56:22 PM train 700 6.820561e-01 79.103513 96.814818
09/25 03:56:27 PM train 750 6.886092e-01 78.896887 96.768891
09/25 03:56:29 PM train_acc 78.820000
09/25 03:56:29 PM valid 000 1.457590e+00 65.625000 87.500000
09/25 03:56:31 PM valid 050 1.383681e+00 64.828431 89.675245
09/25 03:56:32 PM valid 100 1.374300e+00 65.408416 89.944307
09/25 03:56:33 PM valid 150 1.388884e+00 65.780215 89.755795
09/25 03:56:33 PM valid_acc 65.930000, best_acc 67.240000
09/25 03:56:33 PM epoch 80 lr 2.386579e-02
09/25 03:56:34 PM train 000 6.979920e-01 81.250000 93.750000
09/25 03:56:38 PM train 050 6.181712e-01 80.882353 97.212010
09/25 03:56:42 PM train 100 6.122213e-01 81.033416 97.694926
09/25 03:56:46 PM train 150 6.098320e-01 81.105132 97.775248
09/25 03:56:51 PM train 200 6.125767e-01 80.939055 97.675684
09/25 03:56:55 PM train 250 6.215446e-01 80.745767 97.522410
09/25 03:56:59 PM train 300 6.305782e-01 80.564784 97.430440
09/25 03:57:03 PM train 350 6.330517e-01 80.444266 97.373575
09/25 03:57:08 PM train 400 6.379064e-01 80.334320 97.342581
09/25 03:57:12 PM train 450 6.454165e-01 80.155211 97.245704
09/25 03:57:16 PM train 500 6.512299e-01 79.915170 97.177520
09/25 03:57:20 PM train 550 6.595971e-01 79.693172 97.087681
09/25 03:57:25 PM train 600 6.657283e-01 79.575707 97.046589
09/25 03:57:29 PM train 650 6.713924e-01 79.375480 96.980607
09/25 03:57:33 PM train 700 6.761964e-01 79.301890 96.915121
09/25 03:57:37 PM train 750 6.806439e-01 79.231858 96.891644
09/25 03:57:40 PM train_acc 79.122000
09/25 03:57:40 PM valid 000 1.384373e+00 70.312500 85.937500
09/25 03:57:41 PM valid 050 1.341861e+00 65.502451 89.736520
09/25 03:57:43 PM valid 100 1.318654e+00 66.089109 90.037129
09/25 03:57:44 PM valid 150 1.341468e+00 65.811258 89.735099
09/25 03:57:44 PM valid_acc 65.870000, best_acc 67.240000
09/25 03:57:44 PM epoch 81 lr 2.383839e-02
09/25 03:57:44 PM train 000 8.545093e-01 75.000000 93.750000
09/25 03:57:49 PM train 050 6.833825e-01 78.768382 96.844363
09/25 03:57:53 PM train 100 6.494928e-01 79.950495 97.230817
09/25 03:57:57 PM train 150 6.421984e-01 80.049669 97.226821
09/25 03:58:01 PM train 200 6.382777e-01 80.286070 97.372512
09/25 03:58:06 PM train 250 6.433311e-01 80.191733 97.292082
09/25 03:58:10 PM train 300 6.473103e-01 79.983389 97.243563
09/25 03:58:14 PM train 350 6.582806e-01 79.576211 97.115385
09/25 03:58:18 PM train 400 6.640505e-01 79.422537 97.077618
09/25 03:58:23 PM train 450 6.706594e-01 79.244041 96.985865
09/25 03:58:27 PM train 500 6.756232e-01 79.135479 96.937375
09/25 03:58:31 PM train 550 6.776589e-01 79.109006 96.920372
09/25 03:58:36 PM train 600 6.821714e-01 78.969946 96.911398
09/25 03:58:40 PM train 650 6.871834e-01 78.873848 96.838998
09/25 03:58:44 PM train 700 6.888365e-01 78.880617 96.801444
09/25 03:58:48 PM train 750 6.934083e-01 78.745007 96.773053
09/25 03:58:51 PM train_acc 78.686000
09/25 03:58:51 PM valid 000 1.363091e+00 65.625000 90.625000
09/25 03:58:52 PM valid 050 1.363003e+00 65.533088 89.215686
09/25 03:58:54 PM valid 100 1.340984e+00 65.578589 89.449257
09/25 03:58:55 PM valid 150 1.354492e+00 65.159354 89.310844
09/25 03:58:55 PM valid_acc 65.250000, best_acc 67.240000
09/25 03:58:55 PM epoch 82 lr 2.381068e-02
09/25 03:58:55 PM train 000 6.051350e-01 82.812500 95.312500
09/25 03:59:00 PM train 050 6.307273e-01 81.525735 97.058824
09/25 03:59:04 PM train 100 6.213994e-01 81.203589 97.370050
09/25 03:59:08 PM train 150 6.334831e-01 80.836093 97.112997
09/25 03:59:12 PM train 200 6.291865e-01 81.040112 97.217040
09/25 03:59:16 PM train 250 6.292136e-01 80.882719 97.248506
09/25 03:59:21 PM train 300 6.308546e-01 80.793189 97.300664
09/25 03:59:25 PM train 350 6.424316e-01 80.502137 97.213319
09/25 03:59:29 PM train 400 6.463572e-01 80.334320 97.171135
09/25 03:59:33 PM train 450 6.505276e-01 80.162140 97.155626
09/25 03:59:38 PM train 500 6.607043e-01 79.824726 97.077720
09/25 03:59:42 PM train 550 6.575461e-01 79.942718 97.135889
09/25 03:59:46 PM train 600 6.649713e-01 79.666701 97.082987
09/25 03:59:50 PM train 650 6.687926e-01 79.514689 97.074213
09/25 03:59:55 PM train 700 6.757869e-01 79.310806 96.988677
09/25 03:59:59 PM train 750 6.800163e-01 79.194407 96.939497
09/25 04:00:02 PM train_acc 79.116000
09/25 04:00:02 PM valid 000 1.132928e+00 73.437500 89.062500
09/25 04:00:03 PM valid 050 1.355688e+00 65.379902 89.062500
09/25 04:00:04 PM valid 100 1.329770e+00 65.841584 89.449257
09/25 04:00:06 PM valid 150 1.344837e+00 65.935430 89.300497
09/25 04:00:06 PM valid_acc 65.940000, best_acc 67.240000
09/25 04:00:06 PM epoch 83 lr 2.378266e-02
09/25 04:00:06 PM train 000 5.703123e-01 81.250000 100.000000
09/25 04:00:10 PM train 050 6.047085e-01 81.219363 97.610294
09/25 04:00:15 PM train 100 6.064455e-01 81.373762 97.756807
09/25 04:00:19 PM train 150 6.054341e-01 81.363825 97.620033
09/25 04:00:23 PM train 200 6.217382e-01 80.853545 97.473570
09/25 04:00:27 PM train 250 6.237995e-01 80.776892 97.429034
09/25 04:00:32 PM train 300 6.348182e-01 80.486919 97.290282
09/25 04:00:36 PM train 350 6.332940e-01 80.484330 97.293447
09/25 04:00:40 PM train 400 6.356822e-01 80.462905 97.284133
09/25 04:00:44 PM train 450 6.344819e-01 80.390798 97.256098
09/25 04:00:48 PM train 500 6.410719e-01 80.223927 97.161926
09/25 04:00:53 PM train 550 6.492558e-01 80.022119 97.056488
09/25 04:00:57 PM train 600 6.548523e-01 79.866889 97.010191
09/25 04:01:01 PM train 650 6.632979e-01 79.565092 96.939804
09/25 04:01:06 PM train 700 6.678094e-01 79.426712 96.930724
09/25 04:01:10 PM train 750 6.733901e-01 79.283872 96.893725
09/25 04:01:13 PM train_acc 79.190000
09/25 04:01:13 PM valid 000 1.346951e+00 75.000000 90.625000
09/25 04:01:14 PM valid 050 1.262521e+00 66.727941 90.196078
09/25 04:01:15 PM valid 100 1.266467e+00 66.584158 90.114480
09/25 04:01:16 PM valid 150 1.266793e+00 66.535596 90.180050
09/25 04:01:17 PM valid_acc 66.600000, best_acc 67.240000
09/25 04:01:17 PM epoch 84 lr 2.375433e-02
09/25 04:01:17 PM train 000 8.517839e-01 70.312500 98.437500
09/25 04:01:21 PM train 050 6.004307e-01 81.004902 97.824755
09/25 04:01:26 PM train 100 6.040261e-01 81.265470 97.602104
09/25 04:01:30 PM train 150 6.042726e-01 81.260348 97.609685
09/25 04:01:34 PM train 200 6.064934e-01 81.187811 97.559080
09/25 04:01:38 PM train 250 6.117945e-01 80.951195 97.516185
09/25 04:01:43 PM train 300 6.247350e-01 80.632267 97.388912
09/25 04:01:47 PM train 350 6.315866e-01 80.377493 97.351318
09/25 04:01:51 PM train 400 6.402548e-01 80.151185 97.256858
09/25 04:01:55 PM train 450 6.491924e-01 79.954268 97.179878
09/25 04:02:00 PM train 500 6.541814e-01 79.827844 97.130739
09/25 04:02:04 PM train 550 6.604065e-01 79.627949 97.082010
09/25 04:02:08 PM train 600 6.649158e-01 79.492512 97.064788
09/25 04:02:13 PM train 650 6.681763e-01 79.375480 97.067012
09/25 04:02:17 PM train 700 6.702799e-01 79.301890 97.046630
09/25 04:02:21 PM train 750 6.744493e-01 79.173602 96.999834
09/25 04:02:24 PM train_acc 79.054000
09/25 04:02:24 PM valid 000 1.463472e+00 71.875000 85.937500
09/25 04:02:25 PM valid 050 1.325673e+00 66.544118 89.889706
09/25 04:02:26 PM valid 100 1.344670e+00 66.398515 90.191832
09/25 04:02:28 PM valid 150 1.365082e+00 66.100993 89.911010
09/25 04:02:28 PM valid_acc 66.080000, best_acc 67.240000
09/25 04:02:28 PM epoch 85 lr 2.372569e-02
09/25 04:02:28 PM train 000 4.929852e-01 81.250000 100.000000
09/25 04:02:32 PM train 050 6.193708e-01 81.525735 97.395833
09/25 04:02:37 PM train 100 6.171705e-01 81.512995 97.400990
09/25 04:02:41 PM train 150 6.108125e-01 81.694950 97.485513
09/25 04:02:45 PM train 200 6.037013e-01 81.778607 97.512438
09/25 04:02:49 PM train 250 6.157835e-01 81.231325 97.453934
09/25 04:02:54 PM train 300 6.286986e-01 80.803571 97.352575
09/25 04:02:58 PM train 350 6.370805e-01 80.457621 97.364672
09/25 04:03:02 PM train 400 6.440134e-01 80.279769 97.268547
09/25 04:03:06 PM train 450 6.494727e-01 80.120565 97.221452
09/25 04:03:10 PM train 500 6.559432e-01 79.859032 97.168164
09/25 04:03:15 PM train 550 6.598459e-01 79.724365 97.101860
09/25 04:03:19 PM train 600 6.658193e-01 79.536710 97.056988
09/25 04:03:23 PM train 650 6.702310e-01 79.418683 97.040611
09/25 04:03:28 PM train 700 6.733512e-01 79.272914 97.026569
09/25 04:03:32 PM train 750 6.769528e-01 79.150716 97.001914
09/25 04:03:34 PM train_acc 79.112000
09/25 04:03:34 PM valid 000 1.433078e+00 60.937500 92.187500
09/25 04:03:36 PM valid 050 1.323761e+00 66.727941 89.767157
09/25 04:03:37 PM valid 100 1.296535e+00 66.707921 90.454827
09/25 04:03:38 PM valid 150 1.321863e+00 66.452815 90.076573
09/25 04:03:38 PM valid_acc 66.480000, best_acc 67.240000
09/25 04:03:38 PM epoch 86 lr 2.369674e-02
09/25 04:03:39 PM train 000 7.441711e-01 81.250000 98.437500
09/25 04:03:43 PM train 050 5.944509e-01 81.770833 97.640931
09/25 04:03:47 PM train 100 5.878267e-01 81.899752 97.648515
09/25 04:03:51 PM train 150 5.966188e-01 81.798427 97.485513
09/25 04:03:56 PM train 200 6.036754e-01 81.522077 97.442475
09/25 04:04:00 PM train 250 6.173759e-01 81.013446 97.298307
09/25 04:04:04 PM train 300 6.218068e-01 80.741279 97.279900
09/25 04:04:09 PM train 350 6.253585e-01 80.657942 97.155449
09/25 04:04:13 PM train 400 6.359968e-01 80.384975 97.062032
09/25 04:04:17 PM train 450 6.417770e-01 80.210643 97.079407
09/25 04:04:21 PM train 500 6.471317e-01 80.105414 97.059007
09/25 04:04:26 PM train 550 6.518355e-01 79.888838 96.994102
09/25 04:04:30 PM train 600 6.600721e-01 79.578307 96.893199
09/25 04:04:34 PM train 650 6.638921e-01 79.500288 96.862999
09/25 04:04:39 PM train 700 6.666724e-01 79.444544 96.839337
09/25 04:04:43 PM train 750 6.686332e-01 79.400383 96.841711
09/25 04:04:46 PM train_acc 79.380000
09/25 04:04:46 PM valid 000 1.057585e+00 68.750000 90.625000
09/25 04:04:47 PM valid 050 1.191523e+00 69.485294 90.686275
09/25 04:04:48 PM valid 100 1.218901e+00 68.827351 90.532178
09/25 04:04:49 PM valid 150 1.238216e+00 68.532699 90.304222
09/25 04:04:50 PM valid_acc 68.640000, best_acc 68.640000
09/25 04:04:50 PM epoch 87 lr 2.366748e-02
09/25 04:04:50 PM train 000 7.342331e-01 71.875000 98.437500
09/25 04:04:54 PM train 050 6.171728e-01 81.311275 97.395833
09/25 04:04:58 PM train 100 6.086319e-01 81.837871 97.478342
09/25 04:05:02 PM train 150 6.147515e-01 81.436258 97.557947
09/25 04:05:07 PM train 200 6.165298e-01 81.273321 97.512438
09/25 04:05:11 PM train 250 6.317644e-01 80.764442 97.360558
09/25 04:05:15 PM train 300 6.320504e-01 80.699751 97.331811
09/25 04:05:20 PM train 350 6.336623e-01 80.653490 97.320157
09/25 04:05:24 PM train 400 6.394461e-01 80.470698 97.233479
09/25 04:05:28 PM train 450 6.441405e-01 80.318043 97.190272
09/25 04:05:32 PM train 500 6.478825e-01 80.077345 97.161926
09/25 04:05:37 PM train 550 6.562882e-01 79.806602 97.113203
09/25 04:05:41 PM train 600 6.586340e-01 79.778494 97.059588
09/25 04:05:45 PM train 650 6.622658e-01 79.641897 97.035810
09/25 04:05:49 PM train 700 6.689242e-01 79.486894 96.961929
09/25 04:05:53 PM train 750 6.760843e-01 79.312999 96.850033
09/25 04:05:56 PM train_acc 79.254000
09/25 04:05:56 PM valid 000 1.119646e+00 68.750000 92.187500
09/25 04:05:57 PM valid 050 1.331725e+00 67.218137 89.950980
09/25 04:05:59 PM valid 100 1.327014e+00 66.723391 90.238243
09/25 04:06:00 PM valid 150 1.359151e+00 66.194123 89.993791
09/25 04:06:00 PM valid_acc 66.270000, best_acc 68.640000
09/25 04:06:00 PM epoch 88 lr 2.363792e-02
09/25 04:06:00 PM train 000 4.106393e-01 87.500000 100.000000
09/25 04:06:05 PM train 050 5.686693e-01 82.291667 97.426471
09/25 04:06:09 PM train 100 5.712015e-01 82.425743 97.617574
09/25 04:06:13 PM train 150 5.766382e-01 82.108858 97.733858
09/25 04:06:17 PM train 200 5.833408e-01 81.965174 97.629042
09/25 04:06:22 PM train 250 6.030467e-01 81.430528 97.466384
09/25 04:06:26 PM train 300 6.146571e-01 80.995640 97.362957
09/25 04:06:30 PM train 350 6.218510e-01 80.795940 97.306802
09/25 04:06:34 PM train 400 6.324325e-01 80.416147 97.268547
09/25 04:06:39 PM train 450 6.431646e-01 80.078991 97.183343
09/25 04:06:43 PM train 500 6.519760e-01 79.793538 97.105788
09/25 04:06:47 PM train 550 6.590879e-01 79.619442 97.033802
09/25 04:06:51 PM train 600 6.630416e-01 79.565308 96.963394
09/25 04:06:56 PM train 650 6.688950e-01 79.370680 96.939804
09/25 04:07:00 PM train 700 6.737336e-01 79.183755 96.946327
09/25 04:07:04 PM train 750 6.752985e-01 79.146555 96.939497
09/25 04:07:07 PM train_acc 79.168000
09/25 04:07:07 PM valid 000 1.351030e+00 67.187500 90.625000
09/25 04:07:08 PM valid 050 1.284231e+00 67.463235 90.839461
09/25 04:07:09 PM valid 100 1.269475e+00 67.249381 91.212871
09/25 04:07:11 PM valid 150 1.294287e+00 67.166805 90.914735
09/25 04:07:11 PM valid_acc 67.220000, best_acc 68.640000
09/25 04:07:11 PM epoch 89 lr 2.360806e-02
09/25 04:07:11 PM train 000 4.173858e-01 89.062500 100.000000
09/25 04:07:15 PM train 050 5.693319e-01 83.241422 97.824755
09/25 04:07:20 PM train 100 5.782643e-01 82.704208 97.756807
09/25 04:07:24 PM train 150 5.779752e-01 82.533113 97.754553
09/25 04:07:28 PM train 200 5.877372e-01 82.105100 97.629042
09/25 04:07:32 PM train 250 5.966459e-01 81.723108 97.553536
09/25 04:07:37 PM train 300 6.050002e-01 81.493978 97.435631
09/25 04:07:41 PM train 350 6.100988e-01 81.392450 97.382479
09/25 04:07:45 PM train 400 6.184408e-01 81.066864 97.291926
09/25 04:07:49 PM train 450 6.229510e-01 80.875831 97.221452
09/25 04:07:54 PM train 500 6.299666e-01 80.713573 97.202470
09/25 04:07:58 PM train 550 6.376225e-01 80.447482 97.164247
09/25 04:08:02 PM train 600 6.457376e-01 80.225666 97.062188
09/25 04:08:06 PM train 650 6.511250e-01 80.061924 96.999808
09/25 04:08:11 PM train 700 6.544506e-01 79.928228 96.981990
09/25 04:08:15 PM train 750 6.578097e-01 79.868509 96.947820
09/25 04:08:17 PM train_acc 79.778000
09/25 04:08:18 PM valid 000 1.337626e+00 65.625000 87.500000
09/25 04:08:19 PM valid 050 1.311925e+00 67.034314 89.705882
09/25 04:08:20 PM valid 100 1.300858e+00 67.048267 90.238243
09/25 04:08:21 PM valid 150 1.323303e+00 66.835679 90.066225
09/25 04:08:21 PM valid_acc 66.910000, best_acc 68.640000
09/25 04:08:22 PM epoch 90 lr 2.357789e-02
09/25 04:08:22 PM train 000 8.100276e-01 78.125000 95.312500
09/25 04:08:26 PM train 050 6.135636e-01 81.709559 97.610294
09/25 04:08:30 PM train 100 6.075609e-01 81.775990 97.694926
09/25 04:08:35 PM train 150 6.047282e-01 81.839818 97.661424
09/25 04:08:39 PM train 200 6.054551e-01 81.630908 97.613495
09/25 04:08:43 PM train 250 6.035301e-01 81.667082 97.572211
09/25 04:08:47 PM train 300 6.151458e-01 81.213663 97.513497
09/25 04:08:52 PM train 350 6.188842e-01 81.063034 97.538283
09/25 04:08:56 PM train 400 6.186116e-01 81.090243 97.560786
09/25 04:09:00 PM train 450 6.226912e-01 80.952051 97.509008
09/25 04:09:04 PM train 500 6.286079e-01 80.760354 97.414546
09/25 04:09:09 PM train 550 6.360162e-01 80.478675 97.348571
09/25 04:09:13 PM train 600 6.414323e-01 80.249064 97.324771
09/25 04:09:17 PM train 650 6.479383e-01 80.025922 97.249424
09/25 04:09:21 PM train 700 6.544992e-01 79.803406 97.202657
09/25 04:09:26 PM train 750 6.577599e-01 79.747836 97.178762
09/25 04:09:28 PM train_acc 79.710000
09/25 04:09:28 PM valid 000 9.999670e-01 73.437500 93.750000
09/25 04:09:30 PM valid 050 1.279445e+00 67.095588 90.379902
09/25 04:09:31 PM valid 100 1.257487e+00 67.388614 90.841584
09/25 04:09:32 PM valid 150 1.265647e+00 67.466887 90.645695
09/25 04:09:32 PM valid_acc 67.530000, best_acc 68.640000
09/25 04:09:32 PM epoch 91 lr 2.354741e-02
09/25 04:09:33 PM train 000 6.557770e-01 79.687500 98.437500
09/25 04:09:37 PM train 050 5.858179e-01 81.954657 97.671569
09/25 04:09:41 PM train 100 5.844261e-01 81.636757 97.880569
09/25 04:09:45 PM train 150 5.838233e-01 81.550083 97.858030
09/25 04:09:50 PM train 200 5.937256e-01 81.335510 97.737873
09/25 04:09:54 PM train 250 5.927013e-01 81.486554 97.678038
09/25 04:09:58 PM train 300 5.996498e-01 81.234427 97.638081
09/25 04:10:03 PM train 350 6.105808e-01 80.951745 97.520477
09/25 04:10:07 PM train 400 6.179122e-01 80.700592 97.443890
09/25 04:10:11 PM train 450 6.262611e-01 80.525915 97.384285
09/25 04:10:15 PM train 500 6.388420e-01 80.298777 97.211826
09/25 04:10:19 PM train 550 6.446595e-01 80.144056 97.141561
09/25 04:10:24 PM train 600 6.521953e-01 79.955283 97.069988
09/25 04:10:28 PM train 650 6.604945e-01 79.725902 96.980607
09/25 04:10:32 PM train 700 6.669849e-01 79.498039 96.948556
09/25 04:10:37 PM train 750 6.717538e-01 79.362933 96.906208
09/25 04:10:39 PM train_acc 79.288000
09/25 04:10:39 PM valid 000 1.428113e+00 65.625000 85.937500
09/25 04:10:41 PM valid 050 1.406532e+00 64.675245 89.062500
09/25 04:10:42 PM valid 100 1.423488e+00 63.954208 88.969678
09/25 04:10:43 PM valid 150 1.423853e+00 64.569536 88.793460
09/25 04:10:43 PM valid_acc 64.570000, best_acc 68.640000
09/25 04:10:43 PM epoch 92 lr 2.351664e-02
09/25 04:10:44 PM train 000 4.637513e-01 84.375000 100.000000
09/25 04:10:48 PM train 050 6.034092e-01 81.832108 97.549020
09/25 04:10:52 PM train 100 5.897056e-01 81.977104 97.493812
09/25 04:10:56 PM train 150 6.048658e-01 81.632864 97.454470
09/25 04:11:01 PM train 200 6.089892e-01 81.459888 97.527985
09/25 04:11:05 PM train 250 6.123793e-01 81.436753 97.453934
09/25 04:11:09 PM train 300 6.147124e-01 81.260382 97.544643
09/25 04:11:13 PM train 350 6.229662e-01 80.956197 97.458155
09/25 04:11:18 PM train 400 6.300003e-01 80.786315 97.354271
09/25 04:11:22 PM train 450 6.331118e-01 80.615992 97.325388
09/25 04:11:26 PM train 500 6.390752e-01 80.479666 97.252370
09/25 04:11:30 PM train 550 6.450963e-01 80.336887 97.195440
09/25 04:11:35 PM train 600 6.526115e-01 80.098274 97.160982
09/25 04:11:39 PM train 650 6.588450e-01 79.985119 97.083813
09/25 04:11:43 PM train 700 6.612598e-01 79.923770 97.044401
09/25 04:11:48 PM train 750 6.656560e-01 79.741595 97.008156
09/25 04:11:50 PM train_acc 79.658000
09/25 04:11:50 PM valid 000 1.351891e+00 70.312500 87.500000
09/25 04:11:52 PM valid 050 1.361731e+00 66.544118 89.859069
09/25 04:11:53 PM valid 100 1.333747e+00 66.862624 90.207302
09/25 04:11:54 PM valid 150 1.356089e+00 66.887417 89.973096
09/25 04:11:54 PM valid_acc 66.900000, best_acc 68.640000
09/25 04:11:54 PM epoch 93 lr 2.348556e-02
09/25 04:11:54 PM train 000 5.963501e-01 82.812500 96.875000
09/25 04:11:59 PM train 050 5.876546e-01 82.322304 97.916667
09/25 04:12:03 PM train 100 5.996604e-01 81.946163 97.772277
09/25 04:12:07 PM train 150 5.872602e-01 82.108858 97.961507
09/25 04:12:11 PM train 200 5.971914e-01 81.545398 97.870025
09/25 04:12:16 PM train 250 6.050902e-01 81.243775 97.771414
09/25 04:12:20 PM train 300 6.092727e-01 81.109842 97.617317
09/25 04:12:24 PM train 350 6.132331e-01 80.978454 97.524929
09/25 04:12:28 PM train 400 6.242947e-01 80.649938 97.482855
09/25 04:12:33 PM train 450 6.289486e-01 80.508592 97.439717
09/25 04:12:37 PM train 500 6.331001e-01 80.354915 97.370883
09/25 04:12:41 PM train 550 6.407065e-01 80.112863 97.323049
09/25 04:12:45 PM train 600 6.465821e-01 79.921485 97.290973
09/25 04:12:50 PM train 650 6.517907e-01 79.783506 97.237423
09/25 04:12:54 PM train 700 6.566254e-01 79.665210 97.193741
09/25 04:12:58 PM train 750 6.600879e-01 79.600117 97.143392
09/25 04:13:01 PM train_acc 79.548000
09/25 04:13:01 PM valid 000 1.118976e+00 73.437500 92.187500
09/25 04:13:02 PM valid 050 1.286461e+00 67.064951 89.583333
09/25 04:13:04 PM valid 100 1.274990e+00 67.543317 89.990718
09/25 04:13:05 PM valid 150 1.292538e+00 67.332368 89.931705
09/25 04:13:05 PM valid_acc 67.340000, best_acc 68.640000
09/25 04:13:05 PM epoch 94 lr 2.345418e-02
09/25 04:13:05 PM train 000 6.301254e-01 79.687500 100.000000
09/25 04:13:09 PM train 050 6.191601e-01 80.637255 97.549020
09/25 04:13:14 PM train 100 6.098327e-01 80.987005 97.416460
09/25 04:13:18 PM train 150 6.110887e-01 81.105132 97.392384
09/25 04:13:22 PM train 200 6.213696e-01 80.939055 97.287002
09/25 04:13:27 PM train 250 6.276989e-01 80.745767 97.292082
09/25 04:13:31 PM train 300 6.278637e-01 80.865864 97.290282
09/25 04:13:35 PM train 350 6.292401e-01 80.760328 97.302350
09/25 04:13:39 PM train 400 6.305699e-01 80.731764 97.264651
09/25 04:13:44 PM train 450 6.356714e-01 80.553631 97.245704
09/25 04:13:48 PM train 500 6.436918e-01 80.323728 97.177520
09/25 04:13:52 PM train 550 6.483944e-01 80.146892 97.107532
09/25 04:13:56 PM train 600 6.527945e-01 79.957883 97.082987
09/25 04:14:01 PM train 650 6.606774e-01 79.752304 96.987807
09/25 04:14:05 PM train 700 6.651835e-01 79.602800 96.981990
09/25 04:14:09 PM train 750 6.667270e-01 79.581391 96.956142
09/25 04:14:12 PM train_acc 79.564000
09/25 04:14:12 PM valid 000 1.154866e+00 67.187500 89.062500
09/25 04:14:13 PM valid 050 1.274666e+00 67.647059 90.686275
09/25 04:14:14 PM valid 100 1.287268e+00 67.202970 90.346535
09/25 04:14:16 PM valid 150 1.308199e+00 67.322020 90.169702
09/25 04:14:16 PM valid_acc 67.270000, best_acc 68.640000
09/25 04:14:16 PM epoch 95 lr 2.342250e-02
09/25 04:14:16 PM train 000 5.639192e-01 84.375000 96.875000
09/25 04:14:20 PM train 050 6.297868e-01 80.361520 97.395833
09/25 04:14:25 PM train 100 6.119902e-01 81.188119 97.694926
09/25 04:14:29 PM train 150 6.169442e-01 80.701573 97.692467
09/25 04:14:33 PM train 200 6.190537e-01 80.620336 97.699005
09/25 04:14:37 PM train 250 6.229181e-01 80.615040 97.584661
09/25 04:14:42 PM train 300 6.290153e-01 80.429817 97.508306
09/25 04:14:46 PM train 350 6.359141e-01 80.235043 97.400285
09/25 04:14:50 PM train 400 6.361918e-01 80.310941 97.323099
09/25 04:14:54 PM train 450 6.439019e-01 80.127494 97.301136
09/25 04:14:59 PM train 500 6.552122e-01 79.799775 97.196233
09/25 04:15:03 PM train 550 6.655075e-01 79.534369 97.104696
09/25 04:15:07 PM train 600 6.668616e-01 79.534110 97.082987
09/25 04:15:12 PM train 650 6.680419e-01 79.464286 97.062212
09/25 04:15:16 PM train 700 6.697209e-01 79.464604 97.035485
09/25 04:15:20 PM train 750 6.723727e-01 79.371255 97.043525
09/25 04:15:23 PM train_acc 79.272000
09/25 04:15:23 PM valid 000 1.142257e+00 75.000000 92.187500
09/25 04:15:24 PM valid 050 1.278205e+00 66.973039 90.134804
09/25 04:15:25 PM valid 100 1.271837e+00 66.630569 90.625000
09/25 04:15:27 PM valid 150 1.287673e+00 66.535596 90.355960
09/25 04:15:27 PM valid_acc 66.550000, best_acc 68.640000
09/25 04:15:27 PM epoch 96 lr 2.339051e-02
09/25 04:15:27 PM train 000 4.420018e-01 87.500000 100.000000
09/25 04:15:31 PM train 050 6.020860e-01 81.832108 97.212010
09/25 04:15:36 PM train 100 6.100106e-01 81.296411 97.323639
09/25 04:15:40 PM train 150 6.150005e-01 81.301738 97.444123
09/25 04:15:44 PM train 200 6.108371e-01 81.273321 97.489117
09/25 04:15:49 PM train 250 6.067340e-01 81.411853 97.541086
09/25 04:15:53 PM train 300 6.114461e-01 81.255191 97.544643
09/25 04:15:57 PM train 350 6.133727e-01 81.205484 97.507123
09/25 04:16:01 PM train 400 6.198560e-01 81.008416 97.443890
09/25 04:16:06 PM train 450 6.238216e-01 80.796147 97.467433
09/25 04:16:10 PM train 500 6.290311e-01 80.676148 97.417665
09/25 04:16:14 PM train 550 6.318500e-01 80.594941 97.399614
09/25 04:16:19 PM train 600 6.348182e-01 80.506448 97.400166
09/25 04:16:23 PM train 650 6.411304e-01 80.297139 97.352631
09/25 04:16:27 PM train 700 6.491306e-01 80.099857 97.271755
09/25 04:16:31 PM train 750 6.548012e-01 79.930925 97.207889
09/25 04:16:34 PM train_acc 79.922000
09/25 04:16:34 PM valid 000 1.421079e+00 64.062500 92.187500
09/25 04:16:35 PM valid 050 1.364740e+00 66.360294 89.705882
09/25 04:16:37 PM valid 100 1.339752e+00 66.676980 89.959777
09/25 04:16:38 PM valid 150 1.362730e+00 66.380381 89.890315
09/25 04:16:38 PM valid_acc 66.370000, best_acc 68.640000
09/25 04:16:38 PM epoch 97 lr 2.335824e-02
09/25 04:16:38 PM train 000 4.035678e-01 90.625000 98.437500
09/25 04:16:43 PM train 050 5.926696e-01 81.587010 97.794118
09/25 04:16:47 PM train 100 6.007158e-01 81.745050 98.019802
09/25 04:16:51 PM train 150 6.128132e-01 81.156871 97.816639
09/25 04:16:55 PM train 200 6.028997e-01 81.343284 97.846704
09/25 04:17:00 PM train 250 5.987679e-01 81.517679 97.796315
09/25 04:17:04 PM train 300 6.122452e-01 81.125415 97.684801
09/25 04:17:08 PM train 350 6.219609e-01 80.800392 97.524929
09/25 04:17:12 PM train 400 6.268419e-01 80.587594 97.451683
09/25 04:17:17 PM train 450 6.303645e-01 80.477411 97.415466
09/25 04:17:21 PM train 500 6.385249e-01 80.195858 97.308508
09/25 04:17:25 PM train 550 6.405961e-01 80.084505 97.289020
09/25 04:17:29 PM train 600 6.445285e-01 80.048877 97.244176
09/25 04:17:34 PM train 650 6.503852e-01 79.891513 97.163018
09/25 04:17:38 PM train 700 6.558259e-01 79.781116 97.115728
09/25 04:17:42 PM train 750 6.599627e-01 79.677097 97.056009
09/25 04:17:45 PM train_acc 79.586000
09/25 04:17:45 PM valid 000 1.393735e+00 73.437500 87.500000
09/25 04:17:46 PM valid 050 1.318827e+00 66.727941 90.257353
09/25 04:17:47 PM valid 100 1.316424e+00 66.939975 90.269183
09/25 04:17:49 PM valid 150 1.331767e+00 66.814983 90.149007
09/25 04:17:49 PM valid_acc 66.810000, best_acc 68.640000
09/25 04:17:49 PM epoch 98 lr 2.332566e-02
09/25 04:17:49 PM train 000 5.360742e-01 85.937500 96.875000
09/25 04:17:53 PM train 050 5.826854e-01 81.801471 97.702206
09/25 04:17:58 PM train 100 5.809265e-01 81.714109 97.896040
09/25 04:18:02 PM train 150 5.852897e-01 81.798427 97.858030
09/25 04:18:06 PM train 200 6.000738e-01 81.304415 97.730100
09/25 04:18:11 PM train 250 6.097697e-01 81.094373 97.646912
09/25 04:18:15 PM train 300 6.186927e-01 80.938538 97.549834
09/25 04:18:19 PM train 350 6.265780e-01 80.702457 97.480413
09/25 04:18:24 PM train 400 6.282105e-01 80.540835 97.482855
09/25 04:18:28 PM train 450 6.316064e-01 80.404656 97.474363
09/25 04:18:32 PM train 500 6.344890e-01 80.326846 97.436377
09/25 04:18:36 PM train 550 6.421628e-01 80.138385 97.359914
09/25 04:18:41 PM train 600 6.444704e-01 80.082675 97.337770
09/25 04:18:45 PM train 650 6.481428e-01 79.903514 97.290227
09/25 04:18:49 PM train 700 6.522118e-01 79.747682 97.265068
09/25 04:18:54 PM train 750 6.543407e-01 79.695822 97.232856
09/25 04:18:56 PM train_acc 79.638000
09/25 04:18:56 PM valid 000 1.209396e+00 73.437500 89.062500
09/25 04:18:58 PM valid 050 1.300949e+00 67.064951 90.594363
09/25 04:18:59 PM valid 100 1.270955e+00 67.450495 90.980817
09/25 04:19:00 PM valid 150 1.282481e+00 67.560017 90.645695
09/25 04:19:00 PM valid_acc 67.650000, best_acc 68.640000
09/25 04:19:00 PM epoch 99 lr 2.329279e-02
09/25 04:19:01 PM train 000 6.086389e-01 76.562500 98.437500
09/25 04:19:05 PM train 050 5.802533e-01 82.536765 97.610294
09/25 04:19:09 PM train 100 5.922063e-01 82.100866 97.834158
09/25 04:19:13 PM train 150 6.080787e-01 81.446606 97.795944
09/25 04:19:18 PM train 200 6.135821e-01 81.117848 97.722326
09/25 04:19:22 PM train 250 6.190914e-01 80.982321 97.597112
09/25 04:19:26 PM train 300 6.215385e-01 80.777616 97.596553
09/25 04:19:30 PM train 350 6.307244e-01 80.426460 97.560541
09/25 04:19:35 PM train 400 6.334268e-01 80.303148 97.455580
09/25 04:19:39 PM train 450 6.354601e-01 80.293792 97.405072
09/25 04:19:43 PM train 500 6.383724e-01 80.283184 97.339696
09/25 04:19:47 PM train 550 6.430491e-01 80.118534 97.254991
09/25 04:19:52 PM train 600 6.471127e-01 80.007280 97.233777
09/25 04:19:56 PM train 650 6.488454e-01 80.006720 97.175019
09/25 04:20:00 PM train 700 6.516075e-01 79.959433 97.120185
09/25 04:20:04 PM train 750 6.574456e-01 79.835220 97.014397
09/25 04:20:07 PM train_acc 79.760000
09/25 04:20:07 PM valid 000 1.233945e+00 68.750000 90.625000
09/25 04:20:08 PM valid 050 1.413422e+00 65.318627 89.399510
09/25 04:20:10 PM valid 100 1.384219e+00 65.949876 89.712252
09/25 04:20:11 PM valid 150 1.406171e+00 65.531871 89.559189
09/25 04:20:11 PM valid_acc 65.610000, best_acc 68.640000
09/25 04:20:11 PM epoch 100 lr 2.325962e-02
09/25 04:20:11 PM train 000 6.191400e-01 84.375000 96.875000
09/25 04:20:16 PM train 050 6.069556e-01 81.250000 97.702206
09/25 04:20:20 PM train 100 6.094015e-01 81.188119 97.493812
09/25 04:20:24 PM train 150 6.024164e-01 81.539735 97.495861
09/25 04:20:29 PM train 200 6.111930e-01 81.281095 97.489117
09/25 04:20:33 PM train 250 6.182796e-01 81.175299 97.410359
09/25 04:20:37 PM train 300 6.200494e-01 81.094269 97.461586
09/25 04:20:41 PM train 350 6.267360e-01 80.925036 97.342415
09/25 04:20:46 PM train 400 6.351384e-01 80.720075 97.264651
09/25 04:20:50 PM train 450 6.374883e-01 80.598670 97.259562
09/25 04:20:54 PM train 500 6.449385e-01 80.311252 97.230539
09/25 04:20:59 PM train 550 6.519770e-01 80.061819 97.161411
09/25 04:21:03 PM train 600 6.566571e-01 79.994280 97.103785
09/25 04:21:07 PM train 650 6.597343e-01 79.989919 97.055012
09/25 04:21:11 PM train 700 6.628458e-01 79.899251 97.013195
09/25 04:21:16 PM train 750 6.657155e-01 79.837300 96.999834
09/25 04:21:18 PM train_acc 79.844000
09/25 04:21:18 PM valid 000 1.253516e+00 71.875000 90.625000
09/25 04:21:20 PM valid 050 1.322383e+00 67.861520 90.073529
09/25 04:21:21 PM valid 100 1.329856e+00 67.032797 90.222772
09/25 04:21:22 PM valid 150 1.345841e+00 66.825331 90.117964
09/25 04:21:22 PM valid_acc 66.770000, best_acc 68.640000
09/25 04:21:22 PM epoch 101 lr 2.322615e-02
09/25 04:21:23 PM train 000 7.053726e-01 78.125000 98.437500
09/25 04:21:27 PM train 050 5.836752e-01 82.261029 97.640931
09/25 04:21:31 PM train 100 5.570662e-01 83.323020 97.756807
09/25 04:21:35 PM train 150 5.582832e-01 82.926325 97.909768
09/25 04:21:40 PM train 200 5.700346e-01 82.517102 97.838930
09/25 04:21:44 PM train 250 5.740727e-01 82.295817 97.871016
09/25 04:21:48 PM train 300 5.904553e-01 81.940407 97.710756
09/25 04:21:52 PM train 350 6.003670e-01 81.659544 97.640670
09/25 04:21:57 PM train 400 6.027569e-01 81.577307 97.576372
09/25 04:22:01 PM train 450 6.047721e-01 81.457871 97.599085
09/25 04:22:05 PM train 500 6.155812e-01 81.131487 97.523703
09/25 04:22:09 PM train 550 6.235956e-01 80.906874 97.484687
09/25 04:22:14 PM train 600 6.297963e-01 80.696235 97.405366
09/25 04:22:18 PM train 650 6.356420e-01 80.479551 97.340630
09/25 04:22:22 PM train 700 6.409996e-01 80.376248 97.276213
09/25 04:22:26 PM train 750 6.456981e-01 80.211801 97.243259
09/25 04:22:29 PM train_acc 80.098000
09/25 04:22:29 PM valid 000 8.823796e-01 71.875000 95.312500
09/25 04:22:30 PM valid 050 1.203009e+00 69.393382 91.145833
09/25 04:22:32 PM valid 100 1.180553e+00 69.477104 91.491337
09/25 04:22:33 PM valid 150 1.217386e+00 69.070778 91.194123
09/25 04:22:33 PM valid_acc 69.100000, best_acc 69.100000
09/25 04:22:33 PM epoch 102 lr 2.319240e-02
09/25 04:22:33 PM train 000 8.459209e-01 73.437500 100.000000
09/25 04:22:37 PM train 050 5.667840e-01 83.210784 98.039216
09/25 04:22:42 PM train 100 5.655833e-01 82.812500 97.973391
09/25 04:22:46 PM train 150 5.661084e-01 82.564156 97.847682
09/25 04:22:50 PM train 200 5.766662e-01 82.105100 97.885572
09/25 04:22:55 PM train 250 5.916140e-01 81.735558 97.727839
09/25 04:22:59 PM train 300 6.008890e-01 81.504360 97.622508
09/25 04:23:03 PM train 350 6.119970e-01 81.085292 97.547187
09/25 04:23:07 PM train 400 6.180426e-01 81.012313 97.475062
09/25 04:23:11 PM train 450 6.218597e-01 80.924335 97.391214
09/25 04:23:16 PM train 500 6.240359e-01 80.791542 97.370883
09/25 04:23:20 PM train 550 6.296176e-01 80.614791 97.331556
09/25 04:23:24 PM train 600 6.328529e-01 80.503848 97.257176
09/25 04:23:28 PM train 650 6.410595e-01 80.301939 97.167819
09/25 04:23:33 PM train 700 6.458338e-01 80.166726 97.115728
09/25 04:23:37 PM train 750 6.535280e-01 79.991262 97.076814
09/25 04:23:40 PM train_acc 79.908000
09/25 04:23:40 PM valid 000 9.785788e-01 75.000000 92.187500
09/25 04:23:41 PM valid 050 1.355186e+00 67.401961 90.287990
09/25 04:23:42 PM valid 100 1.355903e+00 66.847153 90.099010
09/25 04:23:44 PM valid 150 1.367188e+00 67.115066 89.911010
09/25 04:23:44 PM valid_acc 67.180000, best_acc 69.100000
09/25 04:23:44 PM epoch 103 lr 2.315834e-02
09/25 04:23:44 PM train 000 4.892051e-01 81.250000 100.000000
09/25 04:23:48 PM train 050 6.076893e-01 81.862745 97.334559
09/25 04:23:52 PM train 100 5.794113e-01 82.936262 97.633045
09/25 04:23:57 PM train 150 5.752053e-01 82.533113 97.671772
09/25 04:24:01 PM train 200 5.685877e-01 82.501555 97.823383
09/25 04:24:05 PM train 250 5.758247e-01 82.333167 97.758964
09/25 04:24:10 PM train 300 5.810551e-01 82.210341 97.689992
09/25 04:24:14 PM train 350 5.938859e-01 81.748575 97.649573
09/25 04:24:18 PM train 400 6.024377e-01 81.460411 97.603647
09/25 04:24:22 PM train 450 6.147937e-01 81.173780 97.453575
09/25 04:24:27 PM train 500 6.226217e-01 80.872630 97.414546
09/25 04:24:31 PM train 550 6.294573e-01 80.674342 97.365585
09/25 04:24:35 PM train 600 6.360779e-01 80.475250 97.280574
09/25 04:24:39 PM train 650 6.419101e-01 80.294739 97.230223
09/25 04:24:44 PM train 700 6.467295e-01 80.119918 97.175909
09/25 04:24:48 PM train 750 6.506480e-01 80.037034 97.118425
09/25 04:24:50 PM train_acc 79.920000
09/25 04:24:51 PM valid 000 1.318575e+00 64.062500 87.500000
09/25 04:24:52 PM valid 050 1.389961e+00 64.920343 89.675245
09/25 04:24:53 PM valid 100 1.366060e+00 65.191832 89.743193
09/25 04:24:54 PM valid 150 1.385219e+00 65.149007 89.621275
09/25 04:24:55 PM valid_acc 65.130000, best_acc 69.100000
09/25 04:24:55 PM epoch 104 lr 2.312400e-02
09/25 04:24:55 PM train 000 6.896294e-01 78.125000 98.437500
09/25 04:24:59 PM train 050 6.467235e-01 80.698529 97.028186
09/25 04:25:03 PM train 100 6.104603e-01 81.652228 97.370050
09/25 04:25:08 PM train 150 5.927049e-01 81.963990 97.495861
09/25 04:25:12 PM train 200 5.943342e-01 81.786381 97.489117
09/25 04:25:16 PM train 250 5.984715e-01 81.486554 97.509960
09/25 04:25:20 PM train 300 5.988698e-01 81.519934 97.601744
09/25 04:25:25 PM train 350 6.065299e-01 81.307870 97.507123
09/25 04:25:29 PM train 400 6.133643e-01 81.137001 97.490648
09/25 04:25:33 PM train 450 6.226594e-01 80.754573 97.405072
09/25 04:25:37 PM train 500 6.268815e-01 80.666791 97.386477
09/25 04:25:42 PM train 550 6.305421e-01 80.507033 97.374093
09/25 04:25:46 PM train 600 6.354979e-01 80.379056 97.314372
09/25 04:25:50 PM train 650 6.417605e-01 80.189132 97.237423
09/25 04:25:54 PM train 700 6.480604e-01 80.001783 97.158078
09/25 04:25:58 PM train 750 6.520137e-01 79.893475 97.118425
09/25 04:26:01 PM train_acc 79.902000
09/25 04:26:01 PM valid 000 1.219210e+00 67.187500 89.062500
09/25 04:26:03 PM valid 050 1.321392e+00 66.421569 90.042892
09/25 04:26:04 PM valid 100 1.319051e+00 66.290223 90.238243
09/25 04:26:05 PM valid 150 1.340571e+00 66.100993 90.004139
09/25 04:26:05 PM valid_acc 66.170000, best_acc 69.100000
09/25 04:26:05 PM epoch 105 lr 2.308937e-02
09/25 04:26:05 PM train 000 3.810002e-01 87.500000 100.000000
09/25 04:26:10 PM train 050 5.416561e-01 83.394608 97.947304
09/25 04:26:14 PM train 100 5.417416e-01 83.384901 98.143564
09/25 04:26:18 PM train 150 5.488967e-01 83.247103 98.106374
09/25 04:26:22 PM train 200 5.590051e-01 82.913557 97.916667
09/25 04:26:27 PM train 250 5.719954e-01 82.389193 97.802540
09/25 04:26:31 PM train 300 5.885030e-01 81.888497 97.700374
09/25 04:26:35 PM train 350 6.001541e-01 81.481481 97.578348
09/25 04:26:39 PM train 400 6.066669e-01 81.203242 97.521820
09/25 04:26:44 PM train 450 6.120390e-01 80.990161 97.491685
09/25 04:26:48 PM train 500 6.155871e-01 80.885105 97.461327
09/25 04:26:52 PM train 550 6.216531e-01 80.665835 97.396779
09/25 04:26:56 PM train 600 6.270646e-01 80.618240 97.319572
09/25 04:27:01 PM train 650 6.340750e-01 80.436348 97.239823
09/25 04:27:05 PM train 700 6.416313e-01 80.193474 97.166994
09/25 04:27:09 PM train 750 6.461707e-01 80.068242 97.122587
09/25 04:27:12 PM train_acc 79.998000
09/25 04:27:12 PM valid 000 1.419668e+00 68.750000 85.937500
09/25 04:27:13 PM valid 050 1.388542e+00 65.686275 89.552696
09/25 04:27:14 PM valid 100 1.395341e+00 65.841584 89.248144
09/25 04:27:16 PM valid 150 1.409432e+00 65.759520 88.990066
09/25 04:27:16 PM valid_acc 65.660000, best_acc 69.100000
09/25 04:27:16 PM epoch 106 lr 2.305444e-02
09/25 04:27:16 PM train 000 4.950311e-01 87.500000 98.437500
09/25 04:27:20 PM train 050 6.085992e-01 81.311275 97.549020
09/25 04:27:25 PM train 100 6.027176e-01 81.605817 97.756807
09/25 04:27:29 PM train 150 5.961371e-01 81.560430 97.723510
09/25 04:27:33 PM train 200 5.965825e-01 81.599813 97.776741
09/25 04:27:38 PM train 250 6.019553e-01 81.355827 97.696713
09/25 04:27:42 PM train 300 6.073849e-01 81.135797 97.715947
09/25 04:27:46 PM train 350 6.101866e-01 81.125356 97.662927
09/25 04:27:50 PM train 400 6.205241e-01 80.856453 97.517924
09/25 04:27:55 PM train 450 6.272160e-01 80.747644 97.425859
09/25 04:27:59 PM train 500 6.305069e-01 80.726048 97.380240
09/25 04:28:03 PM train 550 6.327245e-01 80.606284 97.405286
09/25 04:28:07 PM train 600 6.392445e-01 80.472650 97.332571
09/25 04:28:11 PM train 650 6.499897e-01 80.138729 97.227823
09/25 04:28:16 PM train 700 6.509488e-01 80.124376 97.195970
09/25 04:28:20 PM train 750 6.535252e-01 80.012067 97.164198
09/25 04:28:23 PM train_acc 79.940000
09/25 04:28:23 PM valid 000 1.073404e+00 71.875000 92.187500
09/25 04:28:24 PM valid 050 1.286342e+00 68.535539 90.533088
09/25 04:28:25 PM valid 100 1.253865e+00 67.837252 91.228342
09/25 04:28:26 PM valid 150 1.258626e+00 67.922185 91.235513
09/25 04:28:27 PM valid_acc 67.830000, best_acc 69.100000
09/25 04:28:27 PM epoch 107 lr 2.301923e-02
09/25 04:28:27 PM train 000 4.747060e-01 82.812500 100.000000
09/25 04:28:31 PM train 050 5.837832e-01 82.046569 97.640931
09/25 04:28:35 PM train 100 5.885003e-01 81.760520 97.617574
09/25 04:28:40 PM train 150 6.116313e-01 81.260348 97.475166
09/25 04:28:44 PM train 200 6.169927e-01 81.016791 97.419154
09/25 04:28:48 PM train 250 6.219680e-01 80.963645 97.366783
09/25 04:28:52 PM train 300 6.238161e-01 80.777616 97.378530
09/25 04:28:57 PM train 350 6.277783e-01 80.617877 97.364672
09/25 04:29:01 PM train 400 6.239367e-01 80.790212 97.342581
09/25 04:29:05 PM train 450 6.221343e-01 80.851580 97.349640
09/25 04:29:09 PM train 500 6.201249e-01 80.860155 97.380240
09/25 04:29:14 PM train 550 6.246417e-01 80.634642 97.345735
09/25 04:29:18 PM train 600 6.314425e-01 80.418053 97.301373
09/25 04:29:22 PM train 650 6.358917e-01 80.311540 97.220622
09/25 04:29:26 PM train 700 6.395090e-01 80.229137 97.189283
09/25 04:29:31 PM train 750 6.439961e-01 80.120256 97.141312
09/25 04:29:33 PM train_acc 80.062000
09/25 04:29:33 PM valid 000 1.170141e+00 76.562500 92.187500
09/25 04:29:35 PM valid 050 1.452297e+00 65.900735 89.491422
09/25 04:29:36 PM valid 100 1.401899e+00 66.259282 90.377475
09/25 04:29:37 PM valid 150 1.408874e+00 66.307947 90.366308
09/25 04:29:37 PM valid_acc 66.330000, best_acc 69.100000
09/25 04:29:37 PM epoch 108 lr 2.298372e-02
09/25 04:29:37 PM train 000 6.849476e-01 70.312500 98.437500
09/25 04:29:42 PM train 050 5.680987e-01 82.046569 98.069853
09/25 04:29:46 PM train 100 6.076764e-01 80.847772 97.462871
09/25 04:29:50 PM train 150 6.040309e-01 81.074089 97.309603
09/25 04:29:55 PM train 200 6.072330e-01 81.351057 97.318097
09/25 04:29:59 PM train 250 6.159637e-01 81.106823 97.429034
09/25 04:30:03 PM train 300 6.182279e-01 81.042359 97.352575
09/25 04:30:07 PM train 350 6.226484e-01 80.987358 97.302350
09/25 04:30:12 PM train 400 6.310688e-01 80.685006 97.284133
09/25 04:30:16 PM train 450 6.303942e-01 80.702605 97.287278
09/25 04:30:20 PM train 500 6.309653e-01 80.685504 97.274202
09/25 04:30:24 PM train 550 6.358005e-01 80.594941 97.226633
09/25 04:30:29 PM train 600 6.388063e-01 80.511647 97.176581
09/25 04:30:33 PM train 650 6.447723e-01 80.388345 97.112615
09/25 04:30:37 PM train 700 6.493033e-01 80.193474 97.088980
09/25 04:30:42 PM train 750 6.557845e-01 80.039115 97.033123
09/25 04:30:44 PM train_acc 79.988000
09/25 04:30:44 PM valid 000 1.266201e+00 75.000000 92.187500
09/25 04:30:46 PM valid 050 1.274535e+00 68.229167 90.655637
09/25 04:30:47 PM valid 100 1.294708e+00 67.620668 90.748762
09/25 04:30:48 PM valid 150 1.283429e+00 67.725579 90.604305
09/25 04:30:48 PM valid_acc 67.770000, best_acc 69.100000
09/25 04:30:48 PM epoch 109 lr 2.294793e-02
09/25 04:30:49 PM train 000 7.758794e-01 73.437500 98.437500
09/25 04:30:53 PM train 050 5.794994e-01 82.230392 97.702206
09/25 04:30:57 PM train 100 5.782771e-01 82.317450 97.648515
09/25 04:31:01 PM train 150 5.729834e-01 82.388245 97.682119
09/25 04:31:05 PM train 200 5.753207e-01 82.563744 97.660137
09/25 04:31:10 PM train 250 5.886446e-01 82.040588 97.578436
09/25 04:31:14 PM train 300 5.892640e-01 81.878115 97.612126
09/25 04:31:18 PM train 350 5.939208e-01 81.712963 97.564993
09/25 04:31:22 PM train 400 6.074533e-01 81.288965 97.560786
09/25 04:31:27 PM train 450 6.162205e-01 81.024806 97.474363
09/25 04:31:31 PM train 500 6.270344e-01 80.713573 97.398952
09/25 04:31:35 PM train 550 6.315922e-01 80.524047 97.374093
09/25 04:31:39 PM train 600 6.308361e-01 80.506448 97.389767
09/25 04:31:44 PM train 650 6.342303e-01 80.357143 97.319028
09/25 04:31:48 PM train 700 6.412752e-01 80.197932 97.222718
09/25 04:31:52 PM train 750 6.462656e-01 80.041195 97.182923
09/25 04:31:55 PM train_acc 80.002000
09/25 04:31:55 PM valid 000 1.217378e+00 68.750000 89.062500
09/25 04:31:56 PM valid 050 1.249874e+00 68.719363 90.808824
09/25 04:31:57 PM valid 100 1.242991e+00 68.517946 90.748762
09/25 04:31:59 PM valid 150 1.253585e+00 68.543046 90.500828
09/25 04:31:59 PM valid_acc 68.480000, best_acc 69.100000
09/25 04:31:59 PM epoch 110 lr 2.291186e-02
09/25 04:31:59 PM train 000 4.097890e-01 84.375000 100.000000
09/25 04:32:03 PM train 050 5.923680e-01 82.230392 98.039216
09/25 04:32:08 PM train 100 5.678919e-01 82.425743 97.973391
09/25 04:32:12 PM train 150 5.735121e-01 82.222682 97.961507
09/25 04:32:16 PM train 200 5.861446e-01 82.035137 97.753420
09/25 04:32:20 PM train 250 5.929945e-01 81.785359 97.702938
09/25 04:32:25 PM train 300 5.965576e-01 81.592608 97.679610
09/25 04:32:29 PM train 350 5.999730e-01 81.450321 97.618412
09/25 04:32:33 PM train 400 6.023559e-01 81.355206 97.623130
09/25 04:32:37 PM train 450 6.119002e-01 81.062916 97.543653
09/25 04:32:42 PM train 500 6.160692e-01 80.897580 97.511228
09/25 04:32:46 PM train 550 6.171134e-01 80.852995 97.493194
09/25 04:32:50 PM train 600 6.215382e-01 80.701435 97.452163
09/25 04:32:54 PM train 650 6.251617e-01 80.599558 97.441436
09/25 04:32:59 PM train 700 6.332470e-01 80.394080 97.356455
09/25 04:33:03 PM train 750 6.375003e-01 80.274218 97.322320
09/25 04:33:05 PM train_acc 80.128000
09/25 04:33:05 PM valid 000 1.219131e+00 70.312500 92.187500
09/25 04:33:07 PM valid 050 1.318712e+00 67.463235 90.134804
09/25 04:33:08 PM valid 100 1.317173e+00 67.543317 89.928837
09/25 04:33:09 PM valid 150 1.333725e+00 67.115066 89.869619
09/25 04:33:09 PM valid_acc 67.100000, best_acc 69.100000
09/25 04:33:10 PM epoch 111 lr 2.287550e-02
09/25 04:33:10 PM train 000 4.925895e-01 82.812500 98.437500
09/25 04:33:14 PM train 050 5.756653e-01 82.230392 97.855392
09/25 04:33:18 PM train 100 5.772622e-01 82.332921 97.756807
09/25 04:33:23 PM train 150 5.875207e-01 82.129553 97.682119
09/25 04:33:27 PM train 200 5.929081e-01 81.957400 97.714552
09/25 04:33:31 PM train 250 5.906939e-01 81.953436 97.715388
09/25 04:33:35 PM train 300 5.968531e-01 81.722384 97.674419
09/25 04:33:40 PM train 350 5.990308e-01 81.686254 97.578348
09/25 04:33:44 PM train 400 6.093742e-01 81.401964 97.502338
09/25 04:33:48 PM train 450 6.198724e-01 81.073309 97.398143
09/25 04:33:52 PM train 500 6.245350e-01 80.941243 97.367764
09/25 04:33:57 PM train 550 6.325068e-01 80.714043 97.306034
09/25 04:34:01 PM train 600 6.385129e-01 80.568844 97.228577
09/25 04:34:05 PM train 650 6.424671e-01 80.484351 97.187020
09/25 04:34:09 PM train 700 6.459135e-01 80.347272 97.146933
09/25 04:34:14 PM train 750 6.490758e-01 80.286701 97.114264
09/25 04:34:16 PM train_acc 80.218000
09/25 04:34:16 PM valid 000 1.058279e+00 70.312500 93.750000
09/25 04:34:18 PM valid 050 1.305410e+00 67.279412 91.023284
09/25 04:34:19 PM valid 100 1.297455e+00 67.125619 90.887995
09/25 04:34:20 PM valid 150 1.310148e+00 66.773593 90.738825
09/25 04:34:20 PM valid_acc 66.760000, best_acc 69.100000
09/25 04:34:20 PM epoch 112 lr 2.283885e-02
09/25 04:34:21 PM train 000 4.694718e-01 81.250000 100.000000
09/25 04:34:25 PM train 050 6.053283e-01 81.127451 97.702206
09/25 04:34:29 PM train 100 6.006976e-01 81.512995 97.663985
09/25 04:34:33 PM train 150 5.973730e-01 81.808775 97.661424
09/25 04:34:38 PM train 200 5.885010e-01 81.817475 97.683458
09/25 04:34:42 PM train 250 5.908142e-01 81.754233 97.684263
09/25 04:34:46 PM train 300 5.999905e-01 81.525125 97.606935
09/25 04:34:50 PM train 350 6.060149e-01 81.183226 97.560541
09/25 04:34:55 PM train 400 6.135641e-01 80.988934 97.478959
09/25 04:34:59 PM train 450 6.170687e-01 80.903548 97.429324
09/25 04:35:03 PM train 500 6.252376e-01 80.663673 97.370883
09/25 04:35:07 PM train 550 6.333693e-01 80.453153 97.291856
09/25 04:35:12 PM train 600 6.374120e-01 80.329659 97.272775
09/25 04:35:16 PM train 650 6.413425e-01 80.237135 97.225422
09/25 04:35:20 PM train 700 6.466410e-01 80.090942 97.173680
09/25 04:35:24 PM train 750 6.484162e-01 80.084887 97.166278
09/25 04:35:27 PM train_acc 80.032000
09/25 04:35:27 PM valid 000 1.374386e+00 73.437500 90.625000
09/25 04:35:28 PM valid 050 1.329337e+00 67.156863 90.226716
09/25 04:35:30 PM valid 100 1.300665e+00 67.218441 90.702351
09/25 04:35:31 PM valid 150 1.305477e+00 67.259934 90.625000
09/25 04:35:31 PM valid_acc 67.300000, best_acc 69.100000
09/25 04:35:31 PM epoch 113 lr 2.280192e-02
09/25 04:35:31 PM train 000 6.406125e-01 79.687500 96.875000
09/25 04:35:36 PM train 050 5.941890e-01 81.280637 97.549020
09/25 04:35:40 PM train 100 5.882316e-01 81.389233 97.818688
09/25 04:35:44 PM train 150 5.945078e-01 81.260348 97.816639
09/25 04:35:48 PM train 200 5.992370e-01 81.164490 97.699005
09/25 04:35:53 PM train 250 6.006243e-01 81.144173 97.678038
09/25 04:35:57 PM train 300 6.044108e-01 81.073505 97.622508
09/25 04:36:01 PM train 350 6.114087e-01 80.938390 97.547187
09/25 04:36:05 PM train 400 6.152924e-01 80.879832 97.521820
09/25 04:36:10 PM train 450 6.170738e-01 80.799612 97.505543
09/25 04:36:14 PM train 500 6.252336e-01 80.573229 97.480040
09/25 04:36:18 PM train 550 6.299844e-01 80.436139 97.444986
09/25 04:36:22 PM train 600 6.349411e-01 80.269863 97.345570
09/25 04:36:27 PM train 650 6.436385e-01 80.025922 97.256624
09/25 04:36:31 PM train 700 6.508917e-01 79.888106 97.160307
09/25 04:36:35 PM train 750 6.551483e-01 79.739514 97.132989
09/25 04:36:38 PM train_acc 79.702000
09/25 04:36:38 PM valid 000 1.208814e+00 71.875000 92.187500
09/25 04:36:39 PM valid 050 1.295305e+00 68.014706 90.686275
09/25 04:36:40 PM valid 100 1.261793e+00 68.038366 91.011757
09/25 04:36:42 PM valid 150 1.265752e+00 68.015315 90.790563
09/25 04:36:42 PM valid_acc 68.020000, best_acc 69.100000
09/25 04:36:42 PM epoch 114 lr 2.276471e-02
09/25 04:36:42 PM train 000 5.982097e-01 82.812500 98.437500
09/25 04:36:46 PM train 050 5.715129e-01 83.149510 97.395833
09/25 04:36:51 PM train 100 5.481167e-01 83.555074 98.019802
09/25 04:36:55 PM train 150 5.560922e-01 83.143626 97.930464
09/25 04:36:59 PM train 200 5.603952e-01 82.882463 97.870025
09/25 04:37:03 PM train 250 5.725537e-01 82.476345 97.783865
09/25 04:37:08 PM train 300 5.788898e-01 82.179194 97.752284
09/25 04:37:12 PM train 350 5.888549e-01 81.899929 97.662927
09/25 04:37:16 PM train 400 5.968124e-01 81.592893 97.611440
09/25 04:37:20 PM train 450 6.040399e-01 81.343542 97.547118
09/25 04:37:25 PM train 500 6.099656e-01 81.168912 97.517465
09/25 04:37:29 PM train 550 6.179118e-01 80.938067 97.453494
09/25 04:37:33 PM train 600 6.242825e-01 80.782030 97.387167
09/25 04:37:37 PM train 650 6.283301e-01 80.649962 97.338230
09/25 04:37:42 PM train 700 6.314723e-01 80.601373 97.294044
09/25 04:37:46 PM train 750 6.378870e-01 80.411535 97.224534
09/25 04:37:49 PM train_acc 80.356000
09/25 04:37:49 PM valid 000 1.143760e+00 71.875000 92.187500
09/25 04:37:50 PM valid 050 1.228719e+00 68.811275 90.839461
09/25 04:37:51 PM valid 100 1.227002e+00 68.363243 90.733292
09/25 04:37:53 PM valid 150 1.244691e+00 68.004967 90.759520
09/25 04:37:53 PM valid_acc 68.080000, best_acc 69.100000
09/25 04:37:53 PM epoch 115 lr 2.272721e-02
09/25 04:37:53 PM train 000 6.960921e-01 84.375000 95.312500
09/25 04:37:57 PM train 050 5.848497e-01 81.832108 97.916667
09/25 04:38:02 PM train 100 5.688813e-01 82.301980 97.818688
09/25 04:38:06 PM train 150 5.727475e-01 82.222682 97.847682
09/25 04:38:10 PM train 200 5.725748e-01 82.019590 97.831157
09/25 04:38:14 PM train 250 5.783315e-01 81.772908 97.783865
09/25 04:38:19 PM train 300 5.897445e-01 81.364203 97.695183
09/25 04:38:23 PM train 350 5.959111e-01 81.303419 97.645121
09/25 04:38:27 PM train 400 6.023970e-01 81.129208 97.584165
09/25 04:38:31 PM train 450 6.087825e-01 80.993625 97.550582
09/25 04:38:36 PM train 500 6.209302e-01 80.676148 97.439496
09/25 04:38:40 PM train 550 6.274373e-01 80.555240 97.357078
09/25 04:38:44 PM train 600 6.308468e-01 80.488249 97.319572
09/25 04:38:48 PM train 650 6.366013e-01 80.342742 97.256624
09/25 04:38:53 PM train 700 6.425756e-01 80.146665 97.216031
09/25 04:38:57 PM train 750 6.483826e-01 79.995423 97.160037
09/25 04:38:59 PM train_acc 79.902000
09/25 04:38:59 PM valid 000 1.189348e+00 73.437500 92.187500
09/25 04:39:01 PM valid 050 1.432522e+00 65.502451 89.981618
09/25 04:39:02 PM valid 100 1.412636e+00 65.377475 90.269183
09/25 04:39:03 PM valid 150 1.440482e+00 65.097268 90.055877
09/25 04:39:03 PM valid_acc 65.010000, best_acc 69.100000
09/25 04:39:03 PM epoch 116 lr 2.268944e-02
09/25 04:39:04 PM train 000 8.395449e-01 75.000000 93.750000
09/25 04:39:08 PM train 050 6.187144e-01 80.943627 97.732843
09/25 04:39:12 PM train 100 6.168052e-01 81.358292 97.447401
09/25 04:39:16 PM train 150 6.087404e-01 81.467301 97.506209
09/25 04:39:21 PM train 200 5.995077e-01 81.615361 97.613495
09/25 04:39:25 PM train 250 5.905215e-01 81.891185 97.690488
09/25 04:39:29 PM train 300 5.946536e-01 81.836586 97.684801
09/25 04:39:34 PM train 350 5.970767e-01 81.735221 97.680734
09/25 04:39:38 PM train 400 6.014947e-01 81.573410 97.654302
09/25 04:39:42 PM train 450 6.127896e-01 81.111419 97.578298
09/25 04:39:46 PM train 500 6.179625e-01 80.931886 97.539296
09/25 04:39:51 PM train 550 6.218908e-01 80.858666 97.496030
09/25 04:39:55 PM train 600 6.286085e-01 80.685836 97.441764
09/25 04:39:59 PM train 650 6.357377e-01 80.462750 97.357431
09/25 04:40:04 PM train 700 6.414355e-01 80.278174 97.327479
09/25 04:40:08 PM train 750 6.447824e-01 80.157706 97.284870
09/25 04:40:11 PM train_acc 80.088000
09/25 04:40:11 PM valid 000 1.215406e+00 75.000000 90.625000
09/25 04:40:12 PM valid 050 1.276872e+00 68.290441 90.747549
09/25 04:40:13 PM valid 100 1.256718e+00 68.657178 90.918936
09/25 04:40:14 PM valid 150 1.267387e+00 68.398179 90.873344
09/25 04:40:15 PM valid_acc 68.210000, best_acc 69.100000
09/25 04:40:15 PM epoch 117 lr 2.265139e-02
09/25 04:40:15 PM train 000 5.120655e-01 84.375000 100.000000
09/25 04:40:19 PM train 050 6.001271e-01 81.801471 97.702206
09/25 04:40:23 PM train 100 5.887733e-01 81.961634 97.694926
09/25 04:40:28 PM train 150 5.858317e-01 81.653560 97.744205
09/25 04:40:32 PM train 200 5.895691e-01 81.529851 97.636816
09/25 04:40:36 PM train 250 5.928842e-01 81.349602 97.640687
09/25 04:40:41 PM train 300 5.981891e-01 81.192899 97.674419
09/25 04:40:45 PM train 350 6.042386e-01 81.080840 97.618412
09/25 04:40:49 PM train 400 6.068374e-01 81.012313 97.603647
09/25 04:40:53 PM train 450 6.089569e-01 80.972838 97.574834
09/25 04:40:58 PM train 500 6.145426e-01 80.875749 97.526821
09/25 04:41:02 PM train 550 6.192109e-01 80.716878 97.487523
09/25 04:41:06 PM train 600 6.260297e-01 80.527246 97.428765
09/25 04:41:10 PM train 650 6.316187e-01 80.407546 97.359831
09/25 04:41:15 PM train 700 6.377164e-01 80.271487 97.262839
09/25 04:41:19 PM train 750 6.421954e-01 80.147304 97.228695
09/25 04:41:22 PM train_acc 80.080000
09/25 04:41:22 PM valid 000 1.308677e+00 70.312500 89.062500
09/25 04:41:23 PM valid 050 1.300704e+00 67.371324 90.533088
09/25 04:41:24 PM valid 100 1.292101e+00 67.295792 90.717822
09/25 04:41:26 PM valid 150 1.292580e+00 67.549669 90.707781
09/25 04:41:26 PM valid_acc 67.610000, best_acc 69.100000
09/25 04:41:26 PM epoch 118 lr 2.261305e-02
09/25 04:41:26 PM train 000 6.391861e-01 78.125000 98.437500
09/25 04:41:30 PM train 050 5.858826e-01 81.893382 97.794118
09/25 04:41:34 PM train 100 5.787060e-01 82.286510 97.772277
09/25 04:41:39 PM train 150 5.821532e-01 81.963990 97.764901
09/25 04:41:43 PM train 200 5.849108e-01 81.809701 97.737873
09/25 04:41:47 PM train 250 5.850104e-01 81.779133 97.796315
09/25 04:41:52 PM train 300 5.910603e-01 81.571844 97.762666
09/25 04:41:56 PM train 350 6.032810e-01 81.347934 97.645121
09/25 04:42:00 PM train 400 6.124379e-01 80.992830 97.568579
09/25 04:42:04 PM train 450 6.146174e-01 80.976303 97.519401
09/25 04:42:09 PM train 500 6.206911e-01 80.785304 97.495634
09/25 04:42:13 PM train 550 6.260693e-01 80.688521 97.413793
09/25 04:42:17 PM train 600 6.290433e-01 80.579243 97.348170
09/25 04:42:21 PM train 650 6.324709e-01 80.489151 97.314228
09/25 04:42:26 PM train 700 6.376166e-01 80.367332 97.269526
09/25 04:42:30 PM train 750 6.388691e-01 80.303346 97.261984
09/25 04:42:33 PM train_acc 80.246000
09/25 04:42:33 PM valid 000 1.450992e+00 70.312500 92.187500
09/25 04:42:34 PM valid 050 1.277498e+00 67.524510 90.962010
09/25 04:42:35 PM valid 100 1.260301e+00 67.790842 91.104579
09/25 04:42:37 PM valid 150 1.263728e+00 67.829056 91.121689
09/25 04:42:37 PM valid_acc 67.970000, best_acc 69.100000
09/25 04:42:37 PM epoch 119 lr 2.257445e-02
09/25 04:42:37 PM train 000 5.234055e-01 82.812500 98.437500
09/25 04:42:41 PM train 050 5.606554e-01 83.670343 97.977941
09/25 04:42:46 PM train 100 5.560839e-01 83.601485 97.880569
09/25 04:42:50 PM train 150 5.530057e-01 83.485099 97.909768
09/25 04:42:54 PM train 200 5.599473e-01 83.006841 97.838930
09/25 04:42:59 PM train 250 5.610634e-01 82.961902 97.877241
09/25 04:43:03 PM train 300 5.689437e-01 82.620432 97.830150
09/25 04:43:07 PM train 350 5.808921e-01 82.336182 97.716346
09/25 04:43:11 PM train 400 5.917820e-01 82.013716 97.627026
09/25 04:43:16 PM train 450 6.029150e-01 81.780072 97.491685
09/25 04:43:20 PM train 500 6.096206e-01 81.465195 97.445734
09/25 04:43:24 PM train 550 6.155314e-01 81.250000 97.396779
09/25 04:43:29 PM train 600 6.219345e-01 81.036814 97.361169
09/25 04:43:33 PM train 650 6.294900e-01 80.813172 97.297427
09/25 04:43:37 PM train 700 6.326947e-01 80.717279 97.278442
09/25 04:43:41 PM train 750 6.370171e-01 80.638316 97.261984
09/25 04:43:44 PM train_acc 80.558000
09/25 04:43:44 PM valid 000 1.215967e+00 65.625000 90.625000
09/25 04:43:46 PM valid 050 1.291150e+00 67.647059 90.839461
09/25 04:43:47 PM valid 100 1.301413e+00 67.636139 90.903465
09/25 04:43:48 PM valid 150 1.305202e+00 67.777318 90.707781
09/25 04:43:48 PM valid_acc 67.770000, best_acc 69.100000
09/25 04:43:48 PM epoch 120 lr 2.253556e-02
09/25 04:43:49 PM train 000 5.901530e-01 82.812500 100.000000
09/25 04:43:53 PM train 050 5.776028e-01 82.720588 97.763480
09/25 04:43:57 PM train 100 5.778782e-01 82.564975 97.803218
09/25 04:44:01 PM train 150 5.849504e-01 82.315811 97.713162
09/25 04:44:06 PM train 200 5.918806e-01 82.042910 97.613495
09/25 04:44:10 PM train 250 5.919292e-01 82.059263 97.547311
09/25 04:44:14 PM train 300 5.945486e-01 81.878115 97.591362
09/25 04:44:19 PM train 350 5.999279e-01 81.655093 97.551638
09/25 04:44:23 PM train 400 6.094523e-01 81.386378 97.467269
09/25 04:44:27 PM train 450 6.108762e-01 81.347007 97.457040
09/25 04:44:32 PM train 500 6.137970e-01 81.218812 97.411427
09/25 04:44:36 PM train 550 6.184720e-01 81.062840 97.442151
09/25 04:44:40 PM train 600 6.216748e-01 80.951019 97.420965
09/25 04:44:45 PM train 650 6.307306e-01 80.705165 97.350230
09/25 04:44:49 PM train 700 6.343122e-01 80.650410 97.316334
09/25 04:44:53 PM train 750 6.380807e-01 80.513482 97.278628
09/25 04:44:56 PM train_acc 80.502000
09/25 04:44:56 PM valid 000 1.242552e+00 67.187500 93.750000
09/25 04:44:57 PM valid 050 1.291548e+00 67.953431 90.318627
09/25 04:44:58 PM valid 100 1.264976e+00 68.053837 90.887995
09/25 04:45:00 PM valid 150 1.262643e+00 68.377483 90.935430
09/25 04:45:00 PM valid_acc 68.360000, best_acc 69.100000
09/25 04:45:00 PM epoch 121 lr 2.249640e-02
09/25 04:45:00 PM train 000 5.980838e-01 79.687500 98.437500
09/25 04:45:04 PM train 050 5.849726e-01 81.587010 97.732843
09/25 04:45:09 PM train 100 5.952182e-01 81.698639 97.756807
09/25 04:45:13 PM train 150 6.019054e-01 81.477649 97.692467
09/25 04:45:17 PM train 200 6.028082e-01 81.615361 97.644590
09/25 04:45:22 PM train 250 6.027934e-01 81.461653 97.665588
09/25 04:45:26 PM train 300 6.113655e-01 81.239618 97.523879
09/25 04:45:30 PM train 350 6.116294e-01 81.089744 97.573896
09/25 04:45:35 PM train 400 6.201130e-01 80.942176 97.432201
09/25 04:45:39 PM train 450 6.214730e-01 80.875831 97.463969
09/25 04:45:43 PM train 500 6.239753e-01 80.853917 97.427021
09/25 04:45:48 PM train 550 6.270374e-01 80.799115 97.362750
09/25 04:45:52 PM train 600 6.339162e-01 80.519447 97.340370
09/25 04:45:56 PM train 650 6.413036e-01 80.297139 97.263825
09/25 04:46:00 PM train 700 6.479185e-01 80.155581 97.227175
09/25 04:46:05 PM train 750 6.508722e-01 80.057840 97.207889
09/25 04:46:07 PM train_acc 80.042000
09/25 04:46:08 PM valid 000 1.034795e+00 70.312500 92.187500
09/25 04:46:09 PM valid 050 1.215935e+00 68.351716 91.421569
09/25 04:46:10 PM valid 100 1.211367e+00 68.827351 91.352104
09/25 04:46:11 PM valid 150 1.232414e+00 68.677566 91.287252
09/25 04:46:12 PM valid_acc 68.660000, best_acc 69.100000
09/25 04:46:12 PM epoch 122 lr 2.245697e-02
09/25 04:46:12 PM train 000 6.438366e-01 78.125000 96.875000
09/25 04:46:16 PM train 050 5.558913e-01 82.781863 98.253676
09/25 04:46:21 PM train 100 5.676770e-01 82.379332 97.942450
09/25 04:46:25 PM train 150 5.775799e-01 82.450331 97.744205
09/25 04:46:29 PM train 200 5.753022e-01 82.377177 97.870025
09/25 04:46:33 PM train 250 5.749684e-01 82.358068 97.889691
09/25 04:46:38 PM train 300 5.782443e-01 82.205150 97.835341
09/25 04:46:42 PM train 350 5.857630e-01 81.895477 97.823184
09/25 04:46:46 PM train 400 5.941461e-01 81.639651 97.732232
09/25 04:46:51 PM train 450 5.969356e-01 81.547949 97.654518
09/25 04:46:55 PM train 500 5.995320e-01 81.418413 97.632859
09/25 04:46:59 PM train 550 6.045080e-01 81.238657 97.595281
09/25 04:47:03 PM train 600 6.076396e-01 81.130408 97.605553
09/25 04:47:08 PM train 650 6.155945e-01 80.863575 97.525442
09/25 04:47:12 PM train 700 6.216054e-01 80.739568 97.465674
09/25 04:47:16 PM train 750 6.264443e-01 80.580060 97.436751
09/25 04:47:19 PM train_acc 80.554000
09/25 04:47:19 PM valid 000 1.157073e+00 75.000000 92.187500
09/25 04:47:20 PM valid 050 1.214251e+00 69.362745 91.513480
09/25 04:47:22 PM valid 100 1.217474e+00 69.508045 91.754332
09/25 04:47:23 PM valid 150 1.225544e+00 69.567467 91.628725
09/25 04:47:23 PM valid_acc 69.580000, best_acc 69.580000
09/25 04:47:23 PM epoch 123 lr 2.241726e-02
09/25 04:47:23 PM train 000 5.789459e-01 82.812500 95.312500
09/25 04:47:28 PM train 050 5.932268e-01 82.261029 97.702206
09/25 04:47:32 PM train 100 5.739993e-01 82.781559 97.694926
09/25 04:47:36 PM train 150 5.891234e-01 82.201987 97.578642
09/25 04:47:40 PM train 200 5.965478e-01 81.895211 97.551306
09/25 04:47:45 PM train 250 5.942861e-01 81.947211 97.628237
09/25 04:47:49 PM train 300 6.001798e-01 81.701620 97.632890
09/25 04:47:53 PM train 350 6.104555e-01 81.392450 97.538283
09/25 04:47:57 PM train 400 6.165179e-01 81.148691 97.502338
09/25 04:48:02 PM train 450 6.216204e-01 80.927799 97.484756
09/25 04:48:06 PM train 500 6.252276e-01 80.828967 97.417665
09/25 04:48:10 PM train 550 6.276410e-01 80.702700 97.379764
09/25 04:48:14 PM train 600 6.299384e-01 80.680636 97.335171
09/25 04:48:19 PM train 650 6.355050e-01 80.546755 97.259025
09/25 04:48:23 PM train 700 6.379309e-01 80.483238 97.216031
09/25 04:48:27 PM train 750 6.435133e-01 80.322071 97.162117
09/25 04:48:30 PM train_acc 80.312000
09/25 04:48:30 PM valid 000 1.329023e+00 68.750000 90.625000
09/25 04:48:31 PM valid 050 1.266616e+00 68.198529 90.900735
09/25 04:48:32 PM valid 100 1.221858e+00 68.734530 91.290223
09/25 04:48:34 PM valid 150 1.227952e+00 68.563742 91.194123
09/25 04:48:34 PM valid_acc 68.580000, best_acc 69.580000
09/25 04:48:34 PM epoch 124 lr 2.237728e-02
09/25 04:48:34 PM train 000 7.455878e-01 81.250000 98.437500
09/25 04:48:38 PM train 050 5.492315e-01 83.333333 98.039216
09/25 04:48:43 PM train 100 5.456698e-01 83.415842 98.143564
09/25 04:48:47 PM train 150 5.580973e-01 83.009106 97.951159
09/25 04:48:51 PM train 200 5.694072e-01 82.478234 97.776741
09/25 04:48:55 PM train 250 5.754068e-01 82.246016 97.846116
09/25 04:48:59 PM train 300 5.902185e-01 81.846968 97.726329
09/25 04:49:04 PM train 350 5.985258e-01 81.628383 97.618412
09/25 04:49:08 PM train 400 6.006935e-01 81.588996 97.580268
09/25 04:49:12 PM train 450 6.047208e-01 81.468265 97.567905
09/25 04:49:16 PM train 500 6.096125e-01 81.321732 97.520584
09/25 04:49:21 PM train 550 6.189397e-01 81.014632 97.430808
09/25 04:49:25 PM train 600 6.263227e-01 80.826227 97.368968
09/25 04:49:29 PM train 650 6.323086e-01 80.661962 97.321429
09/25 04:49:33 PM train 700 6.367290e-01 80.545649 97.271755
09/25 04:49:38 PM train 750 6.385382e-01 80.505160 97.232856
09/25 04:49:40 PM train_acc 80.384000
09/25 04:49:40 PM valid 000 1.357958e+00 68.750000 90.625000
09/25 04:49:42 PM valid 050 1.274279e+00 67.647059 90.594363
09/25 04:49:43 PM valid 100 1.298561e+00 67.187500 90.501238
09/25 04:49:44 PM valid 150 1.320579e+00 67.011589 90.159354
09/25 04:49:44 PM valid_acc 67.080000, best_acc 69.580000
09/25 04:49:44 PM epoch 125 lr 2.233703e-02
09/25 04:49:45 PM train 000 7.474434e-01 79.687500 95.312500
09/25 04:49:49 PM train 050 6.082155e-01 81.158088 97.671569
09/25 04:49:53 PM train 100 5.900869e-01 81.884282 97.896040
09/25 04:49:57 PM train 150 5.861246e-01 81.860513 97.858030
09/25 04:50:02 PM train 200 5.974672e-01 81.529851 97.753420
09/25 04:50:06 PM train 250 5.941856e-01 81.779133 97.771414
09/25 04:50:10 PM train 300 6.015082e-01 81.577035 97.715947
09/25 04:50:15 PM train 350 6.060585e-01 81.410256 97.640670
09/25 04:50:19 PM train 400 6.067796e-01 81.327930 97.627026
09/25 04:50:23 PM train 450 6.086415e-01 81.291574 97.581763
09/25 04:50:28 PM train 500 6.143740e-01 81.062874 97.529940
09/25 04:50:32 PM train 550 6.185988e-01 80.943739 97.504537
09/25 04:50:36 PM train 600 6.190530e-01 80.922421 97.514559
09/25 04:50:40 PM train 650 6.255516e-01 80.762769 97.410234
09/25 04:50:45 PM train 700 6.303539e-01 80.608060 97.383203
09/25 04:50:49 PM train 750 6.375680e-01 80.403212 97.330642
09/25 04:50:52 PM train_acc 80.304000
09/25 04:50:52 PM valid 000 1.638054e+00 65.625000 84.375000
09/25 04:50:53 PM valid 050 1.310397e+00 66.084559 90.379902
09/25 04:50:54 PM valid 100 1.305495e+00 66.197401 90.346535
09/25 04:50:55 PM valid 150 1.320962e+00 66.411424 90.107616
09/25 04:50:56 PM valid_acc 66.410000, best_acc 69.580000
09/25 04:50:56 PM epoch 126 lr 2.229651e-02
09/25 04:50:56 PM train 000 5.614033e-01 85.937500 96.875000
09/25 04:51:00 PM train 050 5.403576e-01 83.210784 97.977941
09/25 04:51:04 PM train 100 5.505439e-01 83.338490 97.911510
09/25 04:51:09 PM train 150 5.521128e-01 83.060844 98.013245
09/25 04:51:13 PM train 200 5.589552e-01 82.812500 97.939988
09/25 04:51:17 PM train 250 5.595938e-01 82.694223 97.951942
09/25 04:51:21 PM train 300 5.698377e-01 82.407600 97.902824
09/25 04:51:26 PM train 350 5.733724e-01 82.269409 97.818732
09/25 04:51:30 PM train 400 5.811139e-01 82.091646 97.778990
09/25 04:51:34 PM train 450 5.892287e-01 81.828575 97.754989
09/25 04:51:38 PM train 500 5.967874e-01 81.602420 97.688997
09/25 04:51:43 PM train 550 6.020137e-01 81.457010 97.637818
09/25 04:51:47 PM train 600 6.117411e-01 81.190204 97.527558
09/25 04:51:51 PM train 650 6.189778e-01 80.990783 97.503840
09/25 04:51:55 PM train 700 6.247382e-01 80.875535 97.418866
09/25 04:52:00 PM train 750 6.291899e-01 80.802680 97.401381
09/25 04:52:02 PM train_acc 80.746000
09/25 04:52:02 PM valid 000 1.437435e+00 64.062500 89.062500
09/25 04:52:04 PM valid 050 1.256782e+00 68.045343 90.900735
09/25 04:52:05 PM valid 100 1.227631e+00 68.270421 91.274752
09/25 04:52:06 PM valid 150 1.243761e+00 68.139487 91.132036
09/25 04:52:06 PM valid_acc 68.170000, best_acc 69.580000
09/25 04:52:06 PM epoch 127 lr 2.225572e-02
09/25 04:52:06 PM train 000 7.710416e-01 73.437500 96.875000
09/25 04:52:11 PM train 050 6.092740e-01 81.280637 97.549020
09/25 04:52:15 PM train 100 5.828161e-01 82.162748 97.602104
09/25 04:52:19 PM train 150 5.806626e-01 82.119205 97.795944
09/25 04:52:24 PM train 200 5.785677e-01 82.283893 97.776741
09/25 04:52:28 PM train 250 5.750479e-01 82.252241 97.827440
09/25 04:52:32 PM train 300 5.822721e-01 82.163621 97.819767
09/25 04:52:36 PM train 350 5.864837e-01 81.980057 97.796474
09/25 04:52:41 PM train 400 5.926698e-01 81.698099 97.701060
09/25 04:52:45 PM train 450 5.976335e-01 81.589523 97.644124
09/25 04:52:49 PM train 500 6.043670e-01 81.343563 97.561128
09/25 04:52:53 PM train 550 6.127402e-01 81.057169 97.513044
09/25 04:52:58 PM train 600 6.191608e-01 80.849626 97.439164
09/25 04:53:02 PM train 650 6.250346e-01 80.700365 97.398233
09/25 04:53:06 PM train 700 6.287882e-01 80.605831 97.358684
09/25 04:53:10 PM train 750 6.345016e-01 80.432340 97.299434
09/25 04:53:13 PM train_acc 80.404000
09/25 04:53:13 PM valid 000 1.606680e+00 68.750000 87.500000
09/25 04:53:14 PM valid 050 1.398268e+00 65.471814 89.797794
09/25 04:53:15 PM valid 100 1.396383e+00 65.872525 89.959777
09/25 04:53:17 PM valid 150 1.394588e+00 66.132036 89.921358
09/25 04:53:17 PM valid_acc 66.040000, best_acc 69.580000
09/25 04:53:17 PM epoch 128 lr 2.221467e-02
09/25 04:53:17 PM train 000 6.474821e-01 79.687500 98.437500
09/25 04:53:21 PM train 050 5.787169e-01 82.751225 97.549020
09/25 04:53:26 PM train 100 5.807000e-01 82.595916 97.818688
09/25 04:53:30 PM train 150 5.837112e-01 82.336507 97.826987
09/25 04:53:34 PM train 200 5.856966e-01 82.221704 97.792289
09/25 04:53:38 PM train 250 5.935904e-01 81.997012 97.715388
09/25 04:53:43 PM train 300 6.019004e-01 81.712002 97.684801
09/25 04:53:47 PM train 350 6.058458e-01 81.543803 97.609509
09/25 04:53:51 PM train 400 6.068940e-01 81.557824 97.560786
09/25 04:53:56 PM train 450 6.153769e-01 81.364329 97.481292
09/25 04:54:00 PM train 500 6.227485e-01 81.137725 97.430140
09/25 04:54:04 PM train 550 6.278874e-01 80.932396 97.391107
09/25 04:54:08 PM train 600 6.340799e-01 80.688436 97.358569
09/25 04:54:13 PM train 650 6.355736e-01 80.676363 97.359831
09/25 04:54:17 PM train 700 6.375402e-01 80.625892 97.329708
09/25 04:54:21 PM train 750 6.399206e-01 80.492676 97.322320
09/25 04:54:24 PM train_acc 80.464000
09/25 04:54:24 PM valid 000 9.603224e-01 75.000000 92.187500
09/25 04:54:25 PM valid 050 1.239919e+00 68.137255 91.727941
09/25 04:54:27 PM valid 100 1.226774e+00 68.208540 91.491337
09/25 04:54:28 PM valid 150 1.229081e+00 68.563742 91.576987
09/25 04:54:28 PM valid_acc 68.660000, best_acc 69.580000
09/25 04:54:28 PM epoch 129 lr 2.217334e-02
09/25 04:54:28 PM train 000 4.706998e-01 90.625000 96.875000
09/25 04:54:33 PM train 050 5.874518e-01 82.659314 97.702206
09/25 04:54:37 PM train 100 5.728015e-01 83.075495 97.756807
09/25 04:54:41 PM train 150 5.825183e-01 82.419288 97.826987
09/25 04:54:45 PM train 200 5.915462e-01 82.081779 97.706779
09/25 04:54:50 PM train 250 5.947526e-01 81.984562 97.690488
09/25 04:54:54 PM train 300 6.040165e-01 81.618563 97.674419
09/25 04:54:58 PM train 350 6.153309e-01 81.316774 97.587251
09/25 04:55:02 PM train 400 6.164981e-01 81.137001 97.568579
09/25 04:55:07 PM train 450 6.155762e-01 81.114884 97.619873
09/25 04:55:11 PM train 500 6.182283e-01 81.100299 97.579840
09/25 04:55:15 PM train 550 6.184184e-01 81.105377 97.549909
09/25 04:55:19 PM train 600 6.224402e-01 80.966618 97.488561
09/25 04:55:24 PM train 650 6.243176e-01 80.945180 97.460637
09/25 04:55:28 PM train 700 6.272947e-01 80.942404 97.409950
09/25 04:55:32 PM train 750 6.302625e-01 80.808921 97.393059
09/25 04:55:35 PM train_acc 80.682000
09/25 04:55:35 PM valid 000 1.266058e+00 70.312500 85.937500
09/25 04:55:36 PM valid 050 1.350752e+00 66.881127 90.410539
09/25 04:55:37 PM valid 100 1.317679e+00 67.713490 90.686881
09/25 04:55:39 PM valid 150 1.326182e+00 67.973924 90.542219
09/25 04:55:39 PM valid_acc 67.890000, best_acc 69.580000
09/25 04:55:39 PM epoch 130 lr 2.213176e-02
09/25 04:55:39 PM train 000 5.644192e-01 75.000000 100.000000
09/25 04:55:43 PM train 050 5.638165e-01 82.077206 97.794118
09/25 04:55:48 PM train 100 5.543633e-01 82.626856 97.679455
09/25 04:55:52 PM train 150 5.584256e-01 82.439983 97.713162
09/25 04:55:56 PM train 200 5.677913e-01 82.105100 97.691231
09/25 04:56:01 PM train 250 5.700076e-01 82.065488 97.777639
09/25 04:56:05 PM train 300 5.712785e-01 82.033846 97.788621
09/25 04:56:09 PM train 350 5.809606e-01 81.939993 97.711895
09/25 04:56:13 PM train 400 5.887683e-01 81.768236 97.662095
09/25 04:56:18 PM train 450 5.977693e-01 81.565272 97.599085
09/25 04:56:22 PM train 500 6.004485e-01 81.558757 97.554890
09/25 04:56:26 PM train 550 6.056641e-01 81.394623 97.552745
09/25 04:56:31 PM train 600 6.121349e-01 81.229201 97.446963
09/25 04:56:35 PM train 650 6.161496e-01 81.103591 97.410234
09/25 04:56:39 PM train 700 6.183352e-01 81.024875 97.416637
09/25 04:56:43 PM train 750 6.231596e-01 80.873419 97.363931
09/25 04:56:46 PM train_acc 80.788000
09/25 04:56:46 PM valid 000 1.256682e+00 68.750000 90.625000
09/25 04:56:47 PM valid 050 1.355129e+00 65.625000 90.287990
09/25 04:56:49 PM valid 100 1.323231e+00 66.383045 90.315594
09/25 04:56:50 PM valid 150 1.342543e+00 66.266556 90.221440
09/25 04:56:50 PM valid_acc 66.210000, best_acc 69.580000
09/25 04:56:50 PM epoch 131 lr 2.208991e-02
09/25 04:56:50 PM train 000 6.075180e-01 82.812500 98.437500
09/25 04:56:55 PM train 050 5.649657e-01 82.873775 98.253676
09/25 04:56:59 PM train 100 5.729691e-01 82.425743 98.066213
09/25 04:57:03 PM train 150 5.749353e-01 82.315811 97.940811
09/25 04:57:08 PM train 200 5.775409e-01 82.245025 97.908893
09/25 04:57:12 PM train 250 5.897824e-01 82.009462 97.734064
09/25 04:57:16 PM train 300 6.017287e-01 81.561462 97.580980
09/25 04:57:20 PM train 350 6.029878e-01 81.414708 97.578348
09/25 04:57:25 PM train 400 6.053650e-01 81.421446 97.541303
09/25 04:57:29 PM train 450 6.091350e-01 81.204961 97.505543
09/25 04:57:33 PM train 500 6.147802e-01 81.075349 97.433258
09/25 04:57:38 PM train 550 6.197659e-01 80.929560 97.399614
09/25 04:57:42 PM train 600 6.209799e-01 80.860025 97.397567
09/25 04:57:46 PM train 650 6.254024e-01 80.738767 97.383833
09/25 04:57:50 PM train 700 6.278079e-01 80.668242 97.349768
09/25 04:57:54 PM train 750 6.304385e-01 80.567577 97.326481
09/25 04:57:57 PM train_acc 80.510000
09/25 04:57:57 PM valid 000 1.020657e+00 76.562500 89.062500
09/25 04:57:58 PM valid 050 1.375092e+00 67.524510 89.828431
09/25 04:58:00 PM valid 100 1.357498e+00 67.976485 90.207302
09/25 04:58:01 PM valid 150 1.349569e+00 68.108444 90.355960
09/25 04:58:01 PM valid_acc 68.060000, best_acc 69.580000
09/25 04:58:01 PM epoch 132 lr 2.204779e-02
09/25 04:58:01 PM train 000 6.048202e-01 82.812500 95.312500
09/25 04:58:06 PM train 050 5.759866e-01 82.230392 98.284314
09/25 04:58:10 PM train 100 5.569314e-01 82.858911 98.375619
09/25 04:58:14 PM train 150 5.652591e-01 82.636589 98.178808
09/25 04:58:18 PM train 200 5.715969e-01 82.416045 98.017724
09/25 04:58:23 PM train 250 5.790475e-01 82.096614 97.970618
09/25 04:58:27 PM train 300 5.823838e-01 82.179194 97.835341
09/25 04:58:31 PM train 350 5.904960e-01 81.939993 97.774217
09/25 04:58:35 PM train 400 5.981949e-01 81.701995 97.701060
09/25 04:58:40 PM train 450 6.016496e-01 81.561807 97.661447
09/25 04:58:44 PM train 500 6.034586e-01 81.502620 97.676522
09/25 04:58:48 PM train 550 6.103766e-01 81.230150 97.609460
09/25 04:58:52 PM train 600 6.170054e-01 81.091410 97.558756
09/25 04:58:57 PM train 650 6.222371e-01 80.954781 97.472638
09/25 04:59:01 PM train 700 6.264961e-01 80.808666 97.458987
09/25 04:59:05 PM train 750 6.328100e-01 80.590463 97.420107
09/25 04:59:08 PM train_acc 80.488000
09/25 04:59:08 PM valid 000 1.201109e+00 67.187500 92.187500
09/25 04:59:09 PM valid 050 1.301312e+00 66.482843 91.145833
09/25 04:59:10 PM valid 100 1.287242e+00 67.357673 90.903465
09/25 04:59:12 PM valid 150 1.285311e+00 67.860099 90.811258
09/25 04:59:12 PM valid_acc 67.800000, best_acc 69.580000
09/25 04:59:12 PM epoch 133 lr 2.200542e-02
09/25 04:59:12 PM train 000 5.548236e-01 82.812500 98.437500
09/25 04:59:16 PM train 050 5.584200e-01 82.598039 98.008578
09/25 04:59:21 PM train 100 5.500939e-01 82.982673 97.973391
09/25 04:59:25 PM train 150 5.492981e-01 83.081540 97.961507
09/25 04:59:29 PM train 200 5.598463e-01 82.688122 97.893346
09/25 04:59:33 PM train 250 5.659254e-01 82.495020 97.902141
09/25 04:59:38 PM train 300 5.729641e-01 82.220723 97.773048
09/25 04:59:42 PM train 350 5.774463e-01 82.100249 97.760862
09/25 04:59:46 PM train 400 5.859779e-01 81.838373 97.677681
09/25 04:59:50 PM train 450 5.952517e-01 81.655349 97.581763
09/25 04:59:55 PM train 500 6.007588e-01 81.508857 97.514346
09/25 04:59:59 PM train 550 6.073122e-01 81.230150 97.530059
09/25 05:00:03 PM train 600 6.120303e-01 81.117408 97.527558
09/25 05:00:07 PM train 650 6.178044e-01 80.961982 97.477439
09/25 05:00:11 PM train 700 6.233690e-01 80.806437 97.414408
09/25 05:00:16 PM train 750 6.267606e-01 80.717377 97.420107
09/25 05:00:18 PM train_acc 80.624000
09/25 05:00:18 PM valid 000 1.084449e+00 71.875000 96.875000
09/25 05:00:20 PM valid 050 1.223153e+00 68.566176 91.023284
09/25 05:00:21 PM valid 100 1.210093e+00 68.672649 90.810644
09/25 05:00:22 PM valid 150 1.224938e+00 68.584437 90.780215
09/25 05:00:22 PM valid_acc 68.550000, best_acc 69.580000
09/25 05:00:23 PM epoch 134 lr 2.196278e-02
09/25 05:00:23 PM train 000 8.578280e-01 78.125000 92.187500
09/25 05:00:27 PM train 050 5.916531e-01 81.372549 98.008578
09/25 05:00:31 PM train 100 5.890480e-01 81.652228 97.834158
09/25 05:00:35 PM train 150 5.894374e-01 81.881209 97.868377
09/25 05:00:40 PM train 200 5.876443e-01 81.693097 97.932214
09/25 05:00:44 PM train 250 5.872169e-01 81.729333 97.877241
09/25 05:00:48 PM train 300 5.835364e-01 81.743148 97.876869
09/25 05:00:52 PM train 350 5.928072e-01 81.503739 97.792023
09/25 05:00:57 PM train 400 5.986631e-01 81.390274 97.708853
09/25 05:01:01 PM train 450 6.018062e-01 81.308897 97.682234
09/25 05:01:05 PM train 500 6.123130e-01 80.994261 97.558009
09/25 05:01:09 PM train 550 6.161151e-01 80.918217 97.504537
09/25 05:01:14 PM train 600 6.187972e-01 80.808028 97.504160
09/25 05:01:18 PM train 650 6.249386e-01 80.654762 97.405434
09/25 05:01:22 PM train 700 6.286176e-01 80.532275 97.378745
09/25 05:01:26 PM train 750 6.310357e-01 80.498918 97.334804
09/25 05:01:29 PM train_acc 80.480000
09/25 05:01:29 PM valid 000 9.215054e-01 75.000000 95.312500
09/25 05:01:30 PM valid 050 1.303213e+00 67.984069 90.839461
09/25 05:01:32 PM valid 100 1.291571e+00 67.821782 91.197401
09/25 05:01:33 PM valid 150 1.275744e+00 68.356788 91.163079
09/25 05:01:33 PM valid_acc 68.360000, best_acc 69.580000
09/25 05:01:33 PM epoch 135 lr 2.191988e-02
09/25 05:01:33 PM train 000 6.292052e-01 79.687500 98.437500
09/25 05:01:38 PM train 050 5.576004e-01 82.659314 97.732843
09/25 05:01:42 PM train 100 5.391067e-01 83.462252 97.741337
09/25 05:01:46 PM train 150 5.461947e-01 83.309189 97.920116
09/25 05:01:51 PM train 200 5.496617e-01 82.960199 97.994403
09/25 05:01:55 PM train 250 5.478333e-01 83.186006 97.989293
09/25 05:01:59 PM train 300 5.553849e-01 82.963040 97.933970
09/25 05:02:04 PM train 350 5.650768e-01 82.629986 97.845442
09/25 05:02:08 PM train 400 5.734498e-01 82.387781 97.802369
09/25 05:02:12 PM train 450 5.824141e-01 82.168099 97.703021
09/25 05:02:16 PM train 500 5.926479e-01 81.889346 97.645334
09/25 05:02:21 PM train 550 5.994990e-01 81.669691 97.586774
09/25 05:02:25 PM train 600 6.056280e-01 81.460587 97.566556
09/25 05:02:29 PM train 650 6.091066e-01 81.365207 97.527842
09/25 05:02:34 PM train 700 6.116273e-01 81.290121 97.490193
09/25 05:02:38 PM train 750 6.191965e-01 81.021138 97.455476
09/25 05:02:41 PM train_acc 80.910000
09/25 05:02:41 PM valid 000 9.011739e-01 70.312500 95.312500
09/25 05:02:42 PM valid 050 1.224694e+00 69.546569 91.299020
09/25 05:02:43 PM valid 100 1.193980e+00 69.755569 91.785272
09/25 05:02:45 PM valid 150 1.205965e+00 69.733030 91.421772
09/25 05:02:45 PM valid_acc 69.770000, best_acc 69.770000
09/25 05:02:45 PM epoch 136 lr 2.187673e-02
09/25 05:02:45 PM train 000 3.086013e-01 89.062500 100.000000
09/25 05:02:49 PM train 050 5.707564e-01 82.904412 97.855392
09/25 05:02:54 PM train 100 5.626256e-01 83.090965 97.756807
09/25 05:02:58 PM train 150 5.711354e-01 82.843543 97.826987
09/25 05:03:02 PM train 200 5.757868e-01 82.501555 97.792289
09/25 05:03:06 PM train 250 5.871642e-01 82.121514 97.709163
09/25 05:03:11 PM train 300 5.969411e-01 81.909261 97.549834
09/25 05:03:15 PM train 350 6.033440e-01 81.695157 97.444801
09/25 05:03:19 PM train 400 6.034299e-01 81.585100 97.436097
09/25 05:03:23 PM train 450 6.035774e-01 81.561807 97.450111
09/25 05:03:28 PM train 500 6.101647e-01 81.368513 97.411427
09/25 05:03:32 PM train 550 6.173147e-01 81.156420 97.354242
09/25 05:03:36 PM train 600 6.234338e-01 80.971818 97.275374
09/25 05:03:41 PM train 650 6.267050e-01 80.856375 97.271025
09/25 05:03:45 PM train 700 6.293894e-01 80.770774 97.251694
09/25 05:03:49 PM train 750 6.319384e-01 80.702813 97.245340
09/25 05:03:52 PM train_acc 80.652000
09/25 05:03:52 PM valid 000 1.342806e+00 70.312500 89.062500
09/25 05:03:53 PM valid 050 1.428916e+00 65.870098 89.950980
09/25 05:03:54 PM valid 100 1.420291e+00 66.135520 89.836015
09/25 05:03:56 PM valid 150 1.434686e+00 66.090646 89.590232
09/25 05:03:56 PM valid_acc 66.040000, best_acc 69.770000
09/25 05:03:56 PM epoch 137 lr 2.183332e-02
09/25 05:03:56 PM train 000 8.112590e-01 79.687500 93.750000
09/25 05:04:00 PM train 050 5.477108e-01 83.363971 98.069853
09/25 05:04:05 PM train 100 5.379950e-01 83.740718 98.066213
09/25 05:04:09 PM train 150 5.536611e-01 83.288493 97.920116
09/25 05:04:13 PM train 200 5.546321e-01 83.154540 97.870025
09/25 05:04:18 PM train 250 5.615420e-01 83.042829 97.895916
09/25 05:04:22 PM train 300 5.619124e-01 82.947467 97.939161
09/25 05:04:26 PM train 350 5.702053e-01 82.736823 97.827635
09/25 05:04:30 PM train 400 5.785374e-01 82.496883 97.778990
09/25 05:04:34 PM train 450 5.892833e-01 82.150776 97.706486
09/25 05:04:39 PM train 500 5.957110e-01 81.970434 97.611028
09/25 05:04:43 PM train 550 6.001077e-01 81.822822 97.583938
09/25 05:04:47 PM train 600 6.044929e-01 81.686772 97.485961
09/25 05:04:52 PM train 650 6.124020e-01 81.391609 97.427035
09/25 05:04:56 PM train 700 6.202284e-01 81.216566 97.343081
09/25 05:05:00 PM train 750 6.238079e-01 81.102280 97.334804
09/25 05:05:03 PM train_acc 80.964000
09/25 05:05:03 PM valid 000 9.837235e-01 76.562500 93.750000
09/25 05:05:04 PM valid 050 1.327835e+00 67.769608 91.023284
09/25 05:05:05 PM valid 100 1.298897e+00 68.425124 91.444926
09/25 05:05:07 PM valid 150 1.295697e+00 68.274007 91.307947
09/25 05:05:07 PM valid_acc 68.320000, best_acc 69.770000
09/25 05:05:07 PM epoch 138 lr 2.178965e-02
09/25 05:05:07 PM train 000 6.876398e-01 76.562500 98.437500
09/25 05:05:12 PM train 050 5.763485e-01 82.015931 97.549020
09/25 05:05:16 PM train 100 5.623754e-01 82.781559 97.787748
09/25 05:05:20 PM train 150 5.545480e-01 83.019454 97.930464
09/25 05:05:24 PM train 200 5.540619e-01 82.999067 97.932214
09/25 05:05:29 PM train 250 5.603830e-01 82.706673 97.858566
09/25 05:05:33 PM train 300 5.721342e-01 82.381645 97.840532
09/25 05:05:37 PM train 350 5.847946e-01 82.042379 97.707443
09/25 05:05:41 PM train 400 5.917535e-01 81.865648 97.662095
09/25 05:05:46 PM train 450 5.982487e-01 81.641491 97.616408
09/25 05:05:50 PM train 500 6.013331e-01 81.543164 97.642216
09/25 05:05:54 PM train 550 6.059017e-01 81.371937 97.620803
09/25 05:05:58 PM train 600 6.086341e-01 81.299397 97.595154
09/25 05:06:03 PM train 650 6.151690e-01 81.129992 97.530242
09/25 05:06:07 PM train 700 6.209910e-01 80.942404 97.476819
09/25 05:06:11 PM train 750 6.270309e-01 80.767310 97.409704
09/25 05:06:14 PM train_acc 80.642000
09/25 05:06:14 PM valid 000 1.105557e+00 73.437500 92.187500
09/25 05:06:15 PM valid 050 1.205970e+00 68.474265 91.666667
09/25 05:06:17 PM valid 100 1.227863e+00 68.672649 91.599629
09/25 05:06:18 PM valid 150 1.245221e+00 68.781043 91.338990
09/25 05:06:18 PM valid_acc 68.840000, best_acc 69.770000
09/25 05:06:18 PM epoch 139 lr 2.174573e-02
09/25 05:06:18 PM train 000 5.370532e-01 82.812500 98.437500
09/25 05:06:23 PM train 050 5.406311e-01 82.935049 98.192402
09/25 05:06:27 PM train 100 5.284437e-01 83.570545 98.159035
09/25 05:06:31 PM train 150 5.323489e-01 83.371275 98.209851
09/25 05:06:35 PM train 200 5.409370e-01 83.107898 98.095460
09/25 05:06:40 PM train 250 5.498112e-01 82.837400 98.007968
09/25 05:06:44 PM train 300 5.613451e-01 82.521802 97.913206
09/25 05:06:48 PM train 350 5.745565e-01 82.144765 97.814281
09/25 05:06:52 PM train 400 5.837760e-01 81.877338 97.763404
09/25 05:06:57 PM train 450 5.909588e-01 81.665743 97.730737
09/25 05:07:01 PM train 500 5.958383e-01 81.633608 97.651572
09/25 05:07:05 PM train 550 6.018110e-01 81.479696 97.606624
09/25 05:07:10 PM train 600 6.070652e-01 81.359193 97.569156
09/25 05:07:14 PM train 650 6.124461e-01 81.206797 97.489439
09/25 05:07:18 PM train 700 6.179634e-01 81.013730 97.441155
09/25 05:07:22 PM train 750 6.218380e-01 80.869258 97.409704
09/25 05:07:25 PM train_acc 80.802000
09/25 05:07:25 PM valid 000 1.114910e+00 76.562500 92.187500
09/25 05:07:26 PM valid 050 1.298371e+00 67.922794 90.533088
09/25 05:07:28 PM valid 100 1.295245e+00 67.991955 91.089109
09/25 05:07:29 PM valid 150 1.301596e+00 68.377483 90.945778
09/25 05:07:29 PM valid_acc 68.440000, best_acc 69.770000
09/25 05:07:29 PM epoch 140 lr 2.170156e-02
09/25 05:07:29 PM train 000 3.174340e-01 89.062500 100.000000
09/25 05:07:34 PM train 050 5.928252e-01 81.954657 97.916667
09/25 05:07:38 PM train 100 5.941804e-01 81.621287 97.694926
09/25 05:07:42 PM train 150 5.741125e-01 82.201987 97.723510
09/25 05:07:46 PM train 200 5.788738e-01 81.926306 97.768968
09/25 05:07:51 PM train 250 5.830620e-01 81.810259 97.752739
09/25 05:07:55 PM train 300 5.855100e-01 81.696429 97.773048
09/25 05:07:59 PM train 350 5.982581e-01 81.392450 97.680734
09/25 05:08:03 PM train 400 6.025087e-01 81.335723 97.615337
09/25 05:08:08 PM train 450 6.064088e-01 81.187639 97.623337
09/25 05:08:12 PM train 500 6.095958e-01 81.172031 97.604790
09/25 05:08:16 PM train 550 6.112472e-01 81.204628 97.564088
09/25 05:08:20 PM train 600 6.145314e-01 81.096610 97.527558
09/25 05:08:25 PM train 650 6.184246e-01 81.045987 97.489439
09/25 05:08:29 PM train 700 6.236551e-01 80.864390 97.427782
09/25 05:08:33 PM train 750 6.256430e-01 80.786035 97.409704
09/25 05:08:36 PM train_acc 80.712000
09/25 05:08:36 PM valid 000 1.283011e+00 65.625000 89.062500
09/25 05:08:37 PM valid 050 1.581207e+00 63.296569 88.939951
09/25 05:08:39 PM valid 100 1.528332e+00 63.954208 89.047030
09/25 05:08:40 PM valid 150 1.526648e+00 64.103891 89.010762
09/25 05:08:40 PM valid_acc 64.120000, best_acc 69.770000
09/25 05:08:40 PM epoch 141 lr 2.165713e-02
09/25 05:08:40 PM train 000 5.887043e-01 81.250000 95.312500
09/25 05:08:45 PM train 050 5.595276e-01 82.567402 97.640931
09/25 05:08:49 PM train 100 5.615249e-01 82.657797 97.818688
09/25 05:08:53 PM train 150 5.596861e-01 82.781457 97.806291
09/25 05:08:57 PM train 200 5.578068e-01 82.913557 97.846704
09/25 05:09:02 PM train 250 5.651694e-01 82.607072 97.808765
09/25 05:09:06 PM train 300 5.699412e-01 82.412791 97.762666
09/25 05:09:10 PM train 350 5.737288e-01 82.278312 97.729701
09/25 05:09:14 PM train 400 5.807861e-01 82.052681 97.662095
09/25 05:09:19 PM train 450 5.868095e-01 81.915188 97.644124
09/25 05:09:23 PM train 500 5.934267e-01 81.720933 97.620384
09/25 05:09:27 PM train 550 5.997988e-01 81.519397 97.589610
09/25 05:09:31 PM train 600 6.065882e-01 81.340994 97.506760
09/25 05:09:36 PM train 650 6.084845e-01 81.290803 97.494240
09/25 05:09:40 PM train 700 6.150658e-01 81.082828 97.434469
09/25 05:09:44 PM train 750 6.182891e-01 81.021138 97.397220
09/25 05:09:47 PM train_acc 80.882000
09/25 05:09:47 PM valid 000 8.874183e-01 75.000000 95.312500
09/25 05:09:48 PM valid 050 1.374940e+00 67.401961 90.410539
09/25 05:09:49 PM valid 100 1.349435e+00 67.605198 90.733292
09/25 05:09:51 PM valid 150 1.346865e+00 67.570364 90.625000
09/25 05:09:51 PM valid_acc 67.590000, best_acc 69.770000
09/25 05:09:51 PM epoch 142 lr 2.161245e-02
09/25 05:09:51 PM train 000 5.052983e-01 81.250000 100.000000
09/25 05:09:55 PM train 050 5.256826e-01 84.528186 97.916667
09/25 05:10:00 PM train 100 5.483254e-01 83.555074 97.865099
09/25 05:10:04 PM train 150 5.552484e-01 83.247103 97.847682
09/25 05:10:08 PM train 200 5.518785e-01 83.193408 97.877799
09/25 05:10:12 PM train 250 5.680470e-01 82.700448 97.721614
09/25 05:10:17 PM train 300 5.723192e-01 82.516611 97.752284
09/25 05:10:21 PM train 350 5.815382e-01 82.242699 97.671830
09/25 05:10:25 PM train 400 5.897112e-01 82.033198 97.619233
09/25 05:10:29 PM train 450 5.982370e-01 81.835504 97.529795
09/25 05:10:34 PM train 500 6.015540e-01 81.667914 97.483159
09/25 05:10:38 PM train 550 6.072154e-01 81.462681 97.470508
09/25 05:10:42 PM train 600 6.137654e-01 81.291597 97.402766
09/25 05:10:46 PM train 650 6.169059e-01 81.201997 97.386233
09/25 05:10:51 PM train 700 6.213246e-01 81.100660 97.367600
09/25 05:10:55 PM train 750 6.262843e-01 81.016977 97.309837
09/25 05:10:58 PM train_acc 80.984000
09/25 05:10:58 PM valid 000 1.344597e+00 71.875000 90.625000
09/25 05:10:59 PM valid 050 1.301947e+00 67.432598 91.084559
09/25 05:11:00 PM valid 100 1.291802e+00 67.930074 91.073639
09/25 05:11:01 PM valid 150 1.285035e+00 68.077401 90.945778
09/25 05:11:02 PM valid_acc 68.140000, best_acc 69.770000
09/25 05:11:02 PM epoch 143 lr 2.156752e-02
09/25 05:11:02 PM train 000 5.993806e-01 81.250000 100.000000
09/25 05:11:06 PM train 050 5.650218e-01 82.414216 97.549020
09/25 05:11:10 PM train 100 5.496767e-01 82.657797 97.787748
09/25 05:11:14 PM train 150 5.500398e-01 82.864238 98.002897
09/25 05:11:19 PM train 200 5.651676e-01 82.314988 97.939988
09/25 05:11:23 PM train 250 5.731800e-01 81.972112 97.871016
09/25 05:11:27 PM train 300 5.746020e-01 82.033846 97.876869
09/25 05:11:31 PM train 350 5.830314e-01 81.788640 97.809829
09/25 05:11:36 PM train 400 5.899484e-01 81.581203 97.747818
09/25 05:11:40 PM train 450 5.937135e-01 81.444013 97.716879
09/25 05:11:44 PM train 500 5.962848e-01 81.434007 97.685878
09/25 05:11:48 PM train 550 6.013553e-01 81.323730 97.634982
09/25 05:11:53 PM train 600 6.052879e-01 81.211002 97.615953
09/25 05:11:57 PM train 650 6.102345e-01 81.065188 97.563844
09/25 05:12:01 PM train 700 6.165133e-01 80.893367 97.523627
09/25 05:12:05 PM train 750 6.202873e-01 80.804760 97.507490
09/25 05:12:08 PM train_acc 80.778000
09/25 05:12:08 PM valid 000 1.281056e+00 67.187500 89.062500
09/25 05:12:09 PM valid 050 1.368817e+00 67.248775 90.318627
09/25 05:12:11 PM valid 100 1.340179e+00 67.465965 90.362005
09/25 05:12:12 PM valid 150 1.339860e+00 67.560017 90.366308
09/25 05:12:12 PM valid_acc 67.530000, best_acc 69.770000
09/25 05:12:12 PM epoch 144 lr 2.152234e-02
09/25 05:12:12 PM train 000 5.408736e-01 81.250000 96.875000
09/25 05:12:16 PM train 050 5.726463e-01 82.843137 97.702206
09/25 05:12:21 PM train 100 5.826659e-01 82.100866 97.756807
09/25 05:12:25 PM train 150 5.941496e-01 81.757036 97.640728
09/25 05:12:29 PM train 200 5.941198e-01 81.887438 97.667910
09/25 05:12:34 PM train 250 5.896623e-01 81.965886 97.690488
09/25 05:12:38 PM train 300 5.968955e-01 81.763912 97.617317
09/25 05:12:42 PM train 350 6.002468e-01 81.628383 97.640670
09/25 05:12:46 PM train 400 6.018906e-01 81.577307 97.611440
09/25 05:12:50 PM train 450 6.046116e-01 81.457871 97.637195
09/25 05:12:55 PM train 500 6.121685e-01 81.253119 97.567365
09/25 05:12:59 PM train 550 6.170599e-01 81.139406 97.507373
09/25 05:13:03 PM train 600 6.223223e-01 80.990017 97.452163
09/25 05:13:07 PM train 650 6.275470e-01 80.820373 97.369432
09/25 05:13:12 PM train 700 6.317700e-01 80.706134 97.318563
09/25 05:13:16 PM train 750 6.358316e-01 80.523885 97.307756
09/25 05:13:19 PM train_acc 80.476000
09/25 05:13:19 PM valid 000 1.179065e+00 68.750000 89.062500
09/25 05:13:20 PM valid 050 1.237899e+00 68.229167 91.819853
09/25 05:13:21 PM valid 100 1.226557e+00 68.719059 91.939975
09/25 05:13:22 PM valid 150 1.246585e+00 68.729305 91.359685
09/25 05:13:23 PM valid_acc 68.750000, best_acc 69.770000
09/25 05:13:23 PM epoch 145 lr 2.147692e-02
09/25 05:13:23 PM train 000 5.110735e-01 82.812500 100.000000
09/25 05:13:27 PM train 050 5.352825e-01 84.283088 98.131127
09/25 05:13:31 PM train 100 5.436095e-01 83.833540 98.035272
09/25 05:13:35 PM train 150 5.412022e-01 83.671358 98.044288
09/25 05:13:40 PM train 200 5.494986e-01 83.372201 98.033271
09/25 05:13:44 PM train 250 5.516769e-01 83.254482 98.070219
09/25 05:13:48 PM train 300 5.609130e-01 82.988995 97.985880
09/25 05:13:52 PM train 350 5.712613e-01 82.607728 97.925570
09/25 05:13:57 PM train 400 5.793386e-01 82.360505 97.825748
09/25 05:14:01 PM train 450 5.804950e-01 82.289357 97.803492
09/25 05:14:05 PM train 500 5.874949e-01 82.070235 97.710828
09/25 05:14:09 PM train 550 5.914786e-01 81.995803 97.651996
09/25 05:14:14 PM train 600 5.959218e-01 81.840162 97.634151
09/25 05:14:18 PM train 650 6.003245e-01 81.691628 97.583045
09/25 05:14:22 PM train 700 6.053945e-01 81.517475 97.565977
09/25 05:14:26 PM train 750 6.078103e-01 81.435170 97.538698
09/25 05:14:29 PM train_acc 81.286000
09/25 05:14:29 PM valid 000 8.511038e-01 73.437500 93.750000
09/25 05:14:30 PM valid 050 1.287399e+00 68.229167 90.870098
09/25 05:14:32 PM valid 100 1.289002e+00 68.672649 90.965347
09/25 05:14:33 PM valid 150 1.306702e+00 68.325745 90.780215
09/25 05:14:33 PM valid_acc 68.320000, best_acc 69.770000
09/25 05:14:33 PM epoch 146 lr 2.143125e-02
09/25 05:14:33 PM train 000 5.814043e-01 81.250000 98.437500
09/25 05:14:38 PM train 050 5.642384e-01 82.843137 97.916667
09/25 05:14:42 PM train 100 5.551750e-01 82.750619 97.988861
09/25 05:14:46 PM train 150 5.449145e-01 83.071192 98.106374
09/25 05:14:50 PM train 200 5.489249e-01 82.851368 98.126555
09/25 05:14:54 PM train 250 5.587975e-01 82.501245 98.026643
09/25 05:14:59 PM train 300 5.704065e-01 82.272633 97.871678
09/25 05:15:03 PM train 350 5.795785e-01 82.082443 97.800926
09/25 05:15:07 PM train 400 5.902566e-01 81.686409 97.720542
09/25 05:15:11 PM train 450 6.010173e-01 81.440549 97.682234
09/25 05:15:16 PM train 500 6.072718e-01 81.312375 97.623503
09/25 05:15:20 PM train 550 6.134821e-01 81.119555 97.549909
09/25 05:15:24 PM train 600 6.180966e-01 81.016015 97.452163
09/25 05:15:28 PM train 650 6.201901e-01 80.990783 97.427035
09/25 05:15:32 PM train 700 6.227287e-01 80.982525 97.369829
09/25 05:15:37 PM train 750 6.268124e-01 80.852613 97.320240
09/25 05:15:39 PM train_acc 80.736000
09/25 05:15:39 PM valid 000 9.638866e-01 79.687500 96.875000
09/25 05:15:41 PM valid 050 1.242374e+00 69.607843 91.390931
09/25 05:15:42 PM valid 100 1.245301e+00 69.183168 91.615099
09/25 05:15:43 PM valid 150 1.255482e+00 68.956954 91.566639
09/25 05:15:43 PM valid_acc 69.040000, best_acc 69.770000
09/25 05:15:43 PM epoch 147 lr 2.138534e-02
09/25 05:15:44 PM train 000 5.790093e-01 79.687500 95.312500
09/25 05:15:48 PM train 050 5.449407e-01 83.547794 97.947304
09/25 05:15:52 PM train 100 5.703720e-01 82.595916 97.741337
09/25 05:15:56 PM train 150 5.585372e-01 82.915977 97.889073
09/25 05:16:00 PM train 200 5.556194e-01 82.960199 97.893346
09/25 05:16:05 PM train 250 5.497437e-01 83.117530 97.983068
09/25 05:16:09 PM train 300 5.594447e-01 82.874792 97.876869
09/25 05:16:13 PM train 350 5.693375e-01 82.585470 97.832087
09/25 05:16:17 PM train 400 5.784066e-01 82.298161 97.755611
09/25 05:16:22 PM train 450 5.850694e-01 82.109202 97.723808
09/25 05:16:26 PM train 500 5.916842e-01 81.923653 97.645334
09/25 05:16:30 PM train 550 5.962751e-01 81.757600 97.623639
09/25 05:16:34 PM train 600 5.985948e-01 81.642575 97.615953
09/25 05:16:39 PM train 650 6.060089e-01 81.473214 97.489439
09/25 05:16:43 PM train 700 6.136225e-01 81.243313 97.432240
09/25 05:16:47 PM train 750 6.174167e-01 81.177180 97.393059
09/25 05:16:50 PM train_acc 81.082000
09/25 05:16:50 PM valid 000 1.563933e+00 70.312500 89.062500
09/25 05:16:51 PM valid 050 1.273314e+00 68.412990 91.145833
09/25 05:16:52 PM valid 100 1.278033e+00 68.038366 91.413985
09/25 05:16:53 PM valid 150 1.259834e+00 68.801738 91.463162
09/25 05:16:54 PM valid_acc 68.900000, best_acc 69.770000
09/25 05:16:54 PM epoch 148 lr 2.133918e-02
09/25 05:16:54 PM train 000 7.172483e-01 73.437500 96.875000
09/25 05:16:58 PM train 050 6.027451e-01 81.188725 97.640931
09/25 05:17:02 PM train 100 5.785393e-01 81.822401 97.834158
09/25 05:17:07 PM train 150 5.732812e-01 82.015728 97.826987
09/25 05:17:11 PM train 200 5.725469e-01 82.369403 97.776741
09/25 05:17:15 PM train 250 5.714172e-01 82.295817 97.771414
09/25 05:17:19 PM train 300 5.737589e-01 82.148048 97.788621
09/25 05:17:23 PM train 350 5.818671e-01 82.029024 97.680734
09/25 05:17:28 PM train 400 5.862845e-01 81.776029 97.701060
09/25 05:17:32 PM train 450 5.913944e-01 81.634562 97.703021
09/25 05:17:36 PM train 500 5.985331e-01 81.443363 97.688997
09/25 05:17:41 PM train 550 6.039080e-01 81.250000 97.654832
09/25 05:17:45 PM train 600 6.081637e-01 81.117408 97.592554
09/25 05:17:49 PM train 650 6.168471e-01 80.863575 97.515841
09/25 05:17:53 PM train 700 6.189307e-01 80.853245 97.492422
09/25 05:17:58 PM train 750 6.247387e-01 80.698652 97.451315
09/25 05:18:00 PM train_acc 80.624000
09/25 05:18:00 PM valid 000 1.164874e+00 68.750000 93.750000
09/25 05:18:02 PM valid 050 1.289647e+00 69.270833 90.563725
09/25 05:18:03 PM valid 100 1.256982e+00 69.415223 91.336634
09/25 05:18:04 PM valid 150 1.268182e+00 69.246689 91.121689
09/25 05:18:04 PM valid_acc 69.210000, best_acc 69.770000
09/25 05:18:04 PM epoch 149 lr 2.129278e-02
09/25 05:18:04 PM train 000 6.391988e-01 70.312500 98.437500
09/25 05:18:09 PM train 050 5.544628e-01 82.444853 98.039216
09/25 05:18:13 PM train 100 5.472391e-01 82.827970 98.081683
09/25 05:18:17 PM train 150 5.478111e-01 82.926325 98.075331
09/25 05:18:21 PM train 200 5.528327e-01 82.999067 98.087687
09/25 05:18:26 PM train 250 5.583730e-01 82.775149 98.082669
09/25 05:18:30 PM train 300 5.620736e-01 82.724252 98.032600
09/25 05:18:34 PM train 350 5.733534e-01 82.380698 97.889957
09/25 05:18:38 PM train 400 5.816279e-01 82.068267 97.880299
09/25 05:18:42 PM train 450 5.859799e-01 81.970621 97.810421
09/25 05:18:47 PM train 500 5.896179e-01 81.908059 97.776322
09/25 05:18:51 PM train 550 5.948527e-01 81.783122 97.728562
09/25 05:18:55 PM train 600 6.000254e-01 81.569780 97.709547
09/25 05:18:59 PM train 650 6.037961e-01 81.473214 97.676651
09/25 05:19:04 PM train 700 6.075678e-01 81.370364 97.628388
09/25 05:19:08 PM train 750 6.120489e-01 81.260403 97.621921
09/25 05:19:11 PM train_acc 81.134000
09/25 05:19:11 PM valid 000 1.029262e+00 71.875000 93.750000
09/25 05:19:12 PM valid 050 1.270798e+00 68.075980 91.605392
09/25 05:19:13 PM valid 100 1.260448e+00 68.626238 91.707921
09/25 05:19:14 PM valid 150 1.273541e+00 68.501656 91.649421
09/25 05:19:14 PM valid_acc 68.600000, best_acc 69.770000
09/25 05:19:15 PM epoch 150 lr 2.124613e-02
09/25 05:19:15 PM train 000 7.356366e-01 81.250000 95.312500
09/25 05:19:19 PM train 050 5.372648e-01 83.425245 98.131127
09/25 05:19:23 PM train 100 5.647230e-01 82.518564 97.803218
09/25 05:19:28 PM train 150 5.581073e-01 82.812500 97.837334
09/25 05:19:32 PM train 200 5.509212e-01 82.952425 97.939988
09/25 05:19:36 PM train 250 5.572185e-01 82.656873 97.995518
09/25 05:19:40 PM train 300 5.685655e-01 82.241487 97.944352
09/25 05:19:44 PM train 350 5.738917e-01 82.046830 97.938925
09/25 05:19:49 PM train 400 5.809938e-01 81.814994 97.868610
09/25 05:19:53 PM train 450 5.832501e-01 81.800859 97.834673
09/25 05:19:57 PM train 500 5.911351e-01 81.586826 97.726422
09/25 05:20:01 PM train 550 5.937197e-01 81.525068 97.711547
09/25 05:20:06 PM train 600 5.978829e-01 81.444988 97.691348
09/25 05:20:10 PM train 650 6.038615e-01 81.338806 97.638249
09/25 05:20:14 PM train 700 6.093003e-01 81.171986 97.574893
09/25 05:20:18 PM train 750 6.125985e-01 81.073152 97.522054
09/25 05:20:21 PM train_acc 81.076000
09/25 05:20:21 PM valid 000 1.093164e+00 73.437500 92.187500
09/25 05:20:22 PM valid 050 1.280840e+00 68.719363 91.237745
09/25 05:20:24 PM valid 100 1.266842e+00 68.780941 91.212871
09/25 05:20:25 PM valid 150 1.261010e+00 68.832781 91.307947
09/25 05:20:25 PM valid_acc 68.840000, best_acc 69.770000
09/25 05:20:25 PM epoch 151 lr 2.119925e-02
09/25 05:20:25 PM train 000 3.785679e-01 87.500000 100.000000
09/25 05:20:29 PM train 050 5.488898e-01 83.639706 98.039216
09/25 05:20:34 PM train 100 5.436901e-01 83.601485 97.926980
09/25 05:20:38 PM train 150 5.497463e-01 83.412666 97.816639
09/25 05:20:42 PM train 200 5.501753e-01 83.325560 97.908893
09/25 05:20:46 PM train 250 5.515840e-01 83.391434 97.839890
09/25 05:20:51 PM train 300 5.616393e-01 83.014950 97.809385
09/25 05:20:55 PM train 350 5.637997e-01 82.879274 97.840990
09/25 05:20:59 PM train 400 5.685414e-01 82.672226 97.864713
09/25 05:21:03 PM train 450 5.754344e-01 82.441796 97.817350
09/25 05:21:07 PM train 500 5.799108e-01 82.347804 97.766966
09/25 05:21:12 PM train 550 5.887957e-01 82.026996 97.714383
09/25 05:21:16 PM train 600 5.927762e-01 81.868760 97.678349
09/25 05:21:20 PM train 650 5.991914e-01 81.677227 97.583045
09/25 05:21:24 PM train 700 6.060408e-01 81.457293 97.557061
09/25 05:21:29 PM train 750 6.133494e-01 81.254161 97.511651
09/25 05:21:31 PM train_acc 81.204000
09/25 05:21:31 PM valid 000 1.002079e+00 75.000000 96.875000
09/25 05:21:33 PM valid 050 1.263046e+00 68.229167 91.176471
09/25 05:21:34 PM valid 100 1.226704e+00 68.873762 91.321163
09/25 05:21:35 PM valid 150 1.252888e+00 68.574089 91.121689
09/25 05:21:35 PM valid_acc 68.530000, best_acc 69.770000
09/25 05:21:35 PM epoch 152 lr 2.115213e-02
09/25 05:21:35 PM train 000 4.295471e-01 89.062500 100.000000
09/25 05:21:40 PM train 050 5.656195e-01 83.241422 98.039216
09/25 05:21:44 PM train 100 5.626146e-01 82.889851 98.004332
09/25 05:21:48 PM train 150 5.660039e-01 82.719371 97.889073
09/25 05:21:53 PM train 200 5.742522e-01 82.400498 97.854478
09/25 05:21:57 PM train 250 5.819480e-01 82.071713 97.790090
09/25 05:22:01 PM train 300 5.783904e-01 82.205150 97.830150
09/25 05:22:05 PM train 350 5.788790e-01 82.287215 97.792023
09/25 05:22:09 PM train 400 5.854240e-01 82.060474 97.794576
09/25 05:22:14 PM train 450 5.922136e-01 81.880543 97.709950
09/25 05:22:18 PM train 500 5.950908e-01 81.783308 97.660928
09/25 05:22:22 PM train 550 5.987774e-01 81.666856 97.609460
09/25 05:22:26 PM train 600 6.002123e-01 81.577579 97.636751
09/25 05:22:31 PM train 650 6.067281e-01 81.396409 97.559044
09/25 05:22:35 PM train 700 6.118114e-01 81.305724 97.481277
09/25 05:22:39 PM train 750 6.151605e-01 81.202147 97.432590
09/25 05:22:42 PM train_acc 81.020000
09/25 05:22:42 PM valid 000 1.221623e+00 70.312500 89.062500
09/25 05:22:43 PM valid 050 1.197556e+00 70.925245 91.482843
09/25 05:22:44 PM valid 100 1.194433e+00 70.157797 91.630569
09/25 05:22:45 PM valid 150 1.204188e+00 69.971026 91.411424
09/25 05:22:46 PM valid_acc 69.980000, best_acc 69.980000
09/25 05:22:46 PM epoch 153 lr 2.110477e-02
09/25 05:22:46 PM train 000 5.203354e-01 84.375000 95.312500
09/25 05:22:50 PM train 050 5.666183e-01 82.628676 97.916667
09/25 05:22:54 PM train 100 5.643190e-01 82.688738 97.818688
09/25 05:22:59 PM train 150 5.583225e-01 82.936672 97.982202
09/25 05:23:03 PM train 200 5.697911e-01 82.501555 97.877799
09/25 05:23:07 PM train 250 5.732395e-01 82.445219 97.839890
09/25 05:23:11 PM train 300 5.731022e-01 82.428364 97.819767
09/25 05:23:16 PM train 350 5.743202e-01 82.429665 97.818732
09/25 05:23:20 PM train 400 5.781045e-01 82.278678 97.794576
09/25 05:23:24 PM train 450 5.832368e-01 82.078021 97.775776
09/25 05:23:29 PM train 500 5.895520e-01 81.855040 97.742016
09/25 05:23:33 PM train 550 5.970126e-01 81.604469 97.700204
09/25 05:23:37 PM train 600 6.021850e-01 81.483985 97.649750
09/25 05:23:41 PM train 650 6.097761e-01 81.336406 97.568644
09/25 05:23:46 PM train 700 6.163624e-01 81.207650 97.490193
09/25 05:23:50 PM train 750 6.219307e-01 80.992011 97.424268
09/25 05:23:52 PM train_acc 80.826000
09/25 05:23:52 PM valid 000 1.259178e+00 75.000000 92.187500
09/25 05:23:54 PM valid 050 1.353291e+00 67.310049 90.778186
09/25 05:23:55 PM valid 100 1.331560e+00 67.945545 91.027228
09/25 05:23:56 PM valid 150 1.332422e+00 68.056705 90.821606
09/25 05:23:56 PM valid_acc 68.040000, best_acc 69.980000
09/25 05:23:56 PM epoch 154 lr 2.105718e-02
09/25 05:23:57 PM train 000 4.025162e-01 92.187500 98.437500
09/25 05:24:01 PM train 050 5.333243e-01 84.252451 97.702206
09/25 05:24:05 PM train 100 5.436450e-01 83.307550 97.957921
09/25 05:24:09 PM train 150 5.478756e-01 83.081540 97.920116
09/25 05:24:14 PM train 200 5.586344e-01 82.610386 97.854478
09/25 05:24:18 PM train 250 5.726350e-01 82.084163 97.827440
09/25 05:24:22 PM train 300 5.760149e-01 82.059801 97.778239
09/25 05:24:26 PM train 350 5.811227e-01 81.971154 97.751959
09/25 05:24:30 PM train 400 5.831415e-01 82.044888 97.743921
09/25 05:24:35 PM train 450 5.942584e-01 81.835504 97.661447
09/25 05:24:39 PM train 500 6.014808e-01 81.474551 97.645334
09/25 05:24:43 PM train 550 6.062421e-01 81.323730 97.600953
09/25 05:24:47 PM train 600 6.120359e-01 81.122608 97.506760
09/25 05:24:52 PM train 650 6.133229e-01 81.065188 97.503840
09/25 05:24:56 PM train 700 6.180840e-01 80.917885 97.479048
09/25 05:25:00 PM train 750 6.200097e-01 80.842210 97.467959
09/25 05:25:03 PM train_acc 80.744000
09/25 05:25:03 PM valid 000 1.076387e+00 73.437500 95.312500
09/25 05:25:04 PM valid 050 1.225768e+00 69.301471 91.207108
09/25 05:25:05 PM valid 100 1.226055e+00 69.322401 90.934406
09/25 05:25:06 PM valid 150 1.232874e+00 69.536424 90.956126
09/25 05:25:07 PM valid_acc 69.560000, best_acc 69.980000
09/25 05:25:07 PM epoch 155 lr 2.100935e-02
09/25 05:25:07 PM train 000 9.196283e-01 70.312500 98.437500
09/25 05:25:11 PM train 050 5.343297e-01 83.639706 98.161765
09/25 05:25:15 PM train 100 5.439800e-01 83.075495 98.081683
09/25 05:25:20 PM train 150 5.515775e-01 82.698675 98.096026
09/25 05:25:24 PM train 200 5.487611e-01 82.921331 98.072139
09/25 05:25:28 PM train 250 5.537944e-01 82.856076 98.020418
09/25 05:25:32 PM train 300 5.634802e-01 82.589286 97.908015
09/25 05:25:36 PM train 350 5.702510e-01 82.358440 97.885506
09/25 05:25:41 PM train 400 5.712615e-01 82.348815 97.895885
09/25 05:25:45 PM train 450 5.776710e-01 82.192350 97.786170
09/25 05:25:49 PM train 500 5.827957e-01 82.014097 97.723303
09/25 05:25:54 PM train 550 5.892145e-01 81.819986 97.686025
09/25 05:25:58 PM train 600 5.948909e-01 81.697171 97.654950
09/25 05:26:02 PM train 650 5.983363e-01 81.564420 97.655050
09/25 05:26:06 PM train 700 6.031984e-01 81.435004 97.597183
09/25 05:26:11 PM train 750 6.078989e-01 81.270806 97.549101
09/25 05:26:13 PM train_acc 81.134000
09/25 05:26:13 PM valid 000 1.267538e+00 68.750000 84.375000
09/25 05:26:15 PM valid 050 1.334246e+00 67.034314 89.920343
09/25 05:26:16 PM valid 100 1.301416e+00 67.496906 90.625000
09/25 05:26:17 PM valid 150 1.317054e+00 67.404801 90.656043
09/25 05:26:17 PM valid_acc 67.520000, best_acc 69.980000
09/25 05:26:17 PM epoch 156 lr 2.096129e-02
09/25 05:26:17 PM train 000 5.212954e-01 82.812500 96.875000
09/25 05:26:22 PM train 050 5.841755e-01 81.893382 97.794118
09/25 05:26:26 PM train 100 5.794782e-01 82.131807 97.818688
09/25 05:26:30 PM train 150 5.745181e-01 82.615894 97.744205
09/25 05:26:34 PM train 200 5.718534e-01 82.758085 97.745647
09/25 05:26:39 PM train 250 5.729879e-01 82.712898 97.802540
09/25 05:26:43 PM train 300 5.804923e-01 82.371262 97.726329
09/25 05:26:47 PM train 350 5.813593e-01 82.402956 97.694088
09/25 05:26:51 PM train 400 5.815433e-01 82.395574 97.689370
09/25 05:26:55 PM train 450 5.894240e-01 82.185421 97.550582
09/25 05:26:59 PM train 500 5.930719e-01 82.110778 97.548653
09/25 05:27:04 PM train 550 6.003818e-01 81.888044 97.524387
09/25 05:27:08 PM train 600 6.017418e-01 81.816764 97.537958
09/25 05:27:12 PM train 650 6.051255e-01 81.698829 97.535042
09/25 05:27:16 PM train 700 6.095830e-01 81.586573 97.487964
09/25 05:27:20 PM train 750 6.130063e-01 81.447653 97.482523
09/25 05:27:23 PM train_acc 81.356000
09/25 05:27:23 PM valid 000 1.709764e+00 62.500000 85.937500
09/25 05:27:24 PM valid 050 1.391439e+00 67.248775 89.522059
09/25 05:27:26 PM valid 100 1.367393e+00 67.558787 90.099010
09/25 05:27:27 PM valid 150 1.367925e+00 67.466887 90.086921
09/25 05:27:27 PM valid_acc 67.570000, best_acc 69.980000
09/25 05:27:27 PM epoch 157 lr 2.091300e-02
09/25 05:27:27 PM train 000 5.615017e-01 85.937500 100.000000
09/25 05:27:32 PM train 050 5.731121e-01 82.996324 97.487745
09/25 05:27:36 PM train 100 5.401636e-01 83.926361 97.880569
09/25 05:27:40 PM train 150 5.503961e-01 83.578228 97.878725
09/25 05:27:44 PM train 200 5.495140e-01 83.496580 97.955535
09/25 05:27:48 PM train 250 5.549865e-01 83.086404 97.970618
09/25 05:27:53 PM train 300 5.643597e-01 82.796927 97.892442
09/25 05:27:57 PM train 350 5.783952e-01 82.207087 97.814281
09/25 05:28:01 PM train 400 5.845522e-01 81.963061 97.755611
09/25 05:28:05 PM train 450 5.876819e-01 81.873614 97.751524
09/25 05:28:09 PM train 500 5.947296e-01 81.733408 97.667166
09/25 05:28:14 PM train 550 5.971585e-01 81.669691 97.654832
09/25 05:28:18 PM train 600 6.021652e-01 81.476186 97.621152
09/25 05:28:22 PM train 650 6.052139e-01 81.379608 97.578245
09/25 05:28:26 PM train 700 6.123062e-01 81.167529 97.508024
09/25 05:28:30 PM train 750 6.182681e-01 81.004494 97.424268
09/25 05:28:33 PM train_acc 80.998000
09/25 05:28:33 PM valid 000 1.118931e+00 73.437500 92.187500
09/25 05:28:34 PM valid 050 1.235471e+00 69.240196 90.686275
09/25 05:28:36 PM valid 100 1.253947e+00 68.595297 91.104579
09/25 05:28:37 PM valid 150 1.256494e+00 68.677566 91.069950
09/25 05:28:37 PM valid_acc 68.750000, best_acc 69.980000
09/25 05:28:37 PM epoch 158 lr 2.086447e-02
09/25 05:28:37 PM train 000 6.897508e-01 76.562500 93.750000
09/25 05:28:41 PM train 050 5.294548e-01 83.609069 97.977941
09/25 05:28:46 PM train 100 5.367994e-01 83.276609 98.035272
09/25 05:28:50 PM train 150 5.491039e-01 83.050497 97.951159
09/25 05:28:54 PM train 200 5.670329e-01 82.649254 97.776741
09/25 05:28:58 PM train 250 5.703380e-01 82.526145 97.771414
09/25 05:29:02 PM train 300 5.722823e-01 82.490656 97.757475
09/25 05:29:07 PM train 350 5.766750e-01 82.264957 97.760862
09/25 05:29:11 PM train 400 5.798044e-01 82.208541 97.720542
09/25 05:29:15 PM train 450 5.880093e-01 81.925582 97.664911
09/25 05:29:19 PM train 500 5.946984e-01 81.720933 97.620384
09/25 05:29:24 PM train 550 5.983894e-01 81.644170 97.586774
09/25 05:29:28 PM train 600 5.996484e-01 81.663374 97.537958
09/25 05:29:32 PM train 650 6.009257e-01 81.622024 97.515841
09/25 05:29:36 PM train 700 6.040065e-01 81.499643 97.472361
09/25 05:29:40 PM train 750 6.084317e-01 81.356109 97.453395
09/25 05:29:43 PM train_acc 81.252000
09/25 05:29:43 PM valid 000 1.622790e+00 65.625000 90.625000
09/25 05:29:44 PM valid 050 1.314731e+00 67.984069 90.410539
09/25 05:29:46 PM valid 100 1.300281e+00 67.976485 90.392946
09/25 05:29:47 PM valid 150 1.319744e+00 67.787666 90.283526
09/25 05:29:47 PM valid_acc 67.770000, best_acc 69.980000
09/25 05:29:47 PM epoch 159 lr 2.081572e-02
09/25 05:29:47 PM train 000 4.813203e-01 84.375000 98.437500
09/25 05:29:52 PM train 050 5.749988e-01 82.598039 97.886029
09/25 05:29:56 PM train 100 5.655379e-01 82.317450 98.097153
09/25 05:30:00 PM train 150 5.728627e-01 82.160596 98.002897
09/25 05:30:04 PM train 200 5.708904e-01 82.377177 97.963308
09/25 05:30:08 PM train 250 5.736665e-01 82.227341 97.927042
09/25 05:30:12 PM train 300 5.794605e-01 82.096138 97.933970
09/25 05:30:17 PM train 350 5.837309e-01 81.984509 97.863248
09/25 05:30:21 PM train 400 5.948021e-01 81.659133 97.755611
09/25 05:30:25 PM train 450 6.002963e-01 81.478659 97.703021
09/25 05:30:29 PM train 500 6.050045e-01 81.349800 97.676522
09/25 05:30:33 PM train 550 6.077059e-01 81.303879 97.632146
09/25 05:30:38 PM train 600 6.083794e-01 81.268199 97.639351
09/25 05:30:42 PM train 650 6.112184e-01 81.252400 97.585445
09/25 05:30:46 PM train 700 6.123584e-01 81.171986 97.583809
09/25 05:30:50 PM train 750 6.147887e-01 81.066911 97.559504
09/25 05:30:53 PM train_acc 80.992000
09/25 05:30:53 PM valid 000 1.270333e+00 75.000000 92.187500
09/25 05:30:54 PM valid 050 1.375535e+00 67.861520 89.522059
09/25 05:30:55 PM valid 100 1.376833e+00 67.450495 89.836015
09/25 05:30:57 PM valid 150 1.377660e+00 67.539321 89.973096
09/25 05:30:57 PM valid_acc 67.550000, best_acc 69.980000
09/25 05:30:57 PM epoch 160 lr 2.076674e-02
09/25 05:30:57 PM train 000 3.910867e-01 81.250000 100.000000
09/25 05:31:01 PM train 050 5.402733e-01 82.199755 98.161765
09/25 05:31:05 PM train 100 5.318941e-01 83.214728 98.282797
09/25 05:31:10 PM train 150 5.403683e-01 83.091887 98.127070
09/25 05:31:14 PM train 200 5.482729e-01 82.859142 98.017724
09/25 05:31:18 PM train 250 5.540059e-01 82.675548 97.983068
09/25 05:31:22 PM train 300 5.540351e-01 82.786545 97.996262
09/25 05:31:27 PM train 350 5.609776e-01 82.647792 97.921118
09/25 05:31:31 PM train 400 5.654254e-01 82.551434 97.872506
09/25 05:31:35 PM train 450 5.747148e-01 82.344789 97.813886
09/25 05:31:39 PM train 500 5.811973e-01 82.154441 97.810629
09/25 05:31:43 PM train 550 5.886817e-01 81.990132 97.717219
09/25 05:31:48 PM train 600 5.966340e-01 81.743968 97.610753
09/25 05:31:52 PM train 650 5.976193e-01 81.703629 97.604647
09/25 05:31:56 PM train 700 6.018581e-01 81.579886 97.579351
09/25 05:32:00 PM train 750 6.084031e-01 81.401881 97.507490
09/25 05:32:03 PM train_acc 81.366000
09/25 05:32:03 PM valid 000 1.106874e+00 73.437500 89.062500
09/25 05:32:04 PM valid 050 1.271718e+00 68.872549 90.441176
09/25 05:32:05 PM valid 100 1.286778e+00 68.239480 90.485767
09/25 05:32:06 PM valid 150 1.297142e+00 68.087748 90.469785
09/25 05:32:07 PM valid_acc 68.150000, best_acc 69.980000
09/25 05:32:07 PM epoch 161 lr 2.071753e-02
09/25 05:32:07 PM train 000 7.294908e-01 76.562500 96.875000
09/25 05:32:11 PM train 050 5.370421e-01 83.639706 98.131127
09/25 05:32:15 PM train 100 5.483479e-01 83.183787 98.097153
09/25 05:32:20 PM train 150 5.606069e-01 82.667632 97.961507
09/25 05:32:24 PM train 200 5.643998e-01 82.517102 97.901119
09/25 05:32:28 PM train 250 5.668815e-01 82.389193 97.846116
09/25 05:32:32 PM train 300 5.728009e-01 82.246678 97.767857
09/25 05:32:36 PM train 350 5.788194e-01 82.211538 97.716346
09/25 05:32:41 PM train 400 5.816089e-01 82.150094 97.654302
09/25 05:32:45 PM train 450 5.849061e-01 82.057234 97.675305
09/25 05:32:49 PM train 500 5.917536e-01 81.917415 97.598553
09/25 05:32:53 PM train 550 5.949838e-01 81.814315 97.566924
09/25 05:32:58 PM train 600 5.973954e-01 81.671173 97.587354
09/25 05:33:02 PM train 650 6.010416e-01 81.624424 97.544643
09/25 05:33:06 PM train 700 6.052114e-01 81.508559 97.512482
09/25 05:33:10 PM train 750 6.104396e-01 81.341545 97.482523
09/25 05:33:13 PM train_acc 81.268000
09/25 05:33:13 PM valid 000 1.240475e+00 71.875000 89.062500
09/25 05:33:14 PM valid 050 1.254187e+00 69.025735 90.931373
09/25 05:33:15 PM valid 100 1.240244e+00 68.579827 91.336634
09/25 05:33:17 PM valid 150 1.247326e+00 68.760348 91.338990
09/25 05:33:17 PM valid_acc 68.860000, best_acc 69.980000
09/25 05:33:17 PM epoch 162 lr 2.066810e-02
09/25 05:33:17 PM train 000 6.983801e-01 79.687500 96.875000
09/25 05:33:21 PM train 050 5.461906e-01 82.291667 98.437500
09/25 05:33:25 PM train 100 5.352734e-01 82.967203 98.406559
09/25 05:33:30 PM train 150 5.319929e-01 83.340232 98.385762
09/25 05:33:34 PM train 200 5.369794e-01 83.170087 98.250933
09/25 05:33:38 PM train 250 5.356313e-01 83.403884 98.232072
09/25 05:33:42 PM train 300 5.476619e-01 83.155108 98.074128
09/25 05:33:47 PM train 350 5.552597e-01 82.879274 98.041311
09/25 05:33:51 PM train 400 5.663759e-01 82.508572 97.927057
09/25 05:33:55 PM train 450 5.759166e-01 82.220067 97.831208
09/25 05:33:59 PM train 500 5.832634e-01 82.029691 97.760729
09/25 05:34:03 PM train 550 5.876480e-01 81.944760 97.768262
09/25 05:34:08 PM train 600 5.905513e-01 81.886959 97.764143
09/25 05:34:12 PM train 650 5.955396e-01 81.790035 97.705453
09/25 05:34:16 PM train 700 5.986368e-01 81.695792 97.688570
09/25 05:34:20 PM train 750 6.064176e-01 81.426848 97.642726
09/25 05:34:23 PM train_acc 81.382000
09/25 05:34:23 PM valid 000 1.147616e+00 73.437500 93.750000
09/25 05:34:24 PM valid 050 1.218520e+00 70.343137 91.544118
09/25 05:34:25 PM valid 100 1.214856e+00 70.142327 91.599629
09/25 05:34:26 PM valid 150 1.216278e+00 70.157285 91.504553
09/25 05:34:27 PM valid_acc 70.220000, best_acc 70.220000
09/25 05:34:27 PM epoch 163 lr 2.061844e-02
09/25 05:34:27 PM train 000 5.152191e-01 84.375000 98.437500
09/25 05:34:31 PM train 050 5.386265e-01 83.884804 97.886029
09/25 05:34:35 PM train 100 5.452897e-01 83.694307 98.050743
09/25 05:34:40 PM train 150 5.500696e-01 83.423013 98.002897
09/25 05:34:44 PM train 200 5.556930e-01 83.286692 97.893346
09/25 05:34:48 PM train 250 5.621591e-01 83.098855 97.839890
09/25 05:34:52 PM train 300 5.658167e-01 82.978613 97.819767
09/25 05:34:57 PM train 350 5.715801e-01 82.705662 97.823184
09/25 05:35:01 PM train 400 5.766234e-01 82.430642 97.782887
09/25 05:35:05 PM train 450 5.834018e-01 82.123060 97.772312
09/25 05:35:09 PM train 500 5.924512e-01 81.783308 97.629741
09/25 05:35:13 PM train 550 6.012995e-01 81.598798 97.527223
09/25 05:35:18 PM train 600 6.063344e-01 81.429389 97.452163
09/25 05:35:22 PM train 650 6.105676e-01 81.350806 97.410234
09/25 05:35:26 PM train 700 6.143764e-01 81.252229 97.365371
09/25 05:35:30 PM train 750 6.178804e-01 81.160536 97.341045
09/25 05:35:33 PM train_acc 81.220000
09/25 05:35:33 PM valid 000 1.029332e+00 79.687500 95.312500
09/25 05:35:34 PM valid 050 1.197219e+00 69.822304 91.421569
09/25 05:35:36 PM valid 100 1.176701e+00 70.111386 91.491337
09/25 05:35:37 PM valid 150 1.177940e+00 70.426325 91.690811
09/25 05:35:37 PM valid_acc 70.280000, best_acc 70.280000
09/25 05:35:37 PM epoch 164 lr 2.056856e-02
09/25 05:35:37 PM train 000 4.752136e-01 85.937500 100.000000
09/25 05:35:42 PM train 050 5.411571e-01 83.762255 98.039216
09/25 05:35:46 PM train 100 5.486455e-01 83.384901 98.081683
09/25 05:35:50 PM train 150 5.518655e-01 83.329884 98.044288
09/25 05:35:54 PM train 200 5.600586e-01 82.952425 98.048818
09/25 05:35:58 PM train 250 5.618357e-01 82.912102 97.964392
09/25 05:36:03 PM train 300 5.606945e-01 82.937085 97.939161
09/25 05:36:07 PM train 350 5.636038e-01 82.759081 97.930021
09/25 05:36:11 PM train 400 5.711583e-01 82.508572 97.845231
09/25 05:36:15 PM train 450 5.764605e-01 82.362112 97.841602
09/25 05:36:19 PM train 500 5.830473e-01 82.126372 97.785679
09/25 05:36:23 PM train 550 5.853429e-01 82.078040 97.722890
09/25 05:36:28 PM train 600 5.890671e-01 81.897359 97.717346
09/25 05:36:32 PM train 650 5.941660e-01 81.770833 97.643049
09/25 05:36:36 PM train 700 5.954428e-01 81.762660 97.646220
09/25 05:36:40 PM train 750 5.997618e-01 81.634903 97.607357
09/25 05:36:43 PM train_acc 81.656000
09/25 05:36:43 PM valid 000 9.763590e-01 82.812500 90.625000
09/25 05:36:44 PM valid 050 1.255563e+00 69.669118 91.605392
09/25 05:36:45 PM valid 100 1.247625e+00 69.631807 91.429455
09/25 05:36:47 PM valid 150 1.257359e+00 69.495033 91.142384
09/25 05:36:47 PM valid_acc 69.470000, best_acc 70.280000
09/25 05:36:47 PM epoch 165 lr 2.051846e-02
09/25 05:36:47 PM train 000 5.662807e-01 81.250000 100.000000
09/25 05:36:51 PM train 050 5.237085e-01 83.517157 98.805147
09/25 05:36:56 PM train 100 5.513829e-01 82.797030 98.251856
09/25 05:37:00 PM train 150 5.573247e-01 82.864238 97.992550
09/25 05:37:04 PM train 200 5.512436e-01 83.092351 98.002177
09/25 05:37:08 PM train 250 5.551758e-01 83.017928 97.927042
09/25 05:37:12 PM train 300 5.643648e-01 82.734635 97.897633
09/25 05:37:16 PM train 350 5.734799e-01 82.540954 97.818732
09/25 05:37:21 PM train 400 5.814705e-01 82.142300 97.786783
09/25 05:37:25 PM train 450 5.844180e-01 82.143847 97.723808
09/25 05:37:29 PM train 500 5.869367e-01 82.048403 97.670284
09/25 05:37:33 PM train 550 5.927022e-01 81.871030 97.657668
09/25 05:37:37 PM train 600 5.983539e-01 81.712770 97.563956
09/25 05:37:42 PM train 650 6.031925e-01 81.576421 97.501440
09/25 05:37:46 PM train 700 6.059025e-01 81.497414 97.465674
09/25 05:37:50 PM train 750 6.093229e-01 81.356109 97.445073
09/25 05:37:53 PM train_acc 81.270000
09/25 05:37:53 PM valid 000 1.449940e+00 68.750000 87.500000
09/25 05:37:54 PM valid 050 1.260248e+00 70.281863 90.533088
09/25 05:37:55 PM valid 100 1.257827e+00 70.204208 91.042698
09/25 05:37:56 PM valid 150 1.267269e+00 69.971026 91.007864
09/25 05:37:57 PM valid_acc 69.990000, best_acc 70.280000
09/25 05:37:57 PM epoch 166 lr 2.046814e-02
09/25 05:37:57 PM train 000 5.277075e-01 85.937500 98.437500
09/25 05:38:01 PM train 050 5.601072e-01 83.302696 97.763480
09/25 05:38:05 PM train 100 5.709599e-01 82.626856 97.865099
09/25 05:38:10 PM train 150 5.837756e-01 82.098510 97.785596
09/25 05:38:14 PM train 200 5.903796e-01 81.778607 97.784515
09/25 05:38:18 PM train 250 5.901824e-01 81.785359 97.790090
09/25 05:38:22 PM train 300 5.894896e-01 81.660091 97.819767
09/25 05:38:27 PM train 350 5.888759e-01 81.641738 97.809829
09/25 05:38:31 PM train 400 5.903339e-01 81.627961 97.775094
09/25 05:38:35 PM train 450 5.938451e-01 81.627633 97.706486
09/25 05:38:39 PM train 500 5.966857e-01 81.543164 97.692116
09/25 05:38:43 PM train 550 5.987791e-01 81.437160 97.674682
09/25 05:38:48 PM train 600 6.030536e-01 81.330595 97.631552
09/25 05:38:52 PM train 650 6.071106e-01 81.206797 97.614247
09/25 05:38:56 PM train 700 6.094456e-01 81.125178 97.588267
09/25 05:39:00 PM train 750 6.130461e-01 81.050266 97.534537
09/25 05:39:03 PM train_acc 81.016000
09/25 05:39:03 PM valid 000 1.215277e+00 71.875000 93.750000
09/25 05:39:04 PM valid 050 1.331976e+00 69.209559 90.410539
09/25 05:39:05 PM valid 100 1.291621e+00 69.492574 91.073639
09/25 05:39:07 PM valid 150 1.298747e+00 69.670944 90.925083
09/25 05:39:07 PM valid_acc 69.640000, best_acc 70.280000
09/25 05:39:07 PM epoch 167 lr 2.041760e-02
09/25 05:39:07 PM train 000 5.446362e-01 79.687500 100.000000
09/25 05:39:11 PM train 050 5.526048e-01 83.333333 98.039216
09/25 05:39:16 PM train 100 5.504103e-01 83.446782 98.081683
09/25 05:39:20 PM train 150 5.514199e-01 83.402318 97.992550
09/25 05:39:24 PM train 200 5.492300e-01 83.504353 98.009950
09/25 05:39:28 PM train 250 5.505225e-01 83.478586 97.964392
09/25 05:39:32 PM train 300 5.533800e-01 83.445806 97.928779
09/25 05:39:37 PM train 350 5.595060e-01 83.204238 97.903312
09/25 05:39:41 PM train 400 5.663221e-01 82.894327 97.891989
09/25 05:39:45 PM train 450 5.757876e-01 82.611558 97.768847
09/25 05:39:50 PM train 500 5.813424e-01 82.432011 97.701472
09/25 05:39:54 PM train 550 5.885000e-01 82.202813 97.634982
09/25 05:39:58 PM train 600 5.924060e-01 82.053349 97.608153
09/25 05:40:02 PM train 650 5.993206e-01 81.857239 97.554243
09/25 05:40:06 PM train 700 6.013202e-01 81.829529 97.530314
09/25 05:40:11 PM train 750 6.037696e-01 81.753495 97.495007
09/25 05:40:13 PM train_acc 81.652000
09/25 05:40:13 PM valid 000 1.347239e+00 73.437500 89.062500
09/25 05:40:15 PM valid 050 1.324023e+00 68.075980 90.257353
09/25 05:40:16 PM valid 100 1.312728e+00 67.744431 90.578589
09/25 05:40:17 PM valid 150 1.313260e+00 68.067053 90.593957
09/25 05:40:17 PM valid_acc 68.080000, best_acc 70.280000
09/25 05:40:17 PM epoch 168 lr 2.036685e-02
09/25 05:40:17 PM train 000 4.801989e-01 87.500000 98.437500
09/25 05:40:22 PM train 050 5.512854e-01 82.812500 98.131127
09/25 05:40:26 PM train 100 5.324912e-01 83.864480 98.251856
09/25 05:40:30 PM train 150 5.288449e-01 84.095613 98.199503
09/25 05:40:34 PM train 200 5.340417e-01 83.885261 98.157649
09/25 05:40:38 PM train 250 5.452040e-01 83.372759 98.101345
09/25 05:40:43 PM train 300 5.561060e-01 82.952658 98.027409
09/25 05:40:47 PM train 350 5.637714e-01 82.772436 97.965634
09/25 05:40:51 PM train 400 5.697915e-01 82.520262 97.946540
09/25 05:40:55 PM train 450 5.770806e-01 82.247783 97.910892
09/25 05:40:59 PM train 500 5.832744e-01 82.088947 97.854291
09/25 05:41:04 PM train 550 5.904991e-01 81.882373 97.785277
09/25 05:41:08 PM train 600 5.912006e-01 81.819364 97.764143
09/25 05:41:12 PM train 650 5.961751e-01 81.660426 97.739055
09/25 05:41:16 PM train 700 5.974153e-01 81.606633 97.706402
09/25 05:41:21 PM train 750 6.003871e-01 81.545439 97.684338
09/25 05:41:23 PM train_acc 81.504000
09/25 05:41:23 PM valid 000 9.361589e-01 78.125000 92.187500
09/25 05:41:25 PM valid 050 1.249399e+00 69.393382 90.992647
09/25 05:41:26 PM valid 100 1.223089e+00 69.616337 91.630569
09/25 05:41:27 PM valid 150 1.250510e+00 69.267384 91.473510
09/25 05:41:27 PM valid_acc 69.270000, best_acc 70.280000
09/25 05:41:27 PM epoch 169 lr 2.031588e-02
09/25 05:41:28 PM train 000 5.924845e-01 84.375000 95.312500
09/25 05:41:32 PM train 050 5.234168e-01 83.976716 98.284314
09/25 05:41:36 PM train 100 5.303749e-01 83.818069 98.081683
09/25 05:41:40 PM train 150 5.417118e-01 83.371275 98.085679
09/25 05:41:44 PM train 200 5.505746e-01 83.216729 98.025498
09/25 05:41:49 PM train 250 5.618356e-01 82.868526 97.889691
09/25 05:41:53 PM train 300 5.673850e-01 82.646387 97.861296
09/25 05:41:57 PM train 350 5.770770e-01 82.247151 97.792023
09/25 05:42:01 PM train 400 5.849364e-01 81.935786 97.763404
09/25 05:42:05 PM train 450 5.909563e-01 81.728104 97.682234
09/25 05:42:10 PM train 500 5.921835e-01 81.708458 97.670284
09/25 05:42:14 PM train 550 5.980662e-01 81.587455 97.592446
09/25 05:42:18 PM train 600 6.007947e-01 81.499584 97.569156
09/25 05:42:22 PM train 650 6.024094e-01 81.410810 97.547043
09/25 05:42:26 PM train 700 6.073745e-01 81.283434 97.537001
09/25 05:42:31 PM train 750 6.121332e-01 81.135569 97.488765
09/25 05:42:33 PM train_acc 81.038000
09/25 05:42:33 PM valid 000 1.170139e+00 71.875000 92.187500
09/25 05:42:35 PM valid 050 1.269309e+00 69.332108 90.318627
09/25 05:42:36 PM valid 100 1.253528e+00 69.337871 90.996287
09/25 05:42:37 PM valid 150 1.264750e+00 69.308775 90.800911
09/25 05:42:37 PM valid_acc 69.240000, best_acc 70.280000
09/25 05:42:37 PM epoch 170 lr 2.026469e-02
09/25 05:42:37 PM train 000 6.121710e-01 82.812500 96.875000
09/25 05:42:42 PM train 050 5.568574e-01 83.363971 97.947304
09/25 05:42:46 PM train 100 5.439831e-01 83.678837 98.097153
09/25 05:42:50 PM train 150 5.462939e-01 83.536838 97.858030
09/25 05:42:54 PM train 200 5.566015e-01 83.216729 97.854478
09/25 05:42:58 PM train 250 5.602322e-01 83.049054 97.883466
09/25 05:43:03 PM train 300 5.717854e-01 82.656769 97.804194
09/25 05:43:07 PM train 350 5.711985e-01 82.594373 97.814281
09/25 05:43:11 PM train 400 5.741240e-01 82.407263 97.790680
09/25 05:43:15 PM train 450 5.838451e-01 82.105737 97.696092
09/25 05:43:19 PM train 500 5.837642e-01 82.113897 97.682759
09/25 05:43:23 PM train 550 5.857849e-01 82.041175 97.691697
09/25 05:43:28 PM train 600 5.893050e-01 81.983153 97.654950
09/25 05:43:32 PM train 650 5.958515e-01 81.778034 97.595046
09/25 05:43:36 PM train 700 5.990131e-01 81.706937 97.563748
09/25 05:43:40 PM train 750 6.054269e-01 81.514231 97.534537
09/25 05:43:43 PM train_acc 81.446000
09/25 05:43:43 PM valid 000 8.637798e-01 79.687500 95.312500
09/25 05:43:44 PM valid 050 1.198526e+00 70.128676 91.452206
09/25 05:43:45 PM valid 100 1.192023e+00 69.693688 92.063738
09/25 05:43:47 PM valid 150 1.200642e+00 69.784768 92.032285
09/25 05:43:47 PM valid_acc 69.780000, best_acc 70.280000
09/25 05:43:47 PM epoch 171 lr 2.021329e-02
09/25 05:43:47 PM train 000 3.372879e-01 85.937500 100.000000
09/25 05:43:51 PM train 050 5.332305e-01 83.915441 98.131127
09/25 05:43:55 PM train 100 5.363797e-01 83.663366 98.112624
09/25 05:43:59 PM train 150 5.338364e-01 83.598924 98.023593
09/25 05:44:04 PM train 200 5.389343e-01 83.286692 98.048818
09/25 05:44:08 PM train 250 5.474663e-01 83.011703 98.039094
09/25 05:44:12 PM train 300 5.550783e-01 82.672342 97.975498
09/25 05:44:16 PM train 350 5.626677e-01 82.536503 97.930021
09/25 05:44:20 PM train 400 5.667656e-01 82.376091 97.923161
09/25 05:44:25 PM train 450 5.738005e-01 82.192350 97.949002
09/25 05:44:29 PM train 500 5.816043e-01 81.895584 97.879242
09/25 05:44:33 PM train 550 5.899633e-01 81.666856 97.759755
09/25 05:44:37 PM train 600 5.945872e-01 81.509983 97.709547
09/25 05:44:41 PM train 650 5.995428e-01 81.374808 97.674251
09/25 05:44:46 PM train 700 6.043253e-01 81.265603 97.619472
09/25 05:44:50 PM train 750 6.070578e-01 81.206308 97.567826
09/25 05:44:52 PM train_acc 81.138000
09/25 05:44:52 PM valid 000 1.246039e+00 70.312500 92.187500
09/25 05:44:54 PM valid 050 1.186506e+00 70.833333 91.789216
09/25 05:44:55 PM valid 100 1.165800e+00 70.807550 92.141089
09/25 05:44:56 PM valid 150 1.187853e+00 70.488411 91.990894
09/25 05:44:56 PM valid_acc 70.550000, best_acc 70.550000
09/25 05:44:57 PM epoch 172 lr 2.016168e-02
09/25 05:44:57 PM train 000 4.849430e-01 85.937500 98.437500
09/25 05:45:01 PM train 050 5.614673e-01 82.720588 97.977941
09/25 05:45:05 PM train 100 5.803267e-01 82.069926 97.865099
09/25 05:45:09 PM train 150 5.724367e-01 82.553808 97.899421
09/25 05:45:13 PM train 200 5.659566e-01 82.688122 97.893346
09/25 05:45:18 PM train 250 5.638150e-01 82.756474 97.908367
09/25 05:45:22 PM train 300 5.654636e-01 82.703488 97.887251
09/25 05:45:26 PM train 350 5.651601e-01 82.719017 97.930021
09/25 05:45:30 PM train 400 5.703607e-01 82.508572 97.915368
09/25 05:45:35 PM train 450 5.759347e-01 82.292822 97.893570
09/25 05:45:39 PM train 500 5.811922e-01 82.113897 97.832460
09/25 05:45:43 PM train 550 5.872052e-01 81.941924 97.805127
09/25 05:45:47 PM train 600 5.902599e-01 81.829763 97.782342
09/25 05:45:52 PM train 650 5.957989e-01 81.646025 97.736655
09/25 05:45:56 PM train 700 6.009666e-01 81.468438 97.695257
09/25 05:46:00 PM train 750 6.064433e-01 81.354028 97.642726
09/25 05:46:03 PM train_acc 81.316000
09/25 05:46:03 PM valid 000 1.180498e+00 78.125000 92.187500
09/25 05:46:04 PM valid 050 1.269390e+00 69.240196 90.992647
09/25 05:46:05 PM valid 100 1.261983e+00 69.152228 91.537748
09/25 05:46:06 PM valid 150 1.275869e+00 68.936258 91.276904
09/25 05:46:07 PM valid_acc 68.980000, best_acc 70.550000
09/25 05:46:07 PM epoch 173 lr 2.010986e-02
09/25 05:46:07 PM train 000 4.422769e-01 85.937500 98.437500
09/25 05:46:11 PM train 050 5.318590e-01 84.405637 98.008578
09/25 05:46:15 PM train 100 5.391946e-01 83.694307 98.066213
09/25 05:46:20 PM train 150 5.439092e-01 83.588576 98.002897
09/25 05:46:24 PM train 200 5.460008e-01 83.395522 98.048818
09/25 05:46:28 PM train 250 5.506675e-01 83.372759 97.939492
09/25 05:46:32 PM train 300 5.591178e-01 83.040905 97.871678
09/25 05:46:37 PM train 350 5.610617e-01 82.897080 97.898860
09/25 05:46:41 PM train 400 5.685056e-01 82.687812 97.864713
09/25 05:46:45 PM train 450 5.695768e-01 82.642738 97.845067
09/25 05:46:50 PM train 500 5.726250e-01 82.516218 97.854291
09/25 05:46:54 PM train 550 5.737923e-01 82.480717 97.827813
09/25 05:46:58 PM train 600 5.811394e-01 82.250936 97.784942
09/25 05:47:02 PM train 650 5.886307e-01 82.015649 97.688652
09/25 05:47:06 PM train 700 5.898256e-01 81.894169 97.697486
09/25 05:47:11 PM train 750 5.951277e-01 81.763898 97.646887
09/25 05:47:13 PM train_acc 81.706000
09/25 05:47:13 PM valid 000 1.294858e+00 75.000000 90.625000
09/25 05:47:15 PM valid 050 1.244474e+00 69.515931 91.237745
09/25 05:47:16 PM valid 100 1.207384e+00 70.389851 91.893564
09/25 05:47:17 PM valid 150 1.211597e+00 70.467715 91.763245
09/25 05:47:17 PM valid_acc 70.420000, best_acc 70.550000
09/25 05:47:17 PM epoch 174 lr 2.005783e-02
09/25 05:47:18 PM train 000 6.020773e-01 81.250000 96.875000
09/25 05:47:22 PM train 050 5.670657e-01 82.935049 97.640931
09/25 05:47:26 PM train 100 5.584115e-01 83.307550 97.834158
09/25 05:47:30 PM train 150 5.536487e-01 83.298841 97.868377
09/25 05:47:34 PM train 200 5.530800e-01 83.286692 97.800062
09/25 05:47:39 PM train 250 5.627387e-01 82.880976 97.758964
09/25 05:47:43 PM train 300 5.621699e-01 82.874792 97.757475
09/25 05:47:47 PM train 350 5.620234e-01 82.839209 97.765313
09/25 05:47:51 PM train 400 5.668296e-01 82.687812 97.755611
09/25 05:47:55 PM train 450 5.717518e-01 82.466048 97.727273
09/25 05:48:00 PM train 500 5.797685e-01 82.297904 97.629741
09/25 05:48:04 PM train 550 5.849588e-01 82.191470 97.598117
09/25 05:48:08 PM train 600 5.880131e-01 82.118344 97.582155
09/25 05:48:12 PM train 650 5.950885e-01 81.917243 97.525442
09/25 05:48:17 PM train 700 6.013481e-01 81.789408 97.447842
09/25 05:48:21 PM train 750 6.036010e-01 81.738931 97.420107
09/25 05:48:23 PM train_acc 81.692000
09/25 05:48:24 PM valid 000 1.534569e+00 68.750000 87.500000
09/25 05:48:25 PM valid 050 1.360324e+00 67.616422 90.196078
09/25 05:48:26 PM valid 100 1.303854e+00 68.456064 91.166460
09/25 05:48:27 PM valid 150 1.295685e+00 68.832781 91.090646
09/25 05:48:27 PM valid_acc 68.840000, best_acc 70.550000
09/25 05:48:27 PM epoch 175 lr 2.000559e-02
09/25 05:48:28 PM train 000 4.663231e-01 87.500000 100.000000
09/25 05:48:32 PM train 050 5.632335e-01 82.689951 98.100490
09/25 05:48:36 PM train 100 5.681540e-01 82.162748 98.097153
09/25 05:48:40 PM train 150 5.654842e-01 82.264073 98.075331
09/25 05:48:45 PM train 200 5.608797e-01 82.454913 98.087687
09/25 05:48:49 PM train 250 5.573193e-01 82.532371 98.120020
09/25 05:48:53 PM train 300 5.621597e-01 82.454319 98.017027
09/25 05:48:57 PM train 350 5.669461e-01 82.331731 97.898860
09/25 05:49:01 PM train 400 5.694761e-01 82.290368 97.888092
09/25 05:49:06 PM train 450 5.728923e-01 82.220067 97.893570
09/25 05:49:10 PM train 500 5.748122e-01 82.182510 97.866766
09/25 05:49:14 PM train 550 5.821577e-01 81.953267 97.796620
09/25 05:49:18 PM train 600 5.904288e-01 81.720570 97.758943
09/25 05:49:23 PM train 650 5.951892e-01 81.605223 97.736655
09/25 05:49:27 PM train 700 5.960201e-01 81.604404 97.730920
09/25 05:49:31 PM train 750 6.005496e-01 81.495506 97.655210
09/25 05:49:34 PM train_acc 81.448000
09/25 05:49:34 PM valid 000 1.157988e+00 65.625000 90.625000
09/25 05:49:35 PM valid 050 1.201373e+00 69.454657 91.360294
09/25 05:49:36 PM valid 100 1.166198e+00 69.569926 91.955446
09/25 05:49:37 PM valid 150 1.183315e+00 69.670944 91.866722
09/25 05:49:37 PM valid_acc 69.610000, best_acc 70.550000
09/25 05:49:38 PM epoch 176 lr 1.995315e-02
09/25 05:49:38 PM train 000 6.186118e-01 76.562500 100.000000
09/25 05:49:42 PM train 050 5.598151e-01 82.414216 97.916667
09/25 05:49:46 PM train 100 5.425288e-01 83.106436 98.019802
09/25 05:49:50 PM train 150 5.420497e-01 82.988411 98.023593
09/25 05:49:55 PM train 200 5.473847e-01 82.921331 98.111007
09/25 05:49:59 PM train 250 5.605403e-01 82.445219 97.989293
09/25 05:50:03 PM train 300 5.659353e-01 82.366071 97.918397
09/25 05:50:07 PM train 350 5.620615e-01 82.532051 97.934473
09/25 05:50:11 PM train 400 5.667621e-01 82.383884 97.938747
09/25 05:50:16 PM train 450 5.721574e-01 82.181957 97.855460
09/25 05:50:20 PM train 500 5.751745e-01 82.032809 97.866766
09/25 05:50:24 PM train 550 5.739650e-01 82.106397 97.887364
09/25 05:50:28 PM train 600 5.817273e-01 81.949355 97.782342
09/25 05:50:32 PM train 650 5.860110e-01 81.869240 97.770257
09/25 05:50:37 PM train 700 5.915046e-01 81.698021 97.715317
09/25 05:50:41 PM train 750 5.961220e-01 81.578728 97.696821
09/25 05:50:43 PM train_acc 81.524000
09/25 05:50:44 PM valid 000 1.580746e+00 70.312500 85.937500
09/25 05:50:45 PM valid 050 1.273071e+00 69.638480 91.299020
09/25 05:50:46 PM valid 100 1.287919e+00 69.322401 90.934406
09/25 05:50:47 PM valid 150 1.296478e+00 69.236341 90.894040
09/25 05:50:47 PM valid_acc 69.210000, best_acc 70.550000
09/25 05:50:47 PM epoch 177 lr 1.990051e-02
09/25 05:50:48 PM train 000 6.030330e-01 79.687500 98.437500
09/25 05:50:52 PM train 050 5.498594e-01 82.904412 97.947304
09/25 05:50:56 PM train 100 5.632738e-01 82.425743 97.818688
09/25 05:51:00 PM train 150 5.603137e-01 82.615894 97.889073
09/25 05:51:05 PM train 200 5.579289e-01 82.633706 98.048818
09/25 05:51:09 PM train 250 5.719445e-01 82.239791 97.995518
09/25 05:51:13 PM train 300 5.710663e-01 82.345307 98.022218
09/25 05:51:17 PM train 350 5.803669e-01 82.140313 97.836538
09/25 05:51:22 PM train 400 5.813710e-01 82.064370 97.853024
09/25 05:51:26 PM train 450 5.795670e-01 82.126524 97.858925
09/25 05:51:30 PM train 500 5.839487e-01 82.032809 97.823104
09/25 05:51:34 PM train 550 5.865173e-01 81.910730 97.788113
09/25 05:51:39 PM train 600 5.875478e-01 81.876560 97.792741
09/25 05:51:43 PM train 650 5.938411e-01 81.749232 97.731855
09/25 05:51:47 PM train 700 5.972265e-01 81.613320 97.719775
09/25 05:51:51 PM train 750 6.033478e-01 81.472620 97.651049
09/25 05:51:54 PM train_acc 81.434000
09/25 05:51:54 PM valid 000 1.331824e+00 70.312500 93.750000
09/25 05:51:55 PM valid 050 1.282746e+00 68.198529 90.410539
09/25 05:51:57 PM valid 100 1.274838e+00 68.084777 90.965347
09/25 05:51:58 PM valid 150 1.272997e+00 68.253311 91.173427
09/25 05:51:58 PM valid_acc 68.270000, best_acc 70.550000
09/25 05:51:58 PM epoch 178 lr 1.984766e-02
09/25 05:51:58 PM train 000 7.976975e-01 75.000000 93.750000
09/25 05:52:03 PM train 050 5.555345e-01 83.517157 98.223039
09/25 05:52:07 PM train 100 5.382344e-01 84.173886 98.035272
09/25 05:52:11 PM train 150 5.386733e-01 83.816225 98.116722
09/25 05:52:15 PM train 200 5.463378e-01 83.597637 98.048818
09/25 05:52:20 PM train 250 5.529272e-01 83.254482 98.032869
09/25 05:52:24 PM train 300 5.537963e-01 83.201827 98.011836
09/25 05:52:28 PM train 350 5.600961e-01 83.097400 97.912215
09/25 05:52:33 PM train 400 5.681290e-01 82.703398 97.884196
09/25 05:52:37 PM train 450 5.694813e-01 82.587306 97.883176
09/25 05:52:41 PM train 500 5.755576e-01 82.425773 97.816866
09/25 05:52:45 PM train 550 5.822266e-01 82.259528 97.768262
09/25 05:52:49 PM train 600 5.849977e-01 82.167741 97.764143
09/25 05:52:54 PM train 650 5.879772e-01 82.082853 97.710253
09/25 05:52:58 PM train 700 5.922754e-01 81.974412 97.677425
09/25 05:53:02 PM train 750 5.945594e-01 81.905376 97.669774
09/25 05:53:05 PM train_acc 81.826000
09/25 05:53:05 PM valid 000 1.361704e+00 73.437500 90.625000
09/25 05:53:06 PM valid 050 1.187220e+00 70.159314 91.666667
09/25 05:53:07 PM valid 100 1.190734e+00 70.374381 91.769802
09/25 05:53:09 PM valid 150 1.193566e+00 70.209023 91.783940
09/25 05:53:09 PM valid_acc 70.270000, best_acc 70.550000
09/25 05:53:09 PM epoch 179 lr 1.979461e-02
09/25 05:53:09 PM train 000 6.547643e-01 78.125000 96.875000
09/25 05:53:13 PM train 050 5.537427e-01 82.965686 97.916667
09/25 05:53:17 PM train 100 5.547564e-01 82.951733 97.803218
09/25 05:53:22 PM train 150 5.458084e-01 83.309189 97.889073
09/25 05:53:26 PM train 200 5.447128e-01 83.418843 97.885572
09/25 05:53:30 PM train 250 5.516746e-01 83.217131 97.808765
09/25 05:53:35 PM train 300 5.551787e-01 83.051287 97.788621
09/25 05:53:39 PM train 350 5.611814e-01 82.897080 97.778668
09/25 05:53:43 PM train 400 5.666971e-01 82.691708 97.771197
09/25 05:53:47 PM train 450 5.712738e-01 82.507622 97.772312
09/25 05:53:51 PM train 500 5.760828e-01 82.372754 97.742016
09/25 05:53:56 PM train 550 5.805261e-01 82.182963 97.722890
09/25 05:54:00 PM train 600 5.846835e-01 82.102745 97.706947
09/25 05:54:04 PM train 650 5.903677e-01 81.960445 97.686252
09/25 05:54:08 PM train 700 5.968353e-01 81.796095 97.630617
09/25 05:54:13 PM train 750 5.999827e-01 81.709804 97.576148
09/25 05:54:15 PM train_acc 81.734000
09/25 05:54:15 PM valid 000 1.005804e+00 71.875000 95.312500
09/25 05:54:17 PM valid 050 1.176009e+00 71.384804 92.493873
09/25 05:54:18 PM valid 100 1.203677e+00 70.436262 92.218441
09/25 05:54:19 PM valid 150 1.201991e+00 70.447020 91.939156
09/25 05:54:19 PM valid_acc 70.430000, best_acc 70.550000
09/25 05:54:19 PM epoch 180 lr 1.974136e-02
09/25 05:54:19 PM train 000 5.869716e-01 85.937500 95.312500
09/25 05:54:24 PM train 050 5.156416e-01 84.007353 98.406863
09/25 05:54:28 PM train 100 5.357914e-01 83.756188 98.066213
09/25 05:54:32 PM train 150 5.332827e-01 83.878311 98.127070
09/25 05:54:36 PM train 200 5.335028e-01 83.582090 98.212065
09/25 05:54:41 PM train 250 5.378903e-01 83.459910 98.138695
09/25 05:54:45 PM train 300 5.488716e-01 83.134344 98.053364
09/25 05:54:49 PM train 350 5.556412e-01 82.977208 98.005698
09/25 05:54:53 PM train 400 5.582039e-01 82.890430 98.024470
09/25 05:54:58 PM train 450 5.670147e-01 82.687777 97.921286
09/25 05:55:02 PM train 500 5.709740e-01 82.485030 97.891717
09/25 05:55:06 PM train 550 5.745989e-01 82.415495 97.873185
09/25 05:55:10 PM train 600 5.780581e-01 82.269135 97.860337
09/25 05:55:15 PM train 650 5.831317e-01 82.159658 97.823061
09/25 05:55:19 PM train 700 5.888873e-01 81.987785 97.786644
09/25 05:55:23 PM train 750 5.931458e-01 81.890812 97.738432
09/25 05:55:26 PM train_acc 81.836000
09/25 05:55:26 PM valid 000 1.280510e+00 75.000000 92.187500
09/25 05:55:27 PM valid 050 1.227230e+00 69.761029 92.003676
09/25 05:55:28 PM valid 100 1.236042e+00 69.198639 92.048267
09/25 05:55:29 PM valid 150 1.241581e+00 69.422599 91.835679
09/25 05:55:30 PM valid_acc 69.410000, best_acc 70.550000
09/25 05:55:30 PM epoch 181 lr 1.968791e-02
09/25 05:55:30 PM train 000 4.728668e-01 87.500000 98.437500
09/25 05:55:34 PM train 050 5.351555e-01 83.302696 98.192402
09/25 05:55:38 PM train 100 5.482221e-01 83.106436 98.174505
09/25 05:55:42 PM train 150 5.493751e-01 83.164321 98.127070
09/25 05:55:47 PM train 200 5.510974e-01 83.006841 98.180970
09/25 05:55:51 PM train 250 5.644444e-01 82.538596 98.132470
09/25 05:55:55 PM train 300 5.732911e-01 82.319352 98.022218
09/25 05:55:59 PM train 350 5.718436e-01 82.376246 97.978989
09/25 05:56:04 PM train 400 5.767656e-01 82.317643 97.899782
09/25 05:56:08 PM train 450 5.790425e-01 82.296286 97.876247
09/25 05:56:12 PM train 500 5.836839e-01 82.191866 97.835579
09/25 05:56:16 PM train 550 5.842212e-01 82.208485 97.776770
09/25 05:56:20 PM train 600 5.893175e-01 82.126144 97.696547
09/25 05:56:25 PM train 650 5.939654e-01 81.929243 97.662250
09/25 05:56:29 PM train 700 5.973036e-01 81.825071 97.635075
09/25 05:56:33 PM train 750 6.016639e-01 81.701481 97.599035
09/25 05:56:36 PM train_acc 81.578000
09/25 05:56:36 PM valid 000 1.374507e+00 75.000000 90.625000
09/25 05:56:37 PM valid 050 1.253272e+00 69.424020 91.390931
09/25 05:56:38 PM valid 100 1.231592e+00 69.631807 91.893564
09/25 05:56:39 PM valid 150 1.249064e+00 69.412252 91.680464
09/25 05:56:40 PM valid_acc 69.390000, best_acc 70.550000
09/25 05:56:40 PM epoch 182 lr 1.963426e-02
09/25 05:56:40 PM train 000 5.678753e-01 85.937500 100.000000
09/25 05:56:44 PM train 050 5.296350e-01 84.099265 97.855392
09/25 05:56:48 PM train 100 5.417654e-01 83.369431 97.880569
09/25 05:56:53 PM train 150 5.529401e-01 82.864238 97.889073
09/25 05:56:57 PM train 200 5.569559e-01 82.750311 97.939988
09/25 05:57:01 PM train 250 5.626105e-01 82.526145 97.852341
09/25 05:57:05 PM train 300 5.659126e-01 82.552949 97.819767
09/25 05:57:10 PM train 350 5.750349e-01 82.331731 97.778668
09/25 05:57:14 PM train 400 5.760853e-01 82.266989 97.806266
09/25 05:57:18 PM train 450 5.787481e-01 82.157705 97.789634
09/25 05:57:23 PM train 500 5.793170e-01 82.120135 97.829341
09/25 05:57:27 PM train 550 5.812352e-01 82.032668 97.816470
09/25 05:57:31 PM train 600 5.872570e-01 81.884359 97.766743
09/25 05:57:35 PM train 650 5.903772e-01 81.785234 97.739055
09/25 05:57:40 PM train 700 5.966704e-01 81.573199 97.695257
09/25 05:57:44 PM train 750 5.977488e-01 81.535037 97.673935
09/25 05:57:46 PM train_acc 81.476000
09/25 05:57:47 PM valid 000 1.392527e+00 70.312500 95.312500
09/25 05:57:48 PM valid 050 1.223337e+00 69.699755 91.758578
09/25 05:57:49 PM valid 100 1.218745e+00 70.049505 92.079208
09/25 05:57:50 PM valid 150 1.229965e+00 70.002070 91.846026
09/25 05:57:51 PM valid_acc 69.940000, best_acc 70.550000
09/25 05:57:51 PM epoch 183 lr 1.958042e-02
09/25 05:57:51 PM train 000 5.733155e-01 82.812500 96.875000
09/25 05:57:55 PM train 050 5.411335e-01 82.935049 98.192402
09/25 05:57:59 PM train 100 5.269235e-01 83.647896 98.313738
09/25 05:58:04 PM train 150 5.365873e-01 83.371275 98.116722
09/25 05:58:08 PM train 200 5.438313e-01 83.162313 98.056592
09/25 05:58:12 PM train 250 5.483920e-01 83.105080 97.995518
09/25 05:58:16 PM train 300 5.461102e-01 83.196636 97.965116
09/25 05:58:21 PM train 350 5.547302e-01 83.066239 97.872151
09/25 05:58:25 PM train 400 5.595792e-01 82.944981 97.860817
09/25 05:58:29 PM train 450 5.594702e-01 82.933758 97.883176
09/25 05:58:33 PM train 500 5.645394e-01 82.781312 97.826223
09/25 05:58:38 PM train 550 5.693055e-01 82.571461 97.805127
09/25 05:58:42 PM train 600 5.755593e-01 82.295133 97.784942
09/25 05:58:46 PM train 650 5.798956e-01 82.159658 97.739055
09/25 05:58:50 PM train 700 5.862222e-01 82.005617 97.695257
09/25 05:58:55 PM train 750 5.922116e-01 81.784704 97.667693
09/25 05:58:57 PM train_acc 81.768000
09/25 05:58:57 PM valid 000 1.486069e+00 67.187500 89.062500
09/25 05:58:59 PM valid 050 1.261705e+00 69.975490 91.390931
09/25 05:59:00 PM valid 100 1.241216e+00 70.204208 91.553218
09/25 05:59:01 PM valid 150 1.233234e+00 70.312500 91.670116
09/25 05:59:01 PM valid_acc 70.210000, best_acc 70.550000
09/25 05:59:01 PM epoch 184 lr 1.952638e-02
09/25 05:59:02 PM train 000 7.165926e-01 79.687500 96.875000
09/25 05:59:06 PM train 050 5.086317e-01 84.558824 98.590686
09/25 05:59:10 PM train 100 5.208500e-01 83.632426 98.437500
09/25 05:59:14 PM train 150 5.275694e-01 83.371275 98.323675
09/25 05:59:19 PM train 200 5.258922e-01 83.566542 98.212065
09/25 05:59:23 PM train 250 5.358358e-01 83.266932 98.082669
09/25 05:59:27 PM train 300 5.397856e-01 83.160299 98.022218
09/25 05:59:32 PM train 350 5.472725e-01 82.959402 97.996795
09/25 05:59:36 PM train 400 5.567508e-01 82.726777 97.958229
09/25 05:59:40 PM train 450 5.606743e-01 82.718958 97.938609
09/25 05:59:44 PM train 500 5.666432e-01 82.606662 97.888598
09/25 05:59:49 PM train 550 5.711236e-01 82.511910 97.833485
09/25 05:59:53 PM train 600 5.762382e-01 82.357529 97.779742
09/25 05:59:57 PM train 650 5.816439e-01 82.231663 97.741455
09/25 06:00:02 PM train 700 5.853506e-01 82.132668 97.719775
09/25 06:00:06 PM train 750 5.892659e-01 82.005243 97.694740
09/25 06:00:09 PM train_acc 81.902000
09/25 06:00:09 PM valid 000 1.118622e+00 73.437500 90.625000
09/25 06:00:10 PM valid 050 1.258666e+00 69.699755 91.053922
09/25 06:00:11 PM valid 100 1.232369e+00 69.910272 91.506807
09/25 06:00:12 PM valid 150 1.255268e+00 69.453642 91.276904
09/25 06:00:13 PM valid_acc 69.500000, best_acc 70.550000
09/25 06:00:13 PM epoch 185 lr 1.947216e-02
09/25 06:00:13 PM train 000 4.370424e-01 79.687500 100.000000
09/25 06:00:17 PM train 050 5.310390e-01 83.486520 97.947304
09/25 06:00:21 PM train 100 5.207118e-01 84.096535 98.050743
09/25 06:00:25 PM train 150 5.152293e-01 84.157699 98.075331
09/25 06:00:30 PM train 200 5.225877e-01 84.079602 98.103234
09/25 06:00:34 PM train 250 5.256330e-01 83.939243 98.082669
09/25 06:00:38 PM train 300 5.319753e-01 83.622301 98.079319
09/25 06:00:42 PM train 350 5.335405e-01 83.582621 98.054665
09/25 06:00:47 PM train 400 5.431258e-01 83.245012 98.012781
09/25 06:00:51 PM train 450 5.495214e-01 82.989191 97.935144
09/25 06:00:55 PM train 500 5.579311e-01 82.750125 97.838698
09/25 06:00:59 PM train 550 5.647384e-01 82.616833 97.768262
09/25 06:01:03 PM train 600 5.717497e-01 82.419925 97.738145
09/25 06:01:08 PM train 650 5.771849e-01 82.265265 97.727055
09/25 06:01:12 PM train 700 5.818935e-01 82.154957 97.672967
09/25 06:01:16 PM train 750 5.872891e-01 82.053096 97.636485
09/25 06:01:19 PM train_acc 81.930000
09/25 06:01:19 PM valid 000 1.087752e+00 75.000000 93.750000
09/25 06:01:20 PM valid 050 1.185332e+00 70.128676 92.095588
09/25 06:01:21 PM valid 100 1.200253e+00 70.142327 91.707921
09/25 06:01:23 PM valid 150 1.220797e+00 69.888245 91.535596
09/25 06:01:23 PM valid_acc 69.960000, best_acc 70.550000
09/25 06:01:23 PM epoch 186 lr 1.941774e-02
09/25 06:01:23 PM train 000 7.301912e-01 73.437500 100.000000
09/25 06:01:27 PM train 050 5.286218e-01 84.252451 98.284314
09/25 06:01:32 PM train 100 5.324961e-01 83.895421 98.298267
09/25 06:01:36 PM train 150 5.351308e-01 83.940397 98.240894
09/25 06:01:40 PM train 200 5.428206e-01 83.566542 98.111007
09/25 06:01:45 PM train 250 5.427686e-01 83.497261 98.107570
09/25 06:01:49 PM train 300 5.494296e-01 83.357558 98.048173
09/25 06:01:53 PM train 350 5.582246e-01 83.137464 97.930021
09/25 06:01:57 PM train 400 5.587511e-01 83.139807 97.923161
09/25 06:02:01 PM train 450 5.699007e-01 82.788248 97.824279
09/25 06:02:06 PM train 500 5.745295e-01 82.628493 97.779441
09/25 06:02:10 PM train 550 5.776298e-01 82.520417 97.765426
09/25 06:02:14 PM train 600 5.835360e-01 82.297733 97.743344
09/25 06:02:19 PM train 650 5.889746e-01 82.097254 97.715054
09/25 06:02:23 PM train 700 5.931048e-01 82.023449 97.657364
09/25 06:02:27 PM train 750 5.981554e-01 81.813832 97.617760
09/25 06:02:30 PM train_acc 81.758000
09/25 06:02:30 PM valid 000 1.102777e+00 70.312500 90.625000
09/25 06:02:31 PM valid 050 1.251820e+00 69.546569 90.533088
09/25 06:02:32 PM valid 100 1.247039e+00 69.183168 91.243812
09/25 06:02:34 PM valid 150 1.247432e+00 69.050083 91.111341
09/25 06:02:34 PM valid_acc 69.100000, best_acc 70.550000
09/25 06:02:34 PM epoch 187 lr 1.936313e-02
09/25 06:02:34 PM train 000 6.098561e-01 85.937500 98.437500
09/25 06:02:38 PM train 050 5.322855e-01 84.191176 97.702206
09/25 06:02:43 PM train 100 5.357051e-01 83.756188 98.019802
09/25 06:02:47 PM train 150 5.416084e-01 83.536838 97.961507
09/25 06:02:51 PM train 200 5.412344e-01 83.636505 98.002177
09/25 06:02:55 PM train 250 5.455816e-01 83.459910 98.063994
09/25 06:03:00 PM train 300 5.546280e-01 83.248547 97.975498
09/25 06:03:04 PM train 350 5.580620e-01 83.119658 97.934473
09/25 06:03:08 PM train 400 5.667909e-01 82.796914 97.864713
09/25 06:03:13 PM train 450 5.719136e-01 82.660061 97.820815
09/25 06:03:17 PM train 500 5.769906e-01 82.456961 97.795035
09/25 06:03:21 PM train 550 5.826074e-01 82.304900 97.754083
09/25 06:03:25 PM train 600 5.854668e-01 82.235337 97.727745
09/25 06:03:29 PM train 650 5.891426e-01 82.111655 97.688652
09/25 06:03:34 PM train 700 5.908430e-01 82.047967 97.672967
09/25 06:03:38 PM train 750 5.967712e-01 81.826315 97.605276
09/25 06:03:41 PM train_acc 81.732000
09/25 06:03:41 PM valid 000 1.174772e+00 70.312500 92.187500
09/25 06:03:42 PM valid 050 1.275303e+00 68.719363 91.299020
09/25 06:03:43 PM valid 100 1.235172e+00 69.554455 91.831683
09/25 06:03:45 PM valid 150 1.253651e+00 69.163907 91.649421
09/25 06:03:45 PM valid_acc 69.190000, best_acc 70.550000
09/25 06:03:45 PM epoch 188 lr 1.930833e-02
09/25 06:03:45 PM train 000 5.504653e-01 84.375000 98.437500
09/25 06:03:49 PM train 050 5.553876e-01 82.965686 97.886029
09/25 06:03:54 PM train 100 5.580062e-01 82.936262 97.942450
09/25 06:03:58 PM train 150 5.538135e-01 82.822848 98.075331
09/25 06:04:02 PM train 200 5.542069e-01 82.843595 97.986629
09/25 06:04:06 PM train 250 5.573821e-01 82.725349 97.976843
09/25 06:04:11 PM train 300 5.665710e-01 82.397218 97.985880
09/25 06:04:15 PM train 350 5.717095e-01 82.296118 97.938925
09/25 06:04:19 PM train 400 5.781805e-01 82.138404 97.880299
09/25 06:04:23 PM train 450 5.837640e-01 82.012195 97.824279
09/25 06:04:28 PM train 500 5.863061e-01 81.948603 97.770085
09/25 06:04:32 PM train 550 5.868110e-01 81.919238 97.745576
09/25 06:04:36 PM train 600 5.880673e-01 81.860961 97.730345
09/25 06:04:41 PM train 650 5.917676e-01 81.725230 97.693452
09/25 06:04:45 PM train 700 5.936995e-01 81.682418 97.655136
09/25 06:04:49 PM train 750 5.959156e-01 81.591212 97.651049
09/25 06:04:52 PM train_acc 81.516000
09/25 06:04:52 PM valid 000 1.204725e+00 67.187500 93.750000
09/25 06:04:53 PM valid 050 1.204823e+00 69.975490 91.697304
09/25 06:04:54 PM valid 100 1.186104e+00 70.126856 92.125619
09/25 06:04:56 PM valid 150 1.198346e+00 70.312500 91.949503
09/25 06:04:56 PM valid_acc 70.310000, best_acc 70.550000
09/25 06:04:56 PM epoch 189 lr 1.925335e-02
09/25 06:04:56 PM train 000 4.891083e-01 84.375000 96.875000
09/25 06:05:00 PM train 050 5.482994e-01 83.700980 97.886029
09/25 06:05:05 PM train 100 5.494075e-01 83.323020 98.050743
09/25 06:05:09 PM train 150 5.518861e-01 83.019454 98.075331
09/25 06:05:13 PM train 200 5.558108e-01 83.053483 98.033271
09/25 06:05:18 PM train 250 5.606722e-01 82.849851 97.958167
09/25 06:05:22 PM train 300 5.660552e-01 82.646387 97.933970
09/25 06:05:26 PM train 350 5.663789e-01 82.674501 97.912215
09/25 06:05:30 PM train 400 5.710590e-01 82.485193 97.888092
09/25 06:05:35 PM train 450 5.778867e-01 82.265105 97.813886
09/25 06:05:39 PM train 500 5.818182e-01 82.166916 97.807510
09/25 06:05:43 PM train 550 5.861894e-01 82.018489 97.768262
09/25 06:05:47 PM train 600 5.896742e-01 81.975354 97.719946
09/25 06:05:52 PM train 650 5.895850e-01 81.950845 97.739055
09/25 06:05:56 PM train 700 5.918114e-01 81.894169 97.717546
09/25 06:06:00 PM train 750 5.939180e-01 81.838798 97.717626
09/25 06:06:03 PM train_acc 81.826000
09/25 06:06:03 PM valid 000 1.158732e+00 78.125000 89.062500
09/25 06:06:04 PM valid 050 1.170525e+00 70.373775 91.727941
09/25 06:06:06 PM valid 100 1.165033e+00 70.297030 92.110149
09/25 06:06:07 PM valid 150 1.161429e+00 70.705712 92.259934
09/25 06:06:07 PM valid_acc 70.660000, best_acc 70.660000
09/25 06:06:07 PM epoch 190 lr 1.919818e-02
09/25 06:06:07 PM train 000 5.460408e-01 82.812500 100.000000
09/25 06:06:11 PM train 050 5.081810e-01 85.110294 98.498775
09/25 06:06:16 PM train 100 5.203210e-01 84.375000 98.422030
09/25 06:06:20 PM train 150 5.220505e-01 84.126656 98.385762
09/25 06:06:24 PM train 200 5.284836e-01 83.753109 98.258706
09/25 06:06:29 PM train 250 5.375682e-01 83.565737 98.144920
09/25 06:06:33 PM train 300 5.424397e-01 83.445806 98.105274
09/25 06:06:37 PM train 350 5.469291e-01 83.222044 98.103632
09/25 06:06:41 PM train 400 5.563025e-01 82.980050 98.020574
09/25 06:06:45 PM train 450 5.647765e-01 82.680848 97.987112
09/25 06:06:50 PM train 500 5.709206e-01 82.547405 97.932260
09/25 06:06:54 PM train 550 5.755589e-01 82.355944 97.890200
09/25 06:06:58 PM train 600 5.795000e-01 82.276934 97.881136
09/25 06:07:02 PM train 650 5.806828e-01 82.234063 97.839862
09/25 06:07:07 PM train 700 5.832744e-01 82.157186 97.824536
09/25 06:07:11 PM train 750 5.884329e-01 82.007324 97.784204
09/25 06:07:14 PM train_acc 81.960000
09/25 06:07:14 PM valid 000 1.541535e+00 70.312500 87.500000
09/25 06:07:15 PM valid 050 1.241687e+00 69.730392 91.574755
09/25 06:07:16 PM valid 100 1.225521e+00 69.755569 91.800743
09/25 06:07:18 PM valid 150 1.236931e+00 69.743377 91.670116
09/25 06:07:18 PM valid_acc 69.830000, best_acc 70.660000
09/25 06:07:18 PM epoch 191 lr 1.914282e-02
09/25 06:07:18 PM train 000 5.069938e-01 87.500000 96.875000
09/25 06:07:22 PM train 050 5.645861e-01 83.210784 97.947304
09/25 06:07:27 PM train 100 5.590856e-01 83.044554 98.112624
09/25 06:07:31 PM train 150 5.632355e-01 82.802152 98.002897
09/25 06:07:35 PM train 200 5.507749e-01 83.146766 98.033271
09/25 06:07:39 PM train 250 5.632674e-01 82.787600 97.951942
09/25 06:07:43 PM train 300 5.676077e-01 82.604859 97.908015
09/25 06:07:48 PM train 350 5.772384e-01 82.398504 97.787571
09/25 06:07:52 PM train 400 5.767980e-01 82.391677 97.814059
09/25 06:07:56 PM train 450 5.806164e-01 82.282428 97.734202
09/25 06:08:00 PM train 500 5.826744e-01 82.269835 97.726422
09/25 06:08:05 PM train 550 5.853148e-01 82.112069 97.745576
09/25 06:08:09 PM train 600 5.888268e-01 81.928557 97.704347
09/25 06:08:13 PM train 650 5.943295e-01 81.785234 97.676651
09/25 06:08:17 PM train 700 5.950381e-01 81.771576 97.697486
09/25 06:08:22 PM train 750 5.986473e-01 81.678595 97.667693
09/25 06:08:24 PM train_acc 81.632000
09/25 06:08:24 PM valid 000 1.367217e+00 70.312500 87.500000
09/25 06:08:25 PM valid 050 1.192376e+00 70.863971 91.544118
09/25 06:08:27 PM valid 100 1.168241e+00 71.225248 91.909035
09/25 06:08:28 PM valid 150 1.179358e+00 71.161010 92.021937
09/25 06:08:28 PM valid_acc 71.160000, best_acc 71.160000
09/25 06:08:28 PM epoch 192 lr 1.908729e-02
09/25 06:08:28 PM train 000 4.943690e-01 82.812500 98.437500
09/25 06:08:33 PM train 050 5.671763e-01 82.598039 97.855392
09/25 06:08:37 PM train 100 5.461163e-01 83.090965 97.834158
09/25 06:08:41 PM train 150 5.420947e-01 83.454056 98.033940
09/25 06:08:45 PM train 200 5.359479e-01 83.411070 98.103234
09/25 06:08:50 PM train 250 5.346926e-01 83.578187 98.157371
09/25 06:08:54 PM train 300 5.429931e-01 83.321221 98.079319
09/25 06:08:58 PM train 350 5.476653e-01 83.141916 98.032407
09/25 06:09:02 PM train 400 5.532429e-01 82.921602 97.977712
09/25 06:09:06 PM train 450 5.594714e-01 82.691242 97.962860
09/25 06:09:11 PM train 500 5.603917e-01 82.718937 97.941617
09/25 06:09:15 PM train 550 5.630285e-01 82.616833 97.935572
09/25 06:09:19 PM train 600 5.670246e-01 82.549917 97.940932
09/25 06:09:23 PM train 650 5.716011e-01 82.430876 97.904666
09/25 06:09:28 PM train 700 5.762564e-01 82.339961 97.862429
09/25 06:09:32 PM train 750 5.818477e-01 82.202896 97.786285
09/25 06:09:35 PM train_acc 82.142000
09/25 06:09:35 PM valid 000 1.222138e+00 70.312500 90.625000
09/25 06:09:36 PM valid 050 1.252299e+00 69.270833 91.299020
09/25 06:09:37 PM valid 100 1.236476e+00 69.090347 91.754332
09/25 06:09:38 PM valid 150 1.258865e+00 69.257036 91.494205
09/25 06:09:39 PM valid_acc 69.300000, best_acc 71.160000
09/25 06:09:39 PM epoch 193 lr 1.903157e-02
09/25 06:09:39 PM train 000 4.658850e-01 87.500000 96.875000
09/25 06:09:43 PM train 050 5.412466e-01 82.843137 97.977941
09/25 06:09:47 PM train 100 5.223708e-01 84.096535 98.112624
09/25 06:09:52 PM train 150 5.254106e-01 84.002483 98.168460
09/25 06:09:56 PM train 200 5.366865e-01 83.519900 97.994403
09/25 06:10:00 PM train 250 5.364018e-01 83.771165 97.989293
09/25 06:10:04 PM train 300 5.381634e-01 83.622301 98.032600
09/25 06:10:08 PM train 350 5.453671e-01 83.453526 97.952279
09/25 06:10:13 PM train 400 5.513369e-01 83.268392 97.919264
09/25 06:10:17 PM train 450 5.550104e-01 83.103520 97.931680
09/25 06:10:21 PM train 500 5.586434e-01 82.993388 97.894835
09/25 06:10:25 PM train 550 5.688635e-01 82.713249 97.824977
09/25 06:10:30 PM train 600 5.714000e-01 82.633111 97.823939
09/25 06:10:34 PM train 650 5.753308e-01 82.483679 97.789459
09/25 06:10:38 PM train 700 5.772687e-01 82.446951 97.750981
09/25 06:10:42 PM train 750 5.801610e-01 82.365180 97.723868
09/25 06:10:45 PM train_acc 82.260000
09/25 06:10:45 PM valid 000 1.145424e+00 73.437500 92.187500
09/25 06:10:46 PM valid 050 1.313966e+00 68.780637 90.870098
09/25 06:10:48 PM valid 100 1.320706e+00 68.858292 91.027228
09/25 06:10:49 PM valid 150 1.312953e+00 69.039735 91.214818
09/25 06:10:49 PM valid_acc 69.060000, best_acc 71.160000
09/25 06:10:49 PM epoch 194 lr 1.897568e-02
09/25 06:10:49 PM train 000 5.955435e-01 78.125000 98.437500
09/25 06:10:53 PM train 050 5.249422e-01 83.394608 98.498775
09/25 06:10:58 PM train 100 5.134888e-01 84.003713 98.360149
09/25 06:11:02 PM train 150 5.352972e-01 83.391970 98.127070
09/25 06:11:06 PM train 200 5.335223e-01 83.356654 98.188744
09/25 06:11:10 PM train 250 5.413980e-01 83.111305 98.095120
09/25 06:11:15 PM train 300 5.419713e-01 83.186254 98.074128
09/25 06:11:19 PM train 350 5.440728e-01 83.137464 98.050214
09/25 06:11:23 PM train 400 5.477869e-01 83.120324 98.001091
09/25 06:11:27 PM train 450 5.507706e-01 83.027300 97.921286
09/25 06:11:32 PM train 500 5.568548e-01 82.853044 97.907310
09/25 06:11:36 PM train 550 5.619522e-01 82.718920 97.856171
09/25 06:11:40 PM train 600 5.697087e-01 82.451123 97.836938
09/25 06:11:44 PM train 650 5.746055e-01 82.361271 97.782258
09/25 06:11:48 PM train 700 5.771568e-01 82.288695 97.757668
09/25 06:11:53 PM train 750 5.807610e-01 82.198735 97.740513
09/25 06:11:55 PM train_acc 82.162000
09/25 06:11:55 PM valid 000 1.054145e+00 76.562500 93.750000
09/25 06:11:57 PM valid 050 1.368574e+00 68.382353 90.134804
09/25 06:11:58 PM valid 100 1.356423e+00 68.672649 90.501238
09/25 06:11:59 PM valid 150 1.363576e+00 68.687914 90.573262
09/25 06:11:59 PM valid_acc 68.790000, best_acc 71.160000
09/25 06:11:59 PM epoch 195 lr 1.891961e-02
09/25 06:12:00 PM train 000 6.975312e-01 81.250000 98.437500
09/25 06:12:04 PM train 050 5.242568e-01 84.283088 97.916667
09/25 06:12:08 PM train 100 5.193999e-01 84.467822 98.081683
09/25 06:12:12 PM train 150 5.234213e-01 84.105960 98.127070
09/25 06:12:16 PM train 200 5.376157e-01 83.442164 98.064366
09/25 06:12:21 PM train 250 5.421713e-01 83.242032 98.095120
09/25 06:12:25 PM train 300 5.472960e-01 83.077243 98.042982
09/25 06:12:29 PM train 350 5.504644e-01 82.959402 98.023504
09/25 06:12:34 PM train 400 5.552088e-01 82.859258 98.024470
09/25 06:12:38 PM train 450 5.642014e-01 82.583841 97.969789
09/25 06:12:42 PM train 500 5.689992e-01 82.522455 97.919785
09/25 06:12:46 PM train 550 5.713789e-01 82.466538 97.876021
09/25 06:12:51 PM train 600 5.736757e-01 82.370528 97.849938
09/25 06:12:55 PM train 650 5.754856e-01 82.349270 97.839862
09/25 06:12:59 PM train 700 5.804268e-01 82.175018 97.808934
09/25 06:13:03 PM train 750 5.868410e-01 81.965712 97.750915
09/25 06:13:06 PM train_acc 81.866000
09/25 06:13:06 PM valid 000 1.393255e+00 68.750000 92.187500
09/25 06:13:07 PM valid 050 1.178285e+00 70.741422 91.881127
09/25 06:13:09 PM valid 100 1.183566e+00 70.652847 91.955446
09/25 06:13:10 PM valid 150 1.182991e+00 70.478063 91.949503
09/25 06:13:10 PM valid_acc 70.480000, best_acc 71.160000
09/25 06:13:10 PM epoch 196 lr 1.886336e-02
09/25 06:13:10 PM train 000 4.583778e-01 84.375000 100.000000
09/25 06:13:15 PM train 050 5.294380e-01 83.854167 98.284314
09/25 06:13:19 PM train 100 5.434267e-01 83.477723 98.081683
09/25 06:13:23 PM train 150 5.439659e-01 83.681705 97.971854
09/25 06:13:27 PM train 200 5.451996e-01 83.512127 97.924440
09/25 06:13:32 PM train 250 5.428165e-01 83.627988 97.951942
09/25 06:13:36 PM train 300 5.421274e-01 83.767650 97.959925
09/25 06:13:40 PM train 350 5.439740e-01 83.649395 97.970085
09/25 06:13:44 PM train 400 5.533874e-01 83.295667 97.895885
09/25 06:13:49 PM train 450 5.596365e-01 83.075804 97.886641
09/25 06:13:53 PM train 500 5.644712e-01 82.887350 97.844935
09/25 06:13:57 PM train 550 5.686227e-01 82.679220 97.847663
09/25 06:14:02 PM train 600 5.726779e-01 82.596714 97.829139
09/25 06:14:06 PM train 650 5.763887e-01 82.507680 97.803859
09/25 06:14:10 PM train 700 5.813876e-01 82.353335 97.757668
09/25 06:14:14 PM train 750 5.840585e-01 82.269474 97.728029
09/25 06:14:17 PM train_acc 82.148000
09/25 06:14:17 PM valid 000 1.124101e+00 71.875000 95.312500
09/25 06:14:18 PM valid 050 1.264092e+00 70.526961 90.962010
09/25 06:14:20 PM valid 100 1.234995e+00 70.776609 91.568688
09/25 06:14:21 PM valid 150 1.243488e+00 70.653974 91.525248
09/25 06:14:21 PM valid_acc 70.590000, best_acc 71.160000
09/25 06:14:21 PM epoch 197 lr 1.880694e-02
09/25 06:14:21 PM train 000 3.808253e-01 90.625000 100.000000
09/25 06:14:26 PM train 050 5.105730e-01 85.263480 97.794118
09/25 06:14:30 PM train 100 5.019048e-01 85.210396 98.004332
09/25 06:14:34 PM train 150 5.045943e-01 84.985513 98.199503
09/25 06:14:38 PM train 200 5.153503e-01 84.507152 98.196517
09/25 06:14:43 PM train 250 5.243865e-01 84.175797 98.151145
09/25 06:14:47 PM train 300 5.363403e-01 83.694975 98.027409
09/25 06:14:51 PM train 350 5.462217e-01 83.449074 97.947828
09/25 06:14:56 PM train 400 5.514985e-01 83.311253 97.891989
09/25 06:15:00 PM train 450 5.559133e-01 83.152023 97.838137
09/25 06:15:04 PM train 500 5.615789e-01 82.927894 97.807510
09/25 06:15:08 PM train 550 5.646172e-01 82.812500 97.816470
09/25 06:15:13 PM train 600 5.678021e-01 82.692908 97.779742
09/25 06:15:17 PM train 650 5.706021e-01 82.603687 97.772657
09/25 06:15:21 PM train 700 5.778430e-01 82.351106 97.724233
09/25 06:15:25 PM train 750 5.850746e-01 82.121754 97.669774
09/25 06:15:28 PM train_acc 82.054000
09/25 06:15:28 PM valid 000 1.210476e+00 75.000000 89.062500
09/25 06:15:30 PM valid 050 1.176798e+00 70.986520 90.747549
09/25 06:15:31 PM valid 100 1.180711e+00 70.034035 91.630569
09/25 06:15:32 PM valid 150 1.180668e+00 70.374586 91.649421
09/25 06:15:32 PM valid_acc 70.360000, best_acc 71.160000
09/25 06:15:32 PM epoch 198 lr 1.875034e-02
09/25 06:15:32 PM train 000 4.911957e-01 82.812500 98.437500
09/25 06:15:37 PM train 050 5.340312e-01 83.700980 97.947304
09/25 06:15:41 PM train 100 5.237675e-01 83.957302 97.911510
09/25 06:15:45 PM train 150 5.242917e-01 84.126656 97.982202
09/25 06:15:50 PM train 200 5.248596e-01 84.001866 98.079913
09/25 06:15:54 PM train 250 5.310645e-01 83.802291 98.063994
09/25 06:15:58 PM train 300 5.331802e-01 83.767650 98.058555
09/25 06:16:02 PM train 350 5.361582e-01 83.711717 98.059117
09/25 06:16:07 PM train 400 5.408631e-01 83.556733 98.067332
09/25 06:16:11 PM train 450 5.478791e-01 83.352966 97.976718
09/25 06:16:15 PM train 500 5.547029e-01 83.121257 97.947854
09/25 06:16:19 PM train 550 5.595678e-01 82.942945 97.927064
09/25 06:16:24 PM train 600 5.639636e-01 82.848898 97.886335
09/25 06:16:28 PM train 650 5.668839e-01 82.730895 97.849462
09/25 06:16:32 PM train 700 5.733382e-01 82.545025 97.791102
09/25 06:16:36 PM train 750 5.765956e-01 82.440080 97.773802
09/25 06:16:39 PM train_acc 82.384000
09/25 06:16:39 PM valid 000 1.304546e+00 64.062500 95.312500
09/25 06:16:40 PM valid 050 1.234799e+00 69.424020 91.789216
09/25 06:16:42 PM valid 100 1.189679e+00 70.250619 92.589728
09/25 06:16:43 PM valid 150 1.189773e+00 70.716060 92.508278
09/25 06:16:43 PM valid_acc 70.700000, best_acc 71.160000
09/25 06:16:43 PM epoch 199 lr 1.869358e-02
09/25 06:16:43 PM train 000 4.755453e-01 81.250000 98.437500
09/25 06:16:48 PM train 050 5.191057e-01 84.221814 98.406863
09/25 06:16:52 PM train 100 5.216164e-01 84.452351 98.282797
09/25 06:16:56 PM train 150 5.196346e-01 84.416391 98.085679
09/25 06:17:00 PM train 200 5.314504e-01 83.931903 98.064366
09/25 06:17:04 PM train 250 5.347895e-01 83.690239 98.088894
09/25 06:17:09 PM train 300 5.469038e-01 83.388704 98.017027
09/25 06:17:13 PM train 350 5.516156e-01 83.248754 97.965634
09/25 06:17:17 PM train 400 5.549391e-01 83.046291 97.973815
09/25 06:17:22 PM train 450 5.594319e-01 82.919900 97.935144
09/25 06:17:26 PM train 500 5.628544e-01 82.803144 97.935379
09/25 06:17:30 PM train 550 5.634753e-01 82.772799 97.918557
09/25 06:17:34 PM train 600 5.663780e-01 82.594114 97.920133
09/25 06:17:38 PM train 650 5.706460e-01 82.498080 97.883065
09/25 06:17:43 PM train 700 5.757143e-01 82.355563 97.840139
09/25 06:17:47 PM train 750 5.777447e-01 82.277796 97.825816
09/25 06:17:50 PM train_acc 82.226000
09/25 06:17:50 PM valid 000 1.140355e+00 75.000000 90.625000
09/25 06:17:51 PM valid 050 1.186034e+00 69.791667 91.881127
09/25 06:17:52 PM valid 100 1.168481e+00 70.064975 92.187500
09/25 06:17:54 PM valid 150 1.195265e+00 70.053808 91.721854
09/25 06:17:54 PM valid_acc 70.010000, best_acc 71.160000
09/25 06:17:54 PM epoch 200 lr 1.863664e-02
09/25 06:17:54 PM train 000 4.606230e-01 87.500000 98.437500
09/25 06:17:58 PM train 050 5.463257e-01 83.517157 97.671569
09/25 06:18:02 PM train 100 5.527827e-01 83.384901 97.772277
09/25 06:18:07 PM train 150 5.404018e-01 83.785182 97.961507
09/25 06:18:11 PM train 200 5.320896e-01 84.032960 98.056592
09/25 06:18:15 PM train 250 5.389010e-01 83.951693 97.995518
09/25 06:18:19 PM train 300 5.438229e-01 83.648256 97.985880
09/25 06:18:23 PM train 350 5.498132e-01 83.297721 97.961182
09/25 06:18:28 PM train 400 5.579239e-01 83.128117 97.888092
09/25 06:18:32 PM train 450 5.676436e-01 82.836752 97.820815
09/25 06:18:36 PM train 500 5.715245e-01 82.634731 97.770085
09/25 06:18:40 PM train 550 5.770335e-01 82.409823 97.714383
09/25 06:18:45 PM train 600 5.794148e-01 82.310732 97.699147
09/25 06:18:49 PM train 650 5.814052e-01 82.226863 97.698253
09/25 06:18:53 PM train 700 5.854432e-01 82.068028 97.681883
09/25 06:18:57 PM train 750 5.893620e-01 81.957390 97.686418
09/25 06:19:00 PM train_acc 81.940000
09/25 06:19:00 PM valid 000 1.137931e+00 79.687500 93.750000
09/25 06:19:01 PM valid 050 1.221496e+00 70.710784 91.911765
09/25 06:19:02 PM valid 100 1.217821e+00 70.327970 92.110149
09/25 06:19:04 PM valid 150 1.220683e+00 70.333195 92.125414
09/25 06:19:04 PM valid_acc 70.450000, best_acc 71.160000
09/25 06:19:04 PM epoch 201 lr 1.857953e-02
09/25 06:19:04 PM train 000 5.937212e-01 79.687500 98.437500
09/25 06:19:08 PM train 050 5.389712e-01 84.037990 98.284314
09/25 06:19:13 PM train 100 5.599562e-01 82.889851 97.988861
09/25 06:19:17 PM train 150 5.414124e-01 83.412666 98.023593
09/25 06:19:21 PM train 200 5.387603e-01 83.465485 98.017724
09/25 06:19:25 PM train 250 5.493929e-01 83.086404 97.920817
09/25 06:19:29 PM train 300 5.530130e-01 83.030523 97.871678
09/25 06:19:34 PM train 350 5.549107e-01 83.039530 97.876603
09/25 06:19:38 PM train 400 5.578211e-01 82.917706 97.891989
09/25 06:19:42 PM train 450 5.635139e-01 82.784784 97.834673
09/25 06:19:46 PM train 500 5.690603e-01 82.581712 97.804391
09/25 06:19:51 PM train 550 5.713712e-01 82.543103 97.773934
09/25 06:19:55 PM train 600 5.716413e-01 82.487521 97.792741
09/25 06:19:59 PM train 650 5.743657e-01 82.402074 97.791859
09/25 06:20:03 PM train 700 5.778243e-01 82.304297 97.773270
09/25 06:20:07 PM train 750 5.831922e-01 82.150882 97.728029
09/25 06:20:10 PM train_acc 82.044000
09/25 06:20:10 PM valid 000 9.937065e-01 76.562500 92.187500
09/25 06:20:11 PM valid 050 1.410448e+00 67.892157 90.104167
09/25 06:20:13 PM valid 100 1.391524e+00 68.224010 90.501238
09/25 06:20:14 PM valid 150 1.403854e+00 68.025662 90.324917
09/25 06:20:14 PM valid_acc 68.100000, best_acc 71.160000
09/25 06:20:14 PM epoch 202 lr 1.852226e-02
09/25 06:20:14 PM train 000 5.200951e-01 84.375000 100.000000
09/25 06:20:19 PM train 050 5.471493e-01 82.781863 98.039216
09/25 06:20:23 PM train 100 5.482645e-01 82.781559 97.988861
09/25 06:20:27 PM train 150 5.394657e-01 83.288493 97.992550
09/25 06:20:31 PM train 200 5.415596e-01 83.387749 97.939988
09/25 06:20:36 PM train 250 5.424539e-01 83.397659 97.958167
09/25 06:20:40 PM train 300 5.460848e-01 83.310839 97.892442
09/25 06:20:44 PM train 350 5.498671e-01 83.141916 97.867699
09/25 06:20:48 PM train 400 5.505942e-01 83.112531 97.876403
09/25 06:20:52 PM train 450 5.541769e-01 82.937223 97.869318
09/25 06:20:57 PM train 500 5.587671e-01 82.737650 97.873004
09/25 06:21:01 PM train 550 5.608411e-01 82.761456 97.839156
09/25 06:21:05 PM train 600 5.672379e-01 82.573315 97.810940
09/25 06:21:10 PM train 650 5.703685e-01 82.462078 97.782258
09/25 06:21:14 PM train 700 5.751698e-01 82.324358 97.748752
09/25 06:21:18 PM train 750 5.779242e-01 82.298602 97.707224
09/25 06:21:21 PM train_acc 82.188000
09/25 06:21:21 PM valid 000 1.036784e+00 73.437500 93.750000
09/25 06:21:22 PM valid 050 1.167352e+00 71.292892 92.432598
09/25 06:21:23 PM valid 100 1.193511e+00 71.225248 92.110149
09/25 06:21:25 PM valid 150 1.207012e+00 71.047185 92.156457
09/25 06:21:25 PM valid_acc 71.040000, best_acc 71.160000
09/25 06:21:25 PM epoch 203 lr 1.846483e-02
09/25 06:21:25 PM train 000 4.488139e-01 85.937500 100.000000
09/25 06:21:29 PM train 050 5.216933e-01 83.578431 98.590686
09/25 06:21:34 PM train 100 5.367676e-01 83.323020 98.483911
09/25 06:21:38 PM train 150 5.401161e-01 83.298841 98.375414
09/25 06:21:42 PM train 200 5.434035e-01 83.185634 98.219838
09/25 06:21:46 PM train 250 5.497194e-01 83.123755 98.151145
09/25 06:21:51 PM train 300 5.506857e-01 83.004568 98.120847
09/25 06:21:55 PM train 350 5.521571e-01 82.954950 98.112536
09/25 06:21:59 PM train 400 5.555101e-01 82.824190 98.094607
09/25 06:22:04 PM train 450 5.561157e-01 82.805571 98.084119
09/25 06:22:08 PM train 500 5.572944e-01 82.834331 98.091317
09/25 06:22:12 PM train 550 5.599823e-01 82.747278 98.088702
09/25 06:22:16 PM train 600 5.643409e-01 82.581115 98.050125
09/25 06:22:21 PM train 650 5.687360e-01 82.442876 98.039075
09/25 06:22:25 PM train 700 5.711912e-01 82.357792 98.018456
09/25 06:22:29 PM train 750 5.736844e-01 82.296521 97.971455
09/25 06:22:32 PM train_acc 82.234000
09/25 06:22:32 PM valid 000 9.866224e-01 79.687500 95.312500
09/25 06:22:33 PM valid 050 1.256800e+00 70.588235 91.452206
09/25 06:22:35 PM valid 100 1.260453e+00 70.652847 91.367574
09/25 06:22:36 PM valid 150 1.278324e+00 70.033113 91.328642
09/25 06:22:36 PM valid_acc 70.040000, best_acc 71.160000
09/25 06:22:36 PM epoch 204 lr 1.840723e-02
09/25 06:22:36 PM train 000 3.639233e-01 89.062500 100.000000
09/25 06:22:41 PM train 050 5.224911e-01 83.823529 98.437500
09/25 06:22:45 PM train 100 5.362017e-01 83.524134 98.205446
09/25 06:22:49 PM train 150 5.392286e-01 83.371275 98.168460
09/25 06:22:53 PM train 200 5.398078e-01 83.341107 98.173197
09/25 06:22:57 PM train 250 5.495630e-01 83.123755 98.051544
09/25 06:23:02 PM train 300 5.543958e-01 82.957849 98.037791
09/25 06:23:06 PM train 350 5.592370e-01 82.901531 97.930021
09/25 06:23:10 PM train 400 5.644842e-01 82.750156 97.895885
09/25 06:23:14 PM train 450 5.675162e-01 82.698171 97.903963
09/25 06:23:19 PM train 500 5.725437e-01 82.525574 97.835579
09/25 06:23:23 PM train 550 5.743345e-01 82.421166 97.824977
09/25 06:23:27 PM train 600 5.818096e-01 82.191140 97.764143
09/25 06:23:31 PM train 650 5.847334e-01 82.114055 97.746256
09/25 06:23:35 PM train 700 5.864345e-01 82.101462 97.742065
09/25 06:23:40 PM train 750 5.885826e-01 82.026049 97.732190
09/25 06:23:42 PM train_acc 81.964000
09/25 06:23:42 PM valid 000 1.131997e+00 78.125000 87.500000
09/25 06:23:44 PM valid 050 1.300936e+00 68.719363 90.563725
09/25 06:23:45 PM valid 100 1.305585e+00 68.904703 91.243812
09/25 06:23:46 PM valid 150 1.317068e+00 68.915563 91.297599
09/25 06:23:46 PM valid_acc 68.950000, best_acc 71.160000
09/25 06:23:46 PM epoch 205 lr 1.834946e-02
09/25 06:23:47 PM train 000 7.018862e-01 79.687500 100.000000
09/25 06:23:51 PM train 050 5.567948e-01 83.333333 97.886029
09/25 06:23:55 PM train 100 5.339217e-01 83.957302 97.988861
09/25 06:23:59 PM train 150 5.279063e-01 84.095613 98.085679
09/25 06:24:04 PM train 200 5.302974e-01 84.001866 98.048818
09/25 06:24:08 PM train 250 5.439084e-01 83.491036 97.976843
09/25 06:24:12 PM train 300 5.440695e-01 83.425042 98.037791
09/25 06:24:16 PM train 350 5.493076e-01 83.319979 97.987892
09/25 06:24:21 PM train 400 5.551184e-01 83.061877 97.934850
09/25 06:24:25 PM train 450 5.548926e-01 83.058481 97.931680
09/25 06:24:29 PM train 500 5.581823e-01 82.902944 97.926023
09/25 06:24:33 PM train 550 5.616912e-01 82.866379 97.910050
09/25 06:24:37 PM train 600 5.686096e-01 82.620112 97.839538
09/25 06:24:42 PM train 650 5.708336e-01 82.543683 97.827861
09/25 06:24:46 PM train 700 5.739677e-01 82.404601 97.831223
09/25 06:24:50 PM train 750 5.776683e-01 82.325649 97.802929
09/25 06:24:53 PM train_acc 82.236000
09/25 06:24:53 PM valid 000 1.159252e+00 76.562500 92.187500
09/25 06:24:54 PM valid 050 1.202868e+00 70.772059 91.666667
09/25 06:24:55 PM valid 100 1.167547e+00 71.225248 92.079208
09/25 06:24:56 PM valid 150 1.183025e+00 70.860927 91.877070
09/25 06:24:57 PM valid_acc 70.850000, best_acc 71.160000
09/25 06:24:57 PM epoch 206 lr 1.829154e-02
09/25 06:24:57 PM train 000 4.792105e-01 85.937500 98.437500
09/25 06:25:01 PM train 050 5.168862e-01 83.884804 98.253676
09/25 06:25:05 PM train 100 5.300936e-01 83.338490 98.205446
09/25 06:25:09 PM train 150 5.334548e-01 83.371275 98.230546
09/25 06:25:14 PM train 200 5.316144e-01 83.636505 98.250933
09/25 06:25:18 PM train 250 5.321112e-01 83.640438 98.269422
09/25 06:25:22 PM train 300 5.369488e-01 83.419850 98.193522
09/25 06:25:26 PM train 350 5.485266e-01 83.168625 98.099181
09/25 06:25:30 PM train 400 5.558426e-01 82.894327 98.051746
09/25 06:25:35 PM train 450 5.584239e-01 82.861003 98.021757
09/25 06:25:39 PM train 500 5.640481e-01 82.647206 97.988398
09/25 06:25:43 PM train 550 5.657141e-01 82.622505 97.980944
09/25 06:25:47 PM train 600 5.712461e-01 82.482321 97.940932
09/25 06:25:51 PM train 650 5.746030e-01 82.382873 97.907066
09/25 06:25:55 PM train 700 5.799343e-01 82.159415 97.873573
09/25 06:26:00 PM train 750 5.813584e-01 82.119674 97.844541
09/25 06:26:02 PM train_acc 82.124000
09/25 06:26:02 PM valid 000 1.176069e+00 79.687500 89.062500
09/25 06:26:04 PM valid 050 1.288344e+00 69.822304 91.299020
09/25 06:26:05 PM valid 100 1.277791e+00 69.600866 91.754332
09/25 06:26:06 PM valid 150 1.284422e+00 69.743377 91.856374
09/25 06:26:06 PM valid_acc 69.820000, best_acc 71.160000
09/25 06:26:06 PM epoch 207 lr 1.823346e-02
09/25 06:26:06 PM train 000 6.585351e-01 82.812500 96.875000
09/25 06:26:11 PM train 050 5.203369e-01 84.528186 98.161765
09/25 06:26:15 PM train 100 5.144752e-01 84.483292 98.329208
09/25 06:26:19 PM train 150 5.207121e-01 84.302566 98.240894
09/25 06:26:23 PM train 200 5.235060e-01 84.165112 98.157649
09/25 06:26:27 PM train 250 5.281136e-01 83.920568 98.169821
09/25 06:26:32 PM train 300 5.279953e-01 83.975291 98.167566
09/25 06:26:36 PM train 350 5.303848e-01 83.903134 98.148148
09/25 06:26:40 PM train 400 5.381070e-01 83.622974 98.106297
09/25 06:26:44 PM train 450 5.407223e-01 83.578160 98.080654
09/25 06:26:48 PM train 500 5.437488e-01 83.495509 98.041417
09/25 06:26:53 PM train 550 5.510613e-01 83.291742 97.972436
09/25 06:26:57 PM train 600 5.558637e-01 83.095882 97.940932
09/25 06:27:01 PM train 650 5.592338e-01 82.973310 97.940668
09/25 06:27:05 PM train 700 5.649637e-01 82.808042 97.862429
09/25 06:27:09 PM train 750 5.680141e-01 82.687666 97.846621
09/25 06:27:12 PM train_acc 82.638000
09/25 06:27:12 PM valid 000 1.208315e+00 75.000000 93.750000
09/25 06:27:13 PM valid 050 1.170120e+00 71.384804 92.248775
09/25 06:27:14 PM valid 100 1.159940e+00 71.936881 92.156559
09/25 06:27:16 PM valid 150 1.166644e+00 71.316225 92.094371
09/25 06:27:16 PM valid_acc 71.320000, best_acc 71.320000
09/25 06:27:16 PM epoch 208 lr 1.817522e-02
09/25 06:27:16 PM train 000 5.811151e-01 75.000000 100.000000
09/25 06:27:20 PM train 050 5.214445e-01 83.609069 97.977941
09/25 06:27:25 PM train 100 5.251801e-01 83.632426 98.050743
09/25 06:27:29 PM train 150 5.270203e-01 83.588576 98.147765
09/25 06:27:33 PM train 200 5.339832e-01 83.481032 98.017724
09/25 06:27:37 PM train 250 5.345061e-01 83.403884 97.989293
09/25 06:27:41 PM train 300 5.447976e-01 83.196636 97.830150
09/25 06:27:45 PM train 350 5.424308e-01 83.266560 97.854345
09/25 06:27:50 PM train 400 5.420631e-01 83.334632 97.868610
09/25 06:27:54 PM train 450 5.492156e-01 83.113914 97.834673
09/25 06:27:58 PM train 500 5.542572e-01 83.005863 97.788797
09/25 06:28:02 PM train 550 5.588035e-01 82.906080 97.785277
09/25 06:28:06 PM train 600 5.624745e-01 82.861897 97.730345
09/25 06:28:11 PM train 650 5.666024e-01 82.723694 97.715054
09/25 06:28:15 PM train 700 5.731558e-01 82.533880 97.659593
09/25 06:28:19 PM train 750 5.762538e-01 82.429677 97.665613
09/25 06:28:22 PM train_acc 82.368000
09/25 06:28:22 PM valid 000 1.083034e+00 71.875000 96.875000
09/25 06:28:23 PM valid 050 1.187325e+00 72.365196 91.789216
09/25 06:28:24 PM valid 100 1.210974e+00 71.565594 91.986386
09/25 06:28:26 PM valid 150 1.216082e+00 71.171358 91.928808
09/25 06:28:26 PM valid_acc 71.150000, best_acc 71.320000
09/25 06:28:26 PM epoch 209 lr 1.811683e-02
09/25 06:28:26 PM train 000 4.328270e-01 90.625000 98.437500
09/25 06:28:30 PM train 050 5.389292e-01 83.363971 98.284314
09/25 06:28:34 PM train 100 5.381737e-01 83.462252 98.251856
09/25 06:28:39 PM train 150 5.402758e-01 83.236755 98.220199
09/25 06:28:43 PM train 200 5.433635e-01 83.216729 98.111007
09/25 06:28:47 PM train 250 5.467344e-01 83.167331 98.132470
09/25 06:28:51 PM train 300 5.495555e-01 83.004568 98.126038
09/25 06:28:55 PM train 350 5.482697e-01 83.039530 98.116987
09/25 06:29:00 PM train 400 5.502274e-01 82.995636 98.090711
09/25 06:29:04 PM train 450 5.512559e-01 82.867932 98.087583
09/25 06:29:08 PM train 500 5.560319e-01 82.762600 98.028942
09/25 06:29:12 PM train 550 5.606390e-01 82.667877 97.995123
09/25 06:29:17 PM train 600 5.647823e-01 82.568116 97.935732
09/25 06:29:21 PM train 650 5.673875e-01 82.488479 97.909466
09/25 06:29:25 PM train 700 5.734125e-01 82.331045 97.860200
09/25 06:29:29 PM train 750 5.770867e-01 82.225782 97.809171
09/25 06:29:32 PM train_acc 82.150000
09/25 06:29:32 PM valid 000 1.350080e+00 71.875000 85.937500
09/25 06:29:33 PM valid 050 1.232691e+00 69.577206 91.053922
09/25 06:29:34 PM valid 100 1.222637e+00 70.157797 91.646040
09/25 06:29:36 PM valid 150 1.218426e+00 70.281457 91.618377
09/25 06:29:36 PM valid_acc 70.400000, best_acc 71.320000
09/25 06:29:36 PM epoch 210 lr 1.805828e-02
09/25 06:29:36 PM train 000 6.249897e-01 82.812500 96.875000
09/25 06:29:40 PM train 050 5.083149e-01 84.344363 98.376225
09/25 06:29:45 PM train 100 5.068918e-01 84.235767 98.298267
09/25 06:29:49 PM train 150 5.042041e-01 84.395695 98.292632
09/25 06:29:53 PM train 200 5.203326e-01 84.110697 98.243159
09/25 06:29:57 PM train 250 5.273081e-01 83.746265 98.200946
09/25 06:30:01 PM train 300 5.360266e-01 83.591154 98.146802
09/25 06:30:06 PM train 350 5.380823e-01 83.400107 98.152600
09/25 06:30:10 PM train 400 5.403913e-01 83.377494 98.137469
09/25 06:30:14 PM train 450 5.466808e-01 83.203991 98.094512
09/25 06:30:18 PM train 500 5.503726e-01 83.037051 98.063249
09/25 06:30:23 PM train 550 5.524905e-01 82.971302 98.020644
09/25 06:30:27 PM train 600 5.569151e-01 82.867097 97.982529
09/25 06:30:31 PM train 650 5.565020e-01 82.884505 97.983871
09/25 06:30:35 PM train 700 5.610094e-01 82.745631 97.951587
09/25 06:30:39 PM train 750 5.627211e-01 82.685586 97.934005
09/25 06:30:42 PM train_acc 82.608000
09/25 06:30:42 PM valid 000 1.333112e+00 71.875000 90.625000
09/25 06:30:43 PM valid 050 1.233719e+00 69.056373 91.421569
09/25 06:30:44 PM valid 100 1.237898e+00 69.693688 91.506807
09/25 06:30:46 PM valid 150 1.239230e+00 69.681291 91.618377
09/25 06:30:46 PM valid_acc 69.730000, best_acc 71.320000
09/25 06:30:46 PM epoch 211 lr 1.799958e-02
09/25 06:30:46 PM train 000 5.071814e-01 89.062500 96.875000
09/25 06:30:50 PM train 050 5.103094e-01 84.528186 98.345588
09/25 06:30:54 PM train 100 5.100519e-01 84.235767 98.406559
09/25 06:30:59 PM train 150 5.080690e-01 84.426738 98.375414
09/25 06:31:03 PM train 200 5.165567e-01 84.235075 98.313122
09/25 06:31:07 PM train 250 5.282576e-01 83.833416 98.200946
09/25 06:31:11 PM train 300 5.364255e-01 83.663829 98.131229
09/25 06:31:15 PM train 350 5.411046e-01 83.560363 98.085826
09/25 06:31:19 PM train 400 5.467157e-01 83.447631 98.079021
09/25 06:31:24 PM train 450 5.526720e-01 83.283675 98.059867
09/25 06:31:28 PM train 500 5.575616e-01 83.158683 98.044536
09/25 06:31:32 PM train 550 5.578857e-01 83.096075 98.037659
09/25 06:31:36 PM train 600 5.616918e-01 82.929493 97.995528
09/25 06:31:40 PM train 650 5.655054e-01 82.810100 97.974270
09/25 06:31:44 PM train 700 5.691416e-01 82.701052 97.947129
09/25 06:31:49 PM train 750 5.700557e-01 82.654377 97.942327
09/25 06:31:51 PM train_acc 82.616000
09/25 06:31:51 PM valid 000 1.258478e+00 73.437500 90.625000
09/25 06:31:52 PM valid 050 1.222951e+00 71.139706 91.819853
09/25 06:31:54 PM valid 100 1.179209e+00 71.596535 92.404084
09/25 06:31:55 PM valid 150 1.191052e+00 71.533526 92.197848
09/25 06:31:55 PM valid_acc 71.590000, best_acc 71.590000
09/25 06:31:55 PM epoch 212 lr 1.794073e-02
09/25 06:31:55 PM train 000 4.038685e-01 87.500000 98.437500
09/25 06:31:59 PM train 050 5.063540e-01 84.466912 98.223039
09/25 06:32:04 PM train 100 5.300351e-01 83.616955 98.128094
09/25 06:32:08 PM train 150 5.315232e-01 83.495447 98.271937
09/25 06:32:12 PM train 200 5.387992e-01 83.325560 98.149876
09/25 06:32:16 PM train 250 5.415264e-01 83.291833 98.057769
09/25 06:32:20 PM train 300 5.426817e-01 83.326412 98.058555
09/25 06:32:24 PM train 350 5.451447e-01 83.195335 98.014601
09/25 06:32:29 PM train 400 5.486400e-01 83.003429 97.997195
09/25 06:32:33 PM train 450 5.519908e-01 82.916436 97.955931
09/25 06:32:37 PM train 500 5.573593e-01 82.784431 97.851173
09/25 06:32:41 PM train 550 5.596270e-01 82.821007 97.847663
09/25 06:32:45 PM train 600 5.653378e-01 82.690308 97.777142
09/25 06:32:50 PM train 650 5.689873e-01 82.572485 97.753456
09/25 06:32:54 PM train 700 5.714323e-01 82.480385 97.755439
09/25 06:32:58 PM train 750 5.712936e-01 82.537866 97.759238
09/25 06:33:01 PM train_acc 82.474000
09/25 06:33:01 PM valid 000 1.334218e+00 71.875000 89.062500
09/25 06:33:02 PM valid 050 1.237151e+00 70.006127 91.482843
09/25 06:33:03 PM valid 100 1.219773e+00 70.219678 91.707921
09/25 06:33:04 PM valid 150 1.250974e+00 69.805464 91.545944
09/25 06:33:05 PM valid_acc 69.900000, best_acc 71.590000
09/25 06:33:05 PM epoch 213 lr 1.788173e-02
09/25 06:33:05 PM train 000 4.485210e-01 82.812500 100.000000
09/25 06:33:09 PM train 050 5.019918e-01 83.670343 98.468137
09/25 06:33:13 PM train 100 5.068738e-01 84.251238 98.205446
09/25 06:33:17 PM train 150 5.202803e-01 84.105960 98.189156
09/25 06:33:22 PM train 200 5.305943e-01 83.830846 97.963308
09/25 06:33:26 PM train 250 5.321457e-01 83.814741 98.026643
09/25 06:33:30 PM train 300 5.295112e-01 83.809178 98.037791
09/25 06:33:34 PM train 350 5.339357e-01 83.698362 97.970085
09/25 06:33:38 PM train 400 5.404313e-01 83.498286 97.985505
09/25 06:33:42 PM train 450 5.442414e-01 83.394540 97.994041
09/25 06:33:46 PM train 500 5.512041e-01 83.233533 97.979042
09/25 06:33:51 PM train 550 5.558124e-01 83.101747 97.932736
09/25 06:33:55 PM train 600 5.599248e-01 83.043885 97.904534
09/25 06:33:59 PM train 650 5.598836e-01 83.009313 97.914267
09/25 06:34:04 PM train 700 5.601718e-01 82.926177 97.907008
09/25 06:34:08 PM train 750 5.658164e-01 82.729278 97.867427
09/25 06:34:10 PM train_acc 82.698000
09/25 06:34:10 PM valid 000 1.216012e+00 73.437500 90.625000
09/25 06:34:12 PM valid 050 1.281537e+00 69.301471 91.482843
09/25 06:34:13 PM valid 100 1.274154e+00 69.740099 91.723391
09/25 06:34:14 PM valid 150 1.287807e+00 69.784768 91.349338
09/25 06:34:14 PM valid_acc 69.790000, best_acc 71.590000
09/25 06:34:14 PM epoch 214 lr 1.782258e-02
09/25 06:34:14 PM train 000 5.667463e-01 81.250000 100.000000
09/25 06:34:19 PM train 050 5.357692e-01 84.283088 98.100490
09/25 06:34:23 PM train 100 5.291895e-01 84.142946 98.159035
09/25 06:34:27 PM train 150 5.221455e-01 84.447434 98.158113
09/25 06:34:31 PM train 200 5.305557e-01 83.955224 98.041045
09/25 06:34:35 PM train 250 5.317623e-01 83.833416 98.082669
09/25 06:34:40 PM train 300 5.391785e-01 83.731312 98.079319
09/25 06:34:44 PM train 350 5.512942e-01 83.400107 98.032407
09/25 06:34:48 PM train 400 5.561269e-01 83.116428 97.938747
09/25 06:34:52 PM train 450 5.576504e-01 83.044623 97.900499
09/25 06:34:57 PM train 500 5.563148e-01 83.055763 97.929142
09/25 06:35:01 PM train 550 5.585233e-01 82.962795 97.952586
09/25 06:35:05 PM train 600 5.592449e-01 82.963290 97.922733
09/25 06:35:09 PM train 650 5.638101e-01 82.778898 97.909466
09/25 06:35:13 PM train 700 5.697659e-01 82.594062 97.844597
09/25 06:35:18 PM train 750 5.719343e-01 82.521222 97.809171
09/25 06:35:20 PM train_acc 82.510000
09/25 06:35:20 PM valid 000 1.305097e+00 75.000000 90.625000
09/25 06:35:22 PM valid 050 1.303639e+00 68.596814 91.145833
09/25 06:35:23 PM valid 100 1.283812e+00 69.322401 91.491337
09/25 06:35:24 PM valid 150 1.286537e+00 69.505381 91.318295
09/25 06:35:24 PM valid_acc 69.490000, best_acc 71.590000
09/25 06:35:24 PM epoch 215 lr 1.776329e-02
09/25 06:35:25 PM train 000 6.623798e-01 78.125000 98.437500
09/25 06:35:29 PM train 050 5.080909e-01 84.895833 98.314951
09/25 06:35:33 PM train 100 5.038370e-01 84.978342 98.592203
09/25 06:35:37 PM train 150 5.030133e-01 84.892384 98.489238
09/25 06:35:41 PM train 200 5.121746e-01 84.476057 98.313122
09/25 06:35:45 PM train 250 5.160429e-01 84.375000 98.288098
09/25 06:35:50 PM train 300 5.231368e-01 84.156977 98.245432
09/25 06:35:54 PM train 350 5.302062e-01 83.907585 98.165954
09/25 06:35:58 PM train 400 5.345007e-01 83.693111 98.117986
09/25 06:36:03 PM train 450 5.403750e-01 83.508869 98.084119
09/25 06:36:07 PM train 500 5.478069e-01 83.280314 98.000873
09/25 06:36:11 PM train 550 5.488929e-01 83.348457 97.980944
09/25 06:36:15 PM train 600 5.565232e-01 83.108881 97.925333
09/25 06:36:20 PM train 650 5.603162e-01 82.968510 97.885465
09/25 06:36:24 PM train 700 5.613442e-01 82.901658 97.898092
09/25 06:36:28 PM train 750 5.658046e-01 82.760486 97.884071
09/25 06:36:31 PM train_acc 82.658000
09/25 06:36:31 PM valid 000 1.140457e+00 73.437500 93.750000
09/25 06:36:32 PM valid 050 1.131801e+00 71.537990 92.585784
09/25 06:36:33 PM valid 100 1.138312e+00 71.813119 92.698020
09/25 06:36:35 PM valid 150 1.149994e+00 71.812914 92.632450
09/25 06:36:35 PM valid_acc 71.710000, best_acc 71.710000
09/25 06:36:35 PM epoch 216 lr 1.770385e-02
09/25 06:36:35 PM train 000 4.536013e-01 85.937500 100.000000
09/25 06:36:39 PM train 050 5.223007e-01 84.037990 98.008578
09/25 06:36:43 PM train 100 5.069641e-01 84.436881 98.035272
09/25 06:36:48 PM train 150 4.953909e-01 84.985513 98.168460
09/25 06:36:52 PM train 200 5.098609e-01 84.546020 98.134328
09/25 06:36:56 PM train 250 5.212103e-01 84.294074 98.101345
09/25 06:37:00 PM train 300 5.251700e-01 84.131022 98.068937
09/25 06:37:05 PM train 350 5.273623e-01 83.974359 98.081375
09/25 06:37:09 PM train 400 5.375291e-01 83.689214 98.032263
09/25 06:37:13 PM train 450 5.475079e-01 83.359895 97.980183
09/25 06:37:18 PM train 500 5.534067e-01 83.086951 97.966567
09/25 06:37:22 PM train 550 5.594074e-01 82.857872 97.924229
09/25 06:37:26 PM train 600 5.603048e-01 82.809900 97.938332
09/25 06:37:30 PM train 650 5.633181e-01 82.745296 97.885465
09/25 06:37:35 PM train 700 5.650962e-01 82.672076 97.860200
09/25 06:37:39 PM train 750 5.683107e-01 82.562833 97.859105
09/25 06:37:42 PM train_acc 82.432000
09/25 06:37:42 PM valid 000 1.044335e+00 78.125000 92.187500
09/25 06:37:43 PM valid 050 1.149705e+00 70.955882 92.310049
09/25 06:37:44 PM valid 100 1.150900e+00 71.318069 92.435025
09/25 06:37:45 PM valid 150 1.146066e+00 71.543874 92.518626
09/25 06:37:45 PM valid_acc 71.480000, best_acc 71.710000
09/25 06:37:46 PM epoch 217 lr 1.764427e-02
09/25 06:37:46 PM train 000 6.039364e-01 82.812500 98.437500
09/25 06:37:50 PM train 050 5.001733e-01 85.079657 98.437500
09/25 06:37:54 PM train 100 5.105267e-01 84.808168 98.174505
09/25 06:37:58 PM train 150 5.165429e-01 84.447434 98.178808
09/25 06:38:03 PM train 200 5.186817e-01 84.476057 98.180970
09/25 06:38:07 PM train 250 5.324522e-01 83.858317 98.107570
09/25 06:38:11 PM train 300 5.373853e-01 83.648256 98.068937
09/25 06:38:16 PM train 350 5.444256e-01 83.351140 98.019053
09/25 06:38:20 PM train 400 5.550890e-01 83.069670 97.919264
09/25 06:38:24 PM train 450 5.575571e-01 82.982262 97.928215
09/25 06:38:28 PM train 500 5.617493e-01 82.896707 97.885479
09/25 06:38:33 PM train 550 5.631024e-01 82.855036 97.867514
09/25 06:38:37 PM train 600 5.621756e-01 82.903494 97.870736
09/25 06:38:41 PM train 650 5.657700e-01 82.805300 97.849462
09/25 06:38:45 PM train 700 5.690791e-01 82.714426 97.771041
09/25 06:38:50 PM train 750 5.732954e-01 82.542027 97.736352
09/25 06:38:52 PM train_acc 82.466000
09/25 06:38:52 PM valid 000 1.295386e+00 75.000000 90.625000
09/25 06:38:54 PM valid 050 1.320236e+00 68.627451 91.115196
09/25 06:38:55 PM valid 100 1.324650e+00 68.719059 91.491337
09/25 06:38:56 PM valid 150 1.317616e+00 69.174255 91.483858
09/25 06:38:56 PM valid_acc 69.010000, best_acc 71.710000
09/25 06:38:56 PM epoch 218 lr 1.758455e-02
09/25 06:38:56 PM train 000 4.739057e-01 84.375000 98.437500
09/25 06:39:01 PM train 050 5.230699e-01 83.609069 98.223039
09/25 06:39:05 PM train 100 5.365747e-01 83.292079 97.988861
09/25 06:39:09 PM train 150 5.299670e-01 83.598924 98.075331
09/25 06:39:13 PM train 200 5.282439e-01 83.558769 98.095460
09/25 06:39:18 PM train 250 5.302564e-01 83.584412 97.945717
09/25 06:39:22 PM train 300 5.283886e-01 83.720930 98.001453
09/25 06:39:26 PM train 350 5.311050e-01 83.604879 97.992343
09/25 06:39:30 PM train 400 5.370856e-01 83.377494 97.973815
09/25 06:39:35 PM train 450 5.427794e-01 83.186669 97.949002
09/25 06:39:39 PM train 500 5.490741e-01 83.002745 97.891717
09/25 06:39:43 PM train 550 5.522409e-01 82.948616 97.859006
09/25 06:39:48 PM train 600 5.560795e-01 82.794301 97.873336
09/25 06:39:52 PM train 650 5.607566e-01 82.630088 97.827861
09/25 06:39:56 PM train 700 5.615612e-01 82.594062 97.795560
09/25 06:40:00 PM train 750 5.641071e-01 82.546188 97.775882
09/25 06:40:03 PM train_acc 82.536000
09/25 06:40:03 PM valid 000 1.140574e+00 71.875000 87.500000
09/25 06:40:04 PM valid 050 1.247743e+00 70.067402 91.544118
09/25 06:40:06 PM valid 100 1.232255e+00 70.235149 91.754332
09/25 06:40:07 PM valid 150 1.265472e+00 70.157285 91.359685
09/25 06:40:07 PM valid_acc 70.190000, best_acc 71.710000
09/25 06:40:07 PM epoch 219 lr 1.752469e-02
09/25 06:40:07 PM train 000 2.515470e-01 96.875000 100.000000
09/25 06:40:12 PM train 050 4.849377e-01 85.753676 98.468137
09/25 06:40:16 PM train 100 4.924320e-01 85.210396 98.375619
09/25 06:40:20 PM train 150 5.037836e-01 84.716474 98.251242
09/25 06:40:25 PM train 200 5.078726e-01 84.491604 98.212065
09/25 06:40:29 PM train 250 5.135638e-01 84.213147 98.219622
09/25 06:40:33 PM train 300 5.247844e-01 83.990864 98.074128
09/25 06:40:38 PM train 350 5.300132e-01 83.854167 98.063568
09/25 06:40:42 PM train 400 5.410008e-01 83.619077 97.962126
09/25 06:40:46 PM train 450 5.501211e-01 83.318320 97.907428
09/25 06:40:50 PM train 500 5.516199e-01 83.299027 97.916667
09/25 06:40:55 PM train 550 5.538091e-01 83.183984 97.918557
09/25 06:40:59 PM train 600 5.594095e-01 83.023087 97.868136
09/25 06:41:03 PM train 650 5.635442e-01 82.922907 97.820661
09/25 06:41:08 PM train 700 5.676743e-01 82.803584 97.795560
09/25 06:41:12 PM train 750 5.698766e-01 82.729278 97.777963
09/25 06:41:15 PM train_acc 82.698000
09/25 06:41:15 PM valid 000 1.279476e+00 71.875000 93.750000
09/25 06:41:16 PM valid 050 1.290779e+00 69.852941 91.390931
09/25 06:41:17 PM valid 100 1.272322e+00 70.018564 91.754332
09/25 06:41:19 PM valid 150 1.267116e+00 70.467715 91.701159
09/25 06:41:19 PM valid_acc 70.470000, best_acc 71.710000
09/25 06:41:19 PM epoch 220 lr 1.746469e-02
09/25 06:41:19 PM train 000 3.764916e-01 89.062500 100.000000
09/25 06:41:23 PM train 050 4.964432e-01 85.171569 98.621324
09/25 06:41:28 PM train 100 4.984053e-01 84.916460 98.437500
09/25 06:41:32 PM train 150 5.087865e-01 84.354305 98.447848
09/25 06:41:36 PM train 200 5.170258e-01 84.188433 98.383085
09/25 06:41:41 PM train 250 5.143163e-01 84.262948 98.400149
09/25 06:41:45 PM train 300 5.179719e-01 84.193314 98.276578
09/25 06:41:49 PM train 350 5.262179e-01 83.916489 98.237179
09/25 06:41:54 PM train 400 5.324133e-01 83.755455 98.180330
09/25 06:41:58 PM train 450 5.426103e-01 83.508869 98.118764
09/25 06:42:02 PM train 500 5.467773e-01 83.348927 98.091317
09/25 06:42:07 PM train 550 5.526506e-01 83.144283 98.029152
09/25 06:42:11 PM train 600 5.559751e-01 83.046485 97.972130
09/25 06:42:15 PM train 650 5.588736e-01 82.946909 97.933468
09/25 06:42:19 PM train 700 5.635304e-01 82.785752 97.909237
09/25 06:42:24 PM train 750 5.635836e-01 82.712633 97.906957
09/25 06:42:26 PM train_acc 82.594000
09/25 06:42:27 PM valid 000 1.271067e+00 73.437500 92.187500
09/25 06:42:28 PM valid 050 1.316633e+00 69.669118 90.747549
09/25 06:42:29 PM valid 100 1.283027e+00 69.647277 91.352104
09/25 06:42:30 PM valid 150 1.297462e+00 69.474338 91.370033
09/25 06:42:31 PM valid_acc 69.500000, best_acc 71.710000
09/25 06:42:31 PM epoch 221 lr 1.740456e-02
09/25 06:42:31 PM train 000 4.226210e-01 90.625000 98.437500
09/25 06:42:35 PM train 050 5.118869e-01 84.957108 98.345588
09/25 06:42:40 PM train 100 5.086747e-01 84.452351 98.267327
09/25 06:42:44 PM train 150 5.109361e-01 84.540563 98.230546
09/25 06:42:48 PM train 200 5.198388e-01 84.188433 98.243159
09/25 06:42:53 PM train 250 5.193680e-01 84.132221 98.275647
09/25 06:42:57 PM train 300 5.281430e-01 83.871470 98.245432
09/25 06:43:01 PM train 350 5.317921e-01 83.805199 98.197115
09/25 06:43:06 PM train 400 5.391787e-01 83.568423 98.133572
09/25 06:43:10 PM train 450 5.439532e-01 83.418792 98.108370
09/25 06:43:14 PM train 500 5.494122e-01 83.255364 98.069486
09/25 06:43:18 PM train 550 5.561894e-01 83.115926 97.992287
09/25 06:43:23 PM train 600 5.636262e-01 82.921693 97.922733
09/25 06:43:27 PM train 650 5.691852e-01 82.757296 97.868664
09/25 06:43:31 PM train 700 5.724918e-01 82.605207 97.851284
09/25 06:43:36 PM train 750 5.750002e-01 82.500416 97.846621
09/25 06:43:38 PM train_acc 82.422000
09/25 06:43:38 PM valid 000 1.442482e+00 73.437500 89.062500
09/25 06:43:40 PM valid 050 1.233417e+00 70.710784 91.942402
09/25 06:43:41 PM valid 100 1.236673e+00 70.776609 91.924505
09/25 06:43:42 PM valid 150 1.248698e+00 70.726407 91.794288
09/25 06:43:42 PM valid_acc 70.760000, best_acc 71.710000
09/25 06:43:43 PM epoch 222 lr 1.734429e-02
09/25 06:43:43 PM train 000 6.422107e-01 81.250000 98.437500
09/25 06:43:47 PM train 050 4.723169e-01 85.202206 98.651961
09/25 06:43:51 PM train 100 4.934582e-01 84.870050 98.514851
09/25 06:43:56 PM train 150 5.007537e-01 84.850993 98.354719
09/25 06:44:00 PM train 200 5.098884e-01 84.297264 98.320896
09/25 06:44:04 PM train 250 5.239715e-01 83.982819 98.207171
09/25 06:44:09 PM train 300 5.278402e-01 83.845515 98.141611
09/25 06:44:13 PM train 350 5.326223e-01 83.693910 98.116987
09/25 06:44:17 PM train 400 5.349042e-01 83.611284 98.121883
09/25 06:44:22 PM train 450 5.398148e-01 83.474224 98.094512
09/25 06:44:26 PM train 500 5.442525e-01 83.330215 98.047655
09/25 06:44:30 PM train 550 5.534142e-01 83.130104 98.000794
09/25 06:44:35 PM train 600 5.578267e-01 83.025686 97.946131
09/25 06:44:39 PM train 650 5.609027e-01 82.898906 97.940668
09/25 06:44:43 PM train 700 5.634321e-01 82.852621 97.915924
09/25 06:44:47 PM train 750 5.654209e-01 82.720955 97.898635
09/25 06:44:50 PM train_acc 82.676000
09/25 06:44:50 PM valid 000 1.486827e+00 71.875000 90.625000
09/25 06:44:51 PM valid 050 1.217082e+00 70.772059 91.789216
09/25 06:44:53 PM valid 100 1.225651e+00 71.101485 91.939975
09/25 06:44:54 PM valid 150 1.246698e+00 70.954056 91.628725
09/25 06:44:54 PM valid_acc 70.910000, best_acc 71.710000
09/25 06:44:54 PM epoch 223 lr 1.728388e-02
09/25 06:44:54 PM train 000 5.688380e-01 82.812500 96.875000
09/25 06:44:59 PM train 050 4.933779e-01 84.957108 98.314951
09/25 06:45:03 PM train 100 5.007249e-01 84.637995 98.468441
09/25 06:45:07 PM train 150 5.102933e-01 84.416391 98.334023
09/25 06:45:12 PM train 200 5.141046e-01 84.367226 98.282027
09/25 06:45:16 PM train 250 5.150553e-01 84.362550 98.238297
09/25 06:45:20 PM train 300 5.214351e-01 84.131022 98.146802
09/25 06:45:25 PM train 350 5.241864e-01 84.001068 98.130342
09/25 06:45:29 PM train 400 5.237563e-01 84.039900 98.129676
09/25 06:45:33 PM train 450 5.269342e-01 83.935006 98.070261
09/25 06:45:37 PM train 500 5.272771e-01 83.841692 98.066367
09/25 06:45:42 PM train 550 5.300704e-01 83.736956 98.046166
09/25 06:45:46 PM train 600 5.344025e-01 83.571651 98.052725
09/25 06:45:50 PM train 650 5.387788e-01 83.467742 98.055876
09/25 06:45:55 PM train 700 5.455754e-01 83.298413 98.027372
09/25 06:45:59 PM train 750 5.515458e-01 83.114181 98.015146
09/25 06:46:02 PM train_acc 83.026000
09/25 06:46:02 PM valid 000 9.495474e-01 73.437500 92.187500
09/25 06:46:03 PM valid 050 1.189899e+00 69.669118 92.310049
09/25 06:46:04 PM valid 100 1.160116e+00 71.364480 92.141089
09/25 06:46:06 PM valid 150 1.181760e+00 71.233444 92.042632
09/25 06:46:06 PM valid_acc 71.220000, best_acc 71.710000
09/25 06:46:06 PM epoch 224 lr 1.722335e-02
09/25 06:46:06 PM train 000 4.034438e-01 90.625000 98.437500
09/25 06:46:11 PM train 050 5.002229e-01 85.171569 98.253676
09/25 06:46:15 PM train 100 5.167446e-01 84.545173 98.081683
09/25 06:46:19 PM train 150 5.273740e-01 84.292219 98.085679
09/25 06:46:23 PM train 200 5.307136e-01 84.025187 98.118781
09/25 06:46:28 PM train 250 5.226352e-01 84.219373 98.157371
09/25 06:46:32 PM train 300 5.223615e-01 84.099875 98.188331
09/25 06:46:36 PM train 350 5.258969e-01 83.996617 98.197115
09/25 06:46:41 PM train 400 5.295915e-01 83.786627 98.203709
09/25 06:46:45 PM train 450 5.300028e-01 83.792960 98.177661
09/25 06:46:49 PM train 500 5.339218e-01 83.657685 98.091317
09/25 06:46:54 PM train 550 5.382172e-01 83.467559 98.063181
09/25 06:46:58 PM train 600 5.408056e-01 83.381864 98.068324
09/25 06:47:02 PM train 650 5.443690e-01 83.261329 98.067876
09/25 06:47:07 PM train 700 5.507174e-01 83.048770 98.018456
09/25 06:47:11 PM train 750 5.529108e-01 82.993509 98.013066
09/25 06:47:13 PM train_acc 82.902000
09/25 06:47:14 PM valid 000 1.205859e+00 75.000000 89.062500
09/25 06:47:15 PM valid 050 1.189433e+00 72.058824 92.218137
09/25 06:47:16 PM valid 100 1.191491e+00 71.612005 92.512376
09/25 06:47:17 PM valid 150 1.203047e+00 71.378311 92.332368
09/25 06:47:18 PM valid_acc 71.350000, best_acc 71.710000
09/25 06:47:18 PM epoch 225 lr 1.716269e-02
09/25 06:47:18 PM train 000 3.086247e-01 92.187500 98.437500
09/25 06:47:22 PM train 050 5.243895e-01 84.283088 98.100490
09/25 06:47:27 PM train 100 5.270745e-01 84.297649 98.097153
09/25 06:47:31 PM train 150 5.251867e-01 84.178394 98.096026
09/25 06:47:35 PM train 200 5.350971e-01 83.854167 98.056592
09/25 06:47:39 PM train 250 5.402832e-01 83.733815 98.051544
09/25 06:47:44 PM train 300 5.420441e-01 83.643065 98.027409
09/25 06:47:48 PM train 350 5.417356e-01 83.600427 98.036859
09/25 06:47:52 PM train 400 5.492001e-01 83.346322 97.946540
09/25 06:47:57 PM train 450 5.513435e-01 83.290604 97.945538
09/25 06:48:01 PM train 500 5.535888e-01 83.180514 97.922904
09/25 06:48:05 PM train 550 5.609040e-01 82.965631 97.853335
09/25 06:48:10 PM train 600 5.618782e-01 82.945092 97.857737
09/25 06:48:14 PM train 650 5.617173e-01 82.966110 97.880664
09/25 06:48:18 PM train 700 5.642250e-01 82.881598 97.840139
09/25 06:48:23 PM train 750 5.685944e-01 82.700150 97.817493
09/25 06:48:25 PM train_acc 82.706000
09/25 06:48:25 PM valid 000 1.336570e+00 68.750000 89.062500
09/25 06:48:27 PM valid 050 1.286944e+00 69.638480 91.176471
09/25 06:48:28 PM valid 100 1.286984e+00 69.477104 91.630569
09/25 06:48:29 PM valid 150 1.287750e+00 69.546772 91.649421
09/25 06:48:29 PM valid_acc 69.520000, best_acc 71.710000
09/25 06:48:29 PM epoch 226 lr 1.710190e-02
09/25 06:48:30 PM train 000 2.825148e-01 92.187500 100.000000
09/25 06:48:34 PM train 050 4.673520e-01 86.121324 98.621324
09/25 06:48:38 PM train 100 4.721004e-01 85.860149 98.607673
09/25 06:48:43 PM train 150 4.820848e-01 85.316639 98.572020
09/25 06:48:47 PM train 200 4.954117e-01 84.981343 98.530784
09/25 06:48:51 PM train 250 5.009849e-01 84.717380 98.375249
09/25 06:48:56 PM train 300 5.061635e-01 84.624169 98.318106
09/25 06:49:00 PM train 350 5.114460e-01 84.450677 98.352920
09/25 06:49:04 PM train 400 5.184654e-01 84.184071 98.305019
09/25 06:49:09 PM train 450 5.264618e-01 83.903825 98.205377
09/25 06:49:13 PM train 500 5.306382e-01 83.713822 98.181761
09/25 06:49:17 PM train 550 5.376733e-01 83.456216 98.148253
09/25 06:49:22 PM train 600 5.450226e-01 83.270071 98.078723
09/25 06:49:26 PM train 650 5.469526e-01 83.218126 98.053475
09/25 06:49:30 PM train 700 5.486429e-01 83.182507 98.002853
09/25 06:49:34 PM train 750 5.524371e-01 83.066328 97.965213
09/25 06:49:37 PM train_acc 82.994000
09/25 06:49:37 PM valid 000 1.119057e+00 71.875000 95.312500
09/25 06:49:38 PM valid 050 1.210123e+00 71.354167 91.636029
09/25 06:49:40 PM valid 100 1.211670e+00 70.884901 91.893564
09/25 06:49:41 PM valid 150 1.220499e+00 70.995447 91.980546
09/25 06:49:41 PM valid_acc 70.980000, best_acc 71.710000
09/25 06:49:41 PM epoch 227 lr 1.704098e-02
09/25 06:49:41 PM train 000 4.395140e-01 84.375000 100.000000
09/25 06:49:46 PM train 050 5.071777e-01 84.589461 98.223039
09/25 06:49:50 PM train 100 5.178511e-01 84.142946 98.112624
09/25 06:49:54 PM train 150 5.165775e-01 84.054222 98.199503
09/25 06:49:59 PM train 200 5.260140e-01 83.745336 98.204291
09/25 06:50:03 PM train 250 5.321823e-01 83.603088 98.138695
09/25 06:50:07 PM train 300 5.415160e-01 83.279693 98.094892
09/25 06:50:11 PM train 350 5.476903e-01 83.012821 98.032407
09/25 06:50:16 PM train 400 5.477054e-01 83.022911 98.051746
09/25 06:50:20 PM train 450 5.538901e-01 82.833287 98.042544
09/25 06:50:24 PM train 500 5.591762e-01 82.737650 98.032061
09/25 06:50:28 PM train 550 5.589758e-01 82.784142 98.000794
09/25 06:50:33 PM train 600 5.614840e-01 82.757903 98.005928
09/25 06:50:37 PM train 650 5.651814e-01 82.670891 97.998272
09/25 06:50:41 PM train 700 5.668131e-01 82.634183 97.982792
09/25 06:50:46 PM train 750 5.702118e-01 82.521222 97.967294
09/25 06:50:48 PM train_acc 82.432000
09/25 06:50:48 PM valid 000 1.059268e+00 71.875000 93.750000
09/25 06:50:50 PM valid 050 1.215446e+00 70.802696 92.310049
09/25 06:50:51 PM valid 100 1.186610e+00 71.101485 92.496906
09/25 06:50:52 PM valid 150 1.201248e+00 71.078228 92.290977
09/25 06:50:52 PM valid_acc 71.150000, best_acc 71.710000
09/25 06:50:52 PM epoch 228 lr 1.697994e-02
09/25 06:50:53 PM train 000 4.199252e-01 85.937500 98.437500
09/25 06:50:57 PM train 050 4.944328e-01 84.895833 98.805147
09/25 06:51:01 PM train 100 4.869343e-01 84.916460 98.638614
09/25 06:51:05 PM train 150 4.963548e-01 84.612997 98.468543
09/25 06:51:10 PM train 200 5.080106e-01 84.328358 98.507463
09/25 06:51:14 PM train 250 5.106579e-01 84.300299 98.524651
09/25 06:51:18 PM train 300 5.171275e-01 84.203696 98.437500
09/25 06:51:23 PM train 350 5.284384e-01 83.858618 98.348469
09/25 06:51:27 PM train 400 5.329907e-01 83.638560 98.266054
09/25 06:51:31 PM train 450 5.350661e-01 83.605876 98.246951
09/25 06:51:35 PM train 500 5.360576e-01 83.629616 98.237899
09/25 06:51:40 PM train 550 5.384307e-01 83.521438 98.224819
09/25 06:51:44 PM train 600 5.459962e-01 83.293469 98.182716
09/25 06:51:48 PM train 650 5.507550e-01 83.143721 98.127880
09/25 06:51:52 PM train 700 5.556147e-01 82.964069 98.069722
09/25 06:51:57 PM train 750 5.603293e-01 82.808339 98.010985
09/25 06:51:59 PM train_acc 82.752000
09/25 06:51:59 PM valid 000 1.331594e+00 75.000000 93.750000
09/25 06:52:01 PM valid 050 1.316214e+00 69.178922 90.594363
09/25 06:52:02 PM valid 100 1.291859e+00 69.817450 90.733292
09/25 06:52:03 PM valid 150 1.295467e+00 69.753725 90.842301
09/25 06:52:03 PM valid_acc 69.720000, best_acc 71.710000
09/25 06:52:03 PM epoch 229 lr 1.691878e-02
09/25 06:52:04 PM train 000 5.620573e-01 89.062500 98.437500
09/25 06:52:08 PM train 050 4.936365e-01 84.957108 98.468137
09/25 06:52:12 PM train 100 4.863912e-01 85.024752 98.514851
09/25 06:52:17 PM train 150 4.897672e-01 85.006209 98.530629
09/25 06:52:21 PM train 200 4.982039e-01 84.685945 98.530784
09/25 06:52:25 PM train 250 5.075027e-01 84.511952 98.449950
09/25 06:52:29 PM train 300 5.140684e-01 84.380191 98.328488
09/25 06:52:34 PM train 350 5.229658e-01 84.063390 98.201567
09/25 06:52:38 PM train 400 5.227834e-01 84.012625 98.230985
09/25 06:52:42 PM train 450 5.218874e-01 84.042406 98.240022
09/25 06:52:46 PM train 500 5.214312e-01 84.010105 98.241018
09/25 06:52:51 PM train 550 5.243288e-01 83.938294 98.213475
09/25 06:52:55 PM train 600 5.298049e-01 83.808236 98.174917
09/25 06:52:59 PM train 650 5.357108e-01 83.606951 98.166283
09/25 06:53:03 PM train 700 5.382376e-01 83.550285 98.152193
09/25 06:53:08 PM train 750 5.412082e-01 83.461634 98.125416
09/25 06:53:10 PM train_acc 83.384000
09/25 06:53:11 PM valid 000 1.160536e+00 75.000000 90.625000
09/25 06:53:12 PM valid 050 1.211856e+00 70.189951 91.237745
09/25 06:53:13 PM valid 100 1.217092e+00 70.389851 91.290223
09/25 06:53:14 PM valid 150 1.245746e+00 69.733030 91.111341
09/25 06:53:15 PM valid_acc 69.730000, best_acc 71.710000
09/25 06:53:15 PM epoch 230 lr 1.685749e-02
09/25 06:53:15 PM train 000 3.449366e-01 90.625000 98.437500
09/25 06:53:19 PM train 050 5.491670e-01 83.118873 97.886029
09/25 06:53:23 PM train 100 5.333225e-01 83.725248 97.957921
09/25 06:53:28 PM train 150 5.425391e-01 83.598924 97.982202
09/25 06:53:32 PM train 200 5.410996e-01 83.613184 98.048818
09/25 06:53:36 PM train 250 5.365655e-01 83.665339 98.095120
09/25 06:53:40 PM train 300 5.401682e-01 83.560008 98.110465
09/25 06:53:45 PM train 350 5.441887e-01 83.449074 98.108084
09/25 06:53:49 PM train 400 5.484507e-01 83.334632 98.036160
09/25 06:53:53 PM train 450 5.506789e-01 83.297533 97.997506
09/25 06:53:57 PM train 500 5.506791e-01 83.186751 97.997754
09/25 06:54:02 PM train 550 5.535911e-01 83.028017 98.003630
09/25 06:54:06 PM train 600 5.546480e-01 82.950291 98.000728
09/25 06:54:10 PM train 650 5.531633e-01 83.026114 97.979071
09/25 06:54:14 PM train 700 5.566443e-01 82.903887 97.938213
09/25 06:54:19 PM train 750 5.600299e-01 82.814581 97.913199
09/25 06:54:21 PM train_acc 82.770000
09/25 06:54:21 PM valid 000 1.016636e+00 78.125000 92.187500
09/25 06:54:23 PM valid 050 1.137534e+00 72.028186 92.279412
09/25 06:54:24 PM valid 100 1.146350e+00 72.261757 92.280322
09/25 06:54:25 PM valid 150 1.158434e+00 72.237169 92.270281
09/25 06:54:25 PM valid_acc 72.220000, best_acc 72.220000
09/25 06:54:26 PM epoch 231 lr 1.679609e-02
09/25 06:54:26 PM train 000 5.759156e-01 79.687500 98.437500
09/25 06:54:30 PM train 050 5.023191e-01 84.558824 98.192402
09/25 06:54:34 PM train 100 5.173966e-01 83.957302 98.344678
09/25 06:54:39 PM train 150 5.128801e-01 84.157699 98.271937
09/25 06:54:43 PM train 200 5.088141e-01 84.647077 98.258706
09/25 06:54:47 PM train 250 5.103467e-01 84.555528 98.244522
09/25 06:54:51 PM train 300 5.141685e-01 84.385382 98.235050
09/25 06:54:56 PM train 350 5.172478e-01 84.303775 98.214922
09/25 06:55:00 PM train 400 5.264151e-01 84.071072 98.168641
09/25 06:55:04 PM train 450 5.261214e-01 84.080516 98.149945
09/25 06:55:09 PM train 500 5.282252e-01 84.010105 98.128743
09/25 06:55:13 PM train 550 5.355435e-01 83.844714 98.077359
09/25 06:55:17 PM train 600 5.393151e-01 83.696443 98.047525
09/25 06:55:21 PM train 650 5.444461e-01 83.513345 98.007873
09/25 06:55:26 PM train 700 5.496133e-01 83.367511 97.971648
09/25 06:55:30 PM train 750 5.503960e-01 83.328479 97.973535
09/25 06:55:33 PM train_acc 83.260000
09/25 06:55:33 PM valid 000 1.284641e+00 76.562500 90.625000
09/25 06:55:34 PM valid 050 1.199445e+00 71.017157 92.493873
09/25 06:55:35 PM valid 100 1.200824e+00 71.488243 92.465965
09/25 06:55:37 PM valid 150 1.219004e+00 70.985099 92.394454
09/25 06:55:37 PM valid_acc 71.070000, best_acc 72.220000
09/25 06:55:37 PM epoch 232 lr 1.673457e-02
09/25 06:55:37 PM train 000 5.842415e-01 81.250000 96.875000
09/25 06:55:41 PM train 050 5.110499e-01 84.129902 98.314951
09/25 06:55:45 PM train 100 4.917537e-01 84.777228 98.406559
09/25 06:55:50 PM train 150 4.921135e-01 84.788907 98.427152
09/25 06:55:54 PM train 200 5.040601e-01 84.367226 98.390858
09/25 06:55:58 PM train 250 5.004223e-01 84.474602 98.406375
09/25 06:56:03 PM train 300 5.104071e-01 84.188123 98.302533
09/25 06:56:07 PM train 350 5.260112e-01 83.738426 98.188212
09/25 06:56:11 PM train 400 5.320793e-01 83.576216 98.172537
09/25 06:56:16 PM train 450 5.364073e-01 83.498476 98.132622
09/25 06:56:20 PM train 500 5.411469e-01 83.401946 98.116267
09/25 06:56:24 PM train 550 5.416708e-01 83.354129 98.094374
09/25 06:56:29 PM train 600 5.428259e-01 83.280470 98.073523
09/25 06:56:33 PM train 650 5.457349e-01 83.237327 98.063076
09/25 06:56:37 PM train 700 5.470884e-01 83.198110 98.036287
09/25 06:56:41 PM train 750 5.529959e-01 82.991428 97.996421
09/25 06:56:44 PM train_acc 82.972000
09/25 06:56:44 PM valid 000 1.237670e+00 71.875000 90.625000
09/25 06:56:45 PM valid 050 1.359652e+00 68.321078 90.471814
09/25 06:56:47 PM valid 100 1.347940e+00 68.765470 90.717822
09/25 06:56:48 PM valid 150 1.345830e+00 68.905215 90.749172
09/25 06:56:48 PM valid_acc 68.990000, best_acc 72.220000
09/25 06:56:48 PM epoch 233 lr 1.667293e-02
09/25 06:56:48 PM train 000 4.207643e-01 84.375000 100.000000
09/25 06:56:53 PM train 050 4.889990e-01 84.926471 98.314951
09/25 06:56:57 PM train 100 4.938702e-01 84.607054 98.205446
09/25 06:57:01 PM train 150 5.017835e-01 84.426738 98.251242
09/25 06:57:06 PM train 200 5.058953e-01 84.413868 98.204291
09/25 06:57:10 PM train 250 5.142828e-01 84.107321 98.256972
09/25 06:57:14 PM train 300 5.179356e-01 83.918189 98.224668
09/25 06:57:18 PM train 350 5.260512e-01 83.702813 98.121439
09/25 06:57:23 PM train 400 5.324937e-01 83.517768 98.094607
09/25 06:57:27 PM train 450 5.344085e-01 83.439579 98.046009
09/25 06:57:31 PM train 500 5.376423e-01 83.277196 98.044536
09/25 06:57:36 PM train 550 5.398754e-01 83.206670 98.054673
09/25 06:57:40 PM train 600 5.415924e-01 83.171277 98.060524
09/25 06:57:44 PM train 650 5.456847e-01 83.054916 98.067876
09/25 06:57:48 PM train 700 5.472843e-01 83.075517 98.036287
09/25 06:57:53 PM train 750 5.501472e-01 82.997670 98.004744
09/25 06:57:56 PM train_acc 82.952000
09/25 06:57:56 PM valid 000 1.222688e+00 73.437500 93.750000
09/25 06:57:57 PM valid 050 1.212361e+00 71.231618 91.973039
09/25 06:57:58 PM valid 100 1.205496e+00 71.519183 92.295792
09/25 06:57:59 PM valid 150 1.214411e+00 71.285182 92.301325
09/25 06:58:00 PM valid_acc 71.320000, best_acc 72.220000
09/25 06:58:00 PM epoch 234 lr 1.661117e-02
09/25 06:58:00 PM train 000 4.419166e-01 84.375000 98.437500
09/25 06:58:04 PM train 050 5.010817e-01 85.232843 98.284314
09/25 06:58:08 PM train 100 5.063966e-01 84.916460 98.189975
09/25 06:58:13 PM train 150 4.959355e-01 84.985513 98.416805
09/25 06:58:17 PM train 200 5.065948e-01 84.553794 98.344216
09/25 06:58:21 PM train 250 5.157762e-01 84.194472 98.263197
09/25 06:58:25 PM train 300 5.166333e-01 84.073920 98.235050
09/25 06:58:30 PM train 350 5.210623e-01 84.032229 98.228276
09/25 06:58:34 PM train 400 5.241594e-01 83.899626 98.188123
09/25 06:58:38 PM train 450 5.284531e-01 83.727134 98.160338
09/25 06:58:43 PM train 500 5.327037e-01 83.682635 98.119386
09/25 06:58:47 PM train 550 5.358346e-01 83.589496 98.119896
09/25 06:58:51 PM train 600 5.390034e-01 83.483257 98.099522
09/25 06:58:56 PM train 650 5.415133e-01 83.359735 98.087078
09/25 06:59:00 PM train 700 5.445585e-01 83.320703 98.071951
09/25 06:59:04 PM train 750 5.470756e-01 83.249417 98.040113
09/25 06:59:07 PM train_acc 83.232000
09/25 06:59:07 PM valid 000 1.108425e+00 78.125000 90.625000
09/25 06:59:08 PM valid 050 1.188061e+00 71.354167 92.340686
09/25 06:59:10 PM valid 100 1.172850e+00 71.658416 92.682550
09/25 06:59:11 PM valid 150 1.178114e+00 71.450745 92.580712
09/25 06:59:11 PM valid_acc 71.440000, best_acc 72.220000
09/25 06:59:11 PM epoch 235 lr 1.654931e-02
09/25 06:59:11 PM train 000 6.351524e-01 79.687500 95.312500
09/25 06:59:16 PM train 050 5.104913e-01 84.129902 98.253676
09/25 06:59:20 PM train 100 5.060937e-01 84.390470 98.437500
09/25 06:59:24 PM train 150 4.999082e-01 84.519868 98.458195
09/25 06:59:29 PM train 200 5.043904e-01 84.359453 98.484142
09/25 06:59:33 PM train 250 5.057026e-01 84.424801 98.418825
09/25 06:59:37 PM train 300 5.039797e-01 84.484012 98.437500
09/25 06:59:42 PM train 350 5.129918e-01 84.241453 98.361823
09/25 06:59:46 PM train 400 5.187953e-01 84.129520 98.320605
09/25 06:59:50 PM train 450 5.252726e-01 83.924612 98.253880
09/25 06:59:55 PM train 500 5.304113e-01 83.798029 98.194237
09/25 06:59:59 PM train 550 5.371656e-01 83.598004 98.122731
09/25 07:00:03 PM train 600 5.410679e-01 83.478057 98.073523
09/25 07:00:07 PM train 650 5.454176e-01 83.378936 98.000672
09/25 07:00:12 PM train 700 5.471481e-01 83.347450 97.980563
09/25 07:00:16 PM train 750 5.489171e-01 83.268142 98.000583
09/25 07:00:19 PM train_acc 83.270000
09/25 07:00:19 PM valid 000 1.175490e+00 75.000000 93.750000
09/25 07:00:20 PM valid 050 1.308884e+00 70.312500 91.758578
09/25 07:00:21 PM valid 100 1.300622e+00 70.405322 92.079208
09/25 07:00:23 PM valid 150 1.307389e+00 70.333195 91.918460
09/25 07:00:23 PM valid_acc 70.360000, best_acc 72.220000
09/25 07:00:23 PM epoch 236 lr 1.648733e-02
09/25 07:00:23 PM train 000 6.713555e-01 82.812500 96.875000
09/25 07:00:27 PM train 050 4.968145e-01 84.834559 98.406863
09/25 07:00:32 PM train 100 4.883771e-01 85.210396 98.406559
09/25 07:00:36 PM train 150 4.889612e-01 84.716474 98.489238
09/25 07:00:40 PM train 200 4.931535e-01 84.647077 98.484142
09/25 07:00:45 PM train 250 4.938262e-01 84.648904 98.537102
09/25 07:00:49 PM train 300 5.129786e-01 84.177741 98.344061
09/25 07:00:53 PM train 350 5.202360e-01 83.938746 98.303953
09/25 07:00:58 PM train 400 5.234389e-01 83.825592 98.289433
09/25 07:01:02 PM train 450 5.279806e-01 83.737528 98.271203
09/25 07:01:06 PM train 500 5.288438e-01 83.723179 98.241018
09/25 07:01:10 PM train 550 5.280117e-01 83.790835 98.224819
09/25 07:01:15 PM train 600 5.337520e-01 83.662646 98.159318
09/25 07:01:19 PM train 650 5.400351e-01 83.429339 98.087078
09/25 07:01:23 PM train 700 5.429438e-01 83.389800 98.076409
09/25 07:01:28 PM train 750 5.458768e-01 83.286868 98.044274
09/25 07:01:30 PM train_acc 83.234000
09/25 07:01:30 PM valid 000 8.065208e-01 76.562500 95.312500
09/25 07:01:32 PM valid 050 1.266185e+00 69.761029 91.482843
09/25 07:01:33 PM valid 100 1.266459e+00 70.064975 91.615099
09/25 07:01:34 PM valid 150 1.263994e+00 70.571192 91.597682
09/25 07:01:34 PM valid_acc 70.660000, best_acc 72.220000
09/25 07:01:34 PM epoch 237 lr 1.642525e-02
09/25 07:01:35 PM train 000 7.326115e-01 76.562500 93.750000
09/25 07:01:39 PM train 050 5.127384e-01 84.742647 98.376225
09/25 07:01:43 PM train 100 5.005742e-01 85.055693 98.236386
09/25 07:01:48 PM train 150 4.903991e-01 85.161424 98.489238
09/25 07:01:52 PM train 200 4.953770e-01 84.888060 98.484142
09/25 07:01:56 PM train 250 5.001312e-01 84.717380 98.437500
09/25 07:02:01 PM train 300 5.079135e-01 84.452865 98.349252
09/25 07:02:05 PM train 350 5.183654e-01 84.067842 98.281695
09/25 07:02:09 PM train 400 5.180615e-01 84.102244 98.332294
09/25 07:02:14 PM train 450 5.219888e-01 83.986973 98.285061
09/25 07:02:18 PM train 500 5.262507e-01 83.910304 98.259731
09/25 07:02:22 PM train 550 5.327440e-01 83.688748 98.227654
09/25 07:02:26 PM train 600 5.333733e-01 83.654846 98.206115
09/25 07:02:31 PM train 650 5.379199e-01 83.479743 98.159082
09/25 07:02:35 PM train 700 5.406352e-01 83.376427 98.163338
09/25 07:02:39 PM train 750 5.434743e-01 83.274384 98.131658
09/25 07:02:42 PM train_acc 83.256000
09/25 07:02:42 PM valid 000 1.040486e+00 76.562500 87.500000
09/25 07:02:43 PM valid 050 1.220076e+00 70.680147 91.697304
09/25 07:02:45 PM valid 100 1.209208e+00 70.977723 91.986386
09/25 07:02:46 PM valid 150 1.217043e+00 70.891970 92.021937
09/25 07:02:46 PM valid_acc 70.770000, best_acc 72.220000
09/25 07:02:46 PM epoch 238 lr 1.636305e-02
09/25 07:02:46 PM train 000 4.191390e-01 87.500000 98.437500
09/25 07:02:51 PM train 050 4.629662e-01 86.672794 98.406863
09/25 07:02:55 PM train 100 4.835338e-01 85.829208 98.251856
09/25 07:02:59 PM train 150 4.930889e-01 85.161424 98.209851
09/25 07:03:03 PM train 200 4.936340e-01 85.129042 98.196517
09/25 07:03:08 PM train 250 5.001180e-01 85.084661 98.151145
09/25 07:03:12 PM train 300 5.023692e-01 84.977159 98.203904
09/25 07:03:16 PM train 350 5.087719e-01 84.713319 98.188212
09/25 07:03:21 PM train 400 5.130574e-01 84.558136 98.203709
09/25 07:03:25 PM train 450 5.166245e-01 84.378465 98.184590
09/25 07:03:29 PM train 500 5.203923e-01 84.215943 98.150574
09/25 07:03:33 PM train 550 5.222964e-01 84.082917 98.151089
09/25 07:03:38 PM train 600 5.293092e-01 83.891431 98.099522
09/25 07:03:42 PM train 650 5.323135e-01 83.779762 98.094278
09/25 07:03:46 PM train 700 5.368568e-01 83.668420 98.060806
09/25 07:03:51 PM train 750 5.395865e-01 83.634321 98.042194
09/25 07:03:53 PM train_acc 83.526000
09/25 07:03:53 PM valid 000 1.183270e+00 78.125000 92.187500
09/25 07:03:55 PM valid 050 1.232531e+00 70.465686 91.697304
09/25 07:03:56 PM valid 100 1.205279e+00 70.900371 91.816213
09/25 07:03:57 PM valid 150 1.220223e+00 70.788493 91.866722
09/25 07:03:57 PM valid_acc 70.710000, best_acc 72.220000
09/25 07:03:57 PM epoch 239 lr 1.630075e-02
09/25 07:03:58 PM train 000 4.880638e-01 89.062500 98.437500
09/25 07:04:02 PM train 050 4.906232e-01 84.895833 98.406863
09/25 07:04:06 PM train 100 4.943797e-01 84.839109 98.344678
09/25 07:04:11 PM train 150 4.936843e-01 84.933775 98.282285
09/25 07:04:15 PM train 200 4.996820e-01 84.825871 98.406405
09/25 07:04:19 PM train 250 5.021154e-01 84.798307 98.288098
09/25 07:04:23 PM train 300 5.077691e-01 84.494394 98.312915
09/25 07:04:28 PM train 350 5.181756e-01 84.214744 98.241631
09/25 07:04:32 PM train 400 5.210267e-01 84.125623 98.230985
09/25 07:04:36 PM train 450 5.251230e-01 84.038941 98.215771
09/25 07:04:41 PM train 500 5.308237e-01 83.932136 98.181761
09/25 07:04:45 PM train 550 5.368106e-01 83.734120 98.102881
09/25 07:04:49 PM train 600 5.402363e-01 83.610649 98.050125
09/25 07:04:53 PM train 650 5.432296e-01 83.515745 98.000672
09/25 07:04:58 PM train 700 5.455483e-01 83.416548 97.982792
09/25 07:05:02 PM train 750 5.488096e-01 83.305593 97.973535
09/25 07:05:05 PM train_acc 83.240000
09/25 07:05:05 PM valid 000 1.065363e+00 78.125000 92.187500
09/25 07:05:06 PM valid 050 1.191625e+00 70.680147 91.942402
09/25 07:05:07 PM valid 100 1.189843e+00 70.544554 92.311262
09/25 07:05:09 PM valid 150 1.201935e+00 70.653974 92.135762
09/25 07:05:09 PM valid_acc 70.660000, best_acc 72.220000
09/25 07:05:09 PM epoch 240 lr 1.623835e-02
09/25 07:05:09 PM train 000 5.996314e-01 79.687500 98.437500
09/25 07:05:13 PM train 050 4.881596e-01 85.753676 97.977941
09/25 07:05:18 PM train 100 4.841115e-01 85.380569 98.282797
09/25 07:05:22 PM train 150 4.885483e-01 85.088990 98.365066
09/25 07:05:26 PM train 200 4.977364e-01 84.810323 98.282027
09/25 07:05:30 PM train 250 5.114646e-01 84.219373 98.288098
09/25 07:05:35 PM train 300 5.156016e-01 84.099875 98.297342
09/25 07:05:39 PM train 350 5.224767e-01 83.974359 98.281695
09/25 07:05:43 PM train 400 5.272442e-01 83.872350 98.234882
09/25 07:05:48 PM train 450 5.334370e-01 83.695953 98.208841
09/25 07:05:52 PM train 500 5.367371e-01 83.554765 98.191118
09/25 07:05:56 PM train 550 5.415477e-01 83.393829 98.151089
09/25 07:06:00 PM train 600 5.437957e-01 83.381864 98.117720
09/25 07:06:05 PM train 650 5.465811e-01 83.273329 98.096678
09/25 07:06:09 PM train 700 5.515691e-01 83.124554 98.065264
09/25 07:06:13 PM train 750 5.519957e-01 83.124584 98.069241
09/25 07:06:16 PM train_acc 83.116000
09/25 07:06:16 PM valid 000 8.991576e-01 78.125000 93.750000
09/25 07:06:17 PM valid 050 1.202804e+00 70.894608 91.819853
09/25 07:06:19 PM valid 100 1.180839e+00 71.550124 92.156559
09/25 07:06:20 PM valid 150 1.196398e+00 71.440397 92.042632
09/25 07:06:20 PM valid_acc 71.520000, best_acc 72.220000
09/25 07:06:20 PM epoch 241 lr 1.617585e-02
09/25 07:06:20 PM train 000 6.744868e-01 81.250000 96.875000
09/25 07:06:25 PM train 050 4.854807e-01 85.937500 98.529412
09/25 07:06:29 PM train 100 4.796716e-01 85.860149 98.576733
09/25 07:06:33 PM train 150 4.788863e-01 85.647765 98.551325
09/25 07:06:38 PM train 200 4.952550e-01 84.942475 98.515236
09/25 07:06:42 PM train 250 5.028578e-01 84.661355 98.393924
09/25 07:06:46 PM train 300 5.066462e-01 84.618978 98.349252
09/25 07:06:51 PM train 350 5.110736e-01 84.566417 98.286147
09/25 07:06:55 PM train 400 5.159732e-01 84.386690 98.269950
09/25 07:06:59 PM train 450 5.216931e-01 84.094374 98.253880
09/25 07:07:04 PM train 500 5.240014e-01 83.941492 98.231662
09/25 07:07:08 PM train 550 5.296614e-01 83.756806 98.170939
09/25 07:07:12 PM train 600 5.318952e-01 83.696443 98.151518
09/25 07:07:17 PM train 650 5.356430e-01 83.614151 98.103879
09/25 07:07:21 PM train 700 5.382636e-01 83.525767 98.074180
09/25 07:07:25 PM train 750 5.411957e-01 83.409621 98.050516
09/25 07:07:28 PM train_acc 83.334000
09/25 07:07:28 PM valid 000 1.025080e+00 75.000000 90.625000
09/25 07:07:29 PM valid 050 1.204132e+00 71.323529 91.605392
09/25 07:07:31 PM valid 100 1.208127e+00 71.055074 91.924505
09/25 07:07:32 PM valid 150 1.227346e+00 71.119619 91.825331
09/25 07:07:32 PM valid_acc 71.050000, best_acc 72.220000
09/25 07:07:32 PM epoch 242 lr 1.611324e-02
09/25 07:07:32 PM train 000 7.636041e-01 79.687500 96.875000
09/25 07:07:37 PM train 050 5.119415e-01 85.723039 98.161765
09/25 07:07:41 PM train 100 5.006802e-01 85.891089 98.220916
09/25 07:07:45 PM train 150 5.084308e-01 85.399421 98.147765
09/25 07:07:50 PM train 200 5.035697e-01 85.346704 98.173197
09/25 07:07:54 PM train 250 5.151941e-01 84.835657 98.039094
09/25 07:07:58 PM train 300 5.234554e-01 84.468439 98.027409
09/25 07:08:03 PM train 350 5.285730e-01 84.254808 98.032407
09/25 07:08:07 PM train 400 5.349184e-01 83.954177 98.028367
09/25 07:08:11 PM train 450 5.375039e-01 83.896896 98.000970
09/25 07:08:16 PM train 500 5.397086e-01 83.847929 97.985279
09/25 07:08:20 PM train 550 5.402584e-01 83.861729 97.969601
09/25 07:08:24 PM train 600 5.426606e-01 83.722442 97.985129
09/25 07:08:29 PM train 650 5.480719e-01 83.520545 97.945469
09/25 07:08:33 PM train 700 5.490436e-01 83.423235 97.931526
09/25 07:08:37 PM train 750 5.514709e-01 83.318076 97.915280
09/25 07:08:40 PM train_acc 83.242000
09/25 07:08:40 PM valid 000 1.173989e+00 78.125000 93.750000
09/25 07:08:41 PM valid 050 1.164518e+00 71.813725 92.034314
09/25 07:08:43 PM valid 100 1.181754e+00 71.364480 92.048267
09/25 07:08:44 PM valid 150 1.207996e+00 71.223096 92.021937
09/25 07:08:44 PM valid_acc 71.230000, best_acc 72.220000
09/25 07:08:44 PM epoch 243 lr 1.605053e-02
09/25 07:08:44 PM train 000 6.185473e-01 84.375000 96.875000
09/25 07:08:48 PM train 050 5.121990e-01 85.049020 98.192402
09/25 07:08:53 PM train 100 4.973728e-01 85.040223 98.174505
09/25 07:08:57 PM train 150 4.961878e-01 85.068295 98.220199
09/25 07:09:01 PM train 200 4.949168e-01 85.152363 98.282027
09/25 07:09:06 PM train 250 4.922651e-01 85.215388 98.244522
09/25 07:09:10 PM train 300 5.047822e-01 84.696844 98.198713
09/25 07:09:14 PM train 350 5.090692e-01 84.539708 98.192664
09/25 07:09:18 PM train 400 5.118938e-01 84.437344 98.172537
09/25 07:09:23 PM train 450 5.175432e-01 84.260671 98.160338
09/25 07:09:27 PM train 500 5.203942e-01 84.060005 98.169286
09/25 07:09:31 PM train 550 5.237947e-01 83.958144 98.139746
09/25 07:09:36 PM train 600 5.276669e-01 83.860233 98.112521
09/25 07:09:40 PM train 650 5.318387e-01 83.717358 98.063076
09/25 07:09:44 PM train 700 5.375345e-01 83.565888 98.016227
09/25 07:09:48 PM train 750 5.404962e-01 83.486601 97.986019
09/25 07:09:51 PM train_acc 83.412000
09/25 07:09:51 PM valid 000 1.097680e+00 73.437500 92.187500
09/25 07:09:53 PM valid 050 1.132073e+00 71.936275 92.647059
09/25 07:09:54 PM valid 100 1.149946e+00 71.983292 92.589728
09/25 07:09:55 PM valid 150 1.154882e+00 71.823262 92.466887
09/25 07:09:55 PM valid_acc 71.920000, best_acc 72.220000
09/25 07:09:56 PM epoch 244 lr 1.598773e-02
09/25 07:09:56 PM train 000 7.184719e-01 75.000000 98.437500
09/25 07:10:00 PM train 050 4.775304e-01 85.140931 98.406863
09/25 07:10:04 PM train 100 4.982387e-01 84.313119 98.422030
09/25 07:10:09 PM train 150 5.006522e-01 84.230132 98.385762
09/25 07:10:13 PM train 200 5.050094e-01 84.336132 98.351990
09/25 07:10:17 PM train 250 5.069995e-01 84.312749 98.331673
09/25 07:10:22 PM train 300 5.133053e-01 84.151786 98.307724
09/25 07:10:26 PM train 350 5.147645e-01 84.067842 98.303953
09/25 07:10:30 PM train 400 5.185528e-01 83.899626 98.242675
09/25 07:10:35 PM train 450 5.214469e-01 83.851857 98.212306
09/25 07:10:39 PM train 500 5.232655e-01 83.875998 98.166168
09/25 07:10:43 PM train 550 5.274615e-01 83.751134 98.173775
09/25 07:10:47 PM train 600 5.315765e-01 83.615849 98.120320
09/25 07:10:52 PM train 650 5.344072e-01 83.568548 98.084677
09/25 07:10:56 PM train 700 5.350347e-01 83.561430 98.094240
09/25 07:11:00 PM train 750 5.349743e-01 83.580226 98.110852
09/25 07:11:03 PM train_acc 83.450000
09/25 07:11:03 PM valid 000 1.060984e+00 76.562500 93.750000
09/25 07:11:04 PM valid 050 1.264756e+00 70.435049 91.390931
09/25 07:11:06 PM valid 100 1.246876e+00 70.389851 91.970916
09/25 07:11:07 PM valid 150 1.246372e+00 70.571192 92.052980
09/25 07:11:07 PM valid_acc 70.620000, best_acc 72.220000
09/25 07:11:07 PM epoch 245 lr 1.592483e-02
09/25 07:11:07 PM train 000 4.602893e-01 81.250000 98.437500
09/25 07:11:12 PM train 050 5.060466e-01 83.578431 98.529412
09/25 07:11:16 PM train 100 5.172128e-01 83.725248 98.391089
09/25 07:11:20 PM train 150 5.112701e-01 84.002483 98.489238
09/25 07:11:25 PM train 200 5.123646e-01 84.048507 98.437500
09/25 07:11:29 PM train 250 5.167780e-01 83.989044 98.362799
09/25 07:11:33 PM train 300 5.159945e-01 84.068729 98.416736
09/25 07:11:37 PM train 350 5.189488e-01 84.023326 98.392984
09/25 07:11:42 PM train 400 5.240124e-01 83.884040 98.320605
09/25 07:11:46 PM train 450 5.291196e-01 83.654379 98.267738
09/25 07:11:51 PM train 500 5.307105e-01 83.595309 98.222305
09/25 07:11:55 PM train 550 5.358735e-01 83.512931 98.156760
09/25 07:11:59 PM train 600 5.363112e-01 83.498856 98.156718
09/25 07:12:03 PM train 650 5.387012e-01 83.467742 98.132680
09/25 07:12:08 PM train 700 5.416027e-01 83.383113 98.105385
09/25 07:12:12 PM train 750 5.441360e-01 83.353445 98.052597
09/25 07:12:15 PM train_acc 83.336000
09/25 07:12:15 PM valid 000 1.145224e+00 78.125000 92.187500
09/25 07:12:16 PM valid 050 1.211984e+00 71.017157 91.789216
09/25 07:12:17 PM valid 100 1.203085e+00 71.055074 92.125619
09/25 07:12:19 PM valid 150 1.206091e+00 70.964404 92.104719
09/25 07:12:19 PM valid_acc 70.970000, best_acc 72.220000
09/25 07:12:19 PM epoch 246 lr 1.586184e-02
09/25 07:12:19 PM train 000 2.697667e-01 92.187500 100.000000
09/25 07:12:24 PM train 050 4.723972e-01 85.998775 98.437500
09/25 07:12:28 PM train 100 4.813382e-01 85.566213 98.483911
09/25 07:12:32 PM train 150 4.976711e-01 84.892384 98.375414
09/25 07:12:36 PM train 200 5.045294e-01 84.724813 98.336443
09/25 07:12:41 PM train 250 5.067126e-01 84.667580 98.337898
09/25 07:12:45 PM train 300 5.088423e-01 84.618978 98.302533
09/25 07:12:49 PM train 350 5.134054e-01 84.455128 98.228276
09/25 07:12:54 PM train 400 5.164852e-01 84.413965 98.156951
09/25 07:12:58 PM train 450 5.188545e-01 84.402716 98.160338
09/25 07:13:02 PM train 500 5.208702e-01 84.334456 98.156811
09/25 07:13:06 PM train 550 5.263303e-01 84.071574 98.148253
09/25 07:13:11 PM train 600 5.315218e-01 83.857633 98.135919
09/25 07:13:15 PM train 650 5.332256e-01 83.770161 98.149482
09/25 07:13:19 PM train 700 5.353659e-01 83.739747 98.118759
09/25 07:13:24 PM train 750 5.381540e-01 83.659288 98.104611
09/25 07:13:26 PM train_acc 83.600000
09/25 07:13:26 PM valid 000 1.013894e+00 75.000000 92.187500
09/25 07:13:28 PM valid 050 1.181857e+00 71.752451 92.279412
09/25 07:13:29 PM valid 100 1.183518e+00 71.905941 92.202970
09/25 07:13:30 PM valid 150 1.201037e+00 71.657699 92.052980
09/25 07:13:30 PM valid_acc 71.710000, best_acc 72.220000
09/25 07:13:31 PM epoch 247 lr 1.579875e-02
09/25 07:13:31 PM train 000 5.923380e-01 84.375000 100.000000
09/25 07:13:35 PM train 050 4.895655e-01 85.386029 98.498775
09/25 07:13:39 PM train 100 4.949905e-01 85.303218 98.483911
09/25 07:13:44 PM train 150 5.010260e-01 84.975166 98.478891
09/25 07:13:48 PM train 200 5.030458e-01 84.996891 98.507463
09/25 07:13:52 PM train 250 5.046699e-01 84.823207 98.530876
09/25 07:13:57 PM train 300 5.056398e-01 84.676080 98.530939
09/25 07:14:01 PM train 350 5.081330e-01 84.579772 98.490919
09/25 07:14:05 PM train 400 5.149940e-01 84.363310 98.460879
09/25 07:14:10 PM train 450 5.184766e-01 84.215632 98.395926
09/25 07:14:14 PM train 500 5.215361e-01 84.084955 98.337700
09/25 07:14:18 PM train 550 5.264701e-01 83.966652 98.287205
09/25 07:14:23 PM train 600 5.291956e-01 83.849834 98.263311
09/25 07:14:27 PM train 650 5.282592e-01 83.834965 98.259889
09/25 07:14:31 PM train 700 5.340205e-01 83.695168 98.219062
09/25 07:14:35 PM train 750 5.367797e-01 83.601032 98.179511
09/25 07:14:38 PM train_acc 83.540000
09/25 07:14:38 PM valid 000 1.037383e+00 76.562500 95.312500
09/25 07:14:39 PM valid 050 1.167874e+00 72.181373 92.371324
09/25 07:14:41 PM valid 100 1.186547e+00 71.673886 92.404084
09/25 07:14:42 PM valid 150 1.193480e+00 71.533526 92.435844
09/25 07:14:42 PM valid_acc 71.630000, best_acc 72.220000
09/25 07:14:42 PM epoch 248 lr 1.573558e-02
09/25 07:14:42 PM train 000 5.349253e-01 85.937500 98.437500
09/25 07:14:47 PM train 050 4.848593e-01 85.079657 98.376225
09/25 07:14:51 PM train 100 4.934081e-01 84.854579 98.561262
09/25 07:14:55 PM train 150 5.050825e-01 84.519868 98.334023
09/25 07:15:00 PM train 200 5.002686e-01 84.647077 98.336443
09/25 07:15:04 PM train 250 4.994446e-01 84.736056 98.381474
09/25 07:15:08 PM train 300 5.024992e-01 84.722799 98.359635
09/25 07:15:13 PM train 350 5.003410e-01 84.780093 98.352920
09/25 07:15:17 PM train 400 5.055239e-01 84.523067 98.355673
09/25 07:15:21 PM train 450 5.117271e-01 84.371535 98.323171
09/25 07:15:26 PM train 500 5.185063e-01 84.144212 98.278443
09/25 07:15:30 PM train 550 5.230972e-01 83.966652 98.241833
09/25 07:15:34 PM train 600 5.271852e-01 83.842034 98.190516
09/25 07:15:38 PM train 650 5.314821e-01 83.760561 98.137481
09/25 07:15:43 PM train 700 5.390027e-01 83.548056 98.096469
09/25 07:15:47 PM train 750 5.401002e-01 83.486601 98.085885
09/25 07:15:50 PM train_acc 83.420000
09/25 07:15:50 PM valid 000 9.378067e-01 75.000000 92.187500
09/25 07:15:51 PM valid 050 1.260964e+00 71.139706 91.636029
09/25 07:15:52 PM valid 100 1.253430e+00 70.606436 92.125619
09/25 07:15:53 PM valid 150 1.258983e+00 70.726407 92.032285
09/25 07:15:54 PM valid_acc 70.690000, best_acc 72.220000
09/25 07:15:54 PM epoch 249 lr 1.567232e-02
09/25 07:15:54 PM train 000 4.581445e-01 87.500000 98.437500
09/25 07:15:58 PM train 050 4.872437e-01 85.140931 98.314951
09/25 07:16:02 PM train 100 5.056033e-01 84.189356 98.298267
09/25 07:16:07 PM train 150 5.122122e-01 84.168046 98.292632
09/25 07:16:11 PM train 200 5.105317e-01 84.165112 98.274254
09/25 07:16:15 PM train 250 5.124910e-01 84.113546 98.281873
09/25 07:16:20 PM train 300 5.155508e-01 83.980482 98.245432
09/25 07:16:24 PM train 350 5.111757e-01 84.152422 98.299501
09/25 07:16:28 PM train 400 5.173239e-01 84.039900 98.250468
09/25 07:16:32 PM train 450 5.194682e-01 84.011225 98.226164
09/25 07:16:37 PM train 500 5.243996e-01 83.888473 98.138099
09/25 07:16:41 PM train 550 5.239625e-01 83.873072 98.151089
09/25 07:16:45 PM train 600 5.284125e-01 83.699043 98.138519
09/25 07:16:49 PM train 650 5.317717e-01 83.659754 98.120680
09/25 07:16:54 PM train 700 5.324183e-01 83.612696 98.094240
09/25 07:16:58 PM train 750 5.357472e-01 83.544857 98.075483
09/25 07:17:01 PM train_acc 83.568000
09/25 07:17:01 PM valid 000 1.245718e+00 73.437500 89.062500
09/25 07:17:02 PM valid 050 1.217415e+00 72.426471 91.727941
09/25 07:17:03 PM valid 100 1.196864e+00 72.091584 92.048267
09/25 07:17:05 PM valid 150 1.200962e+00 72.144040 91.980546
09/25 07:17:05 PM valid_acc 72.130000, best_acc 72.220000
09/25 07:17:05 PM epoch 250 lr 1.560896e-02
09/25 07:17:05 PM train 000 6.179484e-01 78.125000 98.437500
09/25 07:17:09 PM train 050 4.918933e-01 84.650735 98.314951
09/25 07:17:14 PM train 100 4.866450e-01 85.071163 98.313738
09/25 07:17:18 PM train 150 4.864388e-01 85.120033 98.354719
09/25 07:17:22 PM train 200 4.788237e-01 85.424440 98.289801
09/25 07:17:26 PM train 250 4.805138e-01 85.364791 98.312998
09/25 07:17:31 PM train 300 4.862463e-01 85.267857 98.276578
09/25 07:17:35 PM train 350 4.914954e-01 85.073896 98.286147
09/25 07:17:39 PM train 400 4.993063e-01 84.799719 98.289433
09/25 07:17:44 PM train 450 5.092818e-01 84.562084 98.246951
09/25 07:17:48 PM train 500 5.121617e-01 84.424900 98.262849
09/25 07:17:52 PM train 550 5.152396e-01 84.318285 98.250340
09/25 07:17:56 PM train 600 5.209553e-01 84.154014 98.141119
09/25 07:18:01 PM train 650 5.232264e-01 84.010177 98.149482
09/25 07:18:05 PM train 700 5.279647e-01 83.909148 98.109843
09/25 07:18:09 PM train 750 5.303988e-01 83.823652 98.110852
09/25 07:18:12 PM train_acc 83.772000
09/25 07:18:12 PM valid 000 1.045321e+00 76.562500 89.062500
09/25 07:18:13 PM valid 050 1.230028e+00 71.936275 91.666667
09/25 07:18:14 PM valid 100 1.214245e+00 71.550124 92.388614
09/25 07:18:16 PM valid 150 1.238627e+00 71.378311 92.218543
09/25 07:18:16 PM valid_acc 71.360000, best_acc 72.220000
09/25 07:18:16 PM epoch 251 lr 1.554553e-02
09/25 07:18:16 PM train 000 4.034908e-01 90.625000 100.000000
09/25 07:18:20 PM train 050 5.316927e-01 84.283088 98.314951
09/25 07:18:25 PM train 100 5.251550e-01 84.282178 98.344678
09/25 07:18:29 PM train 150 5.227350e-01 84.240480 98.292632
09/25 07:18:33 PM train 200 5.127040e-01 84.530473 98.375311
09/25 07:18:38 PM train 250 5.048949e-01 84.754731 98.387699
09/25 07:18:42 PM train 300 5.105893e-01 84.499585 98.307724
09/25 07:18:46 PM train 350 5.123629e-01 84.450677 98.272792
09/25 07:18:50 PM train 400 5.157525e-01 84.355517 98.230985
09/25 07:18:55 PM train 450 5.197526e-01 84.229490 98.167267
09/25 07:18:59 PM train 500 5.224940e-01 84.162924 98.138099
09/25 07:19:03 PM train 550 5.296746e-01 83.935458 98.088702
09/25 07:19:08 PM train 600 5.306959e-01 83.925229 98.039725
09/25 07:19:12 PM train 650 5.352818e-01 83.750960 98.039075
09/25 07:19:16 PM train 700 5.383326e-01 83.648359 98.038516
09/25 07:19:21 PM train 750 5.407273e-01 83.553179 98.035952
09/25 07:19:23 PM train_acc 83.490000
09/25 07:19:23 PM valid 000 1.015596e+00 76.562500 92.187500
09/25 07:19:25 PM valid 050 1.172267e+00 72.671569 92.585784
09/25 07:19:26 PM valid 100 1.145843e+00 72.509282 92.821782
09/25 07:19:27 PM valid 150 1.168388e+00 72.382036 92.673841
09/25 07:19:28 PM valid_acc 72.450000, best_acc 72.450000
09/25 07:19:28 PM epoch 252 lr 1.548201e-02
09/25 07:19:28 PM train 000 3.959876e-01 90.625000 100.000000
09/25 07:19:32 PM train 050 4.602292e-01 85.692402 98.958333
09/25 07:19:36 PM train 100 4.777699e-01 85.225866 98.839728
09/25 07:19:41 PM train 150 4.770624e-01 85.037252 98.706540
09/25 07:19:45 PM train 200 4.786276e-01 85.012438 98.631841
09/25 07:19:49 PM train 250 4.854774e-01 84.972610 98.499751
09/25 07:19:54 PM train 300 4.904647e-01 84.857766 98.468646
09/25 07:19:58 PM train 350 4.943390e-01 84.771189 98.441952
09/25 07:20:02 PM train 400 5.019211e-01 84.515274 98.445293
09/25 07:20:07 PM train 450 5.087104e-01 84.295316 98.375139
09/25 07:20:11 PM train 500 5.130790e-01 84.234656 98.325225
09/25 07:20:15 PM train 550 5.154065e-01 84.167990 98.287205
09/25 07:20:20 PM train 600 5.180842e-01 84.065620 98.278910
09/25 07:20:24 PM train 650 5.210305e-01 84.017377 98.250288
09/25 07:20:28 PM train 700 5.229012e-01 83.955956 98.212375
09/25 07:20:33 PM train 750 5.263644e-01 83.865263 98.208638
09/25 07:20:35 PM train_acc 83.852000
09/25 07:20:35 PM valid 000 1.303429e+00 73.437500 92.187500
09/25 07:20:37 PM valid 050 1.248377e+00 71.354167 91.452206
09/25 07:20:38 PM valid 100 1.208034e+00 71.565594 92.094678
09/25 07:20:39 PM valid 150 1.207114e+00 71.440397 92.094371
09/25 07:20:40 PM valid_acc 71.490000, best_acc 72.450000
09/25 07:20:40 PM epoch 253 lr 1.541841e-02
09/25 07:20:40 PM train 000 3.274173e-01 89.062500 100.000000
09/25 07:20:44 PM train 050 4.607817e-01 86.182598 98.621324
09/25 07:20:48 PM train 100 4.677526e-01 85.922030 98.654084
09/25 07:20:53 PM train 150 4.670416e-01 85.647765 98.644454
09/25 07:20:57 PM train 200 4.721552e-01 85.603234 98.577425
09/25 07:21:01 PM train 250 4.724651e-01 85.638695 98.568227
09/25 07:21:06 PM train 300 4.790595e-01 85.433970 98.484219
09/25 07:21:10 PM train 350 4.885954e-01 85.167379 98.433048
09/25 07:21:14 PM train 400 4.943722e-01 85.010131 98.394638
09/25 07:21:18 PM train 450 5.065673e-01 84.655626 98.354351
09/25 07:21:23 PM train 500 5.120188e-01 84.484157 98.315868
09/25 07:21:27 PM train 550 5.156695e-01 84.377836 98.273026
09/25 07:21:31 PM train 600 5.198912e-01 84.317804 98.229513
09/25 07:21:36 PM train 650 5.238328e-01 84.214190 98.175883
09/25 07:21:40 PM train 700 5.280018e-01 84.067404 98.120988
09/25 07:21:44 PM train 750 5.306274e-01 83.990097 98.096288
09/25 07:21:47 PM train_acc 83.986000
09/25 07:21:47 PM valid 000 1.211126e+00 75.000000 92.187500
09/25 07:21:48 PM valid 050 1.138420e+00 72.426471 92.524510
09/25 07:21:49 PM valid 100 1.122254e+00 72.493812 93.069307
09/25 07:21:51 PM valid 150 1.122489e+00 72.578642 92.973924
09/25 07:21:51 PM valid_acc 72.670000, best_acc 72.670000
09/25 07:21:51 PM epoch 254 lr 1.535473e-02
09/25 07:21:51 PM train 000 5.632690e-01 85.937500 98.437500
09/25 07:21:55 PM train 050 4.559551e-01 86.090686 98.682598
09/25 07:22:00 PM train 100 4.802800e-01 85.086634 98.483911
09/25 07:22:04 PM train 150 4.798289e-01 84.985513 98.520281
09/25 07:22:08 PM train 200 4.825536e-01 84.965796 98.569652
09/25 07:22:12 PM train 250 4.894533e-01 84.860558 98.518426
09/25 07:22:17 PM train 300 4.918014e-01 84.759136 98.520556
09/25 07:22:21 PM train 350 4.937439e-01 84.722222 98.490919
09/25 07:22:25 PM train 400 4.978765e-01 84.593204 98.464776
09/25 07:22:30 PM train 450 5.025994e-01 84.465078 98.399390
09/25 07:22:34 PM train 500 5.062289e-01 84.353169 98.390719
09/25 07:22:38 PM train 550 5.093605e-01 84.309778 98.341084
09/25 07:22:42 PM train 600 5.135494e-01 84.193012 98.299709
09/25 07:22:47 PM train 650 5.180053e-01 84.074981 98.267089
09/25 07:22:51 PM train 700 5.190916e-01 84.091922 98.263641
09/25 07:22:55 PM train 750 5.226131e-01 83.942244 98.231525
09/25 07:22:58 PM train_acc 83.922000
09/25 07:22:58 PM valid 000 1.147239e+00 78.125000 89.062500
09/25 07:22:59 PM valid 050 1.185312e+00 72.395833 92.126225
09/25 07:23:01 PM valid 100 1.153269e+00 72.261757 92.636139
09/25 07:23:02 PM valid 150 1.168315e+00 71.999172 92.487583
09/25 07:23:02 PM valid_acc 72.020000, best_acc 72.670000
09/25 07:23:02 PM epoch 255 lr 1.529097e-02
09/25 07:23:02 PM train 000 3.605047e-01 92.187500 96.875000
09/25 07:23:07 PM train 050 4.789999e-01 85.814951 98.529412
09/25 07:23:11 PM train 100 4.750703e-01 85.798267 98.561262
09/25 07:23:15 PM train 150 4.830599e-01 85.378725 98.499586
09/25 07:23:19 PM train 200 4.946255e-01 84.950249 98.406405
09/25 07:23:24 PM train 250 4.944681e-01 84.935259 98.493526
09/25 07:23:28 PM train 300 4.978070e-01 84.712417 98.515365
09/25 07:23:32 PM train 350 5.010830e-01 84.744480 98.437500
09/25 07:23:37 PM train 400 5.031022e-01 84.737375 98.445293
09/25 07:23:41 PM train 450 5.067952e-01 84.555155 98.395926
09/25 07:23:45 PM train 500 5.115578e-01 84.412425 98.412550
09/25 07:23:49 PM train 550 5.134284e-01 84.338135 98.394964
09/25 07:23:54 PM train 600 5.154578e-01 84.302205 98.372504
09/25 07:23:58 PM train 650 5.207858e-01 84.161386 98.322293
09/25 07:24:02 PM train 700 5.227139e-01 84.071862 98.299305
09/25 07:24:06 PM train 750 5.291077e-01 83.877746 98.244008
09/25 07:24:09 PM train_acc 83.840000
09/25 07:24:09 PM valid 000 9.751317e-01 78.125000 92.187500
09/25 07:24:10 PM valid 050 1.165313e+00 72.212010 92.095588
09/25 07:24:12 PM valid 100 1.141632e+00 72.447401 92.527847
09/25 07:24:13 PM valid 150 1.145081e+00 72.444123 92.632450
09/25 07:24:13 PM valid_acc 72.540000, best_acc 72.670000
09/25 07:24:13 PM epoch 256 lr 1.522713e-02
09/25 07:24:13 PM train 000 7.354400e-01 76.562500 95.312500
09/25 07:24:18 PM train 050 5.046367e-01 84.344363 98.253676
09/25 07:24:22 PM train 100 5.112755e-01 84.189356 98.282797
09/25 07:24:26 PM train 150 5.077016e-01 84.302566 98.271937
09/25 07:24:30 PM train 200 5.001792e-01 84.631530 98.383085
09/25 07:24:35 PM train 250 4.997682e-01 84.574203 98.312998
09/25 07:24:39 PM train 300 5.029358e-01 84.468439 98.344061
09/25 07:24:43 PM train 350 5.049647e-01 84.401709 98.375178
09/25 07:24:48 PM train 400 5.096246e-01 84.293173 98.336191
09/25 07:24:52 PM train 450 5.101081e-01 84.277993 98.330100
09/25 07:24:56 PM train 500 5.103406e-01 84.256487 98.340818
09/25 07:25:00 PM train 550 5.131719e-01 84.165154 98.338249
09/25 07:25:05 PM train 600 5.162168e-01 84.089018 98.304908
09/25 07:25:09 PM train 650 5.180021e-01 84.002976 98.293491
09/25 07:25:13 PM train 700 5.200981e-01 83.987161 98.277015
09/25 07:25:17 PM train 750 5.230444e-01 83.938083 98.244008
09/25 07:25:20 PM train_acc 83.902000
09/25 07:25:20 PM valid 000 8.194281e-01 79.687500 93.750000
09/25 07:25:21 PM valid 050 1.198316e+00 70.894608 91.881127
09/25 07:25:23 PM valid 100 1.184206e+00 71.209777 92.311262
09/25 07:25:24 PM valid 150 1.177723e+00 71.574917 92.156457
09/25 07:25:24 PM valid_acc 71.590000, best_acc 72.670000
09/25 07:25:24 PM epoch 257 lr 1.516322e-02
09/25 07:25:24 PM train 000 3.813833e-01 87.500000 100.000000
09/25 07:25:29 PM train 050 5.036722e-01 85.355392 98.376225
09/25 07:25:33 PM train 100 5.009997e-01 84.823639 98.375619
09/25 07:25:37 PM train 150 5.009007e-01 84.830298 98.385762
09/25 07:25:42 PM train 200 5.021882e-01 84.678172 98.359764
09/25 07:25:46 PM train 250 5.070782e-01 84.437251 98.362799
09/25 07:25:50 PM train 300 5.111258e-01 84.406146 98.297342
09/25 07:25:55 PM train 350 5.098184e-01 84.419516 98.321759
09/25 07:25:59 PM train 400 5.089619e-01 84.472413 98.308915
09/25 07:26:03 PM train 450 5.118659e-01 84.368071 98.326635
09/25 07:26:08 PM train 500 5.127333e-01 84.290793 98.278443
09/25 07:26:12 PM train 550 5.147105e-01 84.210526 98.261683
09/25 07:26:16 PM train 600 5.202155e-01 84.091618 98.216514
09/25 07:26:20 PM train 650 5.223549e-01 83.995776 98.185484
09/25 07:26:25 PM train 700 5.226180e-01 84.022825 98.190086
09/25 07:26:29 PM train 750 5.244992e-01 83.956808 98.198236
09/25 07:26:32 PM train_acc 83.898000
09/25 07:26:32 PM valid 000 1.120802e+00 76.562500 90.625000
09/25 07:26:33 PM valid 050 1.128122e+00 72.824755 93.045343
09/25 07:26:34 PM valid 100 1.142087e+00 72.772277 92.883663
09/25 07:26:35 PM valid 150 1.155334e+00 72.671772 92.808361
09/25 07:26:36 PM valid_acc 72.670000, best_acc 72.670000
09/25 07:26:36 PM epoch 258 lr 1.509924e-02
09/25 07:26:36 PM train 000 5.141914e-01 76.562500 100.000000
09/25 07:26:40 PM train 050 4.650394e-01 85.140931 98.897059
09/25 07:26:45 PM train 100 4.621674e-01 85.535272 98.793317
09/25 07:26:49 PM train 150 4.691592e-01 85.440811 98.675497
09/25 07:26:53 PM train 200 4.792165e-01 85.059080 98.592973
09/25 07:26:57 PM train 250 4.830610e-01 85.009960 98.630478
09/25 07:27:02 PM train 300 4.884806e-01 84.997924 98.577658
09/25 07:27:06 PM train 350 4.875145e-01 85.091702 98.593305
09/25 07:27:10 PM train 400 4.976445e-01 84.706203 98.511534
09/25 07:27:14 PM train 450 5.025794e-01 84.555155 98.458287
09/25 07:27:19 PM train 500 5.062761e-01 84.449850 98.428144
09/25 07:27:23 PM train 550 5.110714e-01 84.255898 98.366606
09/25 07:27:27 PM train 600 5.128850e-01 84.172213 98.343906
09/25 07:27:32 PM train 650 5.153478e-01 84.086982 98.334293
09/25 07:27:36 PM train 700 5.191560e-01 83.958185 98.305991
09/25 07:27:40 PM train 750 5.197347e-01 83.985935 98.304344
09/25 07:27:43 PM train_acc 83.958000
09/25 07:27:43 PM valid 000 1.198575e+00 71.875000 90.625000
09/25 07:27:44 PM valid 050 1.134724e+00 72.916667 92.218137
09/25 07:27:45 PM valid 100 1.114539e+00 73.360149 92.620668
09/25 07:27:47 PM valid 150 1.117300e+00 72.837334 92.756623
09/25 07:27:47 PM valid_acc 72.840000, best_acc 72.840000
09/25 07:27:47 PM epoch 259 lr 1.503518e-02
09/25 07:27:47 PM train 000 6.533273e-01 82.812500 98.437500
09/25 07:27:51 PM train 050 4.920754e-01 85.692402 98.560049
09/25 07:27:56 PM train 100 4.904077e-01 85.334158 98.592203
09/25 07:28:00 PM train 150 4.795709e-01 85.233858 98.634106
09/25 07:28:04 PM train 200 4.812038e-01 85.012438 98.647388
09/25 07:28:09 PM train 250 4.878753e-01 84.810757 98.611803
09/25 07:28:13 PM train 300 4.913730e-01 84.650125 98.598422
09/25 07:28:17 PM train 350 4.961907e-01 84.441774 98.553241
09/25 07:28:22 PM train 400 5.021817e-01 84.234726 98.542706
09/25 07:28:26 PM train 450 5.046012e-01 84.153271 98.489468
09/25 07:28:30 PM train 500 5.075039e-01 84.122380 98.449975
09/25 07:28:34 PM train 550 5.087749e-01 84.114111 98.411978
09/25 07:28:39 PM train 600 5.096696e-01 84.063020 98.393303
09/25 07:28:43 PM train 650 5.125790e-01 84.041379 98.343894
09/25 07:28:47 PM train 700 5.142685e-01 83.938124 98.350571
09/25 07:28:52 PM train 750 5.177400e-01 83.867344 98.323069
09/25 07:28:54 PM train_acc 83.836000
09/25 07:28:54 PM valid 000 9.099013e-01 76.562500 95.312500
09/25 07:28:56 PM valid 050 1.206814e+00 71.446078 92.432598
09/25 07:28:57 PM valid 100 1.199184e+00 71.673886 92.496906
09/25 07:28:58 PM valid 150 1.203311e+00 71.564570 92.508278
09/25 07:28:58 PM valid_acc 71.480000, best_acc 72.840000
09/25 07:28:59 PM epoch 260 lr 1.497106e-02
09/25 07:28:59 PM train 000 4.307916e-01 89.062500 95.312500
09/25 07:29:03 PM train 050 4.976193e-01 84.681373 98.284314
09/25 07:29:07 PM train 100 4.828889e-01 85.349629 98.452970
09/25 07:29:12 PM train 150 4.828673e-01 85.358030 98.437500
09/25 07:29:16 PM train 200 4.904198e-01 85.097948 98.445274
09/25 07:29:20 PM train 250 4.965081e-01 84.848108 98.425050
09/25 07:29:24 PM train 300 4.981836e-01 84.842193 98.359635
09/25 07:29:29 PM train 350 5.009698e-01 84.753383 98.330662
09/25 07:29:33 PM train 400 5.068057e-01 84.581515 98.277743
09/25 07:29:37 PM train 450 5.130375e-01 84.364606 98.191519
09/25 07:29:41 PM train 500 5.132174e-01 84.312625 98.191118
09/25 07:29:46 PM train 550 5.147245e-01 84.272913 98.219147
09/25 07:29:50 PM train 600 5.171324e-01 84.211210 98.174917
09/25 07:29:54 PM train 650 5.187054e-01 84.187788 98.171083
09/25 07:29:58 PM train 700 5.222867e-01 84.080777 98.154422
09/25 07:30:03 PM train 750 5.264955e-01 83.960969 98.125416
09/25 07:30:05 PM train_acc 83.930000
09/25 07:30:06 PM valid 000 1.139328e+00 71.875000 95.312500
09/25 07:30:07 PM valid 050 1.180843e+00 71.691176 92.984069
09/25 07:30:08 PM valid 100 1.157233e+00 72.137995 93.084777
09/25 07:30:09 PM valid 150 1.160761e+00 72.288907 92.880795
09/25 07:30:10 PM valid_acc 72.250000, best_acc 72.840000
09/25 07:30:10 PM epoch 261 lr 1.490687e-02
09/25 07:30:10 PM train 000 4.862031e-01 85.937500 100.000000
09/25 07:30:14 PM train 050 4.416842e-01 85.998775 98.897059
09/25 07:30:18 PM train 100 4.454172e-01 86.030322 98.978960
09/25 07:30:23 PM train 150 4.601753e-01 85.554636 98.810017
09/25 07:30:27 PM train 200 4.554368e-01 85.774254 98.833955
09/25 07:30:31 PM train 250 4.681854e-01 85.371016 98.723855
09/25 07:30:36 PM train 300 4.766974e-01 85.210756 98.634759
09/25 07:30:40 PM train 350 4.789090e-01 85.278668 98.584402
09/25 07:30:44 PM train 400 4.841165e-01 85.158198 98.534913
09/25 07:30:48 PM train 450 4.843553e-01 85.227273 98.499861
09/25 07:30:53 PM train 500 4.846838e-01 85.319985 98.499875
09/25 07:30:57 PM train 550 4.892395e-01 85.157668 98.457350
09/25 07:31:02 PM train 600 4.952572e-01 84.949563 98.411502
09/25 07:31:06 PM train 650 4.982924e-01 84.852631 98.365495
09/25 07:31:10 PM train 700 5.023046e-01 84.771755 98.346113
09/25 07:31:14 PM train 750 5.094196e-01 84.518559 98.308505
09/25 07:31:17 PM train_acc 84.468000
09/25 07:31:17 PM valid 000 1.405588e+00 73.437500 90.625000
09/25 07:31:18 PM valid 050 1.148467e+00 71.844363 92.922794
09/25 07:31:20 PM valid 100 1.124686e+00 72.308168 93.332302
09/25 07:31:21 PM valid 150 1.132181e+00 72.516556 93.108444
09/25 07:31:21 PM valid_acc 72.500000, best_acc 72.840000
09/25 07:31:21 PM epoch 262 lr 1.484261e-02
09/25 07:31:21 PM train 000 3.743788e-01 90.625000 100.000000
09/25 07:31:26 PM train 050 4.594123e-01 86.825980 98.774510
09/25 07:31:30 PM train 100 4.589643e-01 86.478960 98.638614
09/25 07:31:34 PM train 150 4.586481e-01 86.723924 98.572020
09/25 07:31:39 PM train 200 4.636219e-01 86.333955 98.616294
09/25 07:31:43 PM train 250 4.660465e-01 86.254980 98.624253
09/25 07:31:47 PM train 300 4.721571e-01 85.932309 98.598422
09/25 07:31:52 PM train 350 4.840172e-01 85.568020 98.499822
09/25 07:31:56 PM train 400 4.908814e-01 85.341334 98.421914
09/25 07:32:00 PM train 450 4.933897e-01 85.216879 98.399390
09/25 07:32:05 PM train 500 4.971722e-01 85.061128 98.381362
09/25 07:32:09 PM train 550 5.003817e-01 84.927972 98.372278
09/25 07:32:13 PM train 600 5.031242e-01 84.811772 98.369904
09/25 07:32:18 PM train 650 5.058957e-01 84.675019 98.339094
09/25 07:32:22 PM train 700 5.095154e-01 84.580064 98.312678
09/25 07:32:26 PM train 750 5.137643e-01 84.481109 98.275216
09/25 07:32:29 PM train_acc 84.460000
09/25 07:32:29 PM valid 000 1.130519e+00 75.000000 92.187500
09/25 07:32:31 PM valid 050 1.136032e+00 72.426471 92.861520
09/25 07:32:32 PM valid 100 1.147842e+00 72.091584 92.899134
09/25 07:32:33 PM valid 150 1.158173e+00 72.061258 92.622103
09/25 07:32:33 PM valid_acc 72.110000, best_acc 72.840000
09/25 07:32:33 PM epoch 263 lr 1.477829e-02
09/25 07:32:34 PM train 000 6.411900e-01 82.812500 98.437500
09/25 07:32:38 PM train 050 4.523410e-01 86.366422 98.774510
09/25 07:32:42 PM train 100 4.583972e-01 86.324257 98.561262
09/25 07:32:46 PM train 150 4.531728e-01 86.351407 98.613411
09/25 07:32:51 PM train 200 4.551842e-01 86.240672 98.624067
09/25 07:32:55 PM train 250 4.625479e-01 85.974851 98.524651
09/25 07:32:59 PM train 300 4.763641e-01 85.491071 98.473837
09/25 07:33:04 PM train 350 4.813559e-01 85.323184 98.446403
09/25 07:33:08 PM train 400 4.878597e-01 85.193267 98.394638
09/25 07:33:12 PM train 450 4.933481e-01 84.957040 98.388997
09/25 07:33:17 PM train 500 4.966334e-01 84.814746 98.365768
09/25 07:33:21 PM train 550 5.013884e-01 84.635889 98.329741
09/25 07:33:25 PM train 600 5.050138e-01 84.497192 98.273710
09/25 07:33:30 PM train 650 5.078253e-01 84.435004 98.231087
09/25 07:33:34 PM train 700 5.114944e-01 84.361626 98.199001
09/25 07:33:38 PM train 750 5.140133e-01 84.270972 98.179511
09/25 07:33:41 PM train_acc 84.242000
09/25 07:33:41 PM valid 000 1.307528e+00 64.062500 93.750000
09/25 07:33:42 PM valid 050 1.216749e+00 71.354167 92.340686
09/25 07:33:43 PM valid 100 1.194524e+00 71.998762 92.899134
09/25 07:33:45 PM valid 150 1.202206e+00 72.050911 92.777318
09/25 07:33:45 PM valid_acc 71.980000, best_acc 72.840000
09/25 07:33:45 PM epoch 264 lr 1.471390e-02
09/25 07:33:45 PM train 000 4.010614e-01 87.500000 98.437500
09/25 07:33:49 PM train 050 4.575779e-01 86.366422 98.590686
09/25 07:33:54 PM train 100 4.622270e-01 86.123144 98.654084
09/25 07:33:58 PM train 150 4.702540e-01 85.720199 98.634106
09/25 07:34:02 PM train 200 4.856621e-01 85.362251 98.499689
09/25 07:34:07 PM train 250 4.955613e-01 85.016185 98.412600
09/25 07:34:11 PM train 300 4.993181e-01 84.878530 98.292151
09/25 07:34:15 PM train 350 4.990826e-01 84.820157 98.321759
09/25 07:34:19 PM train 400 5.024260e-01 84.702307 98.281640
09/25 07:34:24 PM train 450 5.085103e-01 84.520510 98.233093
09/25 07:34:28 PM train 500 5.124165e-01 84.434256 98.228543
09/25 07:34:32 PM train 550 5.129547e-01 84.440222 98.185118
09/25 07:34:37 PM train 600 5.155107e-01 84.395799 98.185316
09/25 07:34:41 PM train 650 5.170369e-01 84.336598 98.166283
09/25 07:34:45 PM train 700 5.207407e-01 84.241262 98.147735
09/25 07:34:49 PM train 750 5.235659e-01 84.146138 98.144141
09/25 07:34:52 PM train_acc 84.120000
09/25 07:34:52 PM valid 000 1.020084e+00 75.000000 93.750000
09/25 07:34:54 PM valid 050 1.247726e+00 71.231618 91.789216
09/25 07:34:55 PM valid 100 1.233024e+00 71.457302 92.342203
09/25 07:34:56 PM valid 150 1.215137e+00 71.854305 92.580712
09/25 07:34:56 PM valid_acc 71.970000, best_acc 72.840000
09/25 07:34:56 PM epoch 265 lr 1.464945e-02
09/25 07:34:57 PM train 000 3.584363e-01 92.187500 96.875000
09/25 07:35:01 PM train 050 4.367906e-01 86.213235 98.621324
09/25 07:35:05 PM train 100 4.650588e-01 85.504332 98.530322
09/25 07:35:09 PM train 150 4.782144e-01 85.358030 98.499586
09/25 07:35:13 PM train 200 4.811373e-01 85.315609 98.523010
09/25 07:35:18 PM train 250 4.773052e-01 85.458167 98.555777
09/25 07:35:22 PM train 300 4.807808e-01 85.382060 98.504983
09/25 07:35:26 PM train 350 4.861898e-01 85.234152 98.406339
09/25 07:35:31 PM train 400 4.939533e-01 84.986752 98.343984
09/25 07:35:35 PM train 450 4.980947e-01 84.842711 98.309313
09/25 07:35:39 PM train 500 5.046428e-01 84.596432 98.290918
09/25 07:35:43 PM train 550 5.065541e-01 84.545145 98.290041
09/25 07:35:48 PM train 600 5.113247e-01 84.473794 98.242512
09/25 07:35:52 PM train 650 5.137592e-01 84.442204 98.240687
09/25 07:35:56 PM train 700 5.156636e-01 84.381687 98.214604
09/25 07:36:01 PM train 750 5.190726e-01 84.256408 98.187833
09/25 07:36:03 PM train_acc 84.168000
09/25 07:36:03 PM valid 000 1.310941e+00 67.187500 92.187500
09/25 07:36:05 PM valid 050 1.163321e+00 72.640931 92.677696
09/25 07:36:06 PM valid 100 1.162195e+00 72.493812 92.821782
09/25 07:36:07 PM valid 150 1.172839e+00 72.154387 92.642798
09/25 07:36:07 PM valid_acc 72.160000, best_acc 72.840000
09/25 07:36:07 PM epoch 266 lr 1.458495e-02
09/25 07:36:08 PM train 000 3.913600e-01 92.187500 100.000000
09/25 07:36:12 PM train 050 4.579549e-01 85.998775 98.988971
09/25 07:36:16 PM train 100 4.709935e-01 85.767327 98.793317
09/25 07:36:20 PM train 150 4.762105e-01 85.554636 98.623758
09/25 07:36:25 PM train 200 4.806981e-01 85.338930 98.585199
09/25 07:36:29 PM train 250 4.799285e-01 85.402141 98.580677
09/25 07:36:33 PM train 300 4.812055e-01 85.299003 98.588040
09/25 07:36:37 PM train 350 4.847425e-01 85.180734 98.508725
09/25 07:36:42 PM train 400 4.867681e-01 85.107544 98.511534
09/25 07:36:46 PM train 450 4.916332e-01 84.912001 98.479074
09/25 07:36:50 PM train 500 4.961986e-01 84.777320 98.434381
09/25 07:36:55 PM train 550 5.035791e-01 84.562160 98.392128
09/25 07:36:59 PM train 600 5.066904e-01 84.476394 98.375104
09/25 07:37:03 PM train 650 5.090566e-01 84.372600 98.339094
09/25 07:37:07 PM train 700 5.107316e-01 84.274697 98.321594
09/25 07:37:12 PM train 750 5.142681e-01 84.210636 98.304344
09/25 07:37:14 PM train_acc 84.118000
09/25 07:37:15 PM valid 000 1.205565e+00 76.562500 90.625000
09/25 07:37:16 PM valid 050 1.257600e+00 70.557598 91.850490
09/25 07:37:17 PM valid 100 1.259249e+00 70.668317 92.141089
09/25 07:37:18 PM valid 150 1.283243e+00 70.240066 91.794288
09/25 07:37:18 PM valid_acc 70.230000, best_acc 72.840000
09/25 07:37:19 PM epoch 267 lr 1.452039e-02
09/25 07:37:19 PM train 000 5.326385e-01 79.687500 96.875000
09/25 07:37:23 PM train 050 4.770224e-01 85.171569 98.682598
09/25 07:37:27 PM train 100 4.817645e-01 85.256807 98.592203
09/25 07:37:31 PM train 150 4.933782e-01 84.840646 98.478891
09/25 07:37:36 PM train 200 4.903851e-01 85.004664 98.476368
09/25 07:37:40 PM train 250 4.890928e-01 85.109562 98.449950
09/25 07:37:44 PM train 300 4.866955e-01 85.195183 98.375208
09/25 07:37:49 PM train 350 4.888715e-01 85.091702 98.335114
09/25 07:37:53 PM train 400 4.919206e-01 84.924408 98.305019
09/25 07:37:57 PM train 450 4.934289e-01 84.922395 98.302384
09/25 07:38:02 PM train 500 4.958261e-01 84.796033 98.303393
09/25 07:38:06 PM train 550 4.949421e-01 84.780513 98.318398
09/25 07:38:10 PM train 600 4.975693e-01 84.728577 98.273710
09/25 07:38:15 PM train 650 5.010878e-01 84.588614 98.262289
09/25 07:38:19 PM train 700 5.033138e-01 84.584522 98.245810
09/25 07:38:23 PM train 750 5.045235e-01 84.572653 98.223202
09/25 07:38:26 PM train_acc 84.532000
09/25 07:38:26 PM valid 000 1.178358e+00 71.875000 90.625000
09/25 07:38:27 PM valid 050 1.226617e+00 71.752451 92.463235
09/25 07:38:28 PM valid 100 1.204405e+00 72.137995 92.930074
09/25 07:38:30 PM valid 150 1.202539e+00 72.299255 92.818709
09/25 07:38:30 PM valid_acc 72.240000, best_acc 72.840000
09/25 07:38:30 PM epoch 268 lr 1.445577e-02
09/25 07:38:30 PM train 000 5.368780e-01 81.250000 98.437500
09/25 07:38:34 PM train 050 4.499291e-01 86.611520 98.743873
09/25 07:38:39 PM train 100 4.407077e-01 86.680074 98.870668
09/25 07:38:43 PM train 150 4.414242e-01 86.682533 98.799669
09/25 07:38:47 PM train 200 4.478244e-01 86.520522 98.717351
09/25 07:38:52 PM train 250 4.563471e-01 86.317231 98.667829
09/25 07:38:56 PM train 300 4.623950e-01 86.077658 98.608804
09/25 07:39:00 PM train 350 4.687457e-01 85.835114 98.579950
09/25 07:39:05 PM train 400 4.742123e-01 85.551746 98.538809
09/25 07:39:09 PM train 450 4.797517e-01 85.348531 98.513720
09/25 07:39:13 PM train 500 4.849772e-01 85.173403 98.509232
09/25 07:39:17 PM train 550 4.888635e-01 85.015880 98.494215
09/25 07:39:22 PM train 600 4.912408e-01 85.011959 98.497296
09/25 07:39:26 PM train 650 4.923445e-01 84.972638 98.487903
09/25 07:39:30 PM train 700 4.951586e-01 84.907721 98.466476
09/25 07:39:34 PM train 750 5.000582e-01 84.774467 98.416694
09/25 07:39:37 PM train_acc 84.732000
09/25 07:39:37 PM valid 000 1.010171e+00 71.875000 93.750000
09/25 07:39:39 PM valid 050 1.171574e+00 72.181373 92.738971
09/25 07:39:40 PM valid 100 1.160085e+00 72.339109 92.914604
09/25 07:39:41 PM valid 150 1.155073e+00 72.599338 92.901490
09/25 07:39:41 PM valid_acc 72.660000, best_acc 72.840000
09/25 07:39:41 PM epoch 269 lr 1.439110e-02
09/25 07:39:42 PM train 000 3.199054e-01 90.625000 100.000000
09/25 07:39:46 PM train 050 4.502897e-01 86.764706 98.468137
09/25 07:39:50 PM train 100 4.441339e-01 86.262376 98.530322
09/25 07:39:54 PM train 150 4.560199e-01 85.896109 98.603063
09/25 07:39:59 PM train 200 4.598129e-01 85.680970 98.585199
09/25 07:40:03 PM train 250 4.605324e-01 85.738297 98.549552
09/25 07:40:07 PM train 300 4.656920e-01 85.672757 98.577658
09/25 07:40:12 PM train 350 4.671499e-01 85.608084 98.553241
09/25 07:40:16 PM train 400 4.716718e-01 85.598504 98.550499
09/25 07:40:20 PM train 450 4.762875e-01 85.490576 98.475610
09/25 07:40:25 PM train 500 4.805141e-01 85.357410 98.437500
09/25 07:40:29 PM train 550 4.841367e-01 85.271098 98.420485
09/25 07:40:33 PM train 600 4.906619e-01 85.084755 98.395903
09/25 07:40:38 PM train 650 4.931013e-01 85.027842 98.370296
09/25 07:40:42 PM train 700 4.967798e-01 84.892118 98.350571
09/25 07:40:46 PM train 750 4.996728e-01 84.791112 98.339714
09/25 07:40:49 PM train_acc 84.780000
09/25 07:40:49 PM valid 000 1.114529e+00 76.562500 90.625000
09/25 07:40:50 PM valid 050 1.210384e+00 71.844363 92.616422
09/25 07:40:52 PM valid 100 1.202555e+00 71.828589 92.744431
09/25 07:40:53 PM valid 150 1.207833e+00 71.854305 92.570364
09/25 07:40:53 PM valid_acc 71.800000, best_acc 72.840000
09/25 07:40:53 PM epoch 270 lr 1.432638e-02
09/25 07:40:53 PM train 000 7.978379e-01 84.375000 96.875000
09/25 07:40:58 PM train 050 4.887336e-01 84.926471 98.590686
09/25 07:41:02 PM train 100 4.697099e-01 85.983911 98.715965
09/25 07:41:06 PM train 150 4.682223e-01 85.802980 98.644454
09/25 07:41:11 PM train 200 4.727750e-01 85.758706 98.515236
09/25 07:41:15 PM train 250 4.723130e-01 85.756972 98.530876
09/25 07:41:19 PM train 300 4.741964e-01 85.600083 98.473837
09/25 07:41:24 PM train 350 4.803255e-01 85.438925 98.433048
09/25 07:41:28 PM train 400 4.854182e-01 85.290680 98.429707
09/25 07:41:32 PM train 450 4.892866e-01 85.119873 98.368210
09/25 07:41:37 PM train 500 4.903629e-01 85.092315 98.375125
09/25 07:41:41 PM train 550 4.946495e-01 84.922300 98.363770
09/25 07:41:45 PM train 600 4.988383e-01 84.772775 98.359505
09/25 07:41:49 PM train 650 5.004974e-01 84.715822 98.382296
09/25 07:41:54 PM train 700 5.034004e-01 84.600125 98.350571
09/25 07:41:58 PM train 750 5.086185e-01 84.356275 98.335553
09/25 07:42:01 PM train_acc 84.314000
09/25 07:42:01 PM valid 000 1.152264e+00 76.562500 92.187500
09/25 07:42:02 PM valid 050 1.151822e+00 72.886029 91.911765
09/25 07:42:03 PM valid 100 1.151249e+00 72.849629 92.373144
09/25 07:42:05 PM valid 150 1.156111e+00 72.764901 92.446192
09/25 07:42:05 PM valid_acc 72.720000, best_acc 72.840000
09/25 07:42:05 PM epoch 271 lr 1.426161e-02
09/25 07:42:05 PM train 000 6.441321e-01 85.937500 98.437500
09/25 07:42:10 PM train 050 4.572293e-01 86.090686 98.376225
09/25 07:42:14 PM train 100 4.491706e-01 86.138614 98.669554
09/25 07:42:18 PM train 150 4.454597e-01 86.434189 98.675497
09/25 07:42:22 PM train 200 4.572712e-01 85.906405 98.600746
09/25 07:42:27 PM train 250 4.586159e-01 85.875249 98.611803
09/25 07:42:31 PM train 300 4.610518e-01 85.688331 98.619186
09/25 07:42:35 PM train 350 4.672742e-01 85.576923 98.530983
09/25 07:42:40 PM train 400 4.762026e-01 85.325748 98.464776
09/25 07:42:44 PM train 450 4.831706e-01 85.189163 98.461752
09/25 07:42:48 PM train 500 4.860153e-01 85.070484 98.459331
09/25 07:42:53 PM train 550 4.907043e-01 84.950658 98.406307
09/25 07:42:57 PM train 600 4.953732e-01 84.837770 98.367304
09/25 07:43:01 PM train 650 4.971443e-01 84.807028 98.384697
09/25 07:43:05 PM train 700 4.987760e-01 84.736091 98.384005
09/25 07:43:10 PM train 750 5.038967e-01 84.635070 98.360519
09/25 07:43:12 PM train_acc 84.572000
09/25 07:43:12 PM valid 000 1.015805e+00 78.125000 90.625000
09/25 07:43:14 PM valid 050 1.176665e+00 72.947304 92.218137
09/25 07:43:15 PM valid 100 1.171703e+00 72.756807 92.605198
09/25 07:43:16 PM valid 150 1.165450e+00 73.085679 92.642798
09/25 07:43:16 PM valid_acc 73.060000, best_acc 73.060000
09/25 07:43:17 PM epoch 272 lr 1.419679e-02
09/25 07:43:17 PM train 000 3.265999e-01 89.062500 100.000000
09/25 07:43:21 PM train 050 4.628361e-01 86.243873 98.406863
09/25 07:43:25 PM train 100 4.649413e-01 86.045792 98.576733
09/25 07:43:29 PM train 150 4.665540e-01 85.927152 98.603063
09/25 07:43:34 PM train 200 4.664379e-01 85.766480 98.577425
09/25 07:43:38 PM train 250 4.779472e-01 85.470618 98.462400
09/25 07:43:42 PM train 300 4.757080e-01 85.542982 98.479028
09/25 07:43:47 PM train 350 4.816914e-01 85.318732 98.424145
09/25 07:43:51 PM train 400 4.877353e-01 85.111440 98.390742
09/25 07:43:55 PM train 450 4.900226e-01 84.981292 98.402855
09/25 07:43:59 PM train 500 4.924214e-01 84.911427 98.415669
09/25 07:44:04 PM train 550 4.938012e-01 84.808870 98.409142
09/25 07:44:08 PM train 600 4.952782e-01 84.819572 98.359505
09/25 07:44:12 PM train 650 4.998154e-01 84.658218 98.343894
09/25 07:44:17 PM train 700 5.021305e-01 84.640246 98.303762
09/25 07:44:21 PM train 750 5.037991e-01 84.637150 98.283539
09/25 07:44:23 PM train_acc 84.540000
09/25 07:44:24 PM valid 000 1.290085e+00 76.562500 87.500000
09/25 07:44:25 PM valid 050 1.295001e+00 70.588235 91.329657
09/25 07:44:26 PM valid 100 1.247729e+00 71.302599 91.816213
09/25 07:44:27 PM valid 150 1.254229e+00 71.347268 92.084023
09/25 07:44:28 PM valid_acc 71.270000, best_acc 73.060000
09/25 07:44:28 PM epoch 273 lr 1.413192e-02
09/25 07:44:28 PM train 000 3.686980e-01 89.062500 100.000000
09/25 07:44:32 PM train 050 4.477399e-01 86.151961 98.590686
09/25 07:44:36 PM train 100 4.564301e-01 86.154084 98.499381
09/25 07:44:41 PM train 150 4.557452e-01 86.154801 98.623758
09/25 07:44:45 PM train 200 4.599351e-01 85.984142 98.639614
09/25 07:44:49 PM train 250 4.670301e-01 85.657371 98.624253
09/25 07:44:53 PM train 300 4.667028e-01 85.579319 98.624377
09/25 07:44:58 PM train 350 4.712010e-01 85.478989 98.588853
09/25 07:45:02 PM train 400 4.771392e-01 85.391989 98.573878
09/25 07:45:06 PM train 450 4.795304e-01 85.268847 98.534507
09/25 07:45:11 PM train 500 4.870446e-01 85.132859 98.453094
09/25 07:45:15 PM train 550 4.932559e-01 84.950658 98.417650
09/25 07:45:19 PM train 600 4.935758e-01 84.933964 98.424501
09/25 07:45:23 PM train 650 4.957411e-01 84.862231 98.408698
09/25 07:45:28 PM train 700 4.985428e-01 84.776213 98.381776
09/25 07:45:32 PM train 750 5.013404e-01 84.699567 98.354278
09/25 07:45:35 PM train_acc 84.636000
09/25 07:45:35 PM valid 000 1.003219e+00 71.875000 95.312500
09/25 07:45:36 PM valid 050 1.195866e+00 71.844363 91.973039
09/25 07:45:37 PM valid 100 1.172877e+00 72.168936 92.682550
09/25 07:45:39 PM valid 150 1.184258e+00 72.154387 92.611755
09/25 07:45:39 PM valid_acc 72.140000, best_acc 73.060000
09/25 07:45:39 PM epoch 274 lr 1.406701e-02
09/25 07:45:39 PM train 000 3.612402e-01 85.937500 100.000000
09/25 07:45:43 PM train 050 4.758132e-01 85.539216 98.529412
09/25 07:45:48 PM train 100 4.652914e-01 85.891089 98.762376
09/25 07:45:52 PM train 150 4.660761e-01 85.875414 98.737583
09/25 07:45:56 PM train 200 4.692154e-01 85.797575 98.639614
09/25 07:46:01 PM train 250 4.741252e-01 85.483068 98.593127
09/25 07:46:05 PM train 300 4.760659e-01 85.470307 98.551703
09/25 07:46:09 PM train 350 4.762652e-01 85.456731 98.544338
09/25 07:46:14 PM train 400 4.826241e-01 85.247818 98.534913
09/25 07:46:18 PM train 450 4.862300e-01 85.140660 98.527578
09/25 07:46:22 PM train 500 4.898808e-01 85.086078 98.484281
09/25 07:46:27 PM train 550 4.917395e-01 84.976180 98.468693
09/25 07:46:31 PM train 600 4.941631e-01 84.889767 98.450499
09/25 07:46:35 PM train 650 4.982092e-01 84.838230 98.435100
09/25 07:46:40 PM train 700 5.013590e-01 84.767297 98.384005
09/25 07:46:44 PM train 750 5.019768e-01 84.811917 98.373003
09/25 07:46:47 PM train_acc 84.748000
09/25 07:46:47 PM valid 000 1.306436e+00 73.437500 92.187500
09/25 07:46:48 PM valid 050 1.134581e+00 72.947304 92.830882
09/25 07:46:49 PM valid 100 1.140109e+00 72.540223 93.285891
09/25 07:46:51 PM valid 150 1.153904e+00 72.568295 93.201573
09/25 07:46:51 PM valid_acc 72.540000, best_acc 73.060000
09/25 07:46:51 PM epoch 275 lr 1.400205e-02
09/25 07:46:51 PM train 000 8.247388e-01 75.000000 95.312500
09/25 07:46:55 PM train 050 4.574618e-01 86.427696 98.682598
09/25 07:47:00 PM train 100 4.536346e-01 86.417079 98.592203
09/25 07:47:04 PM train 150 4.466289e-01 86.786010 98.716887
09/25 07:47:08 PM train 200 4.591326e-01 86.388371 98.662935
09/25 07:47:12 PM train 250 4.639229e-01 86.149153 98.642928
09/25 07:47:17 PM train 300 4.758215e-01 85.740241 98.536130
09/25 07:47:21 PM train 350 4.760157e-01 85.661503 98.526531
09/25 07:47:25 PM train 400 4.820560e-01 85.547849 98.445293
09/25 07:47:30 PM train 450 4.884819e-01 85.362389 98.364745
09/25 07:47:34 PM train 500 4.936581e-01 85.185878 98.340818
09/25 07:47:38 PM train 550 4.956925e-01 85.058417 98.324070
09/25 07:47:42 PM train 600 4.978415e-01 84.907966 98.307508
09/25 07:47:47 PM train 650 4.992940e-01 84.799827 98.319892
09/25 07:47:51 PM train 700 5.060302e-01 84.629101 98.239123
09/25 07:47:55 PM train 750 5.079343e-01 84.526881 98.244008
09/25 07:47:58 PM train_acc 84.472000
09/25 07:47:58 PM valid 000 1.016454e+00 82.812500 95.312500
09/25 07:47:59 PM valid 050 1.191007e+00 71.476716 92.555147
09/25 07:48:01 PM valid 100 1.172527e+00 71.936881 92.961015
09/25 07:48:02 PM valid 150 1.177490e+00 72.019868 92.653146
09/25 07:48:02 PM valid_acc 72.100000, best_acc 73.060000
09/25 07:48:02 PM epoch 276 lr 1.393706e-02
09/25 07:48:02 PM train 000 2.125514e-01 93.750000 100.000000
09/25 07:48:07 PM train 050 4.569067e-01 86.060049 98.529412
09/25 07:48:11 PM train 100 4.524406e-01 86.200495 98.808787
09/25 07:48:15 PM train 150 4.478623e-01 86.341060 98.768626
09/25 07:48:20 PM train 200 4.571247e-01 86.061878 98.670709
09/25 07:48:24 PM train 250 4.590882e-01 86.018426 98.642928
09/25 07:48:28 PM train 300 4.627651e-01 85.947882 98.608804
09/25 07:48:33 PM train 350 4.718679e-01 85.670406 98.517628
09/25 07:48:37 PM train 400 4.763095e-01 85.481608 98.507637
09/25 07:48:41 PM train 450 4.834994e-01 85.282705 98.458287
09/25 07:48:46 PM train 500 4.859244e-01 85.223303 98.471806
09/25 07:48:50 PM train 550 4.892880e-01 85.086774 98.434664
09/25 07:48:54 PM train 600 4.926653e-01 85.037958 98.419301
09/25 07:48:58 PM train 650 4.929775e-01 85.027842 98.396697
09/25 07:49:03 PM train 700 4.964406e-01 84.869829 98.377318
09/25 07:49:07 PM train 750 4.996255e-01 84.741178 98.356358
09/25 07:49:10 PM train_acc 84.688000
09/25 07:49:10 PM valid 000 1.119127e+00 76.562500 92.187500
09/25 07:49:11 PM valid 050 1.242930e+00 71.415441 92.401961
09/25 07:49:12 PM valid 100 1.208347e+00 72.107054 92.852723
09/25 07:49:14 PM valid 150 1.220937e+00 71.926738 92.715232
09/25 07:49:14 PM valid_acc 71.870000, best_acc 73.060000
09/25 07:49:14 PM epoch 277 lr 1.387202e-02
09/25 07:49:14 PM train 000 3.899262e-01 82.812500 98.437500
09/25 07:49:18 PM train 050 4.725293e-01 85.386029 98.590686
09/25 07:49:23 PM train 100 4.825049e-01 85.334158 98.406559
09/25 07:49:27 PM train 150 4.784534e-01 85.544288 98.592715
09/25 07:49:31 PM train 200 4.778607e-01 85.719838 98.530784
09/25 07:49:36 PM train 250 4.815923e-01 85.682271 98.487301
09/25 07:49:40 PM train 300 4.814953e-01 85.636420 98.515365
09/25 07:49:44 PM train 350 4.808450e-01 85.599181 98.486467
09/25 07:49:49 PM train 400 4.864318e-01 85.333541 98.456983
09/25 07:49:53 PM train 450 4.896410e-01 85.206486 98.472145
09/25 07:49:57 PM train 500 4.911325e-01 85.082959 98.462450
09/25 07:50:02 PM train 550 4.887942e-01 85.151996 98.480036
09/25 07:50:06 PM train 600 4.907348e-01 85.095154 98.458299
09/25 07:50:10 PM train 650 4.928639e-01 84.953437 98.451901
09/25 07:50:15 PM train 700 4.939897e-01 84.927782 98.397379
09/25 07:50:19 PM train 750 4.963969e-01 84.872254 98.373003
09/25 07:50:22 PM train_acc 84.822000
09/25 07:50:22 PM valid 000 1.113328e+00 78.125000 92.187500
09/25 07:50:23 PM valid 050 1.170114e+00 72.120098 92.616422
09/25 07:50:24 PM valid 100 1.169560e+00 72.478342 92.698020
09/25 07:50:26 PM valid 150 1.176521e+00 72.671772 92.653146
09/25 07:50:26 PM valid_acc 72.690000, best_acc 73.060000
09/25 07:50:26 PM epoch 278 lr 1.380695e-02
09/25 07:50:26 PM train 000 4.842959e-01 87.500000 95.312500
09/25 07:50:30 PM train 050 4.629870e-01 86.335784 98.253676
09/25 07:50:35 PM train 100 4.502458e-01 86.571782 98.329208
09/25 07:50:39 PM train 150 4.490826e-01 86.516970 98.427152
09/25 07:50:43 PM train 200 4.522098e-01 86.349502 98.491915
09/25 07:50:48 PM train 250 4.502802e-01 86.242530 98.530876
09/25 07:50:52 PM train 300 4.591365e-01 86.030939 98.489410
09/25 07:50:56 PM train 350 4.595806e-01 86.004274 98.535434
09/25 07:51:01 PM train 400 4.653431e-01 85.898535 98.527120
09/25 07:51:05 PM train 450 4.747752e-01 85.584119 98.444429
09/25 07:51:09 PM train 500 4.804668e-01 85.379242 98.418787
09/25 07:51:14 PM train 550 4.825017e-01 85.339156 98.409142
09/25 07:51:18 PM train 600 4.858417e-01 85.227745 98.403702
09/25 07:51:22 PM train 650 4.892406e-01 85.135849 98.389497
09/25 07:51:26 PM train 700 4.929693e-01 84.990193 98.363944
09/25 07:51:31 PM train 750 4.951159e-01 84.936751 98.354278
09/25 07:51:33 PM train_acc 84.836000
09/25 07:51:33 PM valid 000 1.176856e+00 78.125000 92.187500
09/25 07:51:35 PM valid 050 1.200783e+00 72.334559 91.973039
09/25 07:51:36 PM valid 100 1.169069e+00 72.787748 92.837252
09/25 07:51:37 PM valid 150 1.173988e+00 72.816639 92.725579
09/25 07:51:37 PM valid_acc 72.850000, best_acc 73.060000
09/25 07:51:37 PM epoch 279 lr 1.374184e-02
09/25 07:51:38 PM train 000 4.831278e-01 87.500000 96.875000
09/25 07:51:42 PM train 050 4.413977e-01 86.948529 98.621324
09/25 07:51:46 PM train 100 4.450197e-01 86.494431 98.638614
09/25 07:51:51 PM train 150 4.589715e-01 86.196192 98.509934
09/25 07:51:55 PM train 200 4.657405e-01 85.945274 98.515236
09/25 07:51:59 PM train 250 4.704811e-01 85.819223 98.474851
09/25 07:52:03 PM train 300 4.779958e-01 85.423588 98.437500
09/25 07:52:08 PM train 350 4.756175e-01 85.478989 98.428597
09/25 07:52:12 PM train 400 4.790151e-01 85.380299 98.425810
09/25 07:52:16 PM train 450 4.851137e-01 85.140660 98.382068
09/25 07:52:21 PM train 500 4.876319e-01 85.067365 98.365768
09/25 07:52:25 PM train 550 4.921459e-01 84.947822 98.341084
09/25 07:52:29 PM train 600 4.943632e-01 84.850770 98.346506
09/25 07:52:34 PM train 650 4.958869e-01 84.783026 98.341494
09/25 07:52:38 PM train 700 4.963058e-01 84.794044 98.334968
09/25 07:52:42 PM train 750 4.991097e-01 84.693326 98.300183
09/25 07:52:45 PM train_acc 84.668000
09/25 07:52:45 PM valid 000 1.314518e+00 75.000000 92.187500
09/25 07:52:46 PM valid 050 1.126656e+00 73.008578 92.708333
09/25 07:52:47 PM valid 100 1.146659e+00 72.694926 92.883663
09/25 07:52:49 PM valid 150 1.155102e+00 72.661424 92.860099
09/25 07:52:49 PM valid_acc 72.630000, best_acc 73.060000
09/25 07:52:49 PM epoch 280 lr 1.367669e-02
09/25 07:52:49 PM train 000 4.691703e-01 89.062500 98.437500
09/25 07:52:53 PM train 050 4.328747e-01 86.917892 99.050245
09/25 07:52:58 PM train 100 4.311205e-01 86.989480 98.839728
09/25 07:53:02 PM train 150 4.518130e-01 86.227235 98.737583
09/25 07:53:06 PM train 200 4.535118e-01 86.310634 98.631841
09/25 07:53:11 PM train 250 4.602597e-01 86.124253 98.624253
09/25 07:53:15 PM train 300 4.625936e-01 85.947882 98.613995
09/25 07:53:19 PM train 350 4.714852e-01 85.697115 98.566595
09/25 07:53:23 PM train 400 4.698606e-01 85.769950 98.554395
09/25 07:53:28 PM train 450 4.730427e-01 85.663803 98.562223
09/25 07:53:32 PM train 500 4.762771e-01 85.525823 98.537300
09/25 07:53:36 PM train 550 4.778631e-01 85.466765 98.531080
09/25 07:53:41 PM train 600 4.809995e-01 85.370736 98.518095
09/25 07:53:45 PM train 650 4.843245e-01 85.246256 98.454301
09/25 07:53:49 PM train 700 4.910646e-01 85.045917 98.395150
09/25 07:53:53 PM train 750 4.930360e-01 84.990846 98.387567
09/25 07:53:56 PM train_acc 84.890000
09/25 07:53:56 PM valid 000 1.135811e+00 71.875000 89.062500
09/25 07:53:57 PM valid 050 1.207065e+00 72.487745 92.095588
09/25 07:53:59 PM valid 100 1.211650e+00 71.720297 92.527847
09/25 07:54:00 PM valid 150 1.216235e+00 71.616308 92.466887
09/25 07:54:00 PM valid_acc 71.640000, best_acc 73.060000
09/25 07:54:00 PM epoch 281 lr 1.361152e-02
09/25 07:54:00 PM train 000 5.010645e-01 84.375000 98.437500
09/25 07:54:05 PM train 050 4.383199e-01 86.856618 98.621324
09/25 07:54:09 PM train 100 4.393474e-01 86.540842 98.669554
09/25 07:54:13 PM train 150 4.357885e-01 86.620447 98.716887
09/25 07:54:18 PM train 200 4.468673e-01 86.139614 98.624067
09/25 07:54:22 PM train 250 4.502767e-01 86.161604 98.530876
09/25 07:54:26 PM train 300 4.555093e-01 86.056894 98.479028
09/25 07:54:30 PM train 350 4.573038e-01 86.044338 98.495370
09/25 07:54:35 PM train 400 4.610924e-01 85.875156 98.472569
09/25 07:54:39 PM train 450 4.643787e-01 85.771203 98.472145
09/25 07:54:43 PM train 500 4.698670e-01 85.575724 98.468688
09/25 07:54:48 PM train 550 4.735969e-01 85.455422 98.457350
09/25 07:54:52 PM train 600 4.772945e-01 85.326539 98.460899
09/25 07:54:56 PM train 650 4.819058e-01 85.198253 98.427899
09/25 07:55:00 PM train 700 4.856555e-01 85.097183 98.450874
09/25 07:55:05 PM train 750 4.889982e-01 85.019973 98.433339
09/25 07:55:07 PM train_acc 84.990000
09/25 07:55:07 PM valid 000 1.131614e+00 75.000000 93.750000
09/25 07:55:09 PM valid 050 1.075629e+00 73.805147 93.106618
09/25 07:55:10 PM valid 100 1.104908e+00 73.220916 93.254950
09/25 07:55:11 PM valid 150 1.109229e+00 73.240894 93.222268
09/25 07:55:11 PM valid_acc 73.250000, best_acc 73.250000
09/25 07:55:12 PM epoch 282 lr 1.354631e-02
09/25 07:55:12 PM train 000 2.559902e-01 93.750000 98.437500
09/25 07:55:16 PM train 050 4.583581e-01 86.703431 98.253676
09/25 07:55:20 PM train 100 4.647923e-01 85.968441 98.422030
09/25 07:55:24 PM train 150 4.591861e-01 85.906457 98.499586
09/25 07:55:29 PM train 200 4.578272e-01 85.984142 98.538557
09/25 07:55:33 PM train 250 4.613303e-01 85.844124 98.505976
09/25 07:55:37 PM train 300 4.654229e-01 85.709095 98.551703
09/25 07:55:42 PM train 350 4.675456e-01 85.545762 98.535434
09/25 07:55:46 PM train 400 4.713034e-01 85.364713 98.538809
09/25 07:55:50 PM train 450 4.743081e-01 85.293099 98.541436
09/25 07:55:55 PM train 500 4.756684e-01 85.273204 98.515469
09/25 07:55:59 PM train 550 4.770276e-01 85.211547 98.511230
09/25 07:56:03 PM train 600 4.796157e-01 85.206947 98.479097
09/25 07:56:08 PM train 650 4.840848e-01 85.104647 98.449501
09/25 07:56:12 PM train 700 4.882107e-01 85.021398 98.404066
09/25 07:56:16 PM train 750 4.926876e-01 84.907623 98.383405
09/25 07:56:19 PM train_acc 84.848000
09/25 07:56:19 PM valid 000 1.104294e+00 76.562500 92.187500
09/25 07:56:20 PM valid 050 1.160338e+00 72.824755 92.432598
09/25 07:56:22 PM valid 100 1.152781e+00 73.329208 92.790842
09/25 07:56:23 PM valid 150 1.154292e+00 72.982202 92.829056
09/25 07:56:23 PM valid_acc 73.020000, best_acc 73.250000
09/25 07:56:23 PM epoch 283 lr 1.348108e-02
09/25 07:56:23 PM train 000 4.522381e-01 82.812500 100.000000
09/25 07:56:28 PM train 050 4.318935e-01 86.642157 98.835784
09/25 07:56:32 PM train 100 4.496255e-01 86.061262 98.715965
09/25 07:56:37 PM train 150 4.468941e-01 86.206540 98.716887
09/25 07:56:41 PM train 200 4.577469e-01 85.859764 98.756219
09/25 07:56:45 PM train 250 4.641604e-01 85.644920 98.717629
09/25 07:56:49 PM train 300 4.727588e-01 85.485880 98.603613
09/25 07:56:54 PM train 350 4.724237e-01 85.563568 98.664530
09/25 07:56:58 PM train 400 4.749024e-01 85.391989 98.624532
09/25 07:57:02 PM train 450 4.787008e-01 85.251524 98.607262
09/25 07:57:07 PM train 500 4.785716e-01 85.335579 98.577844
09/25 07:57:11 PM train 550 4.806353e-01 85.316470 98.542423
09/25 07:57:15 PM train 600 4.848198e-01 85.204347 98.510295
09/25 07:57:20 PM train 650 4.883335e-01 85.090246 98.478303
09/25 07:57:24 PM train 700 4.889543e-01 85.059290 98.504369
09/25 07:57:28 PM train 750 4.929975e-01 84.972121 98.474950
09/25 07:57:31 PM train_acc 84.988000
09/25 07:57:31 PM valid 000 1.053883e+00 71.875000 95.312500
09/25 07:57:32 PM valid 050 1.142583e+00 73.223039 92.922794
09/25 07:57:34 PM valid 100 1.128296e+00 72.865099 93.131188
09/25 07:57:35 PM valid 150 1.134235e+00 72.785596 93.129139
09/25 07:57:35 PM valid_acc 72.780000, best_acc 73.250000
09/25 07:57:35 PM epoch 284 lr 1.341582e-02
09/25 07:57:35 PM train 000 2.837415e-01 92.187500 100.000000
09/25 07:57:40 PM train 050 4.240930e-01 87.193627 98.621324
09/25 07:57:44 PM train 100 4.307732e-01 86.834777 98.576733
09/25 07:57:48 PM train 150 4.437235e-01 86.423841 98.520281
09/25 07:57:53 PM train 200 4.498017e-01 86.357276 98.437500
09/25 07:57:57 PM train 250 4.531870e-01 86.217629 98.462400
09/25 07:58:02 PM train 300 4.575976e-01 86.108804 98.499792
09/25 07:58:06 PM train 350 4.648381e-01 85.781695 98.459758
09/25 07:58:10 PM train 400 4.723118e-01 85.575125 98.453086
09/25 07:58:14 PM train 450 4.766447e-01 85.424751 98.437500
09/25 07:58:19 PM train 500 4.797542e-01 85.266966 98.421906
09/25 07:58:23 PM train 550 4.840903e-01 85.166175 98.409142
09/25 07:58:27 PM train 600 4.889157e-01 85.048357 98.382903
09/25 07:58:32 PM train 650 4.917982e-01 84.941436 98.372696
09/25 07:58:36 PM train 700 4.951052e-01 84.836394 98.370631
09/25 07:58:40 PM train 750 4.963973e-01 84.770306 98.356358
09/25 07:58:43 PM train_acc 84.798000
09/25 07:58:43 PM valid 000 1.066368e+00 73.437500 96.875000
09/25 07:58:44 PM valid 050 1.139841e+00 72.334559 93.014706
09/25 07:58:45 PM valid 100 1.134165e+00 72.818688 93.131188
09/25 07:58:47 PM valid 150 1.127309e+00 73.033940 92.911838
09/25 07:58:47 PM valid_acc 73.130000, best_acc 73.250000
09/25 07:58:47 PM epoch 285 lr 1.335053e-02
09/25 07:58:47 PM train 000 2.868084e-01 89.062500 100.000000
09/25 07:58:52 PM train 050 4.520543e-01 86.550245 98.835784
09/25 07:58:56 PM train 100 4.337939e-01 86.819307 98.901609
09/25 07:59:00 PM train 150 4.480017e-01 86.206540 98.810017
09/25 07:59:04 PM train 200 4.515489e-01 86.162935 98.740672
09/25 07:59:09 PM train 250 4.600529e-01 85.918825 98.649153
09/25 07:59:13 PM train 300 4.614066e-01 85.911545 98.634759
09/25 07:59:17 PM train 350 4.661592e-01 85.808405 98.571047
09/25 07:59:22 PM train 400 4.683045e-01 85.703709 98.569981
09/25 07:59:26 PM train 450 4.676810e-01 85.774667 98.572616
09/25 07:59:30 PM train 500 4.717795e-01 85.628743 98.559132
09/25 07:59:34 PM train 550 4.745104e-01 85.483779 98.536751
09/25 07:59:39 PM train 600 4.775860e-01 85.407134 98.492097
09/25 07:59:43 PM train 650 4.820541e-01 85.313460 98.461502
09/25 07:59:47 PM train 700 4.843434e-01 85.259897 98.441958
09/25 07:59:51 PM train 750 4.851222e-01 85.238432 98.452064
09/25 07:59:54 PM train_acc 85.210000
09/25 07:59:54 PM valid 000 1.213431e+00 76.562500 89.062500
09/25 07:59:55 PM valid 050 1.176426e+00 72.916667 92.555147
09/25 07:59:57 PM valid 100 1.171015e+00 72.694926 92.759901
09/25 07:59:58 PM valid 150 1.169614e+00 72.547599 92.684189
09/25 07:59:58 PM valid_acc 72.550000, best_acc 73.250000
09/25 07:59:58 PM epoch 286 lr 1.328522e-02
09/25 07:59:58 PM train 000 5.189329e-01 85.937500 96.875000
09/25 08:00:03 PM train 050 4.482558e-01 86.887255 98.866422
09/25 08:00:07 PM train 100 4.519184e-01 86.463490 98.700495
09/25 08:00:11 PM train 150 4.496440e-01 86.475579 98.665149
09/25 08:00:16 PM train 200 4.479149e-01 86.442786 98.701803
09/25 08:00:20 PM train 250 4.543736e-01 86.279880 98.711404
09/25 08:00:24 PM train 300 4.582743e-01 86.207434 98.650332
09/25 08:00:28 PM train 350 4.608102e-01 86.217949 98.575499
09/25 08:00:33 PM train 400 4.639610e-01 86.050499 98.608946
09/25 08:00:37 PM train 450 4.695791e-01 85.937500 98.589939
09/25 08:00:41 PM train 500 4.759413e-01 85.725424 98.540419
09/25 08:00:46 PM train 550 4.803893e-01 85.571688 98.502722
09/25 08:00:50 PM train 600 4.830653e-01 85.482529 98.466098
09/25 08:00:54 PM train 650 4.859599e-01 85.385465 98.451901
09/25 08:00:58 PM train 700 4.891569e-01 85.259897 98.395150
09/25 08:01:03 PM train 750 4.927558e-01 85.153129 98.373003
09/25 08:01:05 PM train_acc 85.050000
09/25 08:01:05 PM valid 000 1.220459e+00 70.312500 85.937500
09/25 08:01:07 PM valid 050 1.195072e+00 72.273284 92.156863
09/25 08:01:08 PM valid 100 1.159546e+00 72.663985 92.883663
09/25 08:01:09 PM valid 150 1.179961e+00 72.537252 92.611755
09/25 08:01:09 PM valid_acc 72.520000, best_acc 73.250000
09/25 08:01:09 PM epoch 287 lr 1.321989e-02
09/25 08:01:10 PM train 000 5.888591e-01 82.812500 98.437500
09/25 08:01:14 PM train 050 4.455696e-01 87.071078 98.743873
09/25 08:01:18 PM train 100 4.580427e-01 86.308787 98.654084
09/25 08:01:22 PM train 150 4.480246e-01 86.620447 98.747930
09/25 08:01:27 PM train 200 4.560119e-01 86.333955 98.725124
09/25 08:01:31 PM train 250 4.575679e-01 86.242530 98.674054
09/25 08:01:35 PM train 300 4.578094e-01 86.228198 98.650332
09/25 08:01:40 PM train 350 4.587349e-01 86.142272 98.628917
09/25 08:01:44 PM train 400 4.613224e-01 86.015430 98.601153
09/25 08:01:48 PM train 450 4.615324e-01 86.017184 98.593404
09/25 08:01:52 PM train 500 4.669954e-01 85.825225 98.590319
09/25 08:01:57 PM train 550 4.697958e-01 85.744669 98.559437
09/25 08:02:01 PM train 600 4.724117e-01 85.648918 98.536294
09/25 08:02:05 PM train 650 4.741539e-01 85.596678 98.509505
09/25 08:02:10 PM train 700 4.769720e-01 85.531830 98.473163
09/25 08:02:14 PM train 750 4.793944e-01 85.454810 98.456225
09/25 08:02:17 PM train_acc 85.390000
09/25 08:02:17 PM valid 000 1.144464e+00 73.437500 92.187500
09/25 08:02:18 PM valid 050 1.118418e+00 73.406863 92.861520
09/25 08:02:19 PM valid 100 1.123720e+00 73.344678 93.022896
09/25 08:02:21 PM valid 150 1.145479e+00 73.054636 92.891142
09/25 08:02:21 PM valid_acc 73.040000, best_acc 73.250000
09/25 08:02:21 PM epoch 288 lr 1.315454e-02
09/25 08:02:21 PM train 000 5.567029e-01 81.250000 98.437500
09/25 08:02:25 PM train 050 4.359347e-01 86.734069 98.437500
09/25 08:02:30 PM train 100 4.346830e-01 86.711015 98.607673
09/25 08:02:34 PM train 150 4.465307e-01 86.382450 98.603063
09/25 08:02:38 PM train 200 4.508187e-01 86.263993 98.608520
09/25 08:02:43 PM train 250 4.508177e-01 86.211404 98.574452
09/25 08:02:47 PM train 300 4.543772e-01 86.124377 98.463455
09/25 08:02:51 PM train 350 4.604629e-01 85.990919 98.468661
09/25 08:02:55 PM train 400 4.596069e-01 86.023223 98.476465
09/25 08:03:00 PM train 450 4.645428e-01 85.906319 98.468681
09/25 08:03:04 PM train 500 4.678313e-01 85.750374 98.478044
09/25 08:03:08 PM train 550 4.718133e-01 85.619896 98.426157
09/25 08:03:13 PM train 600 4.768600e-01 85.420133 98.421901
09/25 08:03:17 PM train 650 4.793768e-01 85.356663 98.406298
09/25 08:03:21 PM train 700 4.796083e-01 85.391405 98.408524
09/25 08:03:25 PM train 750 4.827912e-01 85.248835 98.389647
09/25 08:03:28 PM train_acc 85.198000
09/25 08:03:28 PM valid 000 1.209293e+00 78.125000 89.062500
09/25 08:03:30 PM valid 050 1.177302e+00 72.855392 92.616422
09/25 08:03:31 PM valid 100 1.159245e+00 72.710396 92.837252
09/25 08:03:32 PM valid 150 1.182782e+00 72.464818 92.622103
09/25 08:03:32 PM valid_acc 72.480000, best_acc 73.250000
09/25 08:03:32 PM epoch 289 lr 1.308917e-02
09/25 08:03:33 PM train 000 5.297728e-01 82.812500 98.437500
09/25 08:03:37 PM train 050 4.504241e-01 86.672794 98.621324
09/25 08:03:41 PM train 100 4.393099e-01 87.051361 98.715965
09/25 08:03:45 PM train 150 4.324148e-01 87.158526 98.830712
09/25 08:03:50 PM train 200 4.361457e-01 86.854789 98.795087
09/25 08:03:54 PM train 250 4.468073e-01 86.485309 98.705179
09/25 08:03:58 PM train 300 4.492525e-01 86.352782 98.676287
09/25 08:04:03 PM train 350 4.536123e-01 86.262464 98.606660
09/25 08:04:07 PM train 400 4.580955e-01 86.132325 98.585567
09/25 08:04:11 PM train 450 4.614321e-01 86.037971 98.576081
09/25 08:04:16 PM train 500 4.623745e-01 86.018588 98.577844
09/25 08:04:20 PM train 550 4.647032e-01 85.903471 98.584959
09/25 08:04:24 PM train 600 4.652363e-01 85.880304 98.598690
09/25 08:04:29 PM train 650 4.669857e-01 85.805492 98.562308
09/25 08:04:33 PM train 700 4.700114e-01 85.710146 98.542261
09/25 08:04:37 PM train 750 4.739722e-01 85.567160 98.541528
09/25 08:04:40 PM train_acc 85.578000
09/25 08:04:40 PM valid 000 1.208769e+00 78.125000 93.750000
09/25 08:04:41 PM valid 050 1.152028e+00 72.763480 92.463235
09/25 08:04:43 PM valid 100 1.133017e+00 73.081683 93.022896
09/25 08:04:44 PM valid 150 1.141157e+00 72.930464 92.870447
09/25 08:04:44 PM valid_acc 72.980000, best_acc 73.250000
09/25 08:04:44 PM epoch 290 lr 1.302379e-02
09/25 08:04:45 PM train 000 4.970315e-01 79.687500 98.437500
09/25 08:04:49 PM train 050 4.657481e-01 86.243873 98.437500
09/25 08:04:53 PM train 100 4.623858e-01 85.983911 98.406559
09/25 08:04:57 PM train 150 4.567534e-01 86.403146 98.582368
09/25 08:05:02 PM train 200 4.552025e-01 86.372823 98.616294
09/25 08:05:06 PM train 250 4.576789e-01 86.130478 98.605578
09/25 08:05:11 PM train 300 4.581843e-01 86.062085 98.541321
09/25 08:05:15 PM train 350 4.624879e-01 86.053241 98.468661
09/25 08:05:19 PM train 400 4.666354e-01 85.855673 98.476465
09/25 08:05:23 PM train 450 4.683189e-01 85.840493 98.454823
09/25 08:05:28 PM train 500 4.720478e-01 85.678643 98.453094
09/25 08:05:32 PM train 550 4.766558e-01 85.495123 98.428993
09/25 08:05:36 PM train 600 4.795526e-01 85.422733 98.408902
09/25 08:05:41 PM train 650 4.817755e-01 85.344662 98.394297
09/25 08:05:45 PM train 700 4.843257e-01 85.222004 98.397379
09/25 08:05:49 PM train 750 4.864674e-01 85.161451 98.391728
09/25 08:05:52 PM train_acc 85.092000
09/25 08:05:52 PM valid 000 1.317622e+00 71.875000 92.187500
09/25 08:05:53 PM valid 050 1.188530e+00 72.579657 92.340686
09/25 08:05:55 PM valid 100 1.188673e+00 71.859530 92.589728
09/25 08:05:56 PM valid 150 1.187433e+00 71.875000 92.497930
09/25 08:05:56 PM valid_acc 71.870000, best_acc 73.250000
09/25 08:05:56 PM epoch 291 lr 1.295839e-02
09/25 08:05:56 PM train 000 4.208464e-01 89.062500 98.437500
09/25 08:06:01 PM train 050 4.716994e-01 85.692402 98.529412
09/25 08:06:05 PM train 100 4.687175e-01 85.968441 98.422030
09/25 08:06:09 PM train 150 4.629750e-01 85.865066 98.623758
09/25 08:06:14 PM train 200 4.595776e-01 85.851990 98.639614
09/25 08:06:18 PM train 250 4.668789e-01 85.613795 98.537102
09/25 08:06:22 PM train 300 4.691473e-01 85.485880 98.525748
09/25 08:06:26 PM train 350 4.705812e-01 85.478989 98.513177
09/25 08:06:31 PM train 400 4.710992e-01 85.466022 98.523223
09/25 08:06:35 PM train 450 4.744221e-01 85.469789 98.506790
09/25 08:06:39 PM train 500 4.795721e-01 85.304391 98.484281
09/25 08:06:44 PM train 550 4.813005e-01 85.245576 98.477201
09/25 08:06:48 PM train 600 4.814587e-01 85.238145 98.479097
09/25 08:06:52 PM train 650 4.831743e-01 85.203053 98.468702
09/25 08:06:56 PM train 700 4.846896e-01 85.155136 98.468705
09/25 08:07:01 PM train 750 4.878510e-01 85.051182 98.454144
09/25 08:07:03 PM train_acc 85.000000
09/25 08:07:03 PM valid 000 1.157250e+00 76.562500 95.312500
09/25 08:07:05 PM valid 050 1.207758e+00 72.610294 92.463235
09/25 08:07:06 PM valid 100 1.188266e+00 72.756807 92.868193
09/25 08:07:07 PM valid 150 1.209718e+00 72.319950 92.580712
09/25 08:07:07 PM valid_acc 72.340000, best_acc 73.250000
09/25 08:07:08 PM epoch 292 lr 1.289298e-02
09/25 08:07:08 PM train 000 4.751899e-01 84.375000 98.437500
09/25 08:07:12 PM train 050 4.475398e-01 86.795343 98.774510
09/25 08:07:16 PM train 100 4.380295e-01 86.834777 98.793317
09/25 08:07:21 PM train 150 4.511972e-01 86.661838 98.613411
09/25 08:07:25 PM train 200 4.546248e-01 86.598259 98.624067
09/25 08:07:29 PM train 250 4.493292e-01 86.566235 98.686504
09/25 08:07:34 PM train 300 4.518525e-01 86.425457 98.691860
09/25 08:07:38 PM train 350 4.553423e-01 86.240207 98.686788
09/25 08:07:42 PM train 400 4.584790e-01 86.194670 98.651808
09/25 08:07:46 PM train 450 4.632173e-01 86.058758 98.641907
09/25 08:07:51 PM train 500 4.655900e-01 85.968688 98.627745
09/25 08:07:55 PM train 550 4.703995e-01 85.869442 98.573616
09/25 08:07:59 PM train 600 4.726515e-01 85.758111 98.583091
09/25 08:08:04 PM train 650 4.743382e-01 85.711886 98.547907
09/25 08:08:08 PM train 700 4.780564e-01 85.529601 98.540032
09/25 08:08:12 PM train 750 4.830813e-01 85.388232 98.481192
09/25 08:08:15 PM train_acc 85.288000
09/25 08:08:15 PM valid 000 9.862129e-01 78.125000 92.187500
09/25 08:08:16 PM valid 050 1.142536e+00 72.640931 92.677696
09/25 08:08:17 PM valid 100 1.115480e+00 73.437500 93.162129
09/25 08:08:19 PM valid 150 1.119504e+00 73.199503 93.263659
09/25 08:08:19 PM valid_acc 73.190000, best_acc 73.250000
09/25 08:08:19 PM epoch 293 lr 1.282755e-02
09/25 08:08:19 PM train 000 3.906729e-01 85.937500 100.000000
09/25 08:08:23 PM train 050 4.384798e-01 86.734069 99.080882
09/25 08:08:28 PM train 100 4.295711e-01 87.020421 98.963490
09/25 08:08:32 PM train 150 4.352334e-01 86.775662 98.996275
09/25 08:08:36 PM train 200 4.425314e-01 86.543843 98.911692
09/25 08:08:41 PM train 250 4.513411e-01 86.242530 98.860807
09/25 08:08:45 PM train 300 4.563800e-01 86.088040 98.785299
09/25 08:08:49 PM train 350 4.586248e-01 86.013177 98.758013
09/25 08:08:53 PM train 400 4.601003e-01 86.023223 98.737531
09/25 08:08:58 PM train 450 4.580699e-01 86.086475 98.752772
09/25 08:09:02 PM train 500 4.589483e-01 85.959331 98.740020
09/25 08:09:06 PM train 550 4.630803e-01 85.787205 98.701225
09/25 08:09:11 PM train 600 4.661219e-01 85.745112 98.661086
09/25 08:09:15 PM train 650 4.680698e-01 85.692684 98.631912
09/25 08:09:19 PM train 700 4.715720e-01 85.620988 98.609130
09/25 08:09:24 PM train 750 4.745073e-01 85.550516 98.572736
09/25 08:09:26 PM train_acc 85.538000
09/25 08:09:26 PM valid 000 1.144397e+00 75.000000 92.187500
09/25 08:09:28 PM valid 050 1.152990e+00 72.732843 92.463235
09/25 08:09:29 PM valid 100 1.117068e+00 73.715965 93.022896
09/25 08:09:30 PM valid 150 1.119089e+00 73.406457 92.901490
09/25 08:09:30 PM valid_acc 73.370000, best_acc 73.370000
09/25 08:09:30 PM epoch 294 lr 1.276212e-02
09/25 08:09:31 PM train 000 4.692100e-01 76.562500 100.000000
09/25 08:09:35 PM train 050 4.189298e-01 86.458333 98.682598
09/25 08:09:39 PM train 100 4.405557e-01 86.200495 98.576733
09/25 08:09:43 PM train 150 4.409089e-01 86.206540 98.696192
09/25 08:09:48 PM train 200 4.397428e-01 86.287313 98.709577
09/25 08:09:52 PM train 250 4.451098e-01 86.136703 98.686504
09/25 08:09:56 PM train 300 4.520933e-01 85.947882 98.650332
09/25 08:10:00 PM train 350 4.525533e-01 85.968661 98.588853
09/25 08:10:05 PM train 400 4.577046e-01 85.773847 98.585567
09/25 08:10:09 PM train 450 4.576938e-01 85.767738 98.583010
09/25 08:10:13 PM train 500 4.627500e-01 85.641218 98.521707
09/25 08:10:18 PM train 550 4.643158e-01 85.645417 98.525408
09/25 08:10:22 PM train 600 4.671881e-01 85.615121 98.510295
09/25 08:10:26 PM train 650 4.684104e-01 85.627880 98.507104
09/25 08:10:30 PM train 700 4.702255e-01 85.571951 98.482079
09/25 08:10:35 PM train 750 4.726208e-01 85.479777 98.458306
09/25 08:10:37 PM train_acc 85.372000
09/25 08:10:37 PM valid 000 1.053236e+00 79.687500 93.750000
09/25 08:10:39 PM valid 050 1.206118e+00 72.334559 91.789216
09/25 08:10:40 PM valid 100 1.155639e+00 73.298267 92.806312
09/25 08:10:41 PM valid 150 1.165432e+00 73.344371 92.704884
09/25 08:10:41 PM valid_acc 73.370000, best_acc 73.370000
09/25 08:10:41 PM epoch 295 lr 1.269668e-02
09/25 08:10:42 PM train 000 4.208469e-01 87.500000 98.437500
09/25 08:10:46 PM train 050 4.350813e-01 86.427696 98.713235
09/25 08:10:50 PM train 100 4.310933e-01 86.649134 98.777847
09/25 08:10:55 PM train 150 4.313218e-01 86.568709 98.820364
09/25 08:10:59 PM train 200 4.344540e-01 86.606032 98.709577
09/25 08:11:03 PM train 250 4.408649e-01 86.454183 98.642928
09/25 08:11:07 PM train 300 4.481695e-01 86.311254 98.603613
09/25 08:11:12 PM train 350 4.505076e-01 86.266916 98.588853
09/25 08:11:16 PM train 400 4.557421e-01 86.023223 98.593360
09/25 08:11:20 PM train 450 4.551091e-01 86.055294 98.583010
09/25 08:11:24 PM train 500 4.567515e-01 86.071607 98.574726
09/25 08:11:29 PM train 550 4.587667e-01 85.957350 98.559437
09/25 08:11:33 PM train 600 4.607253e-01 85.927101 98.541493
09/25 08:11:37 PM train 650 4.639337e-01 85.846294 98.538306
09/25 08:11:41 PM train 700 4.671748e-01 85.761412 98.517743
09/25 08:11:46 PM train 750 4.698771e-01 85.702397 98.506158
09/25 08:11:48 PM train_acc 85.630000
09/25 08:11:48 PM valid 000 1.247785e+00 71.875000 90.625000
09/25 08:11:50 PM valid 050 1.214193e+00 71.783088 92.310049
09/25 08:11:51 PM valid 100 1.163215e+00 72.648515 92.620668
09/25 08:11:52 PM valid 150 1.165323e+00 72.971854 92.622103
09/25 08:11:52 PM valid_acc 73.020000, best_acc 73.370000
09/25 08:11:52 PM epoch 296 lr 1.263124e-02
09/25 08:11:53 PM train 000 2.789532e-01 92.187500 100.000000
09/25 08:11:57 PM train 050 4.092249e-01 87.622549 98.682598
09/25 08:12:01 PM train 100 4.231983e-01 87.267946 98.669554
09/25 08:12:06 PM train 150 4.200727e-01 87.344785 98.747930
09/25 08:12:10 PM train 200 4.303563e-01 86.932525 98.732898
09/25 08:12:14 PM train 250 4.387287e-01 86.597361 98.667829
09/25 08:12:19 PM train 300 4.429639e-01 86.477367 98.681478
09/25 08:12:23 PM train 350 4.465102e-01 86.462785 98.668981
09/25 08:12:27 PM train 400 4.490657e-01 86.373909 98.651808
09/25 08:12:32 PM train 450 4.523955e-01 86.221591 98.621120
09/25 08:12:36 PM train 500 4.577366e-01 86.077844 98.615269
09/25 08:12:40 PM train 550 4.633225e-01 85.931828 98.584959
09/25 08:12:45 PM train 600 4.668074e-01 85.823107 98.577891
09/25 08:12:49 PM train 650 4.718981e-01 85.716686 98.523906
09/25 08:12:53 PM train 700 4.738499e-01 85.654422 98.497682
09/25 08:12:57 PM train 750 4.764099e-01 85.577563 98.489514
09/25 08:13:00 PM train_acc 85.544000
09/25 08:13:00 PM valid 000 1.174294e+00 78.125000 87.500000
09/25 08:13:02 PM valid 050 1.160593e+00 72.824755 92.708333
09/25 08:13:03 PM valid 100 1.122296e+00 73.654084 93.100248
09/25 08:13:04 PM valid 150 1.143551e+00 73.623758 93.046358
09/25 08:13:04 PM valid_acc 73.610000, best_acc 73.610000
09/25 08:13:04 PM epoch 297 lr 1.256579e-02
09/25 08:13:04 PM train 000 2.456858e-01 90.625000 98.437500
09/25 08:13:09 PM train 050 4.243353e-01 87.193627 98.590686
09/25 08:13:13 PM train 100 4.482815e-01 86.726485 98.530322
09/25 08:13:17 PM train 150 4.421527e-01 86.589404 98.634106
09/25 08:13:22 PM train 200 4.495398e-01 86.396144 98.631841
09/25 08:13:26 PM train 250 4.491276e-01 86.286106 98.642928
09/25 08:13:30 PM train 300 4.447244e-01 86.441030 98.639950
09/25 08:13:34 PM train 350 4.489199e-01 86.231303 98.615563
09/25 08:13:39 PM train 400 4.492283e-01 86.237531 98.647911
09/25 08:13:43 PM train 450 4.514099e-01 86.183481 98.621120
09/25 08:13:47 PM train 500 4.537514e-01 86.165170 98.612151
09/25 08:13:51 PM train 550 4.577655e-01 86.113317 98.599138
09/25 08:13:56 PM train 600 4.620452e-01 86.044093 98.570092
09/25 08:14:00 PM train 650 4.621380e-01 86.011905 98.552707
09/25 08:14:04 PM train 700 4.658782e-01 85.859486 98.535574
09/25 08:14:09 PM train 750 4.682068e-01 85.764814 98.516561
09/25 08:14:11 PM train_acc 85.708000
09/25 08:14:11 PM valid 000 8.811269e-01 79.687500 95.312500
09/25 08:14:13 PM valid 050 1.169439e+00 72.977941 92.647059
09/25 08:14:14 PM valid 100 1.134760e+00 73.066213 93.007426
09/25 08:14:15 PM valid 150 1.140779e+00 72.889073 93.025662
09/25 08:14:15 PM valid_acc 72.950000, best_acc 73.610000
09/25 08:14:15 PM epoch 298 lr 1.250034e-02
09/25 08:14:16 PM train 000 4.805901e-01 84.375000 100.000000
09/25 08:14:20 PM train 050 4.464507e-01 86.703431 98.866422
09/25 08:14:24 PM train 100 4.400567e-01 86.834777 98.839728
09/25 08:14:28 PM train 150 4.404025e-01 86.806705 98.737583
09/25 08:14:33 PM train 200 4.435946e-01 86.520522 98.787313
09/25 08:14:37 PM train 250 4.443393e-01 86.541335 98.754980
09/25 08:14:41 PM train 300 4.455525e-01 86.498131 98.697051
09/25 08:14:46 PM train 350 4.434272e-01 86.547365 98.664530
09/25 08:14:50 PM train 400 4.501332e-01 86.323254 98.612843
09/25 08:14:54 PM train 450 4.491027e-01 86.328991 98.628049
09/25 08:14:58 PM train 500 4.539656e-01 86.246257 98.618388
09/25 08:15:03 PM train 550 4.577294e-01 86.076452 98.582123
09/25 08:15:07 PM train 600 4.584852e-01 86.070092 98.590890
09/25 08:15:11 PM train 650 4.589436e-01 86.043107 98.591110
09/25 08:15:15 PM train 700 4.629152e-01 85.975392 98.577924
09/25 08:15:20 PM train 750 4.646031e-01 85.904211 98.591461
09/25 08:15:22 PM train_acc 85.892000
09/25 08:15:22 PM valid 000 1.212548e+00 75.000000 92.187500
09/25 08:15:24 PM valid 050 1.227076e+00 72.671569 92.708333
09/25 08:15:25 PM valid 100 1.212505e+00 72.524752 93.084777
09/25 08:15:26 PM valid 150 1.214384e+00 72.413079 93.046358
09/25 08:15:26 PM valid_acc 72.450000, best_acc 73.610000
09/25 08:15:27 PM epoch 299 lr 1.243489e-02
09/25 08:15:27 PM train 000 5.126036e-01 79.687500 98.437500
09/25 08:15:31 PM train 050 4.313493e-01 86.764706 98.774510
09/25 08:15:35 PM train 100 4.417496e-01 86.448020 98.777847
09/25 08:15:40 PM train 150 4.487463e-01 86.330712 98.696192
09/25 08:15:44 PM train 200 4.489818e-01 86.256219 98.662935
09/25 08:15:48 PM train 250 4.431210e-01 86.416833 98.742530
09/25 08:15:53 PM train 300 4.460384e-01 86.285299 98.769726
09/25 08:15:57 PM train 350 4.477394e-01 86.329238 98.713497
09/25 08:16:01 PM train 400 4.474350e-01 86.319358 98.714152
09/25 08:16:06 PM train 450 4.518224e-01 86.214662 98.666159
09/25 08:16:10 PM train 500 4.527077e-01 86.140220 98.658932
09/25 08:16:14 PM train 550 4.544847e-01 86.138838 98.607645
09/25 08:16:18 PM train 600 4.576216e-01 86.010295 98.609089
09/25 08:16:23 PM train 650 4.612055e-01 85.925499 98.569508
09/25 08:16:27 PM train 700 4.640842e-01 85.823823 98.533345
09/25 08:16:31 PM train 750 4.658728e-01 85.787700 98.518642
09/25 08:16:34 PM train_acc 85.704000
09/25 08:16:34 PM valid 000 1.331251e+00 68.750000 90.625000
09/25 08:16:35 PM valid 050 1.187294e+00 73.100490 92.555147
09/25 08:16:37 PM valid 100 1.168020e+00 73.576733 92.883663
09/25 08:16:38 PM valid 150 1.174413e+00 73.520281 92.942881
09/25 08:16:38 PM valid_acc 73.410000, best_acc 73.610000
09/25 08:16:38 PM epoch 300 lr 1.236944e-02
09/25 08:16:38 PM train 000 5.797755e-01 78.125000 96.875000
09/25 08:16:43 PM train 050 4.064431e-01 87.408088 98.988971
09/25 08:16:47 PM train 100 4.123017e-01 87.654703 98.839728
09/25 08:16:51 PM train 150 4.296778e-01 87.013659 98.810017
09/25 08:16:55 PM train 200 4.321913e-01 86.979167 98.841729
09/25 08:17:00 PM train 250 4.362341e-01 86.796564 98.773655
09/25 08:17:04 PM train 300 4.443730e-01 86.487749 98.712625
09/25 08:17:08 PM train 350 4.465382e-01 86.382657 98.700142
09/25 08:17:13 PM train 400 4.502396e-01 86.276496 98.714152
09/25 08:17:17 PM train 450 4.522781e-01 86.218126 98.742378
09/25 08:17:21 PM train 500 4.543696e-01 86.146457 98.718189
09/25 08:17:25 PM train 550 4.544003e-01 86.113317 98.695554
09/25 08:17:30 PM train 600 4.574533e-01 86.018095 98.674085
09/25 08:17:34 PM train 650 4.591402e-01 85.978303 98.653514
09/25 08:17:38 PM train 700 4.617982e-01 85.959790 98.640335
09/25 08:17:42 PM train 750 4.640988e-01 85.877164 98.620589
09/25 08:17:45 PM train_acc 85.836000
09/25 08:17:45 PM valid 000 1.278584e+00 71.875000 93.750000
09/25 08:17:46 PM valid 050 1.151898e+00 72.518382 92.555147
09/25 08:17:48 PM valid 100 1.135305e+00 73.174505 92.868193
09/25 08:17:49 PM valid 150 1.151043e+00 72.961507 92.994619
09/25 08:17:49 PM valid_acc 73.070000, best_acc 73.610000
09/25 08:17:49 PM epoch 301 lr 1.230400e-02
09/25 08:17:49 PM train 000 5.077439e-01 84.375000 96.875000
09/25 08:17:54 PM train 050 4.480821e-01 86.825980 98.682598
09/25 08:17:58 PM train 100 4.211504e-01 87.438119 98.793317
09/25 08:18:02 PM train 150 4.216245e-01 87.365480 98.768626
09/25 08:18:06 PM train 200 4.249112e-01 87.126866 98.725124
09/25 08:18:11 PM train 250 4.250931e-01 87.064243 98.773655
09/25 08:18:15 PM train 300 4.312753e-01 86.819975 98.738580
09/25 08:18:19 PM train 350 4.399354e-01 86.529558 98.668981
09/25 08:18:23 PM train 400 4.433350e-01 86.381702 98.651808
09/25 08:18:28 PM train 450 4.445705e-01 86.259701 98.680017
09/25 08:18:32 PM train 500 4.476419e-01 86.158932 98.627745
09/25 08:18:36 PM train 550 4.496991e-01 86.053766 98.624660
09/25 08:18:41 PM train 600 4.542325e-01 85.966098 98.590890
09/25 08:18:45 PM train 650 4.596867e-01 85.836694 98.562308
09/25 08:18:49 PM train 700 4.604754e-01 85.812678 98.544490
09/25 08:18:54 PM train 750 4.629923e-01 85.775216 98.518642
09/25 08:18:56 PM train_acc 85.704000
09/25 08:18:56 PM valid 000 1.185672e+00 73.437500 89.062500
09/25 08:18:58 PM valid 050 1.136083e+00 73.223039 92.738971
09/25 08:18:59 PM valid 100 1.133277e+00 73.375619 92.945545
09/25 08:19:00 PM valid 150 1.155468e+00 72.930464 92.984272
09/25 08:19:00 PM valid_acc 72.870000, best_acc 73.610000
09/25 08:19:00 PM epoch 302 lr 1.223856e-02
09/25 08:19:01 PM train 000 3.814733e-01 89.062500 98.437500
09/25 08:19:05 PM train 050 4.245548e-01 87.132353 98.927696
09/25 08:19:09 PM train 100 4.222451e-01 87.267946 98.824257
09/25 08:19:13 PM train 150 4.212434e-01 87.220613 98.820364
09/25 08:19:18 PM train 200 4.189892e-01 87.297886 98.833955
09/25 08:19:22 PM train 250 4.211200e-01 87.219871 98.873257
09/25 08:19:26 PM train 300 4.281548e-01 86.934178 98.832018
09/25 08:19:30 PM train 350 4.293472e-01 86.747685 98.838141
09/25 08:19:35 PM train 400 4.321162e-01 86.705112 98.768703
09/25 08:19:39 PM train 450 4.362664e-01 86.540327 98.738914
09/25 08:19:43 PM train 500 4.420566e-01 86.389721 98.693239
09/25 08:19:47 PM train 550 4.440805e-01 86.340177 98.695554
09/25 08:19:52 PM train 600 4.462615e-01 86.317076 98.674085
09/25 08:19:56 PM train 650 4.468954e-01 86.278322 98.648714
09/25 08:20:00 PM train 700 4.477989e-01 86.231723 98.624733
09/25 08:20:05 PM train 750 4.491002e-01 86.191328 98.608106
09/25 08:20:07 PM train_acc 86.154000
09/25 08:20:07 PM valid 000 1.344210e+00 71.875000 87.500000
09/25 08:20:09 PM valid 050 1.175313e+00 72.732843 92.218137
09/25 08:20:10 PM valid 100 1.175773e+00 72.818688 92.636139
09/25 08:20:11 PM valid 150 1.185068e+00 72.609685 92.725579
09/25 08:20:11 PM valid_acc 72.720000, best_acc 73.610000
09/25 08:20:11 PM epoch 303 lr 1.217313e-02
09/25 08:20:12 PM train 000 2.994134e-01 93.750000 100.000000
09/25 08:20:16 PM train 050 4.326139e-01 86.825980 98.682598
09/25 08:20:20 PM train 100 4.321487e-01 86.927599 98.870668
09/25 08:20:24 PM train 150 4.399063e-01 86.599752 98.665149
09/25 08:20:29 PM train 200 4.481512e-01 86.240672 98.577425
09/25 08:20:33 PM train 250 4.493702e-01 86.180279 98.580677
09/25 08:20:37 PM train 300 4.488666e-01 86.274917 98.624377
09/25 08:20:42 PM train 350 4.511693e-01 86.137821 98.602208
09/25 08:20:46 PM train 400 4.537736e-01 86.003741 98.597257
09/25 08:20:50 PM train 450 4.557065e-01 85.951358 98.565687
09/25 08:20:55 PM train 500 4.602312e-01 85.831462 98.534182
09/25 08:20:59 PM train 550 4.605932e-01 85.875113 98.522573
09/25 08:21:03 PM train 600 4.631521e-01 85.750312 98.523295
09/25 08:21:08 PM train 650 4.643503e-01 85.740687 98.521505
09/25 08:21:12 PM train 700 4.662516e-01 85.678941 98.506598
09/25 08:21:16 PM train 750 4.696348e-01 85.592127 98.495756
09/25 08:21:19 PM train_acc 85.586000
09/25 08:21:19 PM valid 000 1.211094e+00 76.562500 87.500000
09/25 08:21:20 PM valid 050 1.140499e+00 73.529412 92.616422
09/25 08:21:21 PM valid 100 1.151726e+00 73.035272 92.945545
09/25 08:21:23 PM valid 150 1.145215e+00 73.168460 92.953228
09/25 08:21:23 PM valid_acc 73.230000, best_acc 73.610000
09/25 08:21:23 PM epoch 304 lr 1.210771e-02
09/25 08:21:23 PM train 000 4.386387e-01 85.937500 100.000000
09/25 08:21:27 PM train 050 4.302026e-01 86.795343 98.897059
09/25 08:21:32 PM train 100 4.411509e-01 86.556312 98.592203
09/25 08:21:36 PM train 150 4.333142e-01 86.754967 98.582368
09/25 08:21:40 PM train 200 4.422253e-01 86.551617 98.554104
09/25 08:21:45 PM train 250 4.424477e-01 86.553785 98.555777
09/25 08:21:49 PM train 300 4.402377e-01 86.612334 98.624377
09/25 08:21:53 PM train 350 4.440412e-01 86.569623 98.655627
09/25 08:21:57 PM train 400 4.477471e-01 86.510287 98.624532
09/25 08:22:02 PM train 450 4.515839e-01 86.419069 98.558758
09/25 08:22:06 PM train 500 4.535992e-01 86.355414 98.559132
09/25 08:22:10 PM train 550 4.555247e-01 86.269283 98.542423
09/25 08:22:14 PM train 600 4.581831e-01 86.213082 98.536294
09/25 08:22:19 PM train 650 4.599625e-01 86.170315 98.552707
09/25 08:22:23 PM train 700 4.630177e-01 86.086840 98.542261
09/25 08:22:27 PM train 750 4.651179e-01 85.962467 98.539447
09/25 08:22:30 PM train_acc 85.914000
09/25 08:22:30 PM valid 000 1.341360e+00 71.875000 90.625000
09/25 08:22:31 PM valid 050 1.187818e+00 72.518382 92.493873
09/25 08:22:33 PM valid 100 1.171164e+00 72.617574 92.790842
09/25 08:22:34 PM valid 150 1.184395e+00 72.402732 92.653146
09/25 08:22:34 PM valid_acc 72.490000, best_acc 73.610000
09/25 08:22:34 PM epoch 305 lr 1.204229e-02
09/25 08:22:34 PM train 000 3.315110e-01 92.187500 100.000000
09/25 08:22:38 PM train 050 4.299102e-01 87.162990 98.713235
09/25 08:22:43 PM train 100 4.129831e-01 87.716584 98.746906
09/25 08:22:47 PM train 150 4.192171e-01 87.262003 98.737583
09/25 08:22:51 PM train 200 4.260672e-01 87.235697 98.686256
09/25 08:22:56 PM train 250 4.280731e-01 87.350598 98.667829
09/25 08:23:00 PM train 300 4.315634e-01 87.188538 98.671096
09/25 08:23:04 PM train 350 4.342195e-01 86.916845 98.713497
09/25 08:23:09 PM train 400 4.425196e-01 86.666147 98.690773
09/25 08:23:13 PM train 450 4.467748e-01 86.526469 98.638442
09/25 08:23:17 PM train 500 4.533014e-01 86.339820 98.593438
09/25 08:23:21 PM train 550 4.555102e-01 86.297641 98.604809
09/25 08:23:26 PM train 600 4.578136e-01 86.215682 98.601290
09/25 08:23:30 PM train 650 4.594668e-01 86.112711 98.579109
09/25 08:23:34 PM train 700 4.604921e-01 86.086840 98.569009
09/25 08:23:38 PM train 750 4.642923e-01 85.991595 98.537367
09/25 08:23:41 PM train_acc 85.962000
09/25 08:23:41 PM valid 000 1.116514e+00 81.250000 89.062500
09/25 08:23:42 PM valid 050 1.075903e+00 74.540441 93.535539
09/25 08:23:44 PM valid 100 1.088505e+00 74.319307 93.626238
09/25 08:23:45 PM valid 150 1.102064e+00 74.182533 93.501656
09/25 08:23:45 PM valid_acc 74.190000, best_acc 74.190000
09/25 08:23:45 PM epoch 306 lr 1.197690e-02
09/25 08:23:45 PM train 000 5.165353e-01 78.125000 100.000000
09/25 08:23:50 PM train 050 4.021592e-01 88.204657 98.805147
09/25 08:23:54 PM train 100 4.126687e-01 87.407178 98.777847
09/25 08:23:58 PM train 150 4.216696e-01 87.179222 98.799669
09/25 08:24:03 PM train 200 4.259550e-01 87.002488 98.802861
09/25 08:24:07 PM train 250 4.298441e-01 86.889940 98.804781
09/25 08:24:11 PM train 300 4.324309e-01 86.788829 98.826827
09/25 08:24:16 PM train 350 4.332372e-01 86.796652 98.833689
09/25 08:24:20 PM train 400 4.383387e-01 86.619389 98.823254
09/25 08:24:24 PM train 450 4.370729e-01 86.616547 98.822062
09/25 08:24:28 PM train 500 4.393605e-01 86.530065 98.799276
09/25 08:24:33 PM train 550 4.430179e-01 86.476293 98.769283
09/25 08:24:37 PM train 600 4.472368e-01 86.397671 98.715682
09/25 08:24:41 PM train 650 4.513525e-01 86.304724 98.687116
09/25 08:24:46 PM train 700 4.535752e-01 86.216120 98.691601
09/25 08:24:50 PM train 750 4.574055e-01 86.158039 98.647636
09/25 08:24:53 PM train_acc 86.096000
09/25 08:24:53 PM valid 000 1.092461e+00 78.125000 92.187500
09/25 08:24:54 PM valid 050 1.119676e+00 73.897059 92.953431
09/25 08:24:55 PM valid 100 1.105923e+00 74.133663 93.301361
09/25 08:24:57 PM valid 150 1.119014e+00 74.203228 92.984272
09/25 08:24:57 PM valid_acc 74.210000, best_acc 74.210000
09/25 08:24:57 PM epoch 307 lr 1.191151e-02
09/25 08:24:57 PM train 000 3.422977e-01 92.187500 98.437500
09/25 08:25:01 PM train 050 4.154427e-01 87.714461 98.805147
09/25 08:25:05 PM train 100 4.197434e-01 87.453589 98.901609
09/25 08:25:10 PM train 150 4.204859e-01 87.437914 98.903146
09/25 08:25:14 PM train 200 4.190392e-01 87.569963 98.896144
09/25 08:25:18 PM train 250 4.268866e-01 87.250996 98.873257
09/25 08:25:23 PM train 300 4.324125e-01 86.939369 98.878738
09/25 08:25:27 PM train 350 4.372260e-01 86.796652 98.784722
09/25 08:25:31 PM train 400 4.366134e-01 86.806421 98.764807
09/25 08:25:35 PM train 450 4.377134e-01 86.765521 98.780488
09/25 08:25:40 PM train 500 4.388672e-01 86.714072 98.780564
09/25 08:25:44 PM train 550 4.406299e-01 86.669124 98.749433
09/25 08:25:48 PM train 600 4.407008e-01 86.652454 98.757280
09/25 08:25:52 PM train 650 4.416961e-01 86.655146 98.754320
09/25 08:25:57 PM train 700 4.431876e-01 86.621790 98.745096
09/25 08:26:01 PM train 750 4.448304e-01 86.559587 98.697570
09/25 08:26:04 PM train_acc 86.504000
09/25 08:26:04 PM valid 000 1.200936e+00 75.000000 89.062500
09/25 08:26:05 PM valid 050 1.185208e+00 72.886029 93.137255
09/25 08:26:06 PM valid 100 1.159569e+00 73.143564 93.579827
09/25 08:26:08 PM valid 150 1.155208e+00 73.354719 93.346440
09/25 08:26:08 PM valid_acc 73.310000, best_acc 74.210000
09/25 08:26:08 PM epoch 308 lr 1.184614e-02
09/25 08:26:08 PM train 000 4.946166e-01 84.375000 98.437500
09/25 08:26:12 PM train 050 4.431321e-01 86.397059 98.590686
09/25 08:26:17 PM train 100 4.225216e-01 87.237005 98.685025
09/25 08:26:21 PM train 150 4.277922e-01 87.137831 98.706540
09/25 08:26:25 PM train 200 4.307970e-01 87.025808 98.756219
09/25 08:26:29 PM train 250 4.310801e-01 87.070468 98.792331
09/25 08:26:34 PM train 300 4.314722e-01 87.006852 98.800872
09/25 08:26:38 PM train 350 4.356664e-01 87.001425 98.771368
09/25 08:26:42 PM train 400 4.363013e-01 86.919420 98.776496
09/25 08:26:47 PM train 450 4.402690e-01 86.831347 98.742378
09/25 08:26:51 PM train 500 4.452331e-01 86.751497 98.652695
09/25 08:26:55 PM train 550 4.467450e-01 86.691810 98.675703
09/25 08:26:59 PM train 600 4.474826e-01 86.623856 98.648087
09/25 08:27:04 PM train 650 4.508437e-01 86.525538 98.629512
09/25 08:27:08 PM train 700 4.537622e-01 86.476908 98.620275
09/25 08:27:12 PM train 750 4.567838e-01 86.405626 98.597703
09/25 08:27:15 PM train_acc 86.370000
09/25 08:27:15 PM valid 000 1.120985e+00 71.875000 92.187500
09/25 08:27:16 PM valid 050 1.122342e+00 73.529412 93.382353
09/25 08:27:18 PM valid 100 1.133678e+00 73.545792 93.688119
09/25 08:27:19 PM valid 150 1.130409e+00 73.520281 93.501656
09/25 08:27:19 PM valid_acc 73.530000, best_acc 74.210000
09/25 08:27:19 PM epoch 309 lr 1.178079e-02
09/25 08:27:19 PM train 000 4.297833e-01 89.062500 100.000000
09/25 08:27:24 PM train 050 4.427603e-01 86.642157 98.621324
09/25 08:27:28 PM train 100 4.157817e-01 87.469059 98.886139
09/25 08:27:32 PM train 150 4.190163e-01 87.282699 98.820364
09/25 08:27:36 PM train 200 4.280849e-01 86.916978 98.880597
09/25 08:27:41 PM train 250 4.326815e-01 86.734313 98.873257
09/25 08:27:45 PM train 300 4.366310e-01 86.648671 98.863164
09/25 08:27:49 PM train 350 4.382249e-01 86.680912 98.811432
09/25 08:27:54 PM train 400 4.377639e-01 86.732388 98.795979
09/25 08:27:58 PM train 450 4.335602e-01 86.865992 98.808204
09/25 08:28:02 PM train 500 4.328779e-01 86.879366 98.808633
09/25 08:28:07 PM train 550 4.368355e-01 86.740018 98.774955
09/25 08:28:11 PM train 600 4.422188e-01 86.571859 98.720882
09/25 08:28:15 PM train 650 4.456265e-01 86.499136 98.720718
09/25 08:28:19 PM train 700 4.474329e-01 86.445703 98.725036
09/25 08:28:24 PM train 750 4.488656e-01 86.405626 98.701731
09/25 08:28:26 PM train_acc 86.368000
09/25 08:28:27 PM valid 000 1.164242e+00 75.000000 89.062500
09/25 08:28:28 PM valid 050 1.139438e+00 73.560049 93.075980
09/25 08:28:29 PM valid 100 1.146899e+00 73.483911 93.471535
09/25 08:28:30 PM valid 150 1.149031e+00 73.427152 93.439570
09/25 08:28:31 PM valid_acc 73.440000, best_acc 74.210000
09/25 08:28:31 PM epoch 310 lr 1.171546e-02
09/25 08:28:31 PM train 000 3.724446e-01 89.062500 100.000000
09/25 08:28:35 PM train 050 4.326423e-01 86.825980 98.805147
09/25 08:28:40 PM train 100 4.209616e-01 87.314356 98.870668
09/25 08:28:44 PM train 150 4.212789e-01 87.406871 98.934189
09/25 08:28:48 PM train 200 4.274868e-01 87.227923 98.919465
09/25 08:28:52 PM train 250 4.255892e-01 87.232321 98.898157
09/25 08:28:57 PM train 300 4.254301e-01 87.339078 98.863164
09/25 08:29:01 PM train 350 4.293245e-01 87.050392 98.798077
09/25 08:29:05 PM train 400 4.309136e-01 87.040212 98.772600
09/25 08:29:10 PM train 450 4.339829e-01 86.904102 98.766630
09/25 08:29:14 PM train 500 4.362568e-01 86.779566 98.764970
09/25 08:29:18 PM train 550 4.391600e-01 86.680467 98.715404
09/25 08:29:22 PM train 600 4.436313e-01 86.564060 98.650686
09/25 08:29:27 PM train 650 4.473674e-01 86.448733 98.627112
09/25 08:29:31 PM train 700 4.499587e-01 86.305278 98.622504
09/25 08:29:35 PM train 750 4.492387e-01 86.322403 98.626831
09/25 08:29:38 PM train_acc 86.298000
09/25 08:29:38 PM valid 000 1.385050e+00 73.437500 89.062500
09/25 08:29:39 PM valid 050 1.185046e+00 72.763480 92.647059
09/25 08:29:41 PM valid 100 1.168539e+00 73.205446 92.837252
09/25 08:29:42 PM valid 150 1.191674e+00 72.961507 92.756623
09/25 08:29:42 PM valid_acc 72.940000, best_acc 74.210000
09/25 08:29:42 PM epoch 311 lr 1.165015e-02
09/25 08:29:42 PM train 000 3.570908e-01 89.062500 96.875000
09/25 08:29:47 PM train 050 4.211176e-01 87.132353 98.651961
09/25 08:29:51 PM train 100 4.155232e-01 87.778465 98.685025
09/25 08:29:55 PM train 150 4.088572e-01 88.089818 98.758278
09/25 08:30:00 PM train 200 4.141615e-01 87.787624 98.709577
09/25 08:30:04 PM train 250 4.233135e-01 87.363048 98.754980
09/25 08:30:08 PM train 300 4.252652e-01 87.214493 98.780108
09/25 08:30:12 PM train 350 4.301886e-01 87.077101 98.731303
09/25 08:30:17 PM train 400 4.356972e-01 86.888248 98.718049
09/25 08:30:21 PM train 450 4.410338e-01 86.737805 98.666159
09/25 08:30:25 PM train 500 4.426031e-01 86.767091 98.643338
09/25 08:30:30 PM train 550 4.456117e-01 86.674796 98.624660
09/25 08:30:34 PM train 600 4.460593e-01 86.618656 98.616889
09/25 08:30:38 PM train 650 4.483261e-01 86.506336 98.610311
09/25 08:30:42 PM train 700 4.487244e-01 86.512571 98.633648
09/25 08:30:47 PM train 750 4.515101e-01 86.397304 98.620589
09/25 08:30:49 PM train_acc 86.334000
09/25 08:30:49 PM valid 000 1.286612e+00 79.687500 90.625000
09/25 08:30:51 PM valid 050 1.151698e+00 73.437500 93.167892
09/25 08:30:52 PM valid 100 1.135839e+00 73.545792 93.316832
09/25 08:30:53 PM valid 150 1.151048e+00 73.271937 93.139487
09/25 08:30:54 PM valid_acc 73.400000, best_acc 74.210000
09/25 08:30:54 PM epoch 312 lr 1.158486e-02
09/25 08:30:54 PM train 000 4.057760e-01 87.500000 100.000000
09/25 08:30:58 PM train 050 4.338380e-01 86.734069 98.713235
09/25 08:31:02 PM train 100 4.266707e-01 86.896658 98.746906
09/25 08:31:07 PM train 150 4.254791e-01 86.796358 98.768626
09/25 08:31:11 PM train 200 4.233232e-01 86.924751 98.818408
09/25 08:31:15 PM train 250 4.251211e-01 86.802789 98.854582
09/25 08:31:20 PM train 300 4.258771e-01 86.742110 98.873547
09/25 08:31:24 PM train 350 4.264623e-01 86.752137 98.820335
09/25 08:31:28 PM train 400 4.263911e-01 86.794732 98.834944
09/25 08:31:33 PM train 450 4.276303e-01 86.831347 98.839385
09/25 08:31:37 PM train 500 4.283293e-01 86.832585 98.839820
09/25 08:31:41 PM train 550 4.304346e-01 86.768376 98.820327
09/25 08:31:45 PM train 600 4.323793e-01 86.735649 98.793677
09/25 08:31:50 PM train 650 4.381247e-01 86.578341 98.773522
09/25 08:31:54 PM train 700 4.403168e-01 86.546006 98.749554
09/25 08:31:58 PM train 750 4.416989e-01 86.499251 98.739181
09/25 08:32:01 PM train_acc 86.454000
09/25 08:32:01 PM valid 000 1.011616e+00 79.687500 90.625000
09/25 08:32:02 PM valid 050 1.114928e+00 73.590686 93.504902
09/25 08:32:04 PM valid 100 1.123434e+00 74.056312 93.502475
09/25 08:32:05 PM valid 150 1.142283e+00 73.654801 93.449917
09/25 08:32:05 PM valid_acc 73.770000, best_acc 74.210000
09/25 08:32:05 PM epoch 313 lr 1.151960e-02
09/25 08:32:05 PM train 000 5.174504e-01 90.625000 100.000000
09/25 08:32:10 PM train 050 3.875963e-01 88.602941 99.080882
09/25 08:32:14 PM train 100 3.886023e-01 88.598391 99.102723
09/25 08:32:18 PM train 150 4.124103e-01 87.727649 98.892798
09/25 08:32:22 PM train 200 4.152416e-01 87.523321 98.841729
09/25 08:32:27 PM train 250 4.174435e-01 87.338147 98.823456
09/25 08:32:31 PM train 300 4.232613e-01 87.209302 98.759344
09/25 08:32:36 PM train 350 4.272528e-01 87.059295 98.717949
09/25 08:32:40 PM train 400 4.295693e-01 87.009040 98.718049
09/25 08:32:44 PM train 450 4.346980e-01 86.789773 98.683481
09/25 08:32:48 PM train 500 4.386450e-01 86.664172 98.646457
09/25 08:32:53 PM train 550 4.420773e-01 86.595395 98.624660
09/25 08:32:57 PM train 600 4.449831e-01 86.540661 98.611689
09/25 08:33:01 PM train 650 4.467459e-01 86.484735 98.610311
09/25 08:33:06 PM train 700 4.476187e-01 86.436787 98.615817
09/25 08:33:10 PM train 750 4.514179e-01 86.307840 98.583139
09/25 08:33:13 PM train_acc 86.278000
09/25 08:33:13 PM valid 000 1.294796e+00 75.000000 90.625000
09/25 08:33:14 PM valid 050 1.087552e+00 74.417892 93.627451
09/25 08:33:15 PM valid 100 1.083394e+00 74.535891 93.719059
09/25 08:33:17 PM valid 150 1.112726e+00 74.151490 93.563742
09/25 08:33:17 PM valid_acc 74.200000, best_acc 74.210000
09/25 08:33:17 PM epoch 314 lr 1.145437e-02
09/25 08:33:17 PM train 000 2.733817e-01 93.750000 100.000000
09/25 08:33:21 PM train 050 4.071044e-01 87.714461 99.111520
09/25 08:33:26 PM train 100 4.026147e-01 87.979579 98.978960
09/25 08:33:30 PM train 150 4.046810e-01 87.955298 99.016970
09/25 08:33:34 PM train 200 4.059562e-01 88.059701 98.950560
09/25 08:33:38 PM train 250 4.079934e-01 88.022908 98.941733
09/25 08:33:43 PM train 300 4.145083e-01 87.733596 98.930648
09/25 08:33:47 PM train 350 4.180454e-01 87.597934 98.913818
09/25 08:33:51 PM train 400 4.213279e-01 87.476621 98.881702
09/25 08:33:56 PM train 450 4.245515e-01 87.361419 98.867101
09/25 08:34:00 PM train 500 4.313284e-01 87.097680 98.793039
09/25 08:34:04 PM train 550 4.322315e-01 87.057623 98.786298
09/25 08:34:08 PM train 600 4.369295e-01 86.860441 98.757280
09/25 08:34:13 PM train 650 4.395299e-01 86.741551 98.732719
09/25 08:34:17 PM train 700 4.432793e-01 86.608417 98.704975
09/25 08:34:21 PM train 750 4.453250e-01 86.517976 98.707973
09/25 08:34:24 PM train_acc 86.490000
09/25 08:34:24 PM valid 000 1.546184e+00 70.312500 89.062500
09/25 08:34:25 PM valid 050 1.171341e+00 73.682598 93.075980
09/25 08:34:27 PM valid 100 1.123963e+00 74.257426 93.564356
09/25 08:34:28 PM valid 150 1.142446e+00 73.985927 93.439570
09/25 08:34:28 PM valid_acc 74.040000, best_acc 74.210000
09/25 08:34:28 PM epoch 315 lr 1.138916e-02
09/25 08:34:28 PM train 000 4.409305e-01 84.375000 100.000000
09/25 08:34:33 PM train 050 4.294803e-01 87.193627 98.743873
09/25 08:34:37 PM train 100 4.176964e-01 87.329827 98.963490
09/25 08:34:41 PM train 150 4.204887e-01 87.065397 98.882450
09/25 08:34:45 PM train 200 4.205317e-01 87.212376 98.888371
09/25 08:34:50 PM train 250 4.217360e-01 87.132719 98.823456
09/25 08:34:54 PM train 300 4.254698e-01 86.996470 98.790490
09/25 08:34:58 PM train 350 4.253896e-01 86.988070 98.838141
09/25 08:35:02 PM train 400 4.294071e-01 86.927213 98.784289
09/25 08:35:07 PM train 450 4.309969e-01 86.938747 98.783952
09/25 08:35:11 PM train 500 4.328858e-01 86.951098 98.780564
09/25 08:35:15 PM train 550 4.351735e-01 86.893149 98.752269
09/25 08:35:19 PM train 600 4.385143e-01 86.837042 98.739081
09/25 08:35:24 PM train 650 4.411529e-01 86.772753 98.732719
09/25 08:35:28 PM train 700 4.450325e-01 86.644080 98.698288
09/25 08:35:32 PM train 750 4.473610e-01 86.545023 98.680925
09/25 08:35:35 PM train_acc 86.526000
09/25 08:35:35 PM valid 000 1.348160e+00 70.312500 95.312500
09/25 08:35:36 PM valid 050 1.159235e+00 72.855392 93.167892
09/25 08:35:38 PM valid 100 1.134137e+00 73.267327 93.224010
09/25 08:35:39 PM valid 150 1.161727e+00 73.334023 93.036010
09/25 08:35:39 PM valid_acc 73.350000, best_acc 74.210000
09/25 08:35:39 PM epoch 316 lr 1.132399e-02
09/25 08:35:39 PM train 000 4.456943e-01 89.062500 98.437500
09/25 08:35:44 PM train 050 3.883777e-01 88.143382 99.019608
09/25 08:35:48 PM train 100 3.925291e-01 88.319926 99.009901
09/25 08:35:52 PM train 150 3.965458e-01 88.141556 98.944536
09/25 08:35:56 PM train 200 4.069300e-01 87.717662 98.966107
09/25 08:36:01 PM train 250 4.105306e-01 87.618277 98.935508
09/25 08:36:05 PM train 300 4.130326e-01 87.468854 98.920266
09/25 08:36:09 PM train 350 4.214463e-01 87.299679 98.922721
09/25 08:36:13 PM train 400 4.251310e-01 87.207762 98.866116
09/25 08:36:18 PM train 450 4.291760e-01 87.032289 98.867101
09/25 08:36:22 PM train 500 4.289998e-01 87.066492 98.867889
09/25 08:36:26 PM train 550 4.310358e-01 87.015086 98.840177
09/25 08:36:30 PM train 600 4.358266e-01 86.842242 98.819676
09/25 08:36:35 PM train 650 4.361077e-01 86.815956 98.804724
09/25 08:36:39 PM train 700 4.392043e-01 86.702033 98.787447
09/25 08:36:43 PM train 750 4.410334e-01 86.642810 98.772470
09/25 08:36:46 PM train_acc 86.578000
09/25 08:36:46 PM valid 000 1.019233e+00 79.687500 90.625000
09/25 08:36:47 PM valid 050 1.148012e+00 74.509804 93.474265
09/25 08:36:48 PM valid 100 1.148714e+00 74.071782 93.564356
09/25 08:36:50 PM valid 150 1.149629e+00 74.068709 93.439570
09/25 08:36:50 PM valid_acc 74.080000, best_acc 74.210000
09/25 08:36:50 PM epoch 317 lr 1.125884e-02
09/25 08:36:50 PM train 000 2.429519e-01 92.187500 100.000000
09/25 08:36:55 PM train 050 4.219515e-01 87.224265 98.927696
09/25 08:36:59 PM train 100 4.162334e-01 87.654703 98.793317
09/25 08:37:03 PM train 150 4.186318e-01 87.562086 98.851407
09/25 08:37:07 PM train 200 4.187460e-01 87.461132 98.833955
09/25 08:37:11 PM train 250 4.139380e-01 87.506225 98.867032
09/25 08:37:16 PM train 300 4.148097e-01 87.505191 98.863164
09/25 08:37:20 PM train 350 4.193440e-01 87.415420 98.820335
09/25 08:37:24 PM train 400 4.211908e-01 87.344140 98.803772
09/25 08:37:29 PM train 450 4.249322e-01 87.215909 98.766630
09/25 08:37:33 PM train 500 4.268473e-01 87.200599 98.793039
09/25 08:37:37 PM train 550 4.291403e-01 87.159710 98.755104
09/25 08:37:41 PM train 600 4.319330e-01 87.019031 98.744280
09/25 08:37:46 PM train 650 4.349206e-01 86.892761 98.763921
09/25 08:37:50 PM train 700 4.365834e-01 86.851373 98.742867
09/25 08:37:54 PM train 750 4.380954e-01 86.794690 98.741262
09/25 08:37:57 PM train_acc 86.748000
09/25 08:37:57 PM valid 000 9.842254e-01 81.250000 95.312500
09/25 08:37:58 PM valid 050 1.101080e+00 74.509804 93.443627
09/25 08:37:59 PM valid 100 1.108850e+00 74.350248 93.688119
09/25 08:38:01 PM valid 150 1.116147e+00 74.254967 93.667219
09/25 08:38:01 PM valid_acc 74.380000, best_acc 74.380000
09/25 08:38:01 PM epoch 318 lr 1.119373e-02
09/25 08:38:01 PM train 000 4.398712e-01 85.937500 98.437500
09/25 08:38:05 PM train 050 3.773507e-01 88.725490 99.019608
09/25 08:38:10 PM train 100 4.004136e-01 88.165223 99.040842
09/25 08:38:14 PM train 150 4.127278e-01 87.810430 98.965232
09/25 08:38:18 PM train 200 4.139619e-01 87.678794 98.981654
09/25 08:38:22 PM train 250 4.117072e-01 87.562251 98.991534
09/25 08:38:27 PM train 300 4.093752e-01 87.728405 99.029277
09/25 08:38:31 PM train 350 4.168945e-01 87.544516 98.998397
09/25 08:38:35 PM train 400 4.170252e-01 87.461035 98.986908
09/25 08:38:39 PM train 450 4.214014e-01 87.351025 98.943320
09/25 08:38:44 PM train 500 4.253405e-01 87.166292 98.895958
09/25 08:38:48 PM train 550 4.275279e-01 87.077473 98.925250
09/25 08:38:52 PM train 600 4.308480e-01 86.977433 98.897671
09/25 08:38:56 PM train 650 4.337639e-01 86.907162 98.867127
09/25 08:39:01 PM train 700 4.350272e-01 86.911555 98.863231
09/25 08:39:05 PM train 750 4.375172e-01 86.836302 98.855692
09/25 08:39:08 PM train_acc 86.732000
09/25 08:39:08 PM valid 000 1.177862e+00 75.000000 93.750000
09/25 08:39:09 PM valid 050 1.220470e+00 72.549020 93.229167
09/25 08:39:10 PM valid 100 1.163112e+00 73.282797 93.688119
09/25 08:39:11 PM valid 150 1.166338e+00 73.375414 93.522351
09/25 08:39:12 PM valid_acc 73.390000, best_acc 74.380000
09/25 08:39:12 PM epoch 319 lr 1.112866e-02
09/25 08:39:12 PM train 000 2.938986e-01 90.625000 100.000000
09/25 08:39:16 PM train 050 4.147608e-01 87.285539 98.774510
09/25 08:39:20 PM train 100 4.220013e-01 87.097772 98.731436
09/25 08:39:25 PM train 150 4.269113e-01 87.065397 98.716887
09/25 08:39:29 PM train 200 4.240452e-01 87.181281 98.802861
09/25 08:39:33 PM train 250 4.271509e-01 87.039343 98.779880
09/25 08:39:37 PM train 300 4.306403e-01 86.877076 98.738580
09/25 08:39:42 PM train 350 4.277218e-01 86.965812 98.780271
09/25 08:39:46 PM train 400 4.294786e-01 86.942799 98.768703
09/25 08:39:50 PM train 450 4.297044e-01 86.928354 98.766630
09/25 08:39:54 PM train 500 4.311798e-01 86.894960 98.743139
09/25 08:39:59 PM train 550 4.333934e-01 86.816583 98.726747
09/25 08:40:03 PM train 600 4.363849e-01 86.748648 98.687084
09/25 08:40:07 PM train 650 4.402382e-01 86.619144 98.651114
09/25 08:40:12 PM train 700 4.405362e-01 86.621790 98.653709
09/25 08:40:16 PM train 750 4.419215e-01 86.592876 98.668442
09/25 08:40:18 PM train_acc 86.588000
09/25 08:40:19 PM valid 000 9.990298e-01 78.125000 89.062500
09/25 08:40:20 PM valid 050 1.204084e+00 73.682598 92.647059
09/25 08:40:21 PM valid 100 1.159708e+00 73.932550 93.193069
09/25 08:40:22 PM valid 150 1.170908e+00 73.727235 93.118791
09/25 08:40:23 PM valid_acc 73.710000, best_acc 74.380000
09/25 08:40:23 PM epoch 320 lr 1.106363e-02
09/25 08:40:23 PM train 000 2.769742e-01 92.187500 100.000000
09/25 08:40:27 PM train 050 3.985174e-01 87.928922 98.866422
09/25 08:40:31 PM train 100 4.077046e-01 87.577351 98.824257
09/25 08:40:36 PM train 150 4.066213e-01 87.582781 98.923841
09/25 08:40:40 PM train 200 4.105262e-01 87.531095 98.981654
09/25 08:40:44 PM train 250 4.085047e-01 87.506225 99.078685
09/25 08:40:49 PM train 300 4.124652e-01 87.385797 99.060424
09/25 08:40:53 PM train 350 4.134218e-01 87.348647 99.047365
09/25 08:40:57 PM train 400 4.177983e-01 87.219451 98.986908
09/25 08:41:02 PM train 450 4.199230e-01 87.153548 98.946785
09/25 08:41:06 PM train 500 4.252114e-01 87.057136 98.908433
09/25 08:41:10 PM train 550 4.276499e-01 86.975386 98.891221
09/25 08:41:15 PM train 600 4.288358e-01 86.956635 98.882072
09/25 08:41:19 PM train 650 4.304399e-01 86.842358 98.874328
09/25 08:41:23 PM train 700 4.324319e-01 86.817939 98.834255
09/25 08:41:27 PM train 750 4.331285e-01 86.848785 98.820323
09/25 08:41:30 PM train_acc 86.810000
09/25 08:41:30 PM valid 000 9.481970e-01 78.125000 92.187500
09/25 08:41:31 PM valid 050 1.152504e+00 73.314951 93.167892
09/25 08:41:33 PM valid 100 1.114127e+00 73.901609 93.363243
09/25 08:41:34 PM valid 150 1.126602e+00 73.841060 93.211921
09/25 08:41:34 PM valid_acc 73.880000, best_acc 74.380000
09/25 08:41:34 PM epoch 321 lr 1.099863e-02
09/25 08:41:34 PM train 000 3.264601e-01 92.187500 98.437500
09/25 08:41:39 PM train 050 3.977912e-01 87.591912 98.958333
09/25 08:41:43 PM train 100 3.991904e-01 87.824876 98.963490
09/25 08:41:47 PM train 150 3.987166e-01 87.706954 98.923841
09/25 08:41:51 PM train 200 3.977726e-01 87.787624 98.911692
09/25 08:41:56 PM train 250 4.046074e-01 87.562251 98.891932
09/25 08:42:00 PM train 300 4.065602e-01 87.541528 98.909884
09/25 08:42:04 PM train 350 4.057588e-01 87.629095 98.931624
09/25 08:42:08 PM train 400 4.092270e-01 87.476621 98.932357
09/25 08:42:13 PM train 450 4.144241e-01 87.309451 98.884424
09/25 08:42:17 PM train 500 4.184818e-01 87.262974 98.852295
09/25 08:42:21 PM train 550 4.210385e-01 87.120009 98.843013
09/25 08:42:26 PM train 600 4.209294e-01 87.146423 98.858673
09/25 08:42:30 PM train 650 4.238344e-01 87.022369 98.850326
09/25 08:42:34 PM train 700 4.251022e-01 87.031919 98.856544
09/25 08:42:39 PM train 750 4.277715e-01 86.919524 98.851531
09/25 08:42:41 PM train_acc 86.916000
09/25 08:42:41 PM valid 000 1.043575e+00 73.437500 92.187500
09/25 08:42:43 PM valid 050 1.178519e+00 72.794118 92.708333
09/25 08:42:44 PM valid 100 1.153589e+00 73.514851 93.193069
09/25 08:42:45 PM valid 150 1.165390e+00 73.489238 93.036010
09/25 08:42:45 PM valid_acc 73.420000, best_acc 74.380000
09/25 08:42:45 PM epoch 322 lr 1.093368e-02
09/25 08:42:46 PM train 000 5.174996e-01 87.500000 98.437500
09/25 08:42:50 PM train 050 4.154796e-01 87.959559 98.958333
09/25 08:42:54 PM train 100 4.080810e-01 88.118812 98.808787
09/25 08:42:58 PM train 150 4.076270e-01 87.975993 98.872103
09/25 08:43:03 PM train 200 4.092308e-01 87.865361 98.942786
09/25 08:43:07 PM train 250 4.143573e-01 87.798805 98.867032
09/25 08:43:11 PM train 300 4.199439e-01 87.609012 98.852782
09/25 08:43:15 PM train 350 4.222661e-01 87.540064 98.851496
09/25 08:43:20 PM train 400 4.237407e-01 87.441552 98.846633
09/25 08:43:24 PM train 450 4.252662e-01 87.351025 98.842849
09/25 08:43:28 PM train 500 4.276004e-01 87.269212 98.846058
09/25 08:43:32 PM train 550 4.311865e-01 87.091652 98.837341
09/25 08:43:37 PM train 600 4.328674e-01 87.039829 98.814476
09/25 08:43:41 PM train 650 4.353294e-01 86.921563 98.775922
09/25 08:43:45 PM train 700 4.355362e-01 86.878121 98.789675
09/25 08:43:49 PM train 750 4.381919e-01 86.798852 98.772470
09/25 08:43:52 PM train_acc 86.788000
09/25 08:43:52 PM valid 000 1.014531e+00 76.562500 92.187500
09/25 08:43:53 PM valid 050 1.118204e+00 73.529412 93.412990
09/25 08:43:55 PM valid 100 1.132356e+00 73.886139 93.533416
09/25 08:43:56 PM valid 150 1.132591e+00 73.996275 93.636175
09/25 08:43:56 PM valid_acc 74.030000, best_acc 74.380000
09/25 08:43:56 PM epoch 323 lr 1.086876e-02
09/25 08:43:56 PM train 000 3.671248e-01 89.062500 98.437500
09/25 08:44:01 PM train 050 4.178063e-01 87.438725 98.805147
09/25 08:44:05 PM train 100 4.036572e-01 87.824876 98.886139
09/25 08:44:09 PM train 150 4.189386e-01 87.458609 98.851407
09/25 08:44:13 PM train 200 4.205609e-01 87.297886 98.865050
09/25 08:44:18 PM train 250 4.194459e-01 87.294572 98.879482
09/25 08:44:22 PM train 300 4.215224e-01 87.235257 98.842400
09/25 08:44:26 PM train 350 4.204081e-01 87.228454 98.838141
09/25 08:44:31 PM train 400 4.198470e-01 87.274002 98.834944
09/25 08:44:35 PM train 450 4.195894e-01 87.243625 98.867101
09/25 08:44:39 PM train 500 4.225925e-01 87.156936 98.880364
09/25 08:44:44 PM train 550 4.248883e-01 87.074637 98.854356
09/25 08:44:48 PM train 600 4.284039e-01 86.883839 98.871672
09/25 08:44:52 PM train 650 4.316636e-01 86.803955 98.855127
09/25 08:44:56 PM train 700 4.327956e-01 86.773359 98.845399
09/25 08:45:01 PM train 750 4.329387e-01 86.744757 98.843209
09/25 08:45:03 PM train_acc 86.726000
09/25 08:45:03 PM valid 000 9.116243e-01 78.125000 92.187500
09/25 08:45:05 PM valid 050 1.100448e+00 74.142157 93.474265
09/25 08:45:06 PM valid 100 1.088580e+00 74.597772 93.811881
09/25 08:45:07 PM valid 150 1.093966e+00 74.348096 93.781043
09/25 08:45:08 PM valid_acc 74.300000, best_acc 74.380000
09/25 08:45:08 PM epoch 324 lr 1.080390e-02
09/25 08:45:08 PM train 000 3.842255e-01 89.062500 100.000000
09/25 08:45:12 PM train 050 3.774706e-01 88.204657 98.927696
09/25 08:45:16 PM train 100 3.985497e-01 87.345297 98.963490
09/25 08:45:21 PM train 150 4.101628e-01 87.199917 98.913493
09/25 08:45:25 PM train 200 4.143585e-01 87.103545 98.841729
09/25 08:45:29 PM train 250 4.115614e-01 87.219871 98.923058
09/25 08:45:34 PM train 300 4.120185e-01 87.297550 98.883929
09/25 08:45:38 PM train 350 4.155730e-01 87.192842 98.855947
09/25 08:45:42 PM train 400 4.194051e-01 87.129832 98.846633
09/25 08:45:46 PM train 450 4.216185e-01 87.035754 98.856707
09/25 08:45:51 PM train 500 4.236292e-01 86.988523 98.858533
09/25 08:45:55 PM train 550 4.265164e-01 86.952700 98.851520
09/25 08:45:59 PM train 600 4.272305e-01 86.873440 98.871672
09/25 08:46:03 PM train 650 4.287428e-01 86.830357 98.869528
09/25 08:46:08 PM train 700 4.313634e-01 86.797878 98.838713
09/25 08:46:12 PM train 750 4.317496e-01 86.803013 98.845290
09/25 08:46:15 PM train_acc 86.806000
09/25 08:46:15 PM valid 000 1.242625e+00 75.000000 92.187500
09/25 08:46:16 PM valid 050 1.103409e+00 73.682598 93.014706
09/25 08:46:17 PM valid 100 1.106505e+00 73.808787 93.456064
09/25 08:46:18 PM valid 150 1.125734e+00 73.665149 93.387831
09/25 08:46:19 PM valid_acc 73.700000, best_acc 74.380000
09/25 08:46:19 PM epoch 325 lr 1.073908e-02
09/25 08:46:19 PM train 000 5.351495e-01 87.500000 95.312500
09/25 08:46:23 PM train 050 4.107765e-01 87.806373 98.927696
09/25 08:46:27 PM train 100 3.841011e-01 88.536510 98.994431
09/25 08:46:32 PM train 150 3.913261e-01 88.389901 98.892798
09/25 08:46:36 PM train 200 3.985231e-01 88.339552 98.802861
09/25 08:46:40 PM train 250 4.044273e-01 88.166086 98.748755
09/25 08:46:45 PM train 300 4.042566e-01 88.211171 98.754153
09/25 08:46:49 PM train 350 4.093295e-01 88.056446 98.744658
09/25 08:46:53 PM train 400 4.126086e-01 87.983167 98.772600
09/25 08:46:57 PM train 450 4.155913e-01 87.818736 98.759701
09/25 08:47:01 PM train 500 4.179683e-01 87.737026 98.736901
09/25 08:47:06 PM train 550 4.190984e-01 87.695667 98.723911
09/25 08:47:10 PM train 600 4.201720e-01 87.697587 98.736481
09/25 08:47:14 PM train 650 4.233206e-01 87.581605 98.732719
09/25 08:47:19 PM train 700 4.261409e-01 87.486626 98.700517
09/25 08:47:23 PM train 750 4.273062e-01 87.450067 98.714214
09/25 08:47:25 PM train_acc 87.442000
09/25 08:47:26 PM valid 000 1.316059e+00 71.875000 92.187500
09/25 08:47:27 PM valid 050 1.267950e+00 71.323529 92.187500
09/25 08:47:28 PM valid 100 1.250140e+00 71.720297 92.775371
09/25 08:47:29 PM valid 150 1.267295e+00 71.823262 92.591060
09/25 08:47:30 PM valid_acc 71.810000, best_acc 74.380000
09/25 08:47:30 PM epoch 326 lr 1.067430e-02
09/25 08:47:30 PM train 000 3.872389e-01 84.375000 100.000000
09/25 08:47:34 PM train 050 4.053454e-01 87.591912 98.958333
09/25 08:47:38 PM train 100 3.905567e-01 88.335396 98.839728
09/25 08:47:43 PM train 150 3.960682e-01 88.069123 98.861755
09/25 08:47:47 PM train 200 4.023644e-01 87.834266 98.849502
09/25 08:47:51 PM train 250 4.030769e-01 87.749004 98.854582
09/25 08:47:55 PM train 300 4.049656e-01 87.728405 98.894311
09/25 08:48:00 PM train 350 4.097134e-01 87.651353 98.833689
09/25 08:48:04 PM train 400 4.158762e-01 87.484414 98.772600
09/25 08:48:08 PM train 450 4.144813e-01 87.482677 98.790881
09/25 08:48:12 PM train 500 4.148323e-01 87.453219 98.777445
09/25 08:48:17 PM train 550 4.146612e-01 87.465971 98.769283
09/25 08:48:21 PM train 600 4.176271e-01 87.364809 98.744280
09/25 08:48:25 PM train 650 4.187924e-01 87.322389 98.766321
09/25 08:48:29 PM train 700 4.218044e-01 87.277104 98.729494
09/25 08:48:34 PM train 750 4.235565e-01 87.235769 98.716295
09/25 08:48:36 PM train_acc 87.166000
09/25 08:48:36 PM valid 000 1.144184e+00 82.812500 93.750000
09/25 08:48:38 PM valid 050 1.145828e+00 74.325980 93.658088
09/25 08:48:39 PM valid 100 1.141179e+00 74.164604 93.579827
09/25 08:48:40 PM valid 150 1.157220e+00 74.058361 93.512003
09/25 08:48:40 PM valid_acc 74.060000, best_acc 74.380000
09/25 08:48:41 PM epoch 327 lr 1.060958e-02
09/25 08:48:41 PM train 000 3.858777e-01 87.500000 100.000000
09/25 08:48:45 PM train 050 3.602486e-01 89.185049 99.295343
09/25 08:48:49 PM train 100 3.750399e-01 88.536510 99.226485
09/25 08:48:54 PM train 150 3.835292e-01 88.245033 99.151490
09/25 08:48:58 PM train 200 3.907200e-01 88.191853 99.059391
09/25 08:49:02 PM train 250 3.972102e-01 87.923307 99.028884
09/25 08:49:06 PM train 300 3.947743e-01 87.993148 99.029277
09/25 08:49:11 PM train 350 3.975863e-01 87.971866 99.007301
09/25 08:49:15 PM train 400 4.017327e-01 87.831203 98.986908
09/25 08:49:19 PM train 450 4.058974e-01 87.752910 98.946785
09/25 08:49:23 PM train 500 4.087071e-01 87.630988 98.936502
09/25 08:49:28 PM train 550 4.137513e-01 87.460299 98.908235
09/25 08:49:32 PM train 600 4.156667e-01 87.406406 98.897671
09/25 08:49:36 PM train 650 4.185531e-01 87.355991 98.886329
09/25 08:49:40 PM train 700 4.206960e-01 87.281562 98.885521
09/25 08:49:45 PM train 750 4.245718e-01 87.194158 98.861934
09/25 08:49:47 PM train_acc 87.128000
09/25 08:49:47 PM valid 000 1.156298e+00 68.750000 93.750000
09/25 08:49:49 PM valid 050 1.137451e+00 73.713235 92.677696
09/25 08:49:50 PM valid 100 1.146143e+00 73.839728 92.868193
09/25 08:49:51 PM valid 150 1.151000e+00 73.872103 93.108444
09/25 08:49:51 PM valid_acc 73.830000, best_acc 74.380000
09/25 08:49:51 PM epoch 328 lr 1.054491e-02
09/25 08:49:52 PM train 000 3.306128e-01 93.750000 100.000000
09/25 08:49:56 PM train 050 3.740067e-01 88.817402 99.203431
09/25 08:50:00 PM train 100 3.895909e-01 87.778465 99.164604
09/25 08:50:04 PM train 150 3.900915e-01 87.965646 99.130795
09/25 08:50:09 PM train 200 3.937291e-01 87.888682 99.129353
09/25 08:50:13 PM train 250 3.972187e-01 87.985558 99.060010
09/25 08:50:17 PM train 300 4.043550e-01 87.775125 99.013704
09/25 08:50:21 PM train 350 4.063745e-01 87.664708 98.980591
09/25 08:50:26 PM train 400 4.106730e-01 87.593516 98.944046
09/25 08:50:30 PM train 450 4.152489e-01 87.489606 98.919069
09/25 08:50:34 PM train 500 4.182566e-01 87.415793 98.930264
09/25 08:50:39 PM train 550 4.198442e-01 87.397913 98.919578
09/25 08:50:43 PM train 600 4.222399e-01 87.349210 98.895071
09/25 08:50:47 PM train 650 4.242418e-01 87.360791 98.864727
09/25 08:50:51 PM train 700 4.245417e-01 87.303852 98.872147
09/25 08:50:56 PM train 750 4.265896e-01 87.208722 98.866095
09/25 08:50:58 PM train_acc 87.134000
09/25 08:50:58 PM valid 000 1.170584e+00 73.437500 93.750000
09/25 08:51:00 PM valid 050 1.155831e+00 73.835784 92.922794
09/25 08:51:01 PM valid 100 1.143863e+00 74.149134 93.084777
09/25 08:51:02 PM valid 150 1.143514e+00 74.482616 93.087748
09/25 08:51:02 PM valid_acc 74.500000, best_acc 74.500000
09/25 08:51:02 PM epoch 329 lr 1.048029e-02
09/25 08:51:03 PM train 000 4.032850e-01 89.062500 100.000000
09/25 08:51:07 PM train 050 3.755031e-01 88.449755 99.264706
09/25 08:51:11 PM train 100 3.963608e-01 87.917698 98.932550
09/25 08:51:15 PM train 150 3.943877e-01 88.058775 98.975579
09/25 08:51:20 PM train 200 3.937200e-01 88.083022 98.981654
09/25 08:51:24 PM train 250 4.022849e-01 87.842380 98.991534
09/25 08:51:28 PM train 300 4.048046e-01 87.692068 98.977367
09/25 08:51:33 PM train 350 4.054873e-01 87.673611 98.927172
09/25 08:51:37 PM train 400 4.097458e-01 87.581827 98.881702
09/25 08:51:41 PM train 450 4.097405e-01 87.562361 98.846314
09/25 08:51:45 PM train 500 4.138494e-01 87.484406 98.793039
09/25 08:51:50 PM train 550 4.163670e-01 87.392241 98.791969
09/25 08:51:54 PM train 600 4.159927e-01 87.411606 98.788478
09/25 08:51:58 PM train 650 4.165777e-01 87.365591 98.768721
09/25 08:52:02 PM train 700 4.165581e-01 87.341744 98.785218
09/25 08:52:07 PM train 750 4.181785e-01 87.229527 98.789115
09/25 08:52:09 PM train_acc 87.166000
09/25 08:52:09 PM valid 000 9.851644e-01 78.125000 92.187500
09/25 08:52:11 PM valid 050 1.101179e+00 75.030637 92.922794
09/25 08:52:12 PM valid 100 1.086398e+00 74.907178 93.394183
09/25 08:52:13 PM valid 150 1.087557e+00 74.813742 93.356788
09/25 08:52:13 PM valid_acc 74.840000, best_acc 74.840000
09/25 08:52:13 PM epoch 330 lr 1.041573e-02
09/25 08:52:14 PM train 000 3.373743e-01 89.062500 100.000000
09/25 08:52:18 PM train 050 3.866918e-01 88.327206 99.111520
09/25 08:52:22 PM train 100 3.897766e-01 88.134282 99.164604
09/25 08:52:26 PM train 150 3.900967e-01 88.110513 99.151490
09/25 08:52:31 PM train 200 3.923726e-01 88.215174 99.090485
09/25 08:52:35 PM train 250 3.959161e-01 88.128735 99.097361
09/25 08:52:39 PM train 300 4.006559e-01 87.951620 99.050042
09/25 08:52:44 PM train 350 3.988894e-01 87.905093 99.038462
09/25 08:52:48 PM train 400 4.007693e-01 87.800031 99.018080
09/25 08:52:52 PM train 450 4.017130e-01 87.791020 99.002217
09/25 08:52:56 PM train 500 4.026949e-01 87.793164 98.961452
09/25 08:53:01 PM train 550 4.050096e-01 87.769397 98.933757
09/25 08:53:05 PM train 600 4.058532e-01 87.728785 98.910670
09/25 08:53:09 PM train 650 4.064474e-01 87.723214 98.936732
09/25 08:53:14 PM train 700 4.098496e-01 87.618135 98.912268
09/25 08:53:18 PM train 750 4.103188e-01 87.622753 98.909787
09/25 08:53:20 PM train_acc 87.526000
09/25 08:53:21 PM valid 000 1.118243e+00 73.437500 90.625000
09/25 08:53:22 PM valid 050 1.183103e+00 73.498775 92.953431
09/25 08:53:23 PM valid 100 1.163684e+00 73.932550 93.239480
09/25 08:53:24 PM valid 150 1.164067e+00 74.110099 93.346440
09/25 08:53:25 PM valid_acc 74.100000, best_acc 74.840000
09/25 08:53:25 PM epoch 331 lr 1.035123e-02
09/25 08:53:25 PM train 000 3.198558e-01 89.062500 100.000000
09/25 08:53:29 PM train 050 3.819873e-01 88.541667 99.172794
09/25 08:53:33 PM train 100 3.823955e-01 88.598391 99.211015
09/25 08:53:38 PM train 150 3.761920e-01 88.876242 99.265315
09/25 08:53:42 PM train 200 3.823615e-01 88.704913 99.175995
09/25 08:53:46 PM train 250 3.889495e-01 88.564492 99.103586
09/25 08:53:50 PM train 300 3.934609e-01 88.340947 99.091570
09/25 08:53:55 PM train 350 3.940072e-01 88.376959 99.056268
09/25 08:53:59 PM train 400 3.960860e-01 88.267612 99.010287
09/25 08:54:03 PM train 450 3.984381e-01 88.217156 98.977966
09/25 08:54:07 PM train 500 4.023989e-01 88.067615 98.945858
09/25 08:54:12 PM train 550 4.044407e-01 87.987750 98.925250
09/25 08:54:16 PM train 600 4.071426e-01 87.869176 98.895071
09/25 08:54:20 PM train 650 4.080595e-01 87.836022 98.881528
09/25 08:54:24 PM train 700 4.094615e-01 87.791994 98.889979
09/25 08:54:29 PM train 750 4.118961e-01 87.676848 98.874417
09/25 08:54:31 PM train_acc 87.646000
09/25 08:54:31 PM valid 000 1.009837e+00 71.875000 92.187500
09/25 08:54:33 PM valid 050 1.141859e+00 74.571078 92.892157
09/25 08:54:34 PM valid 100 1.130295e+00 74.737005 93.425124
09/25 08:54:35 PM valid 150 1.138455e+00 74.762003 93.367136
09/25 08:54:35 PM valid_acc 74.760000, best_acc 74.840000
09/25 08:54:35 PM epoch 332 lr 1.028678e-02
09/25 08:54:36 PM train 000 2.809666e-01 93.750000 100.000000
09/25 08:54:40 PM train 050 3.880237e-01 88.694853 98.927696
09/25 08:54:44 PM train 100 3.897027e-01 88.629332 99.149134
09/25 08:54:48 PM train 150 3.848407e-01 88.617550 99.099752
09/25 08:54:53 PM train 200 3.921784e-01 88.230721 99.028296
09/25 08:54:57 PM train 250 3.952633e-01 88.128735 99.084910
09/25 08:55:01 PM train 300 3.981281e-01 88.086586 99.018895
09/25 08:55:05 PM train 350 4.039206e-01 87.913996 99.011752
09/25 08:55:10 PM train 400 4.041364e-01 87.901340 98.994701
09/25 08:55:14 PM train 450 4.079367e-01 87.735588 98.953714
09/25 08:55:18 PM train 500 4.077512e-01 87.749501 98.948977
09/25 08:55:23 PM train 550 4.078500e-01 87.814769 98.962114
09/25 08:55:27 PM train 600 4.089450e-01 87.770383 98.957467
09/25 08:55:31 PM train 650 4.094923e-01 87.756816 98.963134
09/25 08:55:35 PM train 700 4.108837e-01 87.707293 98.936787
09/25 08:55:40 PM train 750 4.137406e-01 87.583222 98.899384
09/25 08:55:42 PM train_acc 87.556000
09/25 08:55:42 PM valid 000 9.519088e-01 73.437500 95.312500
09/25 08:55:43 PM valid 050 1.167205e+00 73.621324 93.290441
09/25 08:55:45 PM valid 100 1.121769e+00 74.118193 93.425124
09/25 08:55:46 PM valid 150 1.118127e+00 74.441225 93.470613
09/25 08:55:46 PM valid_acc 74.450000, best_acc 74.840000
09/25 08:55:46 PM epoch 333 lr 1.022240e-02
09/25 08:55:46 PM train 000 4.067251e-01 87.500000 98.437500
09/25 08:55:51 PM train 050 3.983359e-01 87.990196 99.080882
09/25 08:55:55 PM train 100 3.973526e-01 88.134282 99.071782
09/25 08:55:59 PM train 150 3.984148e-01 87.841474 99.110099
09/25 08:56:04 PM train 200 3.974405e-01 87.857587 99.036070
09/25 08:56:08 PM train 250 3.999649e-01 87.861056 99.028884
09/25 08:56:12 PM train 300 4.011879e-01 87.816653 99.050042
09/25 08:56:16 PM train 350 4.005125e-01 87.976318 99.042913
09/25 08:56:21 PM train 400 3.968209e-01 88.029925 99.064838
09/25 08:56:25 PM train 450 3.967979e-01 88.030072 99.036863
09/25 08:56:29 PM train 500 4.007215e-01 87.902320 98.964571
09/25 08:56:33 PM train 550 4.016273e-01 87.882827 98.947936
09/25 08:56:38 PM train 600 4.068799e-01 87.702787 98.908070
09/25 08:56:42 PM train 650 4.086113e-01 87.629608 98.910330
09/25 08:56:46 PM train 700 4.110725e-01 87.549037 98.912268
09/25 08:56:50 PM train 750 4.123172e-01 87.529128 98.897304
09/25 08:56:53 PM train_acc 87.502000
09/25 08:56:53 PM valid 000 9.883617e-01 76.562500 93.750000
09/25 08:56:54 PM valid 050 1.160064e+00 73.651961 92.769608
09/25 08:56:56 PM valid 100 1.127828e+00 74.118193 93.425124
09/25 08:56:57 PM valid 150 1.146444e+00 73.996275 93.325745
09/25 08:56:57 PM valid_acc 74.010000, best_acc 74.840000
09/25 08:56:57 PM epoch 334 lr 1.015807e-02
09/25 08:56:57 PM train 000 4.321328e-01 87.500000 100.000000
09/25 08:57:02 PM train 050 3.691537e-01 89.215686 99.050245
09/25 08:57:06 PM train 100 3.725616e-01 89.047030 99.009901
09/25 08:57:10 PM train 150 3.745377e-01 88.710679 98.965232
09/25 08:57:15 PM train 200 3.760391e-01 88.728234 99.012749
09/25 08:57:19 PM train 250 3.781703e-01 88.608068 99.041335
09/25 08:57:23 PM train 300 3.863638e-01 88.403239 99.024086
09/25 08:57:27 PM train 350 3.890310e-01 88.310185 99.025107
09/25 08:57:32 PM train 400 3.940432e-01 88.064994 98.998597
09/25 08:57:36 PM train 450 3.976715e-01 87.922672 98.946785
09/25 08:57:40 PM train 500 4.007381e-01 87.883608 98.920908
09/25 08:57:45 PM train 550 4.029026e-01 87.871484 98.894056
09/25 08:57:49 PM train 600 4.089047e-01 87.655990 98.861273
09/25 08:57:53 PM train 650 4.109651e-01 87.596006 98.859927
09/25 08:57:57 PM train 700 4.120888e-01 87.500000 98.861002
09/25 08:58:02 PM train 750 4.120166e-01 87.537450 98.859854
09/25 08:58:04 PM train_acc 87.504000
09/25 08:58:04 PM valid 000 1.005431e+00 75.000000 93.750000
09/25 08:58:06 PM valid 050 1.163549e+00 73.529412 93.290441
09/25 08:58:07 PM valid 100 1.133116e+00 74.350248 93.703589
09/25 08:58:08 PM valid 150 1.142214e+00 74.482616 93.718957
09/25 08:58:08 PM valid_acc 74.420000, best_acc 74.840000
09/25 08:58:08 PM epoch 335 lr 1.009382e-02
09/25 08:58:09 PM train 000 3.694848e-01 89.062500 98.437500
09/25 08:58:13 PM train 050 3.906007e-01 88.480392 98.988971
09/25 08:58:17 PM train 100 3.956829e-01 87.948639 99.009901
09/25 08:58:21 PM train 150 3.910714e-01 88.162252 99.027318
09/25 08:58:26 PM train 200 3.936171e-01 88.114117 99.028296
09/25 08:58:30 PM train 250 3.956008e-01 88.060259 99.003984
09/25 08:58:34 PM train 300 4.001193e-01 87.930855 98.951412
09/25 08:58:39 PM train 350 4.004122e-01 87.985221 98.967236
09/25 08:58:43 PM train 400 3.959422e-01 88.131234 98.979115
09/25 08:58:47 PM train 450 3.977720e-01 88.050859 98.971037
09/25 08:58:51 PM train 500 4.001970e-01 88.002121 98.967690
09/25 08:58:56 PM train 550 4.034812e-01 87.882827 98.953607
09/25 08:59:00 PM train 600 4.073780e-01 87.759983 98.908070
09/25 08:59:04 PM train 650 4.136102e-01 87.615207 98.859927
09/25 08:59:09 PM train 700 4.142703e-01 87.629280 98.852086
09/25 08:59:13 PM train 750 4.162399e-01 87.527047 98.839048
09/25 08:59:16 PM train_acc 87.440000
09/25 08:59:16 PM valid 000 9.441085e-01 75.000000 92.187500
09/25 08:59:17 PM valid 050 1.178544e+00 73.988971 92.800245
09/25 08:59:18 PM valid 100 1.147620e+00 74.365718 93.471535
09/25 08:59:19 PM valid 150 1.154034e+00 74.358444 93.418874
09/25 08:59:20 PM valid_acc 74.390000, best_acc 74.840000
09/25 08:59:20 PM epoch 336 lr 1.002962e-02
09/25 08:59:20 PM train 000 4.845596e-01 87.500000 96.875000
09/25 08:59:24 PM train 050 3.764178e-01 88.664216 99.142157
09/25 08:59:28 PM train 100 3.805312e-01 88.706683 99.071782
09/25 08:59:33 PM train 150 3.821252e-01 88.638245 99.016970
09/25 08:59:37 PM train 200 3.762421e-01 88.813744 99.074938
09/25 08:59:41 PM train 250 3.831550e-01 88.508466 99.047560
09/25 08:59:45 PM train 300 3.860753e-01 88.408430 99.024086
09/25 08:59:50 PM train 350 3.909954e-01 88.296830 99.038462
09/25 08:59:54 PM train 400 3.908626e-01 88.174096 99.049252
09/25 08:59:58 PM train 450 3.913177e-01 88.120150 99.019540
09/25 09:00:03 PM train 500 3.934107e-01 88.020833 99.014471
09/25 09:00:07 PM train 550 3.987312e-01 87.854469 99.007486
09/25 09:00:11 PM train 600 3.972136e-01 87.926373 99.017263
09/25 09:00:15 PM train 650 3.993746e-01 87.869624 98.994336
09/25 09:00:19 PM train 700 4.008153e-01 87.841031 99.010342
09/25 09:00:24 PM train 750 4.031363e-01 87.755909 99.003412
09/25 09:00:26 PM train_acc 87.710000
09/25 09:00:26 PM valid 000 9.676217e-01 73.437500 89.062500
09/25 09:00:28 PM valid 050 1.185650e+00 73.621324 92.984069
09/25 09:00:29 PM valid 100 1.158132e+00 73.561262 93.316832
09/25 09:00:30 PM valid 150 1.156396e+00 73.706540 93.232616
09/25 09:00:30 PM valid_acc 73.750000, best_acc 74.840000
09/25 09:00:30 PM epoch 337 lr 9.965499e-03
09/25 09:00:31 PM train 000 4.378382e-01 87.500000 98.437500
09/25 09:00:35 PM train 050 3.717814e-01 89.399510 99.050245
09/25 09:00:39 PM train 100 3.686045e-01 89.108911 98.994431
09/25 09:00:43 PM train 150 3.794112e-01 88.783113 98.954884
09/25 09:00:48 PM train 200 3.841621e-01 88.495025 98.966107
09/25 09:00:52 PM train 250 3.881945e-01 88.365289 98.997759
09/25 09:00:56 PM train 300 3.914212e-01 88.278654 99.013704
09/25 09:01:00 PM train 350 3.913129e-01 88.323540 99.047365
09/25 09:01:05 PM train 400 3.960455e-01 88.216958 99.018080
09/25 09:01:09 PM train 450 3.980521e-01 88.071646 99.016075
09/25 09:01:13 PM train 500 3.989510e-01 88.033308 99.005115
09/25 09:01:17 PM train 550 3.975744e-01 88.101180 98.993308
09/25 09:01:21 PM train 600 3.983998e-01 88.053765 98.991265
09/25 09:01:26 PM train 650 3.995856e-01 87.996832 99.001536
09/25 09:01:30 PM train 700 4.021222e-01 87.881152 99.010342
09/25 09:01:34 PM train 750 4.044596e-01 87.814164 98.995090
09/25 09:01:37 PM train_acc 87.806000
09/25 09:01:37 PM valid 000 1.047219e+00 78.125000 90.625000
09/25 09:01:38 PM valid 050 1.136439e+00 74.540441 93.290441
09/25 09:01:40 PM valid 100 1.100297e+00 74.953589 93.765470
09/25 09:01:41 PM valid 150 1.111409e+00 74.803394 93.750000
09/25 09:01:41 PM valid_acc 74.840000, best_acc 74.840000
09/25 09:01:41 PM epoch 338 lr 9.901444e-03
09/25 09:01:41 PM train 000 4.873019e-01 85.937500 96.875000
09/25 09:01:46 PM train 050 3.815973e-01 88.878676 98.743873
09/25 09:01:50 PM train 100 3.867653e-01 88.536510 98.870668
09/25 09:01:54 PM train 150 3.810541e-01 88.803808 98.934189
09/25 09:01:58 PM train 200 3.857743e-01 88.510572 98.896144
09/25 09:02:03 PM train 250 3.879077e-01 88.552042 98.891932
09/25 09:02:07 PM train 300 3.928533e-01 88.309801 98.878738
09/25 09:02:11 PM train 350 3.941731e-01 88.225605 98.882657
09/25 09:02:15 PM train 400 3.980114e-01 88.096166 98.893392
09/25 09:02:20 PM train 450 3.983609e-01 88.057788 98.887888
09/25 09:02:24 PM train 500 3.949674e-01 88.136228 98.914671
09/25 09:02:28 PM train 550 3.951594e-01 88.152223 98.919578
09/25 09:02:32 PM train 600 3.968672e-01 88.118760 98.926269
09/25 09:02:37 PM train 650 3.976984e-01 88.078437 98.936732
09/25 09:02:41 PM train 700 4.000893e-01 87.963623 98.927871
09/25 09:02:45 PM train 750 4.023336e-01 87.930676 98.909787
09/25 09:02:48 PM train_acc 87.914000
09/25 09:02:48 PM valid 000 8.153948e-01 78.125000 95.312500
09/25 09:02:49 PM valid 050 1.102445e+00 75.030637 93.321078
09/25 09:02:50 PM valid 100 1.079069e+00 75.108292 93.827351
09/25 09:02:52 PM valid 150 1.086502e+00 74.917219 93.708609
09/25 09:02:52 PM valid_acc 74.980000, best_acc 74.980000
09/25 09:02:52 PM epoch 339 lr 9.837461e-03
09/25 09:02:52 PM train 000 4.228259e-01 87.500000 98.437500
09/25 09:02:57 PM train 050 3.681971e-01 89.001225 98.988971
09/25 09:03:01 PM train 100 3.729989e-01 88.892327 99.118193
09/25 09:03:05 PM train 150 3.759261e-01 88.783113 99.058361
09/25 09:03:09 PM train 200 3.748448e-01 88.868159 99.067164
09/25 09:03:13 PM train 250 3.753904e-01 88.763695 99.091135
09/25 09:03:18 PM train 300 3.821095e-01 88.569352 99.065615
09/25 09:03:22 PM train 350 3.838926e-01 88.497151 99.074074
09/25 09:03:26 PM train 400 3.889058e-01 88.318267 99.049252
09/25 09:03:31 PM train 450 3.894838e-01 88.296840 99.071508
09/25 09:03:35 PM train 500 3.921567e-01 88.136228 99.058134
09/25 09:03:39 PM train 550 3.946991e-01 88.092672 99.061366
09/25 09:03:43 PM train 600 3.957682e-01 88.061564 99.040661
09/25 09:03:48 PM train 650 3.983275e-01 87.946429 99.030338
09/25 09:03:52 PM train 700 3.984715e-01 87.923502 99.030403
09/25 09:03:56 PM train 750 4.007423e-01 87.822487 99.001332
09/25 09:03:59 PM train_acc 87.758000
09/25 09:03:59 PM valid 000 1.107648e+00 81.250000 92.187500
09/25 09:04:00 PM valid 050 1.138379e+00 73.835784 92.953431
09/25 09:04:01 PM valid 100 1.111223e+00 74.520421 93.765470
09/25 09:04:03 PM valid 150 1.115349e+00 74.358444 93.698262
09/25 09:04:03 PM valid_acc 74.350000, best_acc 74.980000
09/25 09:04:03 PM epoch 340 lr 9.773550e-03
09/25 09:04:03 PM train 000 3.612036e-01 90.625000 98.437500
09/25 09:04:07 PM train 050 3.592883e-01 89.062500 99.264706
09/25 09:04:12 PM train 100 3.581732e-01 89.371906 99.272896
09/25 09:04:16 PM train 150 3.602424e-01 89.269454 99.203228
09/25 09:04:20 PM train 200 3.625680e-01 89.101368 99.222637
09/25 09:04:24 PM train 250 3.658351e-01 88.894422 99.178287
09/25 09:04:29 PM train 300 3.682674e-01 88.756229 99.159053
09/25 09:04:33 PM train 350 3.729097e-01 88.590634 99.163105
09/25 09:04:37 PM train 400 3.803640e-01 88.388404 99.154458
09/25 09:04:41 PM train 450 3.824769e-01 88.400776 99.126940
09/25 09:04:46 PM train 500 3.864889e-01 88.223553 99.108034
09/25 09:04:50 PM train 550 3.880468e-01 88.194760 99.106738
09/25 09:04:54 PM train 600 3.896853e-01 88.168157 99.082259
09/25 09:04:59 PM train 650 3.916834e-01 88.088038 99.063940
09/25 09:05:03 PM train 700 3.939350e-01 88.063927 99.066066
09/25 09:05:07 PM train 750 3.941912e-01 88.047187 99.065829
09/25 09:05:10 PM train_acc 87.954000
09/25 09:05:10 PM valid 000 1.435628e+00 71.875000 89.062500
09/25 09:05:11 PM valid 050 1.155908e+00 73.284314 93.412990
09/25 09:05:12 PM valid 100 1.130460e+00 73.917079 93.688119
09/25 09:05:14 PM valid 150 1.135062e+00 74.130795 93.615480
09/25 09:05:14 PM valid_acc 74.120000, best_acc 74.980000
09/25 09:05:14 PM epoch 341 lr 9.709714e-03
09/25 09:05:14 PM train 000 2.181706e-01 93.750000 100.000000
09/25 09:05:19 PM train 050 3.779128e-01 88.511029 99.019608
09/25 09:05:23 PM train 100 3.859183e-01 88.412748 99.195545
09/25 09:05:27 PM train 150 3.866469e-01 88.441639 99.182533
09/25 09:05:31 PM train 200 3.812759e-01 88.627177 99.137127
09/25 09:05:36 PM train 250 3.793980e-01 88.558267 99.128486
09/25 09:05:40 PM train 300 3.802012e-01 88.475914 99.101952
09/25 09:05:44 PM train 350 3.827408e-01 88.408120 99.060719
09/25 09:05:49 PM train 400 3.847595e-01 88.388404 99.033666
09/25 09:05:53 PM train 450 3.858029e-01 88.411170 99.012611
09/25 09:05:57 PM train 500 3.892455e-01 88.285928 98.973927
09/25 09:06:01 PM train 550 3.918926e-01 88.231624 98.956443
09/25 09:06:06 PM train 600 3.948165e-01 88.149958 98.947067
09/25 09:06:10 PM train 650 3.976525e-01 88.083237 98.939132
09/25 09:06:14 PM train 700 3.974354e-01 88.057240 98.941245
09/25 09:06:19 PM train 750 3.992809e-01 87.949401 98.934754
09/25 09:06:21 PM train_acc 87.930000
09/25 09:06:21 PM valid 000 1.206153e+00 70.312500 92.187500
09/25 09:06:23 PM valid 050 1.170060e+00 72.487745 93.688725
09/25 09:06:24 PM valid 100 1.138403e+00 73.530322 93.982054
09/25 09:06:25 PM valid 150 1.143941e+00 73.789321 93.781043
09/25 09:06:25 PM valid_acc 73.920000, best_acc 74.980000
09/25 09:06:25 PM epoch 342 lr 9.645955e-03
09/25 09:06:25 PM train 000 3.262721e-01 95.312500 100.000000
09/25 09:06:30 PM train 050 3.535842e-01 89.613971 99.264706
09/25 09:06:34 PM train 100 3.467993e-01 89.774134 99.303837
09/25 09:06:38 PM train 150 3.456527e-01 89.704056 99.275662
09/25 09:06:42 PM train 200 3.492137e-01 89.598881 99.284826
09/25 09:06:47 PM train 250 3.625530e-01 89.205677 99.196962
09/25 09:06:51 PM train 300 3.685016e-01 88.948297 99.133098
09/25 09:06:55 PM train 350 3.770704e-01 88.652956 99.082977
09/25 09:07:00 PM train 400 3.803949e-01 88.516989 99.033666
09/25 09:07:04 PM train 450 3.830704e-01 88.466602 99.012611
09/25 09:07:08 PM train 500 3.873421e-01 88.279691 98.998877
09/25 09:07:12 PM train 550 3.889035e-01 88.223117 98.998979
09/25 09:07:17 PM train 600 3.907488e-01 88.168157 98.983465
09/25 09:07:21 PM train 650 3.925535e-01 88.145641 98.994336
09/25 09:07:25 PM train 700 3.943714e-01 88.115193 98.983595
09/25 09:07:29 PM train 750 3.966904e-01 88.063832 98.951398
09/25 09:07:32 PM train_acc 87.998000
09/25 09:07:32 PM valid 000 9.065648e-01 76.562500 93.750000
09/25 09:07:33 PM valid 050 1.154983e+00 74.111520 92.953431
09/25 09:07:35 PM valid 100 1.130607e+00 74.241955 93.517946
09/25 09:07:36 PM valid 150 1.137869e+00 74.234272 93.356788
09/25 09:07:36 PM valid_acc 74.280000, best_acc 74.980000
09/25 09:07:36 PM epoch 343 lr 9.582273e-03
09/25 09:07:36 PM train 000 4.260760e-01 85.937500 98.437500
09/25 09:07:41 PM train 050 3.499157e-01 90.196078 99.019608
09/25 09:07:45 PM train 100 3.489271e-01 89.866955 99.118193
09/25 09:07:49 PM train 150 3.557242e-01 89.579884 99.048013
09/25 09:07:53 PM train 200 3.682216e-01 89.287935 98.950560
09/25 09:07:58 PM train 250 3.729560e-01 89.137201 98.972859
09/25 09:08:02 PM train 300 3.760923e-01 88.963870 98.972176
09/25 09:08:06 PM train 350 3.820168e-01 88.782051 98.989494
09/25 09:08:10 PM train 400 3.848816e-01 88.653367 98.986908
09/25 09:08:15 PM train 450 3.875662e-01 88.594789 98.974501
09/25 09:08:19 PM train 500 3.909318e-01 88.407560 98.986402
09/25 09:08:23 PM train 550 3.924921e-01 88.308190 98.979129
09/25 09:08:27 PM train 600 3.953611e-01 88.207155 98.947067
09/25 09:08:32 PM train 650 3.971460e-01 88.100038 98.941532
09/25 09:08:36 PM train 700 3.992616e-01 88.039408 98.918955
09/25 09:08:40 PM train 750 4.006593e-01 88.013898 98.920190
09/25 09:08:43 PM train_acc 87.980000
09/25 09:08:43 PM valid 000 1.225211e+00 76.562500 87.500000
09/25 09:08:44 PM valid 050 1.103515e+00 74.540441 93.841912
09/25 09:08:45 PM valid 100 1.078977e+00 74.984530 93.997525
09/25 09:08:47 PM valid 150 1.094829e+00 75.041391 93.812086
09/25 09:08:47 PM valid_acc 75.110000, best_acc 75.110000
09/25 09:08:47 PM epoch 344 lr 9.518672e-03
09/25 09:08:47 PM train 000 2.609051e-01 95.312500 98.437500
09/25 09:08:51 PM train 050 3.645530e-01 89.154412 98.835784
09/25 09:08:56 PM train 100 3.595033e-01 89.542079 98.855198
09/25 09:09:00 PM train 150 3.641637e-01 89.362583 98.861755
09/25 09:09:04 PM train 200 3.725352e-01 89.171331 98.896144
09/25 09:09:08 PM train 250 3.738050e-01 89.018924 98.860807
09/25 09:09:13 PM train 300 3.737779e-01 88.989826 98.863164
09/25 09:09:17 PM train 350 3.770237e-01 88.804309 98.860399
09/25 09:09:21 PM train 400 3.810141e-01 88.661160 98.885599
09/25 09:09:25 PM train 450 3.850240e-01 88.553215 98.863636
09/25 09:09:30 PM train 500 3.849111e-01 88.582211 98.874127
09/25 09:09:34 PM train 550 3.911476e-01 88.407441 98.843013
09/25 09:09:38 PM train 600 3.924113e-01 88.342346 98.835275
09/25 09:09:43 PM train 650 3.951806e-01 88.176843 98.833525
09/25 09:09:47 PM train 700 3.961582e-01 88.135253 98.823110
09/25 09:09:51 PM train 750 3.975349e-01 88.138732 98.807840
09/25 09:09:54 PM train_acc 88.108000
09/25 09:09:54 PM valid 000 9.804098e-01 73.437500 93.750000
09/25 09:09:55 PM valid 050 1.184122e+00 73.468137 93.259804
09/25 09:09:57 PM valid 100 1.138002e+00 74.180074 93.564356
09/25 09:09:58 PM valid 150 1.138276e+00 74.265315 93.449917
09/25 09:09:58 PM valid_acc 74.360000, best_acc 75.110000
09/25 09:09:58 PM epoch 345 lr 9.455153e-03
09/25 09:09:58 PM train 000 3.235082e-01 87.500000 100.000000
09/25 09:10:03 PM train 050 3.703421e-01 88.939951 99.019608
09/25 09:10:07 PM train 100 3.706214e-01 88.412748 99.211015
09/25 09:10:11 PM train 150 3.637876e-01 88.917632 99.213576
09/25 09:10:15 PM train 200 3.699909e-01 88.759328 99.106032
09/25 09:10:20 PM train 250 3.697074e-01 88.769920 99.109811
09/25 09:10:24 PM train 300 3.695049e-01 88.875623 99.081188
09/25 09:10:28 PM train 350 3.744634e-01 88.701923 99.069623
09/25 09:10:32 PM train 400 3.710044e-01 88.852089 99.099906
09/25 09:10:37 PM train 450 3.740457e-01 88.813054 99.040327
09/25 09:10:41 PM train 500 3.771479e-01 88.735030 98.998877
09/25 09:10:45 PM train 550 3.784745e-01 88.688181 99.010322
09/25 09:10:50 PM train 600 3.786123e-01 88.643927 99.043261
09/25 09:10:54 PM train 650 3.804007e-01 88.558468 99.056740
09/25 09:10:58 PM train 700 3.835478e-01 88.487429 99.034861
09/25 09:11:02 PM train 750 3.858976e-01 88.392560 99.017976
09/25 09:11:05 PM train_acc 88.364000
09/25 09:11:05 PM valid 000 9.368769e-01 78.125000 92.187500
09/25 09:11:06 PM valid 050 1.128919e+00 73.498775 93.627451
09/25 09:11:08 PM valid 100 1.104336e+00 74.241955 94.043936
09/25 09:11:09 PM valid 150 1.123704e+00 74.254967 93.822434
09/25 09:11:09 PM valid_acc 74.350000, best_acc 75.110000
09/25 09:11:09 PM epoch 346 lr 9.391717e-03
09/25 09:11:09 PM train 000 2.471551e-01 95.312500 100.000000
09/25 09:11:14 PM train 050 3.605045e-01 89.001225 99.080882
09/25 09:11:18 PM train 100 3.611092e-01 89.124381 99.071782
09/25 09:11:22 PM train 150 3.654682e-01 88.938328 99.120447
09/25 09:11:26 PM train 200 3.645123e-01 88.837065 99.191542
09/25 09:11:31 PM train 250 3.663530e-01 88.850847 99.172062
09/25 09:11:35 PM train 300 3.691607e-01 88.740656 99.179817
09/25 09:11:39 PM train 350 3.705824e-01 88.639601 99.145299
09/25 09:11:44 PM train 400 3.714949e-01 88.645574 99.131079
09/25 09:11:48 PM train 450 3.745779e-01 88.567073 99.074972
09/25 09:11:52 PM train 500 3.785393e-01 88.510479 99.067490
09/25 09:11:57 PM train 550 3.800934e-01 88.503857 99.055694
09/25 09:12:01 PM train 600 3.817300e-01 88.464538 99.053661
09/25 09:12:05 PM train 650 3.835704e-01 88.364055 99.018337
09/25 09:12:10 PM train 700 3.856246e-01 88.286822 99.019258
09/25 09:12:14 PM train 750 3.893849e-01 88.161618 98.997170
09/25 09:12:17 PM train_acc 88.092000
09/25 09:12:17 PM valid 000 1.177050e+00 76.562500 90.625000
09/25 09:12:18 PM valid 050 1.123391e+00 74.203431 93.412990
09/25 09:12:19 PM valid 100 1.078458e+00 75.139233 93.920173
09/25 09:12:21 PM valid 150 1.101070e+00 75.082781 93.946606
09/25 09:12:21 PM valid_acc 75.110000, best_acc 75.110000
09/25 09:12:21 PM epoch 347 lr 9.328366e-03
09/25 09:12:21 PM train 000 2.208643e-01 93.750000 100.000000
09/25 09:12:25 PM train 050 3.618256e-01 89.185049 99.111520
09/25 09:12:29 PM train 100 3.684334e-01 88.861386 99.195545
09/25 09:12:34 PM train 150 3.733330e-01 88.752070 99.058361
09/25 09:12:38 PM train 200 3.729832e-01 88.899254 99.082711
09/25 09:12:42 PM train 250 3.708835e-01 88.981574 99.078685
09/25 09:12:47 PM train 300 3.755952e-01 88.875623 99.050042
09/25 09:12:51 PM train 350 3.774702e-01 88.786503 99.038462
09/25 09:12:55 PM train 400 3.770376e-01 88.781951 99.049252
09/25 09:12:59 PM train 450 3.796853e-01 88.664080 99.033398
09/25 09:13:04 PM train 500 3.808168e-01 88.672655 99.017590
09/25 09:13:08 PM train 550 3.808814e-01 88.637137 99.050023
09/25 09:13:12 PM train 600 3.810639e-01 88.625728 99.043261
09/25 09:13:16 PM train 650 3.844108e-01 88.512865 99.032738
09/25 09:13:21 PM train 700 3.870487e-01 88.411644 99.012571
09/25 09:13:25 PM train 750 3.878981e-01 88.363432 98.999251
09/25 09:13:28 PM train_acc 88.336000
09/25 09:13:28 PM valid 000 1.194309e+00 79.687500 90.625000
09/25 09:13:29 PM valid 050 1.125015e+00 74.479167 93.688725
09/25 09:13:30 PM valid 100 1.118527e+00 74.752475 93.796411
09/25 09:13:32 PM valid 150 1.118717e+00 74.875828 93.718957
09/25 09:13:32 PM valid_acc 74.860000, best_acc 75.110000
09/25 09:13:32 PM epoch 348 lr 9.265102e-03
09/25 09:13:32 PM train 000 4.557982e-01 85.937500 100.000000
09/25 09:13:36 PM train 050 3.685379e-01 88.480392 99.264706
09/25 09:13:40 PM train 100 3.727317e-01 88.582921 99.164604
09/25 09:13:45 PM train 150 3.726461e-01 88.886589 99.110099
09/25 09:13:49 PM train 200 3.758400e-01 88.868159 99.043843
09/25 09:13:53 PM train 250 3.739728e-01 88.994024 99.091135
09/25 09:13:57 PM train 300 3.697153e-01 89.145556 99.127907
09/25 09:14:02 PM train 350 3.702582e-01 89.138177 99.145299
09/25 09:14:06 PM train 400 3.685637e-01 89.148223 99.173940
09/25 09:14:10 PM train 450 3.754963e-01 88.910061 99.123476
09/25 09:14:14 PM train 500 3.784439e-01 88.781811 99.098678
09/25 09:14:19 PM train 550 3.804633e-01 88.662659 99.072709
09/25 09:14:23 PM train 600 3.826435e-01 88.633527 99.064060
09/25 09:14:27 PM train 650 3.851757e-01 88.532066 99.049539
09/25 09:14:32 PM train 700 3.872607e-01 88.422789 99.032632
09/25 09:14:36 PM train 750 3.883055e-01 88.423768 99.013815
09/25 09:14:38 PM train_acc 88.414000
09/25 09:14:38 PM valid 000 1.163862e+00 79.687500 92.187500
09/25 09:14:40 PM valid 050 1.129455e+00 75.153186 93.658088
09/25 09:14:41 PM valid 100 1.123881e+00 75.000000 93.657178
09/25 09:14:42 PM valid 150 1.131917e+00 74.834437 93.708609
09/25 09:14:42 PM valid_acc 74.850000, best_acc 75.110000
09/25 09:14:43 PM epoch 349 lr 9.201927e-03
09/25 09:14:43 PM train 000 3.453977e-01 92.187500 100.000000
09/25 09:14:47 PM train 050 3.490456e-01 89.859069 99.172794
09/25 09:14:51 PM train 100 3.504818e-01 89.727723 99.180074
09/25 09:14:55 PM train 150 3.460038e-01 89.828228 99.234272
09/25 09:15:00 PM train 200 3.537877e-01 89.458955 99.152674
09/25 09:15:04 PM train 250 3.519676e-01 89.498257 99.203187
09/25 09:15:08 PM train 300 3.572622e-01 89.332434 99.159053
09/25 09:15:12 PM train 350 3.598455e-01 89.253917 99.140848
09/25 09:15:17 PM train 400 3.656644e-01 89.105362 99.111596
09/25 09:15:21 PM train 450 3.685415e-01 89.041713 99.085366
09/25 09:15:25 PM train 500 3.742104e-01 88.847305 99.058134
09/25 09:15:29 PM train 550 3.775581e-01 88.710867 99.047187
09/25 09:15:34 PM train 600 3.780992e-01 88.656926 99.051061
09/25 09:15:38 PM train 650 3.808207e-01 88.599270 99.042339
09/25 09:15:42 PM train 700 3.835845e-01 88.487429 99.046006
09/25 09:15:47 PM train 750 3.866573e-01 88.359271 99.028379
09/25 09:15:49 PM train_acc 88.338000
09/25 09:15:49 PM valid 000 7.954130e-01 90.625000 93.750000
09/25 09:15:51 PM valid 050 1.122177e+00 74.938725 93.719363
09/25 09:15:52 PM valid 100 1.102047e+00 75.139233 93.997525
09/25 09:15:53 PM valid 150 1.110998e+00 75.041391 93.977649
09/25 09:15:53 PM valid_acc 75.060000, best_acc 75.110000
09/25 09:15:53 PM epoch 350 lr 9.138843e-03
09/25 09:15:54 PM train 000 3.681558e-01 90.625000 98.437500
09/25 09:15:58 PM train 050 3.529403e-01 89.460784 99.111520
09/25 09:16:02 PM train 100 3.621232e-01 89.433787 99.118193
09/25 09:16:07 PM train 150 3.582737e-01 89.579884 99.161838
09/25 09:16:11 PM train 200 3.606046e-01 89.497823 99.175995
09/25 09:16:15 PM train 250 3.674967e-01 89.323954 99.122261
09/25 09:16:19 PM train 300 3.688167e-01 89.238995 99.133098
09/25 09:16:24 PM train 350 3.712462e-01 89.124822 99.123041
09/25 09:16:28 PM train 400 3.719162e-01 89.101465 99.111596
09/25 09:16:32 PM train 450 3.707709e-01 89.111003 99.120011
09/25 09:16:37 PM train 500 3.717104e-01 89.056262 99.117390
09/25 09:16:41 PM train 550 3.734471e-01 88.915041 99.098230
09/25 09:16:45 PM train 600 3.774034e-01 88.773918 99.051061
09/25 09:16:50 PM train 650 3.794431e-01 88.709677 99.023137
09/25 09:16:54 PM train 700 3.836313e-01 88.625624 99.005884
09/25 09:16:58 PM train 750 3.861281e-01 88.550682 98.982607
09/25 09:17:01 PM train_acc 88.486000
09/25 09:17:01 PM valid 000 1.012351e+00 76.562500 92.187500
09/25 09:17:02 PM valid 050 1.104462e+00 75.245098 93.535539
09/25 09:17:04 PM valid 100 1.093684e+00 75.556931 93.935644
09/25 09:17:05 PM valid 150 1.098794e+00 75.403560 93.956954
09/25 09:17:05 PM valid_acc 75.330000, best_acc 75.330000
09/25 09:17:05 PM epoch 351 lr 9.075850e-03
09/25 09:17:05 PM train 000 3.892793e-01 89.062500 98.437500
09/25 09:17:10 PM train 050 3.576723e-01 89.491422 99.142157
09/25 09:17:14 PM train 100 3.529905e-01 89.758663 99.211015
09/25 09:17:18 PM train 150 3.527890e-01 89.817881 99.172185
09/25 09:17:23 PM train 200 3.574900e-01 89.536692 99.082711
09/25 09:17:27 PM train 250 3.586363e-01 89.442231 99.078685
09/25 09:17:31 PM train 300 3.619636e-01 89.322051 99.075997
09/25 09:17:35 PM train 350 3.651626e-01 89.187144 99.087429
09/25 09:17:40 PM train 400 3.650594e-01 89.171602 99.088217
09/25 09:17:44 PM train 450 3.657250e-01 89.180294 99.102688
09/25 09:17:48 PM train 500 3.685845e-01 89.065619 99.067490
09/25 09:17:53 PM train 550 3.701236e-01 89.028471 99.084052
09/25 09:17:57 PM train 600 3.731036e-01 88.979305 99.038062
09/25 09:18:01 PM train 650 3.762952e-01 88.899290 99.020737
09/25 09:18:05 PM train 700 3.783424e-01 88.821772 99.028174
09/25 09:18:10 PM train 750 3.803045e-01 88.767061 99.028379
09/25 09:18:12 PM train_acc 88.708000
09/25 09:18:12 PM valid 000 1.090524e+00 76.562500 90.625000
09/25 09:18:14 PM valid 050 1.094745e+00 74.387255 93.474265
09/25 09:18:15 PM valid 100 1.084019e+00 74.984530 93.780941
09/25 09:18:16 PM valid 150 1.095227e+00 74.979305 93.739652
09/25 09:18:16 PM valid_acc 75.000000, best_acc 75.330000
09/25 09:18:17 PM epoch 352 lr 9.012952e-03
09/25 09:18:17 PM train 000 4.868987e-01 87.500000 100.000000
09/25 09:18:21 PM train 050 3.386415e-01 89.767157 99.234069
09/25 09:18:25 PM train 100 3.527826e-01 89.062500 99.241955
09/25 09:18:30 PM train 150 3.550515e-01 89.238411 99.223924
09/25 09:18:34 PM train 200 3.628971e-01 89.031405 99.199316
09/25 09:18:38 PM train 250 3.693122e-01 88.838396 99.159612
09/25 09:18:42 PM train 300 3.737766e-01 88.751038 99.081188
09/25 09:18:47 PM train 350 3.734413e-01 88.684117 99.074074
09/25 09:18:51 PM train 400 3.734989e-01 88.676746 99.057045
09/25 09:18:55 PM train 450 3.757181e-01 88.629435 99.047256
09/25 09:19:00 PM train 500 3.764465e-01 88.663298 99.045659
09/25 09:19:04 PM train 550 3.778968e-01 88.586093 99.072709
09/25 09:19:08 PM train 600 3.811749e-01 88.459339 99.058860
09/25 09:19:13 PM train 650 3.835577e-01 88.412058 99.037538
09/25 09:19:17 PM train 700 3.868979e-01 88.353691 99.014800
09/25 09:19:21 PM train 750 3.890991e-01 88.290613 98.997170
09/25 09:19:24 PM train_acc 88.246000
09/25 09:19:24 PM valid 000 1.196656e+00 73.437500 92.187500
09/25 09:19:25 PM valid 050 1.082839e+00 75.214461 93.964461
09/25 09:19:27 PM valid 100 1.077442e+00 75.634282 94.012995
09/25 09:19:28 PM valid 150 1.091281e+00 75.331126 93.915563
09/25 09:19:28 PM valid_acc 75.310000, best_acc 75.330000
09/25 09:19:28 PM epoch 353 lr 8.950149e-03
09/25 09:19:28 PM train 000 3.639197e-01 90.625000 100.000000
09/25 09:19:32 PM train 050 3.668811e-01 88.817402 98.743873
09/25 09:19:37 PM train 100 3.464178e-01 89.573020 98.994431
09/25 09:19:41 PM train 150 3.429647e-01 89.817881 99.048013
09/25 09:19:45 PM train 200 3.520273e-01 89.614428 99.051617
09/25 09:19:49 PM train 250 3.565920e-01 89.361305 99.147161
09/25 09:19:54 PM train 300 3.631619e-01 89.124792 99.112334
09/25 09:19:58 PM train 350 3.620442e-01 89.147080 99.136396
09/25 09:20:02 PM train 400 3.627455e-01 89.113155 99.131079
09/25 09:20:06 PM train 450 3.651163e-01 89.052106 99.140798
09/25 09:20:11 PM train 500 3.663100e-01 89.050025 99.157934
09/25 09:20:15 PM train 550 3.688597e-01 88.926384 99.137931
09/25 09:20:19 PM train 600 3.694956e-01 88.872712 99.149854
09/25 09:20:23 PM train 650 3.690512e-01 88.839286 99.147945
09/25 09:20:28 PM train 700 3.701167e-01 88.817315 99.110646
09/25 09:20:32 PM train 750 3.743112e-01 88.673435 99.076232
09/25 09:20:35 PM train_acc 88.616000
09/25 09:20:35 PM valid 000 1.317073e+00 75.000000 93.750000
09/25 09:20:36 PM valid 050 1.182930e+00 74.264706 92.800245
09/25 09:20:37 PM valid 100 1.151441e+00 74.597772 93.208540
09/25 09:20:38 PM valid 150 1.154430e+00 74.689570 93.170530
09/25 09:20:39 PM valid_acc 74.670000, best_acc 75.330000
09/25 09:20:39 PM epoch 354 lr 8.887443e-03
09/25 09:20:39 PM train 000 3.013739e-01 92.187500 98.437500
09/25 09:20:43 PM train 050 3.358466e-01 90.257353 99.080882
09/25 09:20:47 PM train 100 3.556493e-01 89.603960 99.056312
09/25 09:20:52 PM train 150 3.529965e-01 89.631623 99.099752
09/25 09:20:56 PM train 200 3.509372e-01 89.637749 99.144900
09/25 09:21:00 PM train 250 3.512481e-01 89.579183 99.159612
09/25 09:21:04 PM train 300 3.531479e-01 89.508929 99.133098
09/25 09:21:09 PM train 350 3.572516e-01 89.240563 99.087429
09/25 09:21:13 PM train 400 3.617280e-01 89.183292 99.064838
09/25 09:21:17 PM train 450 3.673283e-01 89.062500 99.023004
09/25 09:21:21 PM train 500 3.680830e-01 89.043787 99.033184
09/25 09:21:26 PM train 550 3.726235e-01 88.940563 98.998979
09/25 09:21:30 PM train 600 3.718849e-01 88.940308 98.999064
09/25 09:21:34 PM train 650 3.741841e-01 88.853687 99.006336
09/25 09:21:38 PM train 700 3.760673e-01 88.763820 99.012571
09/25 09:21:43 PM train 750 3.790550e-01 88.663033 98.980526
09/25 09:21:45 PM train_acc 88.632000
09/25 09:21:45 PM valid 000 1.179885e+00 73.437500 90.625000
09/25 09:21:47 PM valid 050 1.148356e+00 74.816176 93.198529
09/25 09:21:48 PM valid 100 1.135419e+00 74.876238 93.409653
09/25 09:21:49 PM valid 150 1.135056e+00 74.927566 93.377483
09/25 09:21:49 PM valid_acc 74.930000, best_acc 75.330000
09/25 09:21:49 PM epoch 355 lr 8.824836e-03
09/25 09:21:50 PM train 000 4.869732e-01 81.250000 100.000000
09/25 09:21:54 PM train 050 3.566639e-01 89.123775 99.387255
09/25 09:21:58 PM train 100 3.504380e-01 89.248144 99.350248
09/25 09:22:02 PM train 150 3.557081e-01 89.207368 99.234272
09/25 09:22:07 PM train 200 3.516052e-01 89.443408 99.277052
09/25 09:22:11 PM train 250 3.611336e-01 89.243028 99.196962
09/25 09:22:15 PM train 300 3.623949e-01 89.135174 99.169435
09/25 09:22:19 PM train 350 3.638382e-01 89.071403 99.163105
09/25 09:22:23 PM train 400 3.662932e-01 89.070293 99.127182
09/25 09:22:28 PM train 450 3.678109e-01 89.003603 99.113082
09/25 09:22:32 PM train 500 3.702283e-01 88.875374 99.117390
09/25 09:22:36 PM train 550 3.690526e-01 88.875340 99.129424
09/25 09:22:41 PM train 600 3.730986e-01 88.784318 99.090058
09/25 09:22:45 PM train 650 3.741440e-01 88.745680 99.073541
09/25 09:22:49 PM train 700 3.755977e-01 88.732614 99.046006
09/25 09:22:53 PM train 750 3.759446e-01 88.767061 99.028379
09/25 09:22:56 PM train_acc 88.776000
09/25 09:22:56 PM valid 000 1.102989e+00 76.562500 92.187500
09/25 09:22:57 PM valid 050 1.126368e+00 75.122549 93.382353
09/25 09:22:59 PM valid 100 1.103057e+00 75.510520 93.564356
09/25 09:23:00 PM valid 150 1.113744e+00 75.403560 93.470613
09/25 09:23:00 PM valid_acc 75.430000, best_acc 75.430000
09/25 09:23:00 PM epoch 356 lr 8.762330e-03
09/25 09:23:00 PM train 000 2.839355e-01 93.750000 96.875000
09/25 09:23:04 PM train 050 3.428562e-01 89.491422 98.958333
09/25 09:23:09 PM train 100 3.732999e-01 88.598391 99.025371
09/25 09:23:13 PM train 150 3.686700e-01 88.969371 99.016970
09/25 09:23:17 PM train 200 3.595476e-01 89.264614 99.121580
09/25 09:23:21 PM train 250 3.592470e-01 89.243028 99.159612
09/25 09:23:26 PM train 300 3.621778e-01 89.140365 99.117525
09/25 09:23:30 PM train 350 3.634101e-01 89.071403 99.131944
09/25 09:23:34 PM train 400 3.632171e-01 89.105362 99.138872
09/25 09:23:38 PM train 450 3.643845e-01 89.090216 99.126940
09/25 09:23:43 PM train 500 3.653142e-01 89.056262 99.117390
09/25 09:23:47 PM train 550 3.667678e-01 89.008621 99.098230
09/25 09:23:51 PM train 600 3.713613e-01 88.867512 99.082259
09/25 09:23:55 PM train 650 3.725714e-01 88.882488 99.073541
09/25 09:24:00 PM train 700 3.725846e-01 88.875267 99.077211
09/25 09:24:04 PM train 750 3.745878e-01 88.814913 99.072071
09/25 09:24:06 PM train_acc 88.828000
09/25 09:24:07 PM valid 000 9.840442e-01 81.250000 92.187500
09/25 09:24:08 PM valid 050 1.148283e+00 74.080882 93.075980
09/25 09:24:09 PM valid 100 1.137069e+00 74.644183 93.347772
09/25 09:24:10 PM valid 150 1.137574e+00 74.793046 93.274007
09/25 09:24:11 PM valid_acc 74.870000, best_acc 75.430000
09/25 09:24:11 PM epoch 357 lr 8.699927e-03
09/25 09:24:11 PM train 000 3.309148e-01 87.500000 100.000000
09/25 09:24:15 PM train 050 3.685549e-01 89.307598 99.080882
09/25 09:24:19 PM train 100 3.589089e-01 89.511139 99.226485
09/25 09:24:24 PM train 150 3.507188e-01 89.952401 99.161838
09/25 09:24:28 PM train 200 3.479547e-01 90.181903 99.137127
09/25 09:24:32 PM train 250 3.507284e-01 89.927789 99.172062
09/25 09:24:36 PM train 300 3.549188e-01 89.742525 99.179817
09/25 09:24:41 PM train 350 3.572371e-01 89.601140 99.180912
09/25 09:24:45 PM train 400 3.568472e-01 89.565150 99.189526
09/25 09:24:49 PM train 450 3.577804e-01 89.557927 99.168514
09/25 09:24:54 PM train 500 3.604260e-01 89.471058 99.142340
09/25 09:24:58 PM train 550 3.645345e-01 89.331897 99.095395
09/25 09:25:02 PM train 600 3.674159e-01 89.187292 99.084859
09/25 09:25:07 PM train 650 3.691365e-01 89.129704 99.085541
09/25 09:25:11 PM train 700 3.705421e-01 89.091476 99.086127
09/25 09:25:15 PM train 750 3.721805e-01 89.033372 99.074151
09/25 09:25:18 PM train_acc 88.962000
09/25 09:25:18 PM valid 000 1.017242e+00 81.250000 92.187500
09/25 09:25:19 PM valid 050 1.192113e+00 73.743873 93.167892
09/25 09:25:21 PM valid 100 1.164360e+00 74.211015 93.595297
09/25 09:25:22 PM valid 150 1.173950e+00 74.296358 93.553394
09/25 09:25:22 PM valid_acc 74.100000, best_acc 75.430000
09/25 09:25:22 PM epoch 358 lr 8.637628e-03
09/25 09:25:22 PM train 000 3.252163e-01 90.625000 100.000000
09/25 09:25:26 PM train 050 3.531744e-01 89.859069 98.835784
09/25 09:25:31 PM train 100 3.510235e-01 89.774134 98.932550
09/25 09:25:35 PM train 150 3.580218e-01 89.362583 98.965232
09/25 09:25:39 PM train 200 3.642643e-01 89.249067 98.935012
09/25 09:25:43 PM train 250 3.621305e-01 89.330179 98.966633
09/25 09:25:48 PM train 300 3.616782e-01 89.342816 99.008513
09/25 09:25:52 PM train 350 3.607112e-01 89.267272 99.056268
09/25 09:25:56 PM train 400 3.604130e-01 89.187188 99.041459
09/25 09:26:00 PM train 450 3.612051e-01 89.187223 99.043792
09/25 09:26:05 PM train 500 3.625321e-01 89.134232 99.023827
09/25 09:26:09 PM train 550 3.658276e-01 88.980263 99.007486
09/25 09:26:13 PM train 600 3.657418e-01 88.989705 98.999064
09/25 09:26:17 PM train 650 3.670699e-01 88.947293 98.984735
09/25 09:26:22 PM train 700 3.695901e-01 88.841833 98.972450
09/25 09:26:26 PM train 750 3.719001e-01 88.787866 98.976365
09/25 09:26:29 PM train_acc 88.762000
09/25 09:26:29 PM valid 000 8.734449e-01 78.125000 93.750000
09/25 09:26:30 PM valid 050 1.109061e+00 75.520833 93.566176
09/25 09:26:31 PM valid 100 1.105015e+00 75.819926 93.842822
09/25 09:26:33 PM valid 150 1.112169e+00 75.682947 93.853477
09/25 09:26:33 PM valid_acc 75.640000, best_acc 75.640000
09/25 09:26:33 PM epoch 359 lr 8.575435e-03
09/25 09:26:33 PM train 000 4.608285e-01 89.062500 98.437500
09/25 09:26:37 PM train 050 3.442713e-01 90.104167 99.142157
09/25 09:26:42 PM train 100 3.402823e-01 90.037129 99.257426
09/25 09:26:46 PM train 150 3.494326e-01 89.631623 99.223924
09/25 09:26:50 PM train 200 3.546298e-01 89.334577 99.238184
09/25 09:26:55 PM train 250 3.553161e-01 89.323954 99.271663
09/25 09:26:59 PM train 300 3.581434e-01 89.233804 99.262874
09/25 09:27:03 PM train 350 3.566107e-01 89.325142 99.252137
09/25 09:27:07 PM train 400 3.614411e-01 89.198878 99.193423
09/25 09:27:12 PM train 450 3.648896e-01 89.104074 99.154656
09/25 09:27:16 PM train 500 3.682501e-01 88.956462 99.164172
09/25 09:27:20 PM train 550 3.687416e-01 88.903698 99.166289
09/25 09:27:25 PM train 600 3.700447e-01 88.924709 99.136855
09/25 09:27:29 PM train 650 3.722695e-01 88.887289 99.114343
09/25 09:27:33 PM train 700 3.752744e-01 88.808399 99.090585
09/25 09:27:37 PM train 750 3.767165e-01 88.752497 99.059587
09/25 09:27:40 PM train_acc 88.722000
09/25 09:27:40 PM valid 000 9.663566e-01 81.250000 92.187500
09/25 09:27:41 PM valid 050 1.082630e+00 75.612745 93.535539
09/25 09:27:43 PM valid 100 1.075164e+00 75.680693 94.059406
09/25 09:27:44 PM valid 150 1.092029e+00 75.124172 94.029387
09/25 09:27:44 PM valid_acc 75.160000, best_acc 75.640000
09/25 09:27:44 PM epoch 360 lr 8.513349e-03
09/25 09:27:44 PM train 000 3.149426e-01 89.062500 100.000000
09/25 09:27:49 PM train 050 3.561213e-01 89.062500 99.203431
09/25 09:27:53 PM train 100 3.467404e-01 89.495668 99.149134
09/25 09:27:57 PM train 150 3.542551e-01 89.207368 99.141142
09/25 09:28:01 PM train 200 3.552369e-01 89.132463 99.199316
09/25 09:28:06 PM train 250 3.580031e-01 89.187002 99.159612
09/25 09:28:10 PM train 300 3.573523e-01 89.233804 99.159053
09/25 09:28:14 PM train 350 3.565402e-01 89.227208 99.185363
09/25 09:28:19 PM train 400 3.604574e-01 89.128741 99.162251
09/25 09:28:23 PM train 450 3.618547e-01 89.104074 99.126940
09/25 09:28:27 PM train 500 3.609311e-01 89.168538 99.123628
09/25 09:28:31 PM train 550 3.607372e-01 89.229809 99.120917
09/25 09:28:36 PM train 600 3.624136e-01 89.195092 99.121256
09/25 09:28:40 PM train 650 3.634168e-01 89.156106 99.107143
09/25 09:28:44 PM train 700 3.631913e-01 89.153887 99.097272
09/25 09:28:49 PM train 750 3.650490e-01 89.106192 99.074151
09/25 09:28:51 PM train_acc 89.062000
09/25 09:28:51 PM valid 000 1.103038e+00 75.000000 93.750000
09/25 09:28:53 PM valid 050 1.125020e+00 75.398284 93.504902
09/25 09:28:54 PM valid 100 1.111351e+00 75.448639 93.672649
09/25 09:28:55 PM valid 150 1.123966e+00 75.175911 93.656871
09/25 09:28:55 PM valid_acc 75.240000, best_acc 75.640000
09/25 09:28:55 PM epoch 361 lr 8.451372e-03
09/25 09:28:55 PM train 000 3.424365e-01 90.625000 98.437500
09/25 09:29:00 PM train 050 3.224538e-01 90.410539 99.172794
09/25 09:29:04 PM train 100 3.253497e-01 90.191832 99.319307
09/25 09:29:08 PM train 150 3.278335e-01 90.138659 99.265315
09/25 09:29:13 PM train 200 3.353916e-01 89.917600 99.230410
09/25 09:29:17 PM train 250 3.374825e-01 89.846863 99.215637
09/25 09:29:21 PM train 300 3.431682e-01 89.680233 99.205772
09/25 09:29:25 PM train 350 3.452660e-01 89.592236 99.194266
09/25 09:29:30 PM train 400 3.482029e-01 89.491116 99.189526
09/25 09:29:34 PM train 450 3.525004e-01 89.402023 99.154656
09/25 09:29:38 PM train 500 3.546959e-01 89.399326 99.142340
09/25 09:29:42 PM train 550 3.564181e-01 89.357418 99.129424
09/25 09:29:47 PM train 600 3.567862e-01 89.330283 99.097858
09/25 09:29:51 PM train 650 3.566036e-01 89.338518 99.099942
09/25 09:29:55 PM train 700 3.583132e-01 89.240817 99.066066
09/25 09:29:59 PM train 750 3.596191e-01 89.168609 99.072071
09/25 09:30:02 PM train_acc 89.048000
09/25 09:30:02 PM valid 000 9.541357e-01 73.437500 96.875000
09/25 09:30:03 PM valid 050 1.211502e+00 73.897059 92.555147
09/25 09:30:05 PM valid 100 1.178558e+00 74.520421 93.347772
09/25 09:30:06 PM valid 150 1.190477e+00 74.286010 93.139487
09/25 09:30:06 PM valid_acc 74.240000, best_acc 75.640000
09/25 09:30:06 PM epoch 362 lr 8.389507e-03
09/25 09:30:06 PM train 000 2.606557e-01 95.312500 100.000000
09/25 09:30:11 PM train 050 3.296778e-01 90.379902 99.448529
09/25 09:30:15 PM train 100 3.331445e-01 90.145421 99.365718
09/25 09:30:19 PM train 150 3.448688e-01 89.838576 99.223924
09/25 09:30:23 PM train 200 3.451280e-01 89.979789 99.191542
09/25 09:30:28 PM train 250 3.437583e-01 89.977590 99.215637
09/25 09:30:32 PM train 300 3.401642e-01 90.043605 99.257683
09/25 09:30:36 PM train 350 3.417750e-01 89.935007 99.256588
09/25 09:30:41 PM train 400 3.472534e-01 89.771665 99.228491
09/25 09:30:45 PM train 450 3.514520e-01 89.596037 99.185837
09/25 09:30:49 PM train 500 3.530588e-01 89.530314 99.195359
09/25 09:30:53 PM train 550 3.546008e-01 89.442491 99.188975
09/25 09:30:58 PM train 600 3.562470e-01 89.390079 99.178453
09/25 09:31:02 PM train 650 3.579159e-01 89.280914 99.179147
09/25 09:31:06 PM train 700 3.605556e-01 89.180635 99.152996
09/25 09:31:10 PM train 750 3.613998e-01 89.124917 99.151132
09/25 09:31:13 PM train_acc 89.124000
09/25 09:31:13 PM valid 000 9.059359e-01 79.687500 93.750000
09/25 09:31:14 PM valid 050 1.077930e+00 75.428922 93.964461
09/25 09:31:16 PM valid 100 1.072721e+00 75.603342 94.260520
09/25 09:31:17 PM valid 150 1.067762e+00 75.693295 94.308775
09/25 09:31:17 PM valid_acc 75.750000, best_acc 75.750000
09/25 09:31:17 PM epoch 363 lr 8.327754e-03
09/25 09:31:17 PM train 000 2.373655e-01 93.750000 100.000000
09/25 09:31:22 PM train 050 3.382578e-01 90.410539 99.234069
09/25 09:31:26 PM train 100 3.336570e-01 90.779703 99.164604
09/25 09:31:30 PM train 150 3.350476e-01 90.355960 99.182533
09/25 09:31:34 PM train 200 3.378008e-01 90.073072 99.137127
09/25 09:31:39 PM train 250 3.412413e-01 89.921564 99.134711
09/25 09:31:43 PM train 300 3.418081e-01 89.924211 99.138289
09/25 09:31:47 PM train 350 3.400204e-01 89.979523 99.163105
09/25 09:31:52 PM train 400 3.465254e-01 89.837905 99.115493
09/25 09:31:56 PM train 450 3.507060e-01 89.672256 99.109618
09/25 09:32:00 PM train 500 3.494851e-01 89.720559 99.123628
09/25 09:32:04 PM train 550 3.520796e-01 89.632486 99.112409
09/25 09:32:09 PM train 600 3.534174e-01 89.538270 99.105657
09/25 09:32:13 PM train 650 3.544751e-01 89.496928 99.123944
09/25 09:32:17 PM train 700 3.561259e-01 89.434736 99.119561
09/25 09:32:21 PM train 750 3.588736e-01 89.335053 99.119923
09/25 09:32:24 PM train_acc 89.328000
09/25 09:32:24 PM valid 000 9.873385e-01 82.812500 92.187500
09/25 09:32:25 PM valid 050 1.153545e+00 74.571078 93.137255
09/25 09:32:27 PM valid 100 1.118927e+00 74.752475 93.811881
09/25 09:32:28 PM valid 150 1.107696e+00 75.217301 93.750000
09/25 09:32:28 PM valid_acc 75.220000, best_acc 75.750000
09/25 09:32:28 PM epoch 364 lr 8.266116e-03
09/25 09:32:28 PM train 000 3.121104e-01 87.500000 98.437500
09/25 09:32:33 PM train 050 3.080961e-01 90.594363 99.325980
09/25 09:32:37 PM train 100 3.236069e-01 90.439356 99.164604
09/25 09:32:41 PM train 150 3.278912e-01 90.149007 99.130795
09/25 09:32:46 PM train 200 3.342422e-01 89.964241 99.144900
09/25 09:32:50 PM train 250 3.414147e-01 89.840637 99.097361
09/25 09:32:54 PM train 300 3.456161e-01 89.643895 99.122716
09/25 09:32:58 PM train 350 3.522038e-01 89.467593 99.051816
09/25 09:33:03 PM train 400 3.527484e-01 89.362531 99.096010
09/25 09:33:07 PM train 450 3.503309e-01 89.429739 99.109618
09/25 09:33:11 PM train 500 3.516010e-01 89.446108 99.108034
09/25 09:33:16 PM train 550 3.504059e-01 89.465177 99.112409
09/25 09:33:20 PM train 600 3.524518e-01 89.371880 99.108257
09/25 09:33:24 PM train 650 3.534779e-01 89.326517 99.145545
09/25 09:33:28 PM train 700 3.549542e-01 89.285396 99.132935
09/25 09:33:33 PM train 750 3.550579e-01 89.291362 99.119923
09/25 09:33:35 PM train_acc 89.296000
09/25 09:33:35 PM valid 000 7.247907e-01 79.687500 93.750000
09/25 09:33:37 PM valid 050 1.119521e+00 74.571078 93.566176
09/25 09:33:38 PM valid 100 1.122891e+00 74.659653 93.780941
09/25 09:33:39 PM valid 150 1.121004e+00 74.689570 93.770695
09/25 09:33:39 PM valid_acc 74.680000, best_acc 75.750000
09/25 09:33:39 PM epoch 365 lr 8.204594e-03
09/25 09:33:40 PM train 000 1.944426e-01 95.312500 98.437500
09/25 09:33:44 PM train 050 3.364521e-01 90.196078 99.264706
09/25 09:33:48 PM train 100 3.386956e-01 89.913366 99.303837
09/25 09:33:52 PM train 150 3.377243e-01 89.766142 99.265315
09/25 09:33:57 PM train 200 3.436602e-01 89.769900 99.160448
09/25 09:34:01 PM train 250 3.433872e-01 89.765936 99.172062
09/25 09:34:05 PM train 300 3.453043e-01 89.799626 99.117525
09/25 09:34:10 PM train 350 3.478051e-01 89.850427 99.082977
09/25 09:34:14 PM train 400 3.516416e-01 89.732700 99.068734
09/25 09:34:18 PM train 450 3.523649e-01 89.654933 99.081901
09/25 09:34:23 PM train 500 3.530436e-01 89.639471 99.104915
09/25 09:34:27 PM train 550 3.517433e-01 89.629651 99.120917
09/25 09:34:31 PM train 600 3.540380e-01 89.572067 99.097858
09/25 09:34:35 PM train 650 3.548016e-01 89.532930 99.092742
09/25 09:34:40 PM train 700 3.551110e-01 89.481544 99.110646
09/25 09:34:44 PM train 750 3.563293e-01 89.437001 99.105360
09/25 09:34:46 PM train_acc 89.440000
09/25 09:34:47 PM valid 000 8.015211e-01 85.937500 90.625000
09/25 09:34:48 PM valid 050 1.132421e+00 74.816176 93.321078
09/25 09:34:49 PM valid 100 1.114869e+00 75.139233 93.750000
09/25 09:34:50 PM valid 150 1.119721e+00 75.300083 93.698262
09/25 09:34:51 PM valid_acc 75.370000, best_acc 75.750000
09/25 09:34:51 PM epoch 366 lr 8.143190e-03
09/25 09:34:51 PM train 000 3.265617e-01 92.187500 100.000000
09/25 09:34:55 PM train 050 3.258131e-01 90.992647 99.264706
09/25 09:34:59 PM train 100 3.286176e-01 90.918936 99.319307
09/25 09:35:04 PM train 150 3.321690e-01 90.449089 99.306705
09/25 09:35:08 PM train 200 3.335923e-01 90.298507 99.199316
09/25 09:35:12 PM train 250 3.322606e-01 90.226594 99.203187
09/25 09:35:16 PM train 300 3.425380e-01 89.882683 99.174626
09/25 09:35:21 PM train 350 3.460157e-01 89.770299 99.212073
09/25 09:35:25 PM train 400 3.470581e-01 89.744389 99.209009
09/25 09:35:29 PM train 450 3.513588e-01 89.609895 99.158121
09/25 09:35:33 PM train 500 3.540973e-01 89.592690 99.142340
09/25 09:35:38 PM train 550 3.533674e-01 89.547414 99.143603
09/25 09:35:42 PM train 600 3.546589e-01 89.504472 99.155054
09/25 09:35:46 PM train 650 3.578000e-01 89.355319 99.138345
09/25 09:35:50 PM train 700 3.593566e-01 89.280938 99.126248
09/25 09:35:55 PM train 750 3.598401e-01 89.241428 99.103279
09/25 09:35:57 PM train_acc 89.234000
09/25 09:35:57 PM valid 000 8.429338e-01 82.812500 93.750000
09/25 09:35:59 PM valid 050 1.096554e+00 74.816176 93.750000
09/25 09:36:00 PM valid 100 1.099390e+00 75.170173 94.090347
09/25 09:36:01 PM valid 150 1.115725e+00 75.279387 93.801738
09/25 09:36:01 PM valid_acc 75.370000, best_acc 75.750000
09/25 09:36:01 PM epoch 367 lr 8.081905e-03
09/25 09:36:02 PM train 000 3.195128e-01 90.625000 98.437500
09/25 09:36:06 PM train 050 3.321986e-01 90.778186 99.295343
09/25 09:36:10 PM train 100 3.189611e-01 90.717822 99.334777
09/25 09:36:14 PM train 150 3.210361e-01 90.521523 99.358444
09/25 09:36:19 PM train 200 3.279134e-01 90.329602 99.323694
09/25 09:36:23 PM train 250 3.316938e-01 90.102092 99.290339
09/25 09:36:27 PM train 300 3.323313e-01 90.152616 99.283638
09/25 09:36:31 PM train 350 3.367661e-01 89.970620 99.212073
09/25 09:36:36 PM train 400 3.424993e-01 89.818423 99.189526
09/25 09:36:40 PM train 450 3.433341e-01 89.810837 99.185837
09/25 09:36:44 PM train 500 3.453327e-01 89.733034 99.182884
09/25 09:36:48 PM train 550 3.443252e-01 89.768603 99.166289
09/25 09:36:53 PM train 600 3.464960e-01 89.720258 99.149854
09/25 09:36:57 PM train 650 3.487519e-01 89.597734 99.145545
09/25 09:37:01 PM train 700 3.496960e-01 89.597450 99.152996
09/25 09:37:05 PM train 750 3.496942e-01 89.574318 99.155293
09/25 09:37:08 PM train_acc 89.514000
09/25 09:37:08 PM valid 000 9.082157e-01 76.562500 96.875000
09/25 09:37:09 PM valid 050 1.108079e+00 74.662990 93.474265
09/25 09:37:10 PM valid 100 1.080466e+00 75.293936 93.703589
09/25 09:37:12 PM valid 150 1.087321e+00 75.072434 93.832781
09/25 09:37:12 PM valid_acc 75.160000, best_acc 75.750000
09/25 09:37:12 PM epoch 368 lr 8.020741e-03
09/25 09:37:12 PM train 000 5.606578e-01 79.687500 96.875000
09/25 09:37:16 PM train 050 3.116084e-01 90.962010 99.417892
09/25 09:37:21 PM train 100 3.212054e-01 90.516708 99.381188
09/25 09:37:25 PM train 150 3.253510e-01 90.231788 99.296358
09/25 09:37:29 PM train 200 3.248275e-01 90.321828 99.238184
09/25 09:37:33 PM train 250 3.303766e-01 90.220369 99.234313
09/25 09:37:38 PM train 300 3.323674e-01 90.188953 99.231728
09/25 09:37:42 PM train 350 3.325249e-01 90.081909 99.238782
09/25 09:37:46 PM train 400 3.356983e-01 89.993766 99.197319
09/25 09:37:50 PM train 450 3.363063e-01 89.939024 99.210089
09/25 09:37:55 PM train 500 3.381271e-01 89.854666 99.220309
09/25 09:37:59 PM train 550 3.422291e-01 89.745917 99.166289
09/25 09:38:03 PM train 600 3.451286e-01 89.637063 99.165453
09/25 09:38:07 PM train 650 3.462056e-01 89.602535 99.167147
09/25 09:38:12 PM train 700 3.488442e-01 89.537268 99.150767
09/25 09:38:16 PM train 750 3.515293e-01 89.449484 99.130326
09/25 09:38:19 PM train_acc 89.426000
09/25 09:38:19 PM valid 000 1.087512e+00 78.125000 95.312500
09/25 09:38:20 PM valid 050 1.094458e+00 75.796569 93.995098
09/25 09:38:21 PM valid 100 1.101318e+00 75.711634 94.028465
09/25 09:38:23 PM valid 150 1.091416e+00 75.889901 94.029387
09/25 09:38:23 PM valid_acc 76.000000, best_acc 76.000000
09/25 09:38:23 PM epoch 369 lr 7.959700e-03
09/25 09:38:23 PM train 000 2.826791e-01 92.187500 98.437500
09/25 09:38:27 PM train 050 3.082643e-01 91.574755 99.234069
09/25 09:38:31 PM train 100 3.189331e-01 91.135520 99.180074
09/25 09:38:36 PM train 150 3.179077e-01 90.831954 99.223924
09/25 09:38:40 PM train 200 3.300092e-01 90.422886 99.152674
09/25 09:38:44 PM train 250 3.326456e-01 90.332420 99.196962
09/25 09:38:49 PM train 300 3.390402e-01 90.131852 99.148671
09/25 09:38:53 PM train 350 3.345443e-01 90.300036 99.167557
09/25 09:38:57 PM train 400 3.369191e-01 90.204177 99.115493
09/25 09:39:01 PM train 450 3.379657e-01 90.171147 99.123476
09/25 09:39:06 PM train 500 3.379541e-01 90.154067 99.132984
09/25 09:39:10 PM train 550 3.414481e-01 89.986956 99.126588
09/25 09:39:14 PM train 600 3.445175e-01 89.894447 99.113457
09/25 09:39:18 PM train 650 3.453293e-01 89.876152 99.119144
09/25 09:39:23 PM train 700 3.460621e-01 89.822575 99.141851
09/25 09:39:27 PM train 750 3.482665e-01 89.744923 99.138648
09/25 09:39:30 PM train_acc 89.762000
09/25 09:39:30 PM valid 000 9.763889e-01 82.812500 93.750000
09/25 09:39:31 PM valid 050 1.091950e+00 76.041667 93.995098
09/25 09:39:32 PM valid 100 1.104420e+00 75.850866 94.198639
09/25 09:39:33 PM valid 150 1.105686e+00 75.569123 94.060430
09/25 09:39:34 PM valid_acc 75.620000, best_acc 76.000000
09/25 09:39:34 PM epoch 370 lr 7.898783e-03
09/25 09:39:34 PM train 000 3.133733e-01 90.625000 100.000000
09/25 09:39:38 PM train 050 3.312004e-01 90.104167 99.417892
09/25 09:39:43 PM train 100 3.253697e-01 90.176361 99.365718
09/25 09:39:47 PM train 150 3.260952e-01 90.252483 99.368791
09/25 09:39:51 PM train 200 3.355891e-01 89.909826 99.284826
09/25 09:39:55 PM train 250 3.351721e-01 89.890438 99.240538
09/25 09:40:00 PM train 300 3.381990e-01 89.835963 99.231728
09/25 09:40:04 PM train 350 3.400802e-01 89.748041 99.207621
09/25 09:40:08 PM train 400 3.428766e-01 89.674252 99.193423
09/25 09:40:12 PM train 450 3.432599e-01 89.738082 99.165050
09/25 09:40:17 PM train 500 3.421418e-01 89.773578 99.198478
09/25 09:40:21 PM train 550 3.432861e-01 89.737409 99.188975
09/25 09:40:25 PM train 600 3.458895e-01 89.696859 99.165453
09/25 09:40:29 PM train 650 3.465544e-01 89.722542 99.152746
09/25 09:40:34 PM train 700 3.500755e-01 89.599679 99.135164
09/25 09:40:38 PM train 750 3.529993e-01 89.522304 99.122004
09/25 09:40:41 PM train_acc 89.538000
09/25 09:40:41 PM valid 000 1.175834e+00 75.000000 93.750000
09/25 09:40:42 PM valid 050 1.095501e+00 75.857843 93.995098
09/25 09:40:43 PM valid 100 1.061255e+00 76.237624 94.461634
09/25 09:40:45 PM valid 150 1.094021e+00 75.569123 94.122517
09/25 09:40:45 PM valid_acc 75.600000, best_acc 76.000000
09/25 09:40:45 PM epoch 371 lr 7.837993e-03
09/25 09:40:45 PM train 000 3.496812e-01 95.312500 96.875000
09/25 09:40:49 PM train 050 3.036285e-01 91.421569 99.080882
09/25 09:40:54 PM train 100 3.107190e-01 91.135520 99.211015
09/25 09:40:58 PM train 150 3.142727e-01 90.780215 99.244619
09/25 09:41:02 PM train 200 3.165012e-01 90.733831 99.261505
09/25 09:41:06 PM train 250 3.172068e-01 90.761952 99.234313
09/25 09:41:11 PM train 300 3.153366e-01 90.744394 99.278447
09/25 09:41:15 PM train 350 3.206810e-01 90.584936 99.238782
09/25 09:41:19 PM train 400 3.232010e-01 90.515898 99.216802
09/25 09:41:23 PM train 450 3.286958e-01 90.365161 99.189302
09/25 09:41:28 PM train 500 3.322552e-01 90.228917 99.173528
09/25 09:41:32 PM train 550 3.335356e-01 90.216652 99.154946
09/25 09:41:36 PM train 600 3.364556e-01 90.110233 99.183652
09/25 09:41:40 PM train 650 3.391277e-01 90.012961 99.167147
09/25 09:41:45 PM train 700 3.412118e-01 89.951854 99.177514
09/25 09:41:49 PM train 750 3.429195e-01 89.882240 99.174018
09/25 09:41:51 PM train_acc 89.850000
09/25 09:41:52 PM valid 000 9.356263e-01 78.125000 95.312500
09/25 09:41:53 PM valid 050 1.127698e+00 74.724265 93.964461
09/25 09:41:54 PM valid 100 1.119434e+00 74.969059 94.028465
09/25 09:41:55 PM valid 150 1.131899e+00 74.886175 93.822434
09/25 09:41:56 PM valid_acc 74.850000, best_acc 76.000000
09/25 09:41:56 PM epoch 372 lr 7.777330e-03
09/25 09:41:56 PM train 000 3.556772e-01 89.062500 98.437500
09/25 09:42:00 PM train 050 3.315059e-01 90.012255 99.050245
09/25 09:42:04 PM train 100 3.194700e-01 90.346535 99.180074
09/25 09:42:08 PM train 150 3.246677e-01 90.407699 99.234272
09/25 09:42:13 PM train 200 3.235135e-01 90.547264 99.222637
09/25 09:42:17 PM train 250 3.268264e-01 90.438247 99.240538
09/25 09:42:21 PM train 300 3.280577e-01 90.339493 99.252492
09/25 09:42:26 PM train 350 3.310628e-01 90.197650 99.265491
09/25 09:42:30 PM train 400 3.346457e-01 90.102868 99.275249
09/25 09:42:34 PM train 450 3.305344e-01 90.223115 99.317489
09/25 09:42:38 PM train 500 3.328662e-01 90.113523 99.298278
09/25 09:42:43 PM train 550 3.329616e-01 90.151429 99.288226
09/25 09:42:47 PM train 600 3.360098e-01 90.032238 99.259047
09/25 09:42:51 PM train 650 3.397944e-01 89.854551 99.241551
09/25 09:42:55 PM train 700 3.419749e-01 89.786912 99.235467
09/25 09:43:00 PM train 750 3.462802e-01 89.697071 99.215629
09/25 09:43:02 PM train_acc 89.710000
09/25 09:43:02 PM valid 000 1.000124e+00 78.125000 95.312500
09/25 09:43:04 PM valid 050 1.175981e+00 74.816176 93.290441
09/25 09:43:05 PM valid 100 1.135860e+00 75.139233 93.734530
09/25 09:43:06 PM valid 150 1.149640e+00 75.041391 93.801738
09/25 09:43:06 PM valid_acc 75.020000, best_acc 76.000000
09/25 09:43:06 PM epoch 373 lr 7.716797e-03
09/25 09:43:07 PM train 000 3.788251e-01 92.187500 100.000000
09/25 09:43:11 PM train 050 3.308183e-01 90.042892 99.356618
09/25 09:43:15 PM train 100 3.213213e-01 90.439356 99.319307
09/25 09:43:19 PM train 150 3.267748e-01 90.387003 99.379139
09/25 09:43:24 PM train 200 3.299403e-01 90.251866 99.331468
09/25 09:43:28 PM train 250 3.305367e-01 90.251494 99.340139
09/25 09:43:32 PM train 300 3.284687e-01 90.277201 99.377076
09/25 09:43:37 PM train 350 3.292074e-01 90.255520 99.354523
09/25 09:43:41 PM train 400 3.333453e-01 90.145729 99.322007
09/25 09:43:45 PM train 450 3.332871e-01 90.136502 99.324418
09/25 09:43:49 PM train 500 3.340696e-01 90.097929 99.335704
09/25 09:43:54 PM train 550 3.364107e-01 89.984120 99.325091
09/25 09:43:58 PM train 600 3.367604e-01 89.938644 99.316244
09/25 09:44:02 PM train 650 3.366649e-01 89.909754 99.323157
09/25 09:44:07 PM train 700 3.397752e-01 89.809201 99.306794
09/25 09:44:11 PM train 750 3.395957e-01 89.838549 99.321738
09/25 09:44:14 PM train_acc 89.824000
09/25 09:44:14 PM valid 000 1.143061e+00 75.000000 93.750000
09/25 09:44:15 PM valid 050 1.192519e+00 74.816176 93.229167
09/25 09:44:16 PM valid 100 1.129743e+00 75.448639 94.074876
09/25 09:44:18 PM valid 150 1.132511e+00 75.289735 94.060430
09/25 09:44:18 PM valid_acc 75.310000, best_acc 76.000000
09/25 09:44:18 PM epoch 374 lr 7.656395e-03
09/25 09:44:18 PM train 000 3.264795e-01 92.187500 98.437500
09/25 09:44:22 PM train 050 3.231291e-01 90.686275 99.172794
09/25 09:44:27 PM train 100 3.140947e-01 90.501238 99.288366
09/25 09:44:31 PM train 150 3.213159e-01 90.418046 99.286010
09/25 09:44:35 PM train 200 3.252685e-01 90.430659 99.230410
09/25 09:44:40 PM train 250 3.275814e-01 90.363546 99.252988
09/25 09:44:44 PM train 300 3.285861e-01 90.370640 99.242110
09/25 09:44:48 PM train 350 3.291583e-01 90.357906 99.247685
09/25 09:44:52 PM train 400 3.287875e-01 90.356141 99.240181
09/25 09:44:57 PM train 450 3.298395e-01 90.306264 99.234340
09/25 09:45:01 PM train 500 3.311917e-01 90.263224 99.232784
09/25 09:45:05 PM train 550 3.333822e-01 90.193966 99.228675
09/25 09:45:10 PM train 600 3.366607e-01 90.037438 99.222650
09/25 09:45:14 PM train 650 3.403975e-01 89.960157 99.207949
09/25 09:45:18 PM train 700 3.435686e-01 89.871612 99.197575
09/25 09:45:23 PM train 750 3.444410e-01 89.826065 99.196904
09/25 09:45:25 PM train_acc 89.818000
09/25 09:45:25 PM valid 000 7.655300e-01 81.250000 93.750000
09/25 09:45:27 PM valid 050 1.168613e+00 75.459559 93.290441
09/25 09:45:28 PM valid 100 1.133618e+00 75.943688 93.626238
09/25 09:45:29 PM valid 150 1.157740e+00 75.579470 93.667219
09/25 09:45:29 PM valid_acc 75.650000, best_acc 76.000000
09/25 09:45:30 PM epoch 375 lr 7.596126e-03
09/25 09:45:30 PM train 000 1.904262e-01 95.312500 100.000000
09/25 09:45:34 PM train 050 3.183088e-01 90.196078 99.264706
09/25 09:45:38 PM train 100 3.168313e-01 90.671411 99.226485
09/25 09:45:43 PM train 150 3.210079e-01 90.428394 99.203228
09/25 09:45:47 PM train 200 3.219188e-01 90.531716 99.222637
09/25 09:45:51 PM train 250 3.234105e-01 90.481823 99.265438
09/25 09:45:55 PM train 300 3.292889e-01 90.240864 99.221346
09/25 09:46:00 PM train 350 3.273717e-01 90.295584 99.265491
09/25 09:46:04 PM train 400 3.308132e-01 90.188591 99.247974
09/25 09:46:08 PM train 450 3.305954e-01 90.164218 99.258592
09/25 09:46:13 PM train 500 3.315952e-01 90.135354 99.245259
09/25 09:46:17 PM train 550 3.345958e-01 90.063521 99.234347
09/25 09:46:21 PM train 600 3.373035e-01 89.969842 99.217450
09/25 09:46:25 PM train 650 3.380930e-01 89.921755 99.217550
09/25 09:46:30 PM train 700 3.405102e-01 89.827033 99.193117
09/25 09:46:34 PM train 750 3.412963e-01 89.799018 99.182340
09/25 09:46:37 PM train_acc 89.814000
09/25 09:46:37 PM valid 000 1.099870e+00 79.687500 92.187500
09/25 09:46:38 PM valid 050 1.115847e+00 74.601716 93.382353
09/25 09:46:39 PM valid 100 1.107532e+00 75.015470 93.672649
09/25 09:46:41 PM valid 150 1.109052e+00 75.258692 93.750000
09/25 09:46:41 PM valid_acc 75.280000, best_acc 76.000000
09/25 09:46:41 PM epoch 376 lr 7.535991e-03
09/25 09:46:41 PM train 000 3.138891e-01 85.937500 100.000000
09/25 09:46:45 PM train 050 3.045965e-01 90.716912 99.325980
09/25 09:46:50 PM train 100 3.165843e-01 90.377475 99.319307
09/25 09:46:54 PM train 150 3.160303e-01 90.552566 99.244619
09/25 09:46:58 PM train 200 3.127385e-01 90.819341 99.292600
09/25 09:47:02 PM train 250 3.194794e-01 90.618775 99.296564
09/25 09:47:07 PM train 300 3.205480e-01 90.541944 99.304402
09/25 09:47:11 PM train 350 3.195099e-01 90.527066 99.323362
09/25 09:47:15 PM train 400 3.217226e-01 90.484726 99.322007
09/25 09:47:19 PM train 450 3.226821e-01 90.385948 99.314024
09/25 09:47:24 PM train 500 3.259638e-01 90.250749 99.329466
09/25 09:47:28 PM train 550 3.270641e-01 90.227995 99.319419
09/25 09:47:32 PM train 600 3.283066e-01 90.209027 99.300645
09/25 09:47:36 PM train 650 3.318949e-01 90.070565 99.296755
09/25 09:47:41 PM train 700 3.314628e-01 90.116797 99.311252
09/25 09:47:45 PM train 750 3.328265e-01 90.077813 99.286368
09/25 09:47:48 PM train_acc 90.026000
09/25 09:47:48 PM valid 000 1.161523e+00 76.562500 93.750000
09/25 09:47:49 PM valid 050 1.151118e+00 75.183824 93.535539
09/25 09:47:50 PM valid 100 1.126821e+00 75.819926 93.765470
09/25 09:47:51 PM valid 150 1.145929e+00 75.600166 93.532699
09/25 09:47:52 PM valid_acc 75.670000, best_acc 76.000000
09/25 09:47:52 PM epoch 377 lr 7.475993e-03
09/25 09:47:52 PM train 000 2.702214e-01 90.625000 100.000000
09/25 09:47:56 PM train 050 3.336232e-01 90.410539 99.019608
09/25 09:48:00 PM train 100 3.167208e-01 91.042698 99.164604
09/25 09:48:05 PM train 150 3.153677e-01 90.769868 99.192881
09/25 09:48:09 PM train 200 3.168864e-01 90.819341 99.207090
09/25 09:48:13 PM train 250 3.147479e-01 90.855329 99.252988
09/25 09:48:17 PM train 300 3.160218e-01 90.739203 99.268065
09/25 09:48:22 PM train 350 3.212809e-01 90.527066 99.269943
09/25 09:48:26 PM train 400 3.261230e-01 90.387313 99.255767
09/25 09:48:30 PM train 450 3.285418e-01 90.278548 99.223947
09/25 09:48:35 PM train 500 3.325510e-01 90.228917 99.207834
09/25 09:48:39 PM train 550 3.355598e-01 90.128743 99.203153
09/25 09:48:43 PM train 600 3.374206e-01 90.058236 99.204451
09/25 09:48:48 PM train 650 3.374355e-01 90.070565 99.217550
09/25 09:48:52 PM train 700 3.374513e-01 90.032097 99.213178
09/25 09:48:56 PM train 750 3.381995e-01 90.000832 99.223951
09/25 09:48:59 PM train_acc 89.962000
09/25 09:48:59 PM valid 000 1.126511e+00 78.125000 93.750000
09/25 09:49:00 PM valid 050 1.100931e+00 76.011029 93.903186
09/25 09:49:02 PM valid 100 1.071727e+00 76.593441 94.353342
09/25 09:49:03 PM valid 150 1.077224e+00 76.510762 94.267384
09/25 09:49:03 PM valid_acc 76.540000, best_acc 76.540000
09/25 09:49:03 PM epoch 378 lr 7.416132e-03
09/25 09:49:03 PM train 000 2.822973e-01 93.750000 100.000000
09/25 09:49:08 PM train 050 3.224171e-01 91.053922 99.080882
09/25 09:49:12 PM train 100 3.059324e-01 91.413985 99.288366
09/25 09:49:16 PM train 150 3.073649e-01 91.069950 99.306705
09/25 09:49:21 PM train 200 3.161773e-01 90.881530 99.199316
09/25 09:49:25 PM train 250 3.144048e-01 90.849104 99.221863
09/25 09:49:29 PM train 300 3.171396e-01 90.770349 99.226537
09/25 09:49:33 PM train 350 3.192157e-01 90.700677 99.229879
09/25 09:49:38 PM train 400 3.207827e-01 90.636690 99.236284
09/25 09:49:42 PM train 450 3.202328e-01 90.666574 99.237805
09/25 09:49:46 PM train 500 3.214961e-01 90.643713 99.251497
09/25 09:49:50 PM train 550 3.239303e-01 90.554106 99.240018
09/25 09:49:55 PM train 600 3.236896e-01 90.557404 99.235649
09/25 09:49:59 PM train 650 3.258695e-01 90.454589 99.236751
09/25 09:50:03 PM train 700 3.287284e-01 90.390959 99.206491
09/25 09:50:08 PM train 750 3.310966e-01 90.339963 99.182340
09/25 09:50:10 PM train_acc 90.298000
09/25 09:50:10 PM valid 000 1.191553e+00 71.875000 93.750000
09/25 09:50:12 PM valid 050 1.129042e+00 74.938725 93.566176
09/25 09:50:13 PM valid 100 1.097042e+00 75.371287 94.074876
09/25 09:50:14 PM valid 150 1.108641e+00 75.631209 93.967301
09/25 09:50:14 PM valid_acc 75.710000, best_acc 76.540000
09/25 09:50:14 PM epoch 379 lr 7.356410e-03
09/25 09:50:15 PM train 000 3.862979e-01 84.375000 100.000000
09/25 09:50:19 PM train 050 3.048869e-01 91.053922 99.509804
09/25 09:50:23 PM train 100 3.025584e-01 91.274752 99.381188
09/25 09:50:28 PM train 150 3.033868e-01 91.338990 99.410182
09/25 09:50:32 PM train 200 3.055366e-01 91.239117 99.424751
09/25 09:50:36 PM train 250 3.061658e-01 91.135458 99.427291
09/25 09:50:40 PM train 300 3.116754e-01 90.910507 99.392650
09/25 09:50:45 PM train 350 3.166467e-01 90.776353 99.345620
09/25 09:50:49 PM train 400 3.194054e-01 90.683448 99.349283
09/25 09:50:53 PM train 450 3.183067e-01 90.697755 99.362528
09/25 09:50:58 PM train 500 3.189201e-01 90.684256 99.332585
09/25 09:51:02 PM train 550 3.193979e-01 90.644850 99.327926
09/25 09:51:06 PM train 600 3.226497e-01 90.565204 99.318844
09/25 09:51:11 PM train 650 3.242041e-01 90.552995 99.301555
09/25 09:51:15 PM train 700 3.242191e-01 90.531384 99.315710
09/25 09:51:19 PM train 750 3.271670e-01 90.421105 99.303013
09/25 09:51:22 PM train_acc 90.352000
09/25 09:51:22 PM valid 000 1.064661e+00 78.125000 95.312500
09/25 09:51:23 PM valid 050 1.141787e+00 75.582108 93.933824
09/25 09:51:24 PM valid 100 1.120679e+00 76.438738 93.966584
09/25 09:51:26 PM valid 150 1.124144e+00 76.045116 94.039735
09/25 09:51:26 PM valid_acc 76.060000, best_acc 76.540000
09/25 09:51:26 PM epoch 380 lr 7.296830e-03
09/25 09:51:26 PM train 000 3.545324e-01 85.937500 100.000000
09/25 09:51:30 PM train 050 2.945876e-01 91.666667 99.264706
09/25 09:51:35 PM train 100 3.078251e-01 91.104579 99.257426
09/25 09:51:39 PM train 150 3.122165e-01 90.873344 99.223924
09/25 09:51:43 PM train 200 3.162196e-01 90.718284 99.238184
09/25 09:51:48 PM train 250 3.166302e-01 90.668576 99.277888
09/25 09:51:52 PM train 300 3.163097e-01 90.713248 99.278447
09/25 09:51:56 PM train 350 3.171312e-01 90.598291 99.314459
09/25 09:52:00 PM train 400 3.173864e-01 90.543173 99.329800
09/25 09:52:05 PM train 450 3.233571e-01 90.372090 99.279379
09/25 09:52:09 PM train 500 3.245742e-01 90.310005 99.279566
09/25 09:52:13 PM train 550 3.235479e-01 90.287545 99.285390
09/25 09:52:18 PM train 600 3.238723e-01 90.323419 99.285046
09/25 09:52:22 PM train 650 3.254124e-01 90.262577 99.287154
09/25 09:52:26 PM train 700 3.269765e-01 90.205956 99.286733
09/25 09:52:31 PM train 750 3.275780e-01 90.227613 99.280126
09/25 09:52:33 PM train_acc 90.208000
09/25 09:52:33 PM valid 000 8.619465e-01 76.562500 95.312500
09/25 09:52:35 PM valid 050 1.147907e+00 74.693627 92.953431
09/25 09:52:36 PM valid 100 1.115542e+00 75.587871 93.487005
09/25 09:52:37 PM valid 150 1.137998e+00 75.434603 93.356788
09/25 09:52:37 PM valid_acc 75.510000, best_acc 76.540000
09/25 09:52:37 PM epoch 381 lr 7.237392e-03
09/25 09:52:38 PM train 000 2.460686e-01 95.312500 100.000000
09/25 09:52:42 PM train 050 2.926150e-01 91.268382 99.356618
09/25 09:52:46 PM train 100 3.075131e-01 90.903465 99.226485
09/25 09:52:50 PM train 150 3.111702e-01 90.883692 99.296358
09/25 09:52:55 PM train 200 3.099107e-01 90.967040 99.323694
09/25 09:52:59 PM train 250 3.104507e-01 90.880229 99.346365
09/25 09:53:03 PM train 300 3.113988e-01 90.977990 99.319975
09/25 09:53:07 PM train 350 3.142405e-01 90.865385 99.318910
09/25 09:53:12 PM train 400 3.198750e-01 90.640586 99.310318
09/25 09:53:16 PM train 450 3.210549e-01 90.652716 99.300166
09/25 09:53:20 PM train 500 3.193269e-01 90.687375 99.288922
09/25 09:53:25 PM train 550 3.231483e-01 90.579628 99.257033
09/25 09:53:29 PM train 600 3.272379e-01 90.469010 99.222650
09/25 09:53:33 PM train 650 3.291476e-01 90.384985 99.224750
09/25 09:53:38 PM train 700 3.305032e-01 90.326320 99.219864
09/25 09:53:42 PM train 750 3.309659e-01 90.325399 99.215629
09/25 09:53:45 PM train_acc 90.308000
09/25 09:53:45 PM valid 000 1.081442e+00 78.125000 90.625000
09/25 09:53:46 PM valid 050 1.097157e+00 76.256127 93.504902
09/25 09:53:47 PM valid 100 1.098379e+00 76.067450 93.734530
09/25 09:53:48 PM valid 150 1.105755e+00 75.951987 93.801738
09/25 09:53:49 PM valid_acc 76.020000, best_acc 76.540000
09/25 09:53:49 PM epoch 382 lr 7.178099e-03
09/25 09:53:49 PM train 000 2.325804e-01 95.312500 98.437500
09/25 09:53:53 PM train 050 2.831729e-01 92.156863 99.325980
09/25 09:53:57 PM train 100 2.940875e-01 91.738861 99.381188
09/25 09:54:02 PM train 150 2.993008e-01 91.390728 99.348096
09/25 09:54:06 PM train 200 3.058477e-01 91.153607 99.315920
09/25 09:54:10 PM train 250 3.081257e-01 90.911355 99.352590
09/25 09:54:14 PM train 300 3.085247e-01 90.863787 99.371885
09/25 09:54:19 PM train 350 3.127853e-01 90.803063 99.332265
09/25 09:54:23 PM train 400 3.158905e-01 90.710723 99.298628
09/25 09:54:27 PM train 450 3.153347e-01 90.659645 99.282844
09/25 09:54:31 PM train 500 3.177687e-01 90.621881 99.263972
09/25 09:54:36 PM train 550 3.193333e-01 90.559778 99.251361
09/25 09:54:40 PM train 600 3.210238e-01 90.515807 99.259047
09/25 09:54:44 PM train 650 3.222158e-01 90.452189 99.246352
09/25 09:54:49 PM train 700 3.244032e-01 90.424394 99.251070
09/25 09:54:53 PM train 750 3.269751e-01 90.337883 99.244757
09/25 09:54:55 PM train_acc 90.284000
09/25 09:54:56 PM valid 000 1.113534e+00 81.250000 90.625000
09/25 09:54:57 PM valid 050 1.094745e+00 75.551471 93.443627
09/25 09:54:58 PM valid 100 1.093655e+00 76.160272 93.780941
09/25 09:54:59 PM valid 150 1.114862e+00 76.024421 93.718957
09/25 09:55:00 PM valid_acc 76.140000, best_acc 76.540000
09/25 09:55:00 PM epoch 383 lr 7.118951e-03
09/25 09:55:00 PM train 000 2.799139e-01 93.750000 100.000000
09/25 09:55:04 PM train 050 3.216424e-01 90.931373 99.264706
09/25 09:55:08 PM train 100 3.087061e-01 91.321163 99.365718
09/25 09:55:13 PM train 150 3.024679e-01 91.370033 99.410182
09/25 09:55:17 PM train 200 3.107605e-01 91.106965 99.347015
09/25 09:55:21 PM train 250 3.086536e-01 91.035857 99.365040
09/25 09:55:25 PM train 300 3.095959e-01 91.092193 99.382267
09/25 09:55:30 PM train 350 3.081099e-01 91.030093 99.394587
09/25 09:55:34 PM train 400 3.132583e-01 90.839308 99.349283
09/25 09:55:38 PM train 450 3.157576e-01 90.725471 99.341741
09/25 09:55:42 PM train 500 3.182678e-01 90.643713 99.335704
09/25 09:55:47 PM train 550 3.213818e-01 90.573956 99.333598
09/25 09:55:51 PM train 600 3.251093e-01 90.531406 99.326643
09/25 09:55:55 PM train 650 3.243637e-01 90.591398 99.313556
09/25 09:55:59 PM train 700 3.238549e-01 90.613855 99.326854
09/25 09:56:04 PM train 750 3.258121e-01 90.523053 99.313415
09/25 09:56:06 PM train_acc 90.442000
09/25 09:56:07 PM valid 000 9.068523e-01 79.687500 92.187500
09/25 09:56:08 PM valid 050 1.118863e+00 75.582108 93.443627
09/25 09:56:09 PM valid 100 1.111213e+00 75.990099 93.889233
09/25 09:56:10 PM valid 150 1.121382e+00 76.086507 93.863825
09/25 09:56:10 PM valid_acc 76.160000, best_acc 76.540000
09/25 09:56:11 PM epoch 384 lr 7.059951e-03
09/25 09:56:11 PM train 000 1.009495e-01 100.000000 100.000000
09/25 09:56:15 PM train 050 2.960220e-01 91.758578 99.724265
09/25 09:56:19 PM train 100 2.923284e-01 91.584158 99.628713
09/25 09:56:23 PM train 150 2.961073e-01 91.370033 99.472268
09/25 09:56:28 PM train 200 3.074514e-01 90.974813 99.424751
09/25 09:56:32 PM train 250 3.115249e-01 90.898904 99.383715
09/25 09:56:36 PM train 300 3.173383e-01 90.640573 99.418605
09/25 09:56:41 PM train 350 3.166221e-01 90.678419 99.394587
09/25 09:56:45 PM train 400 3.151800e-01 90.753585 99.403834
09/25 09:56:49 PM train 450 3.147903e-01 90.722007 99.393708
09/25 09:56:53 PM train 500 3.169256e-01 90.653069 99.391841
09/25 09:56:58 PM train 550 3.202967e-01 90.488884 99.387477
09/25 09:57:02 PM train 600 3.195349e-01 90.500208 99.391639
09/25 09:57:06 PM train 650 3.202636e-01 90.512193 99.363959
09/25 09:57:10 PM train 700 3.210560e-01 90.529155 99.346915
09/25 09:57:15 PM train 750 3.214062e-01 90.510569 99.332140
09/25 09:57:17 PM train_acc 90.492000
09/25 09:57:17 PM valid 000 1.083090e+00 75.000000 93.750000
09/25 09:57:19 PM valid 050 1.112438e+00 75.704657 93.688725
09/25 09:57:20 PM valid 100 1.086060e+00 76.067450 93.997525
09/25 09:57:21 PM valid 150 1.101586e+00 75.734685 93.925911
09/25 09:57:21 PM valid_acc 75.780000, best_acc 76.540000
09/25 09:57:22 PM epoch 385 lr 7.001100e-03
09/25 09:57:22 PM train 000 3.952743e-01 87.500000 98.437500
09/25 09:57:26 PM train 050 2.775775e-01 91.574755 99.509804
09/25 09:57:30 PM train 100 2.957927e-01 90.934406 99.381188
09/25 09:57:35 PM train 150 2.991254e-01 90.914735 99.441225
09/25 09:57:39 PM train 200 3.009495e-01 90.873756 99.424751
09/25 09:57:43 PM train 250 3.058307e-01 90.768177 99.402390
09/25 09:57:48 PM train 300 3.087146e-01 90.687292 99.413414
09/25 09:57:52 PM train 350 3.117793e-01 90.553775 99.407942
09/25 09:57:56 PM train 400 3.155561e-01 90.488622 99.396041
09/25 09:58:01 PM train 450 3.159196e-01 90.430987 99.372921
09/25 09:58:05 PM train 500 3.155959e-01 90.459706 99.360654
09/25 09:58:09 PM train 550 3.155305e-01 90.488884 99.356284
09/25 09:58:13 PM train 600 3.168245e-01 90.453411 99.350042
09/25 09:58:18 PM train 650 3.163931e-01 90.468990 99.356759
09/25 09:58:22 PM train 700 3.158828e-01 90.495720 99.351373
09/25 09:58:26 PM train 750 3.169471e-01 90.460636 99.340463
09/25 09:58:29 PM train_acc 90.420000
09/25 09:58:29 PM valid 000 1.047884e+00 75.000000 89.062500
09/25 09:58:30 PM valid 050 1.090400e+00 76.715686 93.719363
09/25 09:58:32 PM valid 100 1.066885e+00 76.624381 94.074876
09/25 09:58:33 PM valid 150 1.084570e+00 76.490066 94.153560
09/25 09:58:33 PM valid_acc 76.550000, best_acc 76.550000
09/25 09:58:33 PM epoch 386 lr 6.942400e-03
09/25 09:58:33 PM train 000 2.732246e-01 95.312500 100.000000
09/25 09:58:38 PM train 050 2.927319e-01 91.513480 99.479167
09/25 09:58:42 PM train 100 2.999889e-01 91.228342 99.427599
09/25 09:58:46 PM train 150 3.000944e-01 90.997517 99.389487
09/25 09:58:50 PM train 200 3.047672e-01 91.044776 99.370336
09/25 09:58:55 PM train 250 3.074378e-01 91.104333 99.346365
09/25 09:58:59 PM train 300 3.063792e-01 91.118148 99.366694
09/25 09:59:03 PM train 350 3.096366e-01 90.985577 99.372329
09/25 09:59:08 PM train 400 3.122247e-01 90.940617 99.368766
09/25 09:59:12 PM train 450 3.137576e-01 90.860588 99.348670
09/25 09:59:16 PM train 500 3.157771e-01 90.802769 99.338822
09/25 09:59:20 PM train 550 3.172887e-01 90.758280 99.310912
09/25 09:59:25 PM train 600 3.183170e-01 90.726394 99.305844
09/25 09:59:29 PM train 650 3.194670e-01 90.699405 99.301555
09/25 09:59:33 PM train 700 3.196016e-01 90.649519 99.311252
09/25 09:59:37 PM train 750 3.197726e-01 90.689497 99.303013
09/25 09:59:40 PM train_acc 90.668000
09/25 09:59:40 PM valid 000 9.417143e-01 82.812500 95.312500
09/25 09:59:41 PM valid 050 1.110327e+00 75.428922 93.627451
09/25 09:59:43 PM valid 100 1.110417e+00 76.113861 93.719059
09/25 09:59:44 PM valid 150 1.114797e+00 75.848510 93.812086
09/25 09:59:44 PM valid_acc 75.970000, best_acc 76.550000
09/25 09:59:44 PM epoch 387 lr 6.883852e-03
09/25 09:59:44 PM train 000 4.279681e-01 87.500000 98.437500
09/25 09:59:49 PM train 050 2.836648e-01 91.727941 99.632353
09/25 09:59:53 PM train 100 2.816550e-01 91.630569 99.535891
09/25 09:59:57 PM train 150 2.858162e-01 91.514901 99.461921
09/25 10:00:01 PM train 200 2.903283e-01 91.371269 99.432525
09/25 10:00:06 PM train 250 2.989044e-01 91.129233 99.421066
09/25 10:00:10 PM train 300 3.002025e-01 91.118148 99.403032
09/25 10:00:14 PM train 350 3.049244e-01 90.985577 99.372329
09/25 10:00:18 PM train 400 3.071593e-01 91.006858 99.329800
09/25 10:00:23 PM train 450 3.100009e-01 90.884839 99.307095
09/25 10:00:27 PM train 500 3.132620e-01 90.821482 99.263972
09/25 10:00:31 PM train 550 3.119048e-01 90.888725 99.259868
09/25 10:00:35 PM train 600 3.141279e-01 90.835587 99.261647
09/25 10:00:40 PM train 650 3.145427e-01 90.807412 99.263153
09/25 10:00:44 PM train 700 3.165251e-01 90.716387 99.275588
09/25 10:00:48 PM train 750 3.177323e-01 90.689497 99.261401
09/25 10:00:51 PM train_acc 90.632000
09/25 10:00:51 PM valid 000 7.474914e-01 82.812500 93.750000
09/25 10:00:52 PM valid 050 1.105729e+00 75.520833 94.117647
09/25 10:00:53 PM valid 100 1.105605e+00 75.850866 94.136757
09/25 10:00:55 PM valid 150 1.096639e+00 75.848510 94.060430
09/25 10:00:55 PM valid_acc 75.930000, best_acc 76.550000
09/25 10:00:55 PM epoch 388 lr 6.825459e-03
09/25 10:00:55 PM train 000 3.711828e-01 89.062500 100.000000
09/25 10:00:59 PM train 050 3.018443e-01 91.023284 99.203431
09/25 10:01:04 PM train 100 2.986634e-01 91.305693 99.272896
09/25 10:01:08 PM train 150 3.035488e-01 91.276904 99.286010
09/25 10:01:12 PM train 200 3.056519e-01 91.184701 99.315920
09/25 10:01:16 PM train 250 3.084436e-01 91.166584 99.365040
09/25 10:01:21 PM train 300 3.067388e-01 91.154485 99.382267
09/25 10:01:25 PM train 350 3.054781e-01 91.150285 99.407942
09/25 10:01:29 PM train 400 3.109818e-01 91.041926 99.349283
09/25 10:01:33 PM train 450 3.110488e-01 91.016491 99.327882
09/25 10:01:38 PM train 500 3.108491e-01 90.999251 99.357535
09/25 10:01:42 PM train 550 3.117925e-01 90.948276 99.347777
09/25 10:01:46 PM train 600 3.131224e-01 90.910982 99.342242
09/25 10:01:51 PM train 650 3.136942e-01 90.874616 99.339958
09/25 10:01:55 PM train 700 3.152503e-01 90.832293 99.317939
09/25 10:01:59 PM train 750 3.157920e-01 90.764397 99.317577
09/25 10:02:02 PM train_acc 90.720000
09/25 10:02:02 PM valid 000 9.102343e-01 81.250000 92.187500
09/25 10:02:03 PM valid 050 1.144696e+00 75.827206 93.596814
09/25 10:02:04 PM valid 100 1.114557e+00 76.005569 93.951114
09/25 10:02:06 PM valid 150 1.102703e+00 75.931291 94.039735
09/25 10:02:06 PM valid_acc 75.930000, best_acc 76.550000
09/25 10:02:06 PM epoch 389 lr 6.767220e-03
09/25 10:02:06 PM train 000 9.301005e-02 100.000000 100.000000
09/25 10:02:10 PM train 050 2.622544e-01 92.585784 99.632353
09/25 10:02:14 PM train 100 2.816068e-01 91.939975 99.458540
09/25 10:02:19 PM train 150 3.027784e-01 91.359685 99.368791
09/25 10:02:23 PM train 200 3.083581e-01 91.099192 99.292600
09/25 10:02:27 PM train 250 3.085098e-01 91.135458 99.315239
09/25 10:02:32 PM train 300 3.073535e-01 91.144103 99.309593
09/25 10:02:36 PM train 350 3.040101e-01 91.292735 99.314459
09/25 10:02:40 PM train 400 3.045221e-01 91.189994 99.345387
09/25 10:02:44 PM train 450 3.067942e-01 91.141214 99.345205
09/25 10:02:49 PM train 500 3.085255e-01 91.083458 99.335704
09/25 10:02:53 PM train 550 3.111440e-01 90.965290 99.325091
09/25 10:02:57 PM train 600 3.121076e-01 90.929181 99.321443
09/25 10:03:01 PM train 650 3.127246e-01 90.862615 99.323157
09/25 10:03:06 PM train 700 3.131030e-01 90.818919 99.331312
09/25 10:03:10 PM train 750 3.137894e-01 90.799767 99.340463
09/25 10:03:12 PM train_acc 90.760000
09/25 10:03:13 PM valid 000 7.440606e-01 81.250000 95.312500
09/25 10:03:14 PM valid 050 1.095546e+00 75.949755 93.872549
09/25 10:03:15 PM valid 100 1.085284e+00 76.345916 94.198639
09/25 10:03:16 PM valid 150 1.091192e+00 76.283113 94.050083
09/25 10:03:17 PM valid_acc 76.400000, best_acc 76.550000
09/25 10:03:17 PM epoch 390 lr 6.709139e-03
09/25 10:03:17 PM train 000 2.438042e-01 93.750000 100.000000
09/25 10:03:21 PM train 050 3.049682e-01 91.145833 99.264706
09/25 10:03:25 PM train 100 2.973770e-01 91.259282 99.396658
09/25 10:03:30 PM train 150 3.062674e-01 90.862997 99.358444
09/25 10:03:34 PM train 200 2.995085e-01 91.052550 99.354789
09/25 10:03:38 PM train 250 2.998820e-01 91.066982 99.358815
09/25 10:03:42 PM train 300 2.970301e-01 91.227159 99.392650
09/25 10:03:47 PM train 350 2.980405e-01 91.234865 99.412393
09/25 10:03:51 PM train 400 3.014676e-01 91.186097 99.364869
09/25 10:03:55 PM train 450 3.041520e-01 91.082317 99.362528
09/25 10:04:00 PM train 500 3.043458e-01 91.105289 99.338822
09/25 10:04:04 PM train 550 3.068378e-01 91.007827 99.330762
09/25 10:04:08 PM train 600 3.081231e-01 90.975978 99.347442
09/25 10:04:12 PM train 650 3.091341e-01 90.941820 99.359159
09/25 10:04:17 PM train 700 3.121764e-01 90.847896 99.349144
09/25 10:04:21 PM train 750 3.133750e-01 90.801848 99.340463
09/25 10:04:24 PM train_acc 90.782000
09/25 10:04:24 PM valid 000 1.130976e+00 75.000000 93.750000
09/25 10:04:25 PM valid 050 1.159682e+00 75.980392 93.535539
09/25 10:04:26 PM valid 100 1.112649e+00 76.082921 94.152228
09/25 10:04:27 PM valid 150 1.109301e+00 75.962334 94.101821
09/25 10:04:28 PM valid_acc 76.040000, best_acc 76.550000
09/25 10:04:28 PM epoch 391 lr 6.651217e-03
09/25 10:04:28 PM train 000 3.418150e-01 90.625000 98.437500
09/25 10:04:32 PM train 050 2.829398e-01 91.911765 99.540441
09/25 10:04:36 PM train 100 2.830369e-01 91.878094 99.334777
09/25 10:04:41 PM train 150 2.831667e-01 91.846026 99.306705
09/25 10:04:45 PM train 200 2.814731e-01 91.969838 99.362562
09/25 10:04:49 PM train 250 2.857124e-01 91.838894 99.365040
09/25 10:04:54 PM train 300 2.844650e-01 91.829319 99.387458
09/25 10:04:58 PM train 350 2.880484e-01 91.782407 99.385684
09/25 10:05:02 PM train 400 2.889356e-01 91.743298 99.396041
09/25 10:05:07 PM train 450 2.921895e-01 91.633176 99.372921
09/25 10:05:11 PM train 500 2.940175e-01 91.588698 99.370010
09/25 10:05:15 PM train 550 2.959152e-01 91.509755 99.350613
09/25 10:05:19 PM train 600 2.980980e-01 91.488145 99.324043
09/25 10:05:24 PM train 650 2.995798e-01 91.426651 99.318356
09/25 10:05:28 PM train 700 3.010687e-01 91.338267 99.311252
09/25 10:05:32 PM train 750 3.044596e-01 91.192993 99.313415
09/25 10:05:35 PM train_acc 91.172000
09/25 10:05:35 PM valid 000 1.100231e+00 85.937500 92.187500
09/25 10:05:36 PM valid 050 1.135513e+00 75.765931 93.811275
09/25 10:05:38 PM valid 100 1.120298e+00 76.051980 93.966584
09/25 10:05:39 PM valid 150 1.134919e+00 75.693295 93.874172
09/25 10:05:39 PM valid_acc 75.830000, best_acc 76.550000
09/25 10:05:39 PM epoch 392 lr 6.593455e-03
09/25 10:05:39 PM train 000 2.659763e-01 93.750000 100.000000
09/25 10:05:44 PM train 050 2.897010e-01 91.513480 99.509804
09/25 10:05:48 PM train 100 2.866595e-01 91.676980 99.535891
09/25 10:05:52 PM train 150 2.915558e-01 91.494205 99.565397
09/25 10:05:57 PM train 200 2.936942e-01 91.542289 99.549129
09/25 10:06:01 PM train 250 2.939252e-01 91.508964 99.564243
09/25 10:06:05 PM train 300 2.982982e-01 91.403654 99.537998
09/25 10:06:09 PM train 350 2.978964e-01 91.377315 99.523682
09/25 10:06:14 PM train 400 2.991219e-01 91.279613 99.501247
09/25 10:06:18 PM train 450 2.997550e-01 91.297118 99.469928
09/25 10:06:22 PM train 500 2.998305e-01 91.239396 99.466692
09/25 10:06:26 PM train 550 3.016091e-01 91.155286 99.449864
09/25 10:06:31 PM train 600 3.035178e-01 91.064372 99.425437
09/25 10:06:35 PM train 650 3.053983e-01 90.999424 99.426363
09/25 10:06:39 PM train 700 3.081220e-01 90.908078 99.418242
09/25 10:06:44 PM train 750 3.104273e-01 90.835136 99.394557
09/25 10:06:46 PM train_acc 90.782000
09/25 10:06:47 PM valid 000 1.231457e+00 79.687500 92.187500
09/25 10:06:48 PM valid 050 1.074452e+00 76.378676 94.454657
09/25 10:06:49 PM valid 100 1.057221e+00 76.794554 94.631807
09/25 10:06:50 PM valid 150 1.068198e+00 76.407285 94.453642
09/25 10:06:51 PM valid_acc 76.450000, best_acc 76.550000
09/25 10:06:51 PM epoch 393 lr 6.535855e-03
09/25 10:06:51 PM train 000 2.548037e-01 90.625000 100.000000
09/25 10:06:55 PM train 050 2.686909e-01 92.003676 99.662990
09/25 10:06:59 PM train 100 2.841917e-01 91.676980 99.597772
09/25 10:07:04 PM train 150 2.837733e-01 91.752897 99.441225
09/25 10:07:08 PM train 200 2.814077e-01 91.814366 99.448072
09/25 10:07:12 PM train 250 2.860137e-01 91.689492 99.408616
09/25 10:07:17 PM train 300 2.914432e-01 91.429610 99.418605
09/25 10:07:21 PM train 350 2.920346e-01 91.426282 99.399038
09/25 10:07:25 PM train 400 2.955628e-01 91.318579 99.368766
09/25 10:07:29 PM train 450 2.935596e-01 91.390660 99.372921
09/25 10:07:34 PM train 500 2.951564e-01 91.320484 99.376248
09/25 10:07:38 PM train 550 2.975591e-01 91.251701 99.373299
09/25 10:07:42 PM train 600 2.996863e-01 91.215162 99.357841
09/25 10:07:47 PM train 650 3.024831e-01 91.148233 99.344758
09/25 10:07:51 PM train 700 3.033278e-01 91.186698 99.333541
09/25 10:07:55 PM train 750 3.035216e-01 91.159704 99.336302
09/25 10:07:58 PM train_acc 91.142000
09/25 10:07:58 PM valid 000 9.423639e-01 75.000000 95.312500
09/25 10:07:59 PM valid 050 1.099042e+00 76.562500 93.841912
09/25 10:08:00 PM valid 100 1.081820e+00 77.026609 94.090347
09/25 10:08:02 PM valid 150 1.084168e+00 76.676325 94.236341
09/25 10:08:02 PM valid_acc 76.760000, best_acc 76.760000
09/25 10:08:02 PM epoch 394 lr 6.478419e-03
09/25 10:08:02 PM train 000 3.620334e-01 89.062500 100.000000
09/25 10:08:06 PM train 050 2.736591e-01 92.064951 99.417892
09/25 10:08:11 PM train 100 2.873772e-01 91.584158 99.396658
09/25 10:08:15 PM train 150 2.905776e-01 91.494205 99.379139
09/25 10:08:19 PM train 200 2.884115e-01 91.410137 99.393657
09/25 10:08:24 PM train 250 2.896360e-01 91.452938 99.383715
09/25 10:08:28 PM train 300 2.931393e-01 91.445183 99.382267
09/25 10:08:32 PM train 350 2.971191e-01 91.306090 99.372329
09/25 10:08:36 PM train 400 2.972247e-01 91.279613 99.399938
09/25 10:08:41 PM train 450 2.981313e-01 91.238221 99.417960
09/25 10:08:45 PM train 500 2.989406e-01 91.189496 99.435504
09/25 10:08:49 PM train 550 3.001650e-01 91.180808 99.430014
09/25 10:08:54 PM train 600 3.014563e-01 91.157966 99.420237
09/25 10:08:58 PM train 650 3.018075e-01 91.138633 99.416763
09/25 10:09:02 PM train 700 3.030744e-01 91.106455 99.407097
09/25 10:09:07 PM train 750 3.040716e-01 91.049434 99.392477
09/25 10:09:09 PM train_acc 91.038000
09/25 10:09:09 PM valid 000 1.031321e+00 81.250000 93.750000
09/25 10:09:11 PM valid 050 1.182151e+00 75.980392 93.198529
09/25 10:09:12 PM valid 100 1.144251e+00 75.758045 93.657178
09/25 10:09:13 PM valid 150 1.151186e+00 75.455298 93.770695
09/25 10:09:13 PM valid_acc 75.550000, best_acc 76.760000
09/25 10:09:13 PM epoch 395 lr 6.421147e-03
09/25 10:09:14 PM train 000 2.588231e-01 92.187500 100.000000
09/25 10:09:18 PM train 050 2.978535e-01 91.452206 99.417892
09/25 10:09:22 PM train 100 2.916465e-01 91.460396 99.412129
09/25 10:09:26 PM train 150 2.882944e-01 91.639073 99.430877
09/25 10:09:31 PM train 200 2.903167e-01 91.581157 99.416978
09/25 10:09:35 PM train 250 2.866375e-01 91.714392 99.421066
09/25 10:09:39 PM train 300 2.906400e-01 91.554194 99.439369
09/25 10:09:44 PM train 350 2.923979e-01 91.452991 99.430199
09/25 10:09:48 PM train 400 2.957653e-01 91.349751 99.431110
09/25 10:09:52 PM train 450 2.973617e-01 91.331763 99.393708
09/25 10:09:57 PM train 500 2.979943e-01 91.258109 99.394960
09/25 10:10:01 PM train 550 2.996621e-01 91.197822 99.393149
09/25 10:10:05 PM train 600 3.000642e-01 91.165765 99.404638
09/25 10:10:10 PM train 650 3.012239e-01 91.095430 99.399962
09/25 10:10:14 PM train 700 3.021259e-01 91.066334 99.398181
09/25 10:10:18 PM train 750 3.022884e-01 91.099368 99.396638
09/25 10:10:21 PM train_acc 91.058000
09/25 10:10:21 PM valid 000 1.020308e+00 76.562500 93.750000
09/25 10:10:22 PM valid 050 1.110894e+00 75.796569 93.719363
09/25 10:10:23 PM valid 100 1.081370e+00 76.438738 94.121287
09/25 10:10:25 PM valid 150 1.087850e+00 76.334851 94.122517
09/25 10:10:25 PM valid_acc 76.400000, best_acc 76.760000
09/25 10:10:25 PM epoch 396 lr 6.364043e-03
09/25 10:10:25 PM train 000 2.883473e-01 92.187500 98.437500
09/25 10:10:29 PM train 050 2.565940e-01 93.259804 99.325980
09/25 10:10:34 PM train 100 2.732593e-01 92.636139 99.443069
09/25 10:10:38 PM train 150 2.744502e-01 92.301325 99.461921
09/25 10:10:42 PM train 200 2.782217e-01 92.311878 99.416978
09/25 10:10:46 PM train 250 2.794070e-01 92.181275 99.414841
09/25 10:10:51 PM train 300 2.823941e-01 92.083679 99.428987
09/25 10:10:55 PM train 350 2.840408e-01 92.009437 99.443554
09/25 10:10:59 PM train 400 2.857080e-01 91.961502 99.442799
09/25 10:11:04 PM train 450 2.896341e-01 91.830654 99.424889
09/25 10:11:08 PM train 500 2.910714e-01 91.763348 99.429266
09/25 10:11:12 PM train 550 2.925361e-01 91.713929 99.421506
09/25 10:11:16 PM train 600 2.939220e-01 91.641535 99.404638
09/25 10:11:21 PM train 650 2.947726e-01 91.587462 99.392761
09/25 10:11:25 PM train 700 2.966518e-01 91.514354 99.380350
09/25 10:11:29 PM train 750 2.962026e-01 91.534204 99.379993
09/25 10:11:32 PM train_acc 91.538000
09/25 10:11:32 PM valid 000 8.815355e-01 82.812500 92.187500
09/25 10:11:33 PM valid 050 1.129251e+00 76.378676 93.903186
09/25 10:11:35 PM valid 100 1.104029e+00 76.871906 94.260520
09/25 10:11:36 PM valid 150 1.121634e+00 76.407285 94.246689
09/25 10:11:36 PM valid_acc 76.420000, best_acc 76.760000
09/25 10:11:36 PM epoch 397 lr 6.307106e-03
09/25 10:11:36 PM train 000 1.314500e-01 95.312500 100.000000
09/25 10:11:41 PM train 050 2.871936e-01 91.145833 99.540441
09/25 10:11:45 PM train 100 2.896831e-01 91.413985 99.443069
09/25 10:11:49 PM train 150 2.866718e-01 91.566639 99.451573
09/25 10:11:53 PM train 200 2.879413e-01 91.433458 99.486940
09/25 10:11:58 PM train 250 2.843195e-01 91.577440 99.483317
09/25 10:12:02 PM train 300 2.885896e-01 91.476329 99.460133
09/25 10:12:07 PM train 350 2.874919e-01 91.488604 99.448006
09/25 10:12:11 PM train 400 2.880194e-01 91.501714 99.454489
09/25 10:12:15 PM train 450 2.912381e-01 91.421840 99.438747
09/25 10:12:19 PM train 500 2.901233e-01 91.420284 99.447979
09/25 10:12:24 PM train 550 2.903756e-01 91.407668 99.435685
09/25 10:12:28 PM train 600 2.919710e-01 91.376352 99.417637
09/25 10:12:32 PM train 650 2.941365e-01 91.301843 99.392761
09/25 10:12:37 PM train 700 2.950240e-01 91.295917 99.393723
09/25 10:12:41 PM train 750 2.951758e-01 91.278296 99.409121
09/25 10:12:44 PM train_acc 91.212000
09/25 10:12:44 PM valid 000 1.084421e+00 82.812500 93.750000
09/25 10:12:45 PM valid 050 1.132781e+00 76.225490 93.443627
09/25 10:12:46 PM valid 100 1.124875e+00 76.485149 93.765470
09/25 10:12:47 PM valid 150 1.135912e+00 76.158940 93.781043
09/25 10:12:48 PM valid_acc 76.200000, best_acc 76.760000
09/25 10:12:48 PM epoch 398 lr 6.250340e-03
09/25 10:12:48 PM train 000 3.035925e-01 90.625000 100.000000
09/25 10:12:52 PM train 050 2.820939e-01 92.187500 99.325980
09/25 10:12:57 PM train 100 2.884528e-01 91.460396 99.427599
09/25 10:13:01 PM train 150 2.909191e-01 91.359685 99.430877
09/25 10:13:05 PM train 200 2.893914e-01 91.480100 99.448072
09/25 10:13:09 PM train 250 2.877936e-01 91.552540 99.408616
09/25 10:13:14 PM train 300 2.848697e-01 91.647633 99.397841
09/25 10:13:18 PM train 350 2.851276e-01 91.644409 99.421296
09/25 10:13:22 PM train 400 2.863302e-01 91.560162 99.411627
09/25 10:13:27 PM train 450 2.888382e-01 91.446092 99.404102
09/25 10:13:31 PM train 500 2.906184e-01 91.398453 99.385604
09/25 10:13:35 PM train 550 2.919880e-01 91.390653 99.356284
09/25 10:13:40 PM train 600 2.918966e-01 91.412750 99.355241
09/25 10:13:44 PM train 650 2.925466e-01 91.364247 99.359159
09/25 10:13:48 PM train 700 2.933293e-01 91.351641 99.362518
09/25 10:13:52 PM train 750 2.953345e-01 91.309504 99.352946
09/25 10:13:55 PM train_acc 91.298000
09/25 10:13:55 PM valid 000 9.312946e-01 81.250000 96.875000
09/25 10:13:56 PM valid 050 1.109001e+00 76.562500 93.872549
09/25 10:13:58 PM valid 100 1.092509e+00 76.794554 94.322401
09/25 10:13:59 PM valid 150 1.105172e+00 76.552152 94.163907
09/25 10:13:59 PM valid_acc 76.590000, best_acc 76.760000
09/25 10:13:59 PM epoch 399 lr 6.193744e-03
09/25 10:13:59 PM train 000 2.230335e-01 92.187500 100.000000
09/25 10:14:04 PM train 050 2.819838e-01 91.329657 99.172794
09/25 10:14:08 PM train 100 2.823204e-01 91.367574 99.272896
09/25 10:14:12 PM train 150 2.765605e-01 91.701159 99.368791
09/25 10:14:17 PM train 200 2.802686e-01 91.674440 99.409204
09/25 10:14:21 PM train 250 2.825082e-01 91.658367 99.421066
09/25 10:14:25 PM train 300 2.815216e-01 91.689161 99.439369
09/25 10:14:30 PM train 350 2.816429e-01 91.702279 99.439103
09/25 10:14:34 PM train 400 2.853403e-01 91.575748 99.438903
09/25 10:14:38 PM train 450 2.876252e-01 91.529241 99.407567
09/25 10:14:42 PM train 500 2.909609e-01 91.445235 99.404316
09/25 10:14:47 PM train 550 2.945010e-01 91.370803 99.387477
09/25 10:14:51 PM train 600 2.952361e-01 91.358153 99.389039
09/25 10:14:55 PM train 650 2.976506e-01 91.304243 99.378360
09/25 10:15:00 PM train 700 2.985490e-01 91.300374 99.362518
09/25 10:15:04 PM train 750 2.976544e-01 91.307423 99.377913
09/25 10:15:07 PM train_acc 91.296000
09/25 10:15:07 PM valid 000 7.987951e-01 78.125000 93.750000
09/25 10:15:08 PM valid 050 1.100369e+00 76.930147 94.117647
09/25 10:15:09 PM valid 100 1.095408e+00 77.181312 94.368812
09/25 10:15:11 PM valid 150 1.096645e+00 76.966060 94.463990
09/25 10:15:11 PM valid_acc 77.010000, best_acc 77.010000
09/25 10:15:11 PM epoch 400 lr 6.137322e-03
09/25 10:15:11 PM train 000 3.369703e-01 87.500000 100.000000
09/25 10:15:15 PM train 050 2.765357e-01 92.279412 99.264706
09/25 10:15:20 PM train 100 2.788788e-01 92.156559 99.443069
09/25 10:15:24 PM train 150 2.793906e-01 92.042632 99.472268
09/25 10:15:28 PM train 200 2.802761e-01 92.024254 99.432525
09/25 10:15:33 PM train 250 2.813875e-01 91.975847 99.402390
09/25 10:15:37 PM train 300 2.806882e-01 92.062915 99.371885
09/25 10:15:41 PM train 350 2.823468e-01 91.889245 99.399038
09/25 10:15:45 PM train 400 2.822067e-01 91.867986 99.415524
09/25 10:15:50 PM train 450 2.837260e-01 91.806402 99.397173
09/25 10:15:54 PM train 500 2.854433e-01 91.791417 99.398079
09/25 10:15:58 PM train 550 2.835174e-01 91.833031 99.407328
09/25 10:16:03 PM train 600 2.848243e-01 91.797525 99.425437
09/25 10:16:07 PM train 650 2.860560e-01 91.736271 99.411962
09/25 10:16:11 PM train 700 2.856179e-01 91.746166 99.407097
09/25 10:16:15 PM train 750 2.871054e-01 91.694407 99.415363
09/25 10:16:18 PM train_acc 91.612000
09/25 10:16:18 PM valid 000 1.036243e+00 78.125000 95.312500
09/25 10:16:20 PM valid 050 1.103885e+00 77.267157 93.811275
09/25 10:16:21 PM valid 100 1.081498e+00 77.336015 94.337871
09/25 10:16:22 PM valid 150 1.087912e+00 77.214404 94.422599
09/25 10:16:22 PM valid_acc 77.210000, best_acc 77.210000
09/25 10:16:22 PM epoch 401 lr 6.081074e-03
09/25 10:16:23 PM train 000 3.626265e-01 89.062500 100.000000
09/25 10:16:27 PM train 050 2.684812e-01 91.697304 99.724265
09/25 10:16:31 PM train 100 2.714696e-01 91.738861 99.644183
09/25 10:16:35 PM train 150 2.778129e-01 91.618377 99.658526
09/25 10:16:40 PM train 200 2.742083e-01 91.876555 99.626866
09/25 10:16:44 PM train 250 2.740117e-01 91.820219 99.589143
09/25 10:16:48 PM train 300 2.758326e-01 91.865656 99.563953
09/25 10:16:52 PM train 350 2.748269e-01 91.884793 99.528134
09/25 10:16:57 PM train 400 2.745460e-01 91.895262 99.509040
09/25 10:17:01 PM train 450 2.784140e-01 91.764828 99.497644
09/25 10:17:05 PM train 500 2.805266e-01 91.679142 99.469810
09/25 10:17:10 PM train 550 2.813279e-01 91.660050 99.447028
09/25 10:17:14 PM train 600 2.831601e-01 91.607737 99.446235
09/25 10:17:18 PM train 650 2.849071e-01 91.573061 99.426363
09/25 10:17:23 PM train 700 2.867498e-01 91.532186 99.420471
09/25 10:17:27 PM train 750 2.875829e-01 91.536285 99.425766
09/25 10:17:30 PM train_acc 91.476000
09/25 10:17:30 PM valid 000 1.223468e+00 71.875000 90.625000
09/25 10:17:31 PM valid 050 1.128137e+00 76.348039 93.596814
09/25 10:17:32 PM valid 100 1.114017e+00 76.376856 93.889233
09/25 10:17:33 PM valid 150 1.127837e+00 76.045116 93.832781
09/25 10:17:34 PM valid_acc 76.060000, best_acc 77.210000
09/25 10:17:34 PM epoch 402 lr 6.025002e-03
09/25 10:17:34 PM train 000 3.369281e-01 92.187500 98.437500
09/25 10:17:38 PM train 050 2.916899e-01 91.513480 99.387255
09/25 10:17:42 PM train 100 2.870466e-01 91.615099 99.365718
09/25 10:17:46 PM train 150 2.798703e-01 91.990894 99.430877
09/25 10:17:51 PM train 200 2.812136e-01 92.016480 99.432525
09/25 10:17:55 PM train 250 2.789222e-01 92.013197 99.470867
09/25 10:17:59 PM train 300 2.832847e-01 91.844892 99.460133
09/25 10:18:04 PM train 350 2.831259e-01 91.844729 99.461360
09/25 10:18:08 PM train 400 2.851249e-01 91.844607 99.442799
09/25 10:18:12 PM train 450 2.874229e-01 91.750970 99.417960
09/25 10:18:16 PM train 500 2.868354e-01 91.791417 99.419910
09/25 10:18:21 PM train 550 2.860516e-01 91.773480 99.441357
09/25 10:18:25 PM train 600 2.861748e-01 91.732529 99.448835
09/25 10:18:29 PM train 650 2.860456e-01 91.705069 99.450365
09/25 10:18:33 PM train 700 2.871038e-01 91.690442 99.451676
09/25 10:18:37 PM train 750 2.871367e-01 91.692327 99.459055
09/25 10:18:40 PM train_acc 91.674000
09/25 10:18:40 PM valid 000 8.584838e-01 76.562500 93.750000
09/25 10:18:41 PM valid 050 1.116911e+00 76.194853 93.566176
09/25 10:18:43 PM valid 100 1.127035e+00 76.175743 93.951114
09/25 10:18:44 PM valid 150 1.136677e+00 75.983030 93.936258
09/25 10:18:44 PM valid_acc 76.000000, best_acc 77.210000
09/25 10:18:44 PM epoch 403 lr 5.969107e-03
09/25 10:18:44 PM train 000 2.547499e-01 93.750000 98.437500
09/25 10:18:49 PM train 050 2.659385e-01 92.585784 99.540441
09/25 10:18:53 PM train 100 2.646499e-01 92.744431 99.489480
09/25 10:18:57 PM train 150 2.707008e-01 92.518626 99.461921
09/25 10:19:02 PM train 200 2.692617e-01 92.529540 99.479167
09/25 10:19:06 PM train 250 2.662444e-01 92.548556 99.495767
09/25 10:19:10 PM train 300 2.674401e-01 92.514535 99.486088
09/25 10:19:14 PM train 350 2.694218e-01 92.365563 99.505876
09/25 10:19:19 PM train 400 2.713077e-01 92.281016 99.493454
09/25 10:19:23 PM train 450 2.716935e-01 92.239468 99.483786
09/25 10:19:27 PM train 500 2.743983e-01 92.122006 99.472929
09/25 10:19:31 PM train 550 2.765324e-01 92.025862 99.486729
09/25 10:19:36 PM train 600 2.784552e-01 91.963914 99.485233
09/25 10:19:40 PM train 650 2.786363e-01 91.949885 99.467166
09/25 10:19:44 PM train 700 2.785350e-01 91.931170 99.473966
09/25 10:19:49 PM train 750 2.803969e-01 91.908705 99.459055
09/25 10:19:51 PM train_acc 91.880000
09/25 10:19:51 PM valid 000 1.020680e+00 81.250000 93.750000
09/25 10:19:53 PM valid 050 1.129825e+00 75.796569 93.382353
09/25 10:19:54 PM valid 100 1.095239e+00 76.547030 93.842822
09/25 10:19:55 PM valid 150 1.102372e+00 76.376242 93.884520
09/25 10:19:55 PM valid_acc 76.380000, best_acc 77.210000
09/25 10:19:56 PM epoch 404 lr 5.913392e-03
09/25 10:19:56 PM train 000 2.997310e-01 90.625000 100.000000
09/25 10:20:00 PM train 050 2.638575e-01 92.677696 99.509804
09/25 10:20:04 PM train 100 2.651364e-01 92.419554 99.427599
09/25 10:20:09 PM train 150 2.653737e-01 92.322020 99.503311
09/25 10:20:13 PM train 200 2.631981e-01 92.444030 99.533582
09/25 10:20:17 PM train 250 2.614186e-01 92.548556 99.551793
09/25 10:20:22 PM train 300 2.648581e-01 92.353613 99.522425
09/25 10:20:26 PM train 350 2.686443e-01 92.258725 99.514779
09/25 10:20:30 PM train 400 2.706177e-01 92.218672 99.509040
09/25 10:20:34 PM train 450 2.721987e-01 92.083564 99.483786
09/25 10:20:39 PM train 500 2.723972e-01 92.062750 99.472929
09/25 10:20:43 PM train 550 2.737396e-01 92.011683 99.469714
09/25 10:20:47 PM train 600 2.755003e-01 91.961314 99.451435
09/25 10:20:52 PM train 650 2.768491e-01 91.945084 99.455165
09/25 10:20:56 PM train 700 2.769289e-01 91.969062 99.451676
09/25 10:21:00 PM train 750 2.798733e-01 91.885819 99.438249
09/25 10:21:03 PM train_acc 91.854000
09/25 10:21:03 PM valid 000 1.013991e+00 76.562500 92.187500
09/25 10:21:04 PM valid 050 1.145603e+00 76.225490 93.903186
09/25 10:21:06 PM valid 100 1.114523e+00 76.206683 94.291460
09/25 10:21:07 PM valid 150 1.121531e+00 76.003725 94.298427
09/25 10:21:07 PM valid_acc 76.120000, best_acc 77.210000
09/25 10:21:07 PM epoch 405 lr 5.857857e-03
09/25 10:21:07 PM train 000 2.155912e-01 93.750000 100.000000
09/25 10:21:12 PM train 050 2.499924e-01 92.708333 99.693627
09/25 10:21:16 PM train 100 2.510323e-01 92.713490 99.644183
09/25 10:21:20 PM train 150 2.586520e-01 92.487583 99.524007
09/25 10:21:24 PM train 200 2.631350e-01 92.381841 99.510261
09/25 10:21:29 PM train 250 2.679992e-01 92.249751 99.514442
09/25 10:21:33 PM train 300 2.705962e-01 92.171927 99.496470
09/25 10:21:37 PM train 350 2.707855e-01 92.200855 99.488070
09/25 10:21:42 PM train 400 2.753753e-01 92.062812 99.446696
09/25 10:21:46 PM train 450 2.763882e-01 92.093958 99.431818
09/25 10:21:50 PM train 500 2.786835e-01 91.994137 99.423029
09/25 10:21:54 PM train 550 2.815422e-01 91.935118 99.415835
09/25 10:21:59 PM train 600 2.834361e-01 91.859921 99.394239
09/25 10:22:03 PM train 650 2.844974e-01 91.798675 99.404762
09/25 10:22:07 PM train 700 2.872009e-01 91.726106 99.400410
09/25 10:22:11 PM train 750 2.853975e-01 91.783872 99.413282
09/25 10:22:14 PM train_acc 91.762000
09/25 10:22:14 PM valid 000 1.154330e+00 75.000000 92.187500
09/25 10:22:15 PM valid 050 1.122788e+00 76.562500 93.841912
09/25 10:22:17 PM valid 100 1.089026e+00 76.686262 94.337871
09/25 10:22:18 PM valid 150 1.101530e+00 76.396937 94.453642
09/25 10:22:18 PM valid_acc 76.440000, best_acc 77.210000
09/25 10:22:18 PM epoch 406 lr 5.802505e-03
09/25 10:22:18 PM train 000 3.095062e-01 96.875000 100.000000
09/25 10:22:23 PM train 050 2.625450e-01 92.861520 99.479167
09/25 10:22:27 PM train 100 2.636078e-01 92.728960 99.520421
09/25 10:22:31 PM train 150 2.713167e-01 92.394454 99.441225
09/25 10:22:35 PM train 200 2.723104e-01 92.428483 99.424751
09/25 10:22:40 PM train 250 2.676974e-01 92.523655 99.452191
09/25 10:22:44 PM train 300 2.720881e-01 92.379568 99.423796
09/25 10:22:48 PM train 350 2.720812e-01 92.343305 99.434651
09/25 10:22:52 PM train 400 2.727331e-01 92.288809 99.442799
09/25 10:22:57 PM train 450 2.730574e-01 92.197894 99.452605
09/25 10:23:01 PM train 500 2.762013e-01 92.106412 99.438623
09/25 10:23:05 PM train 550 2.774457e-01 92.076906 99.438521
09/25 10:23:10 PM train 600 2.799647e-01 91.995112 99.443636
09/25 10:23:14 PM train 650 2.806224e-01 91.945084 99.447965
09/25 10:23:18 PM train 700 2.815960e-01 91.942315 99.458363
09/25 10:23:22 PM train 750 2.820327e-01 91.954477 99.463216
09/25 10:23:25 PM train_acc 91.964000
09/25 10:23:25 PM valid 000 1.314465e+00 73.437500 89.062500
09/25 10:23:26 PM valid 050 1.109094e+00 75.919118 94.117647
09/25 10:23:28 PM valid 100 1.100999e+00 76.531559 94.384282
09/25 10:23:29 PM valid 150 1.098673e+00 76.521109 94.474338
09/25 10:23:29 PM valid_acc 76.530000, best_acc 77.210000
09/25 10:23:29 PM epoch 407 lr 5.747335e-03
09/25 10:23:29 PM train 000 3.573324e-01 93.750000 100.000000
09/25 10:23:34 PM train 050 2.624982e-01 92.432598 99.693627
09/25 10:23:38 PM train 100 2.653798e-01 92.543317 99.644183
09/25 10:23:42 PM train 150 2.667829e-01 92.259934 99.606788
09/25 10:23:46 PM train 200 2.657873e-01 92.288557 99.580224
09/25 10:23:51 PM train 250 2.628530e-01 92.368028 99.582918
09/25 10:23:55 PM train 300 2.624719e-01 92.338040 99.595100
09/25 10:23:59 PM train 350 2.632144e-01 92.312144 99.572650
09/25 10:24:04 PM train 400 2.644156e-01 92.242051 99.579177
09/25 10:24:08 PM train 450 2.658281e-01 92.222145 99.573864
09/25 10:24:12 PM train 500 2.647507e-01 92.262350 99.557136
09/25 10:24:16 PM train 550 2.664490e-01 92.218693 99.554787
09/25 10:24:21 PM train 600 2.688226e-01 92.125104 99.547629
09/25 10:24:25 PM train 650 2.686559e-01 92.153898 99.534370
09/25 10:24:29 PM train 700 2.697737e-01 92.142921 99.511858
09/25 10:24:33 PM train 750 2.725580e-01 92.056425 99.498585
09/25 10:24:36 PM train_acc 91.996000
09/25 10:24:36 PM valid 000 1.001967e+00 78.125000 95.312500
09/25 10:24:37 PM valid 050 1.094755e+00 76.439951 94.148284
09/25 10:24:39 PM valid 100 1.090834e+00 76.547030 94.492574
09/25 10:24:40 PM valid 150 1.101315e+00 76.303808 94.288079
09/25 10:24:40 PM valid_acc 76.300000, best_acc 77.210000
09/25 10:24:40 PM epoch 408 lr 5.692351e-03
09/25 10:24:40 PM train 000 2.158740e-01 93.750000 100.000000
09/25 10:24:45 PM train 050 2.487052e-01 93.321078 99.632353
09/25 10:24:49 PM train 100 2.524467e-01 93.177599 99.566832
09/25 10:24:53 PM train 150 2.516485e-01 93.098096 99.586093
09/25 10:24:57 PM train 200 2.566901e-01 93.003731 99.525808
09/25 10:25:02 PM train 250 2.646577e-01 92.666833 99.427291
09/25 10:25:06 PM train 300 2.664382e-01 92.607973 99.444560
09/25 10:25:10 PM train 350 2.678606e-01 92.494658 99.443554
09/25 10:25:14 PM train 400 2.704737e-01 92.409601 99.466178
09/25 10:25:19 PM train 450 2.726246e-01 92.270649 99.473392
09/25 10:25:23 PM train 500 2.757489e-01 92.131362 99.463573
09/25 10:25:27 PM train 550 2.770578e-01 92.040041 99.458371
09/25 10:25:31 PM train 600 2.779141e-01 92.005512 99.461834
09/25 10:25:36 PM train 650 2.790827e-01 91.961886 99.462366
09/25 10:25:40 PM train 700 2.781860e-01 92.011412 99.460592
09/25 10:25:44 PM train 750 2.792160e-01 92.010652 99.461135
09/25 10:25:47 PM train_acc 92.030000
09/25 10:25:47 PM valid 000 1.064527e+00 76.562500 92.187500
09/25 10:25:48 PM valid 050 1.111334e+00 75.980392 93.933824
09/25 10:25:49 PM valid 100 1.103531e+00 76.361386 94.136757
09/25 10:25:51 PM valid 150 1.110424e+00 76.345199 94.174255
09/25 10:25:51 PM valid_acc 76.430000, best_acc 77.210000
09/25 10:25:51 PM epoch 409 lr 5.637554e-03
09/25 10:25:51 PM train 000 2.998650e-01 90.625000 100.000000
09/25 10:25:55 PM train 050 2.393818e-01 93.137255 99.571078
09/25 10:26:00 PM train 100 2.390562e-01 93.254950 99.489480
09/25 10:26:04 PM train 150 2.424062e-01 93.139487 99.524007
09/25 10:26:08 PM train 200 2.429159e-01 93.190299 99.533582
09/25 10:26:12 PM train 250 2.490183e-01 92.934512 99.558018
09/25 10:26:17 PM train 300 2.542353e-01 92.711794 99.584718
09/25 10:26:21 PM train 350 2.564691e-01 92.646011 99.554843
09/25 10:26:25 PM train 400 2.624684e-01 92.464152 99.555798
09/25 10:26:29 PM train 450 2.621632e-01 92.499307 99.570399
09/25 10:26:34 PM train 500 2.627042e-01 92.543039 99.547779
09/25 10:26:38 PM train 550 2.671259e-01 92.437046 99.526429
09/25 10:26:42 PM train 600 2.678436e-01 92.444884 99.526830
09/25 10:26:46 PM train 650 2.709395e-01 92.384313 99.503168
09/25 10:26:51 PM train 700 2.705589e-01 92.359130 99.500713
09/25 10:26:55 PM train 750 2.708877e-01 92.326897 99.496505
09/25 10:26:58 PM train_acc 92.246000
09/25 10:26:58 PM valid 000 1.170177e+00 75.000000 93.750000
09/25 10:26:59 PM valid 050 1.149731e+00 75.857843 93.811275
09/25 10:27:00 PM valid 100 1.123022e+00 76.361386 94.167698
09/25 10:27:02 PM valid 150 1.105494e+00 76.531457 94.163907
09/25 10:27:02 PM valid_acc 76.500000, best_acc 77.210000
09/25 10:27:02 PM epoch 410 lr 5.582945e-03
09/25 10:27:02 PM train 000 1.881449e-01 95.312500 100.000000
09/25 10:27:06 PM train 050 2.550719e-01 92.064951 99.662990
09/25 10:27:11 PM train 100 2.515752e-01 92.589728 99.551361
09/25 10:27:15 PM train 150 2.535600e-01 92.704884 99.544702
09/25 10:27:19 PM train 200 2.531347e-01 92.809391 99.510261
09/25 10:27:23 PM train 250 2.566868e-01 92.567231 99.520667
09/25 10:27:28 PM train 300 2.539306e-01 92.680648 99.558762
09/25 10:27:32 PM train 350 2.576443e-01 92.561432 99.568198
09/25 10:27:36 PM train 400 2.612814e-01 92.429084 99.579177
09/25 10:27:40 PM train 450 2.634886e-01 92.336475 99.573864
09/25 10:27:45 PM train 500 2.640802e-01 92.318488 99.563373
09/25 10:27:49 PM train 550 2.669729e-01 92.266901 99.551951
09/25 10:27:53 PM train 600 2.662339e-01 92.327891 99.555428
09/25 10:27:58 PM train 650 2.670405e-01 92.259505 99.548771
09/25 10:28:02 PM train 700 2.676497e-01 92.258827 99.540835
09/25 10:28:06 PM train 750 2.693913e-01 92.162533 99.527713
09/25 10:28:09 PM train_acc 92.140000
09/25 10:28:09 PM valid 000 1.088810e+00 78.125000 93.750000
09/25 10:28:10 PM valid 050 1.098208e+00 76.102941 93.627451
09/25 10:28:11 PM valid 100 1.091962e+00 76.516089 93.966584
09/25 10:28:13 PM valid 150 1.095592e+00 76.614238 94.039735
09/25 10:28:13 PM valid_acc 76.660000, best_acc 77.210000
09/25 10:28:13 PM epoch 411 lr 5.528526e-03
09/25 10:28:13 PM train 000 3.034223e-01 90.625000 100.000000
09/25 10:28:17 PM train 050 2.562542e-01 93.167892 99.479167
09/25 10:28:21 PM train 100 2.607102e-01 92.728960 99.582302
09/25 10:28:26 PM train 150 2.626375e-01 92.653146 99.544702
09/25 10:28:30 PM train 200 2.594271e-01 92.786070 99.564677
09/25 10:28:34 PM train 250 2.610165e-01 92.704183 99.582918
09/25 10:28:39 PM train 300 2.583202e-01 92.753322 99.589909
09/25 10:28:43 PM train 350 2.608853e-01 92.637108 99.568198
09/25 10:28:47 PM train 400 2.601567e-01 92.670667 99.571384
09/25 10:28:51 PM train 450 2.612472e-01 92.634424 99.560006
09/25 10:28:56 PM train 500 2.610301e-01 92.599177 99.560254
09/25 10:29:00 PM train 550 2.651203e-01 92.465404 99.546279
09/25 10:29:04 PM train 600 2.657337e-01 92.439684 99.542429
09/25 10:29:09 PM train 650 2.652675e-01 92.393913 99.558372
09/25 10:29:13 PM train 700 2.667362e-01 92.345756 99.543063
09/25 10:29:17 PM train 750 2.677032e-01 92.331059 99.536035
09/25 10:29:20 PM train_acc 92.318000
09/25 10:29:20 PM valid 000 8.736952e-01 76.562500 95.312500
09/25 10:29:21 PM valid 050 1.119792e+00 76.102941 93.872549
09/25 10:29:23 PM valid 100 1.107317e+00 76.206683 94.275990
09/25 10:29:24 PM valid 150 1.110710e+00 76.117550 94.288079
09/25 10:29:24 PM valid_acc 76.190000, best_acc 77.210000
09/25 10:29:24 PM epoch 412 lr 5.474297e-03
09/25 10:29:24 PM train 000 3.863281e-01 90.625000 96.875000
09/25 10:29:29 PM train 050 2.616584e-01 92.156863 99.448529
09/25 10:29:33 PM train 100 2.651471e-01 92.249381 99.458540
09/25 10:29:37 PM train 150 2.615591e-01 92.477235 99.503311
09/25 10:29:41 PM train 200 2.587264e-01 92.552861 99.502488
09/25 10:29:46 PM train 250 2.585700e-01 92.573456 99.501992
09/25 10:29:50 PM train 300 2.593609e-01 92.530108 99.496470
09/25 10:29:54 PM train 350 2.622639e-01 92.414530 99.501425
09/25 10:29:58 PM train 400 2.602147e-01 92.452463 99.505143
09/25 10:30:03 PM train 450 2.618869e-01 92.419623 99.511502
09/25 10:30:07 PM train 500 2.644495e-01 92.362151 99.494760
09/25 10:30:11 PM train 550 2.655639e-01 92.329288 99.472550
09/25 10:30:15 PM train 600 2.657257e-01 92.364289 99.467034
09/25 10:30:20 PM train 650 2.688510e-01 92.269105 99.457565
09/25 10:30:24 PM train 700 2.686838e-01 92.285574 99.449447
09/25 10:30:28 PM train 750 2.693394e-01 92.272803 99.454893
09/25 10:30:31 PM train_acc 92.252000
09/25 10:30:31 PM valid 000 7.572006e-01 79.687500 96.875000
09/25 10:30:32 PM valid 050 1.129172e+00 75.827206 94.178922
09/25 10:30:34 PM valid 100 1.103023e+00 76.469678 94.306931
09/25 10:30:35 PM valid 150 1.106702e+00 76.417632 94.339818
09/25 10:30:35 PM valid_acc 76.460000, best_acc 77.210000
09/25 10:30:35 PM epoch 413 lr 5.420261e-03
09/25 10:30:35 PM train 000 1.481768e-01 98.437500 98.437500
09/25 10:30:40 PM train 050 2.452942e-01 93.321078 99.540441
09/25 10:30:44 PM train 100 2.650943e-01 92.527847 99.489480
09/25 10:30:48 PM train 150 2.607741e-01 92.725579 99.492964
09/25 10:30:52 PM train 200 2.548162e-01 92.910448 99.518035
09/25 10:30:57 PM train 250 2.564137e-01 92.785110 99.514442
09/25 10:31:01 PM train 300 2.568276e-01 92.768895 99.522425
09/25 10:31:05 PM train 350 2.553289e-01 92.824074 99.541489
09/25 10:31:09 PM train 400 2.575126e-01 92.744701 99.505143
09/25 10:31:14 PM train 450 2.577803e-01 92.741824 99.514967
09/25 10:31:18 PM train 500 2.603317e-01 92.677146 99.497879
09/25 10:31:22 PM train 550 2.605724e-01 92.635549 99.517922
09/25 10:31:26 PM train 600 2.618423e-01 92.569676 99.508631
09/25 10:31:31 PM train 650 2.634003e-01 92.533122 99.493568
09/25 10:31:35 PM train 700 2.639706e-01 92.499554 99.494026
09/25 10:31:39 PM train 750 2.662920e-01 92.405959 99.490263
09/25 10:31:42 PM train_acc 92.380000
09/25 10:31:42 PM valid 000 1.028551e+00 79.687500 95.312500
09/25 10:31:43 PM valid 050 1.073342e+00 76.715686 94.638480
09/25 10:31:44 PM valid 100 1.070148e+00 76.949257 94.709158
09/25 10:31:46 PM valid 150 1.078667e+00 76.872930 94.691639
09/25 10:31:46 PM valid_acc 76.920000, best_acc 77.210000
09/25 10:31:46 PM epoch 414 lr 5.366420e-03
09/25 10:31:46 PM train 000 2.244933e-01 93.750000 100.000000
09/25 10:31:51 PM train 050 2.694752e-01 92.401961 99.295343
09/25 10:31:55 PM train 100 2.524998e-01 93.022896 99.474010
09/25 10:31:59 PM train 150 2.496875e-01 92.984272 99.492964
09/25 10:32:03 PM train 200 2.525520e-01 92.910448 99.479167
09/25 10:32:07 PM train 250 2.527052e-01 92.785110 99.508217
09/25 10:32:12 PM train 300 2.526920e-01 92.742940 99.517234
09/25 10:32:16 PM train 350 2.540889e-01 92.730591 99.545940
09/25 10:32:20 PM train 400 2.547910e-01 92.705736 99.528522
09/25 10:32:25 PM train 450 2.540940e-01 92.714108 99.539218
09/25 10:32:29 PM train 500 2.560522e-01 92.677146 99.529067
09/25 10:32:33 PM train 550 2.578510e-01 92.621370 99.520758
09/25 10:32:37 PM train 600 2.591672e-01 92.587874 99.508631
09/25 10:32:42 PM train 650 2.589434e-01 92.605127 99.512769
09/25 10:32:46 PM train 700 2.603060e-01 92.537447 99.498484
09/25 10:32:50 PM train 750 2.621844e-01 92.482939 99.486102
09/25 10:32:53 PM train_acc 92.464000
09/25 10:32:53 PM valid 000 8.688277e-01 81.250000 95.312500
09/25 10:32:54 PM valid 050 1.089770e+00 76.838235 93.658088
09/25 10:32:55 PM valid 100 1.070818e+00 77.305074 94.492574
09/25 10:32:57 PM valid 150 1.073634e+00 77.204056 94.526076
09/25 10:32:57 PM valid_acc 77.240000, best_acc 77.240000
09/25 10:32:57 PM epoch 415 lr 5.312774e-03
09/25 10:32:57 PM train 000 1.735088e-01 96.875000 98.437500
09/25 10:33:01 PM train 050 2.544861e-01 93.167892 99.509804
09/25 10:33:05 PM train 100 2.469172e-01 93.022896 99.551361
09/25 10:33:10 PM train 150 2.541512e-01 92.891142 99.513659
09/25 10:33:14 PM train 200 2.513505e-01 92.995958 99.525808
09/25 10:33:18 PM train 250 2.555987e-01 92.729084 99.539343
09/25 10:33:23 PM train 300 2.547224e-01 92.774086 99.548380
09/25 10:33:27 PM train 350 2.537637e-01 92.824074 99.514779
09/25 10:33:31 PM train 400 2.556404e-01 92.779769 99.505143
09/25 10:33:35 PM train 450 2.565646e-01 92.769540 99.497644
09/25 10:33:40 PM train 500 2.579005e-01 92.733283 99.513473
09/25 10:33:44 PM train 550 2.581986e-01 92.729129 99.506579
09/25 10:33:48 PM train 600 2.601271e-01 92.645071 99.516431
09/25 10:33:52 PM train 650 2.619323e-01 92.564324 99.510369
09/25 10:33:57 PM train 700 2.623534e-01 92.535218 99.514087
09/25 10:34:01 PM train 750 2.644825e-01 92.478778 99.498585
09/25 10:34:03 PM train_acc 92.484000
09/25 10:34:04 PM valid 000 6.926574e-01 82.812500 95.312500
09/25 10:34:05 PM valid 050 1.093280e+00 76.685049 94.209559
09/25 10:34:06 PM valid 100 1.087076e+00 77.057550 94.569926
09/25 10:34:07 PM valid 150 1.094754e+00 76.800497 94.453642
09/25 10:34:08 PM valid_acc 76.830000, best_acc 77.240000
09/25 10:34:08 PM epoch 416 lr 5.259325e-03
09/25 10:34:08 PM train 000 2.797093e-01 95.312500 98.437500
09/25 10:34:12 PM train 050 2.444197e-01 92.371324 99.693627
09/25 10:34:16 PM train 100 2.469115e-01 92.775371 99.628713
09/25 10:34:21 PM train 150 2.524693e-01 92.756623 99.586093
09/25 10:34:25 PM train 200 2.517128e-01 92.824938 99.595771
09/25 10:34:29 PM train 250 2.503640e-01 92.810010 99.595369
09/25 10:34:33 PM train 300 2.549005e-01 92.711794 99.600291
09/25 10:34:38 PM train 350 2.535688e-01 92.788462 99.612714
09/25 10:34:42 PM train 400 2.537513e-01 92.814838 99.618142
09/25 10:34:46 PM train 450 2.576376e-01 92.710643 99.594651
09/25 10:34:50 PM train 500 2.570172e-01 92.708333 99.588323
09/25 10:34:55 PM train 550 2.558039e-01 92.717786 99.594487
09/25 10:34:59 PM train 600 2.573285e-01 92.663270 99.599626
09/25 10:35:03 PM train 650 2.585920e-01 92.621928 99.606375
09/25 10:35:08 PM train 700 2.609638e-01 92.557507 99.594330
09/25 10:35:12 PM train 750 2.629921e-01 92.493342 99.577646
09/25 10:35:14 PM train_acc 92.482000
09/25 10:35:15 PM valid 000 8.389900e-01 81.250000 93.750000
09/25 10:35:16 PM valid 050 1.094310e+00 76.439951 93.841912
09/25 10:35:17 PM valid 100 1.073208e+00 76.902847 94.306931
09/25 10:35:18 PM valid 150 1.079209e+00 76.893626 94.350166
09/25 10:35:19 PM valid_acc 76.820000, best_acc 77.240000
09/25 10:35:19 PM epoch 417 lr 5.206074e-03
09/25 10:35:19 PM train 000 2.569933e-01 92.187500 100.000000
09/25 10:35:23 PM train 050 2.453382e-01 93.137255 99.540441
09/25 10:35:27 PM train 100 2.435288e-01 93.069307 99.474010
09/25 10:35:32 PM train 150 2.472653e-01 92.994619 99.534354
09/25 10:35:36 PM train 200 2.402896e-01 93.205846 99.549129
09/25 10:35:40 PM train 250 2.422104e-01 93.171066 99.576693
09/25 10:35:44 PM train 300 2.434319e-01 93.101121 99.563953
09/25 10:35:49 PM train 350 2.458219e-01 93.037749 99.554843
09/25 10:35:53 PM train 400 2.468953e-01 93.087594 99.555798
09/25 10:35:57 PM train 450 2.486087e-01 92.984340 99.542683
09/25 10:36:02 PM train 500 2.473406e-01 93.010853 99.550898
09/25 10:36:06 PM train 550 2.478942e-01 92.984347 99.554787
09/25 10:36:10 PM train 600 2.484270e-01 92.933652 99.560628
09/25 10:36:14 PM train 650 2.495379e-01 92.929147 99.560772
09/25 10:36:18 PM train 700 2.527568e-01 92.813837 99.563124
09/25 10:36:23 PM train 750 2.545943e-01 92.713881 99.550599
09/25 10:36:25 PM train_acc 92.666000
09/25 10:36:26 PM valid 000 7.349920e-01 82.812500 93.750000
09/25 10:36:27 PM valid 050 1.083149e+00 77.083333 93.903186
09/25 10:36:28 PM valid 100 1.072804e+00 77.428837 94.538985
09/25 10:36:29 PM valid 150 1.087143e+00 77.235099 94.526076
09/25 10:36:30 PM valid_acc 77.270000, best_acc 77.270000
09/25 10:36:30 PM epoch 418 lr 5.153024e-03
09/25 10:36:30 PM train 000 1.635748e-01 96.875000 100.000000
09/25 10:36:34 PM train 050 2.563847e-01 92.677696 99.448529
09/25 10:36:38 PM train 100 2.524254e-01 93.131188 99.381188
09/25 10:36:43 PM train 150 2.487506e-01 93.191225 99.420530
09/25 10:36:47 PM train 200 2.481737e-01 93.112562 99.479167
09/25 10:36:51 PM train 250 2.558262e-01 92.903386 99.483317
09/25 10:36:55 PM train 300 2.570894e-01 92.836379 99.486088
09/25 10:37:00 PM train 350 2.552201e-01 92.899751 99.479167
09/25 10:37:04 PM train 400 2.561764e-01 92.826527 99.473971
09/25 10:37:08 PM train 450 2.602526e-01 92.714108 99.466463
09/25 10:37:12 PM train 500 2.627940e-01 92.621008 99.463573
09/25 10:37:17 PM train 550 2.634683e-01 92.575998 99.452700
09/25 10:37:21 PM train 600 2.637763e-01 92.546277 99.448835
09/25 10:37:25 PM train 650 2.647668e-01 92.513921 99.455165
09/25 10:37:30 PM train 700 2.661716e-01 92.439372 99.453905
09/25 10:37:34 PM train 750 2.659119e-01 92.447570 99.471538
09/25 10:37:37 PM train_acc 92.438000
09/25 10:37:37 PM valid 000 8.688302e-01 79.687500 93.750000
09/25 10:37:38 PM valid 050 1.090174e+00 76.685049 94.056373
09/25 10:37:39 PM valid 100 1.100429e+00 76.856436 94.569926
09/25 10:37:40 PM valid 150 1.118380e+00 76.645281 94.536424
09/25 10:37:41 PM valid_acc 76.680000, best_acc 77.270000
09/25 10:37:41 PM epoch 419 lr 5.100174e-03
09/25 10:37:41 PM train 000 2.446674e-01 89.062500 100.000000
09/25 10:37:45 PM train 050 2.301673e-01 93.321078 99.724265
09/25 10:37:50 PM train 100 2.303123e-01 93.517946 99.582302
09/25 10:37:54 PM train 150 2.305409e-01 93.646523 99.596440
09/25 10:37:58 PM train 200 2.348992e-01 93.594527 99.564677
09/25 10:38:03 PM train 250 2.409310e-01 93.314243 99.539343
09/25 10:38:07 PM train 300 2.401967e-01 93.365864 99.563953
09/25 10:38:11 PM train 350 2.416737e-01 93.327101 99.581553
09/25 10:38:15 PM train 400 2.468680e-01 93.114869 99.559695
09/25 10:38:20 PM train 450 2.473749e-01 93.112528 99.560006
09/25 10:38:24 PM train 500 2.479135e-01 93.063872 99.557136
09/25 10:38:28 PM train 550 2.511869e-01 92.930467 99.546279
09/25 10:38:33 PM train 600 2.516911e-01 92.938852 99.550229
09/25 10:38:37 PM train 650 2.535019e-01 92.837942 99.531970
09/25 10:38:41 PM train 700 2.540673e-01 92.849501 99.516316
09/25 10:38:45 PM train 750 2.548732e-01 92.805426 99.515230
09/25 10:38:48 PM train_acc 92.812000
09/25 10:38:48 PM valid 000 9.062415e-01 78.125000 92.187500
09/25 10:38:49 PM valid 050 1.061183e+00 76.930147 94.117647
09/25 10:38:51 PM valid 100 1.060743e+00 77.258663 94.461634
09/25 10:38:52 PM valid 150 1.070355e+00 77.328228 94.536424
09/25 10:38:52 PM valid_acc 77.320000, best_acc 77.320000
09/25 10:38:52 PM epoch 420 lr 5.047528e-03
09/25 10:38:52 PM train 000 3.449977e-01 90.625000 100.000000
09/25 10:38:57 PM train 050 2.445179e-01 93.106618 99.571078
09/25 10:39:01 PM train 100 2.422871e-01 93.440594 99.628713
09/25 10:39:05 PM train 150 2.454529e-01 93.253311 99.606788
09/25 10:39:10 PM train 200 2.478225e-01 93.089241 99.572450
09/25 10:39:14 PM train 250 2.509976e-01 93.027888 99.545568
09/25 10:39:18 PM train 300 2.523968e-01 93.028447 99.569145
09/25 10:39:23 PM train 350 2.506768e-01 93.068910 99.577101
09/25 10:39:27 PM train 400 2.507379e-01 93.009663 99.555798
09/25 10:39:31 PM train 450 2.517654e-01 92.928908 99.528825
09/25 10:39:36 PM train 500 2.518136e-01 92.898578 99.535304
09/25 10:39:40 PM train 550 2.526769e-01 92.856738 99.537772
09/25 10:39:44 PM train 600 2.543098e-01 92.808860 99.526830
09/25 10:39:49 PM train 650 2.554622e-01 92.768337 99.507969
09/25 10:39:53 PM train 700 2.556695e-01 92.778174 99.511858
09/25 10:39:57 PM train 750 2.553997e-01 92.801265 99.504827
09/25 10:40:00 PM train_acc 92.778000
09/25 10:40:00 PM valid 000 8.764049e-01 79.687500 92.187500
09/25 10:40:01 PM valid 050 1.081269e+00 76.838235 94.178922
09/25 10:40:02 PM valid 100 1.069180e+00 77.243193 94.430693
09/25 10:40:04 PM valid 150 1.069965e+00 77.317881 94.474338
09/25 10:40:04 PM valid_acc 77.340000, best_acc 77.340000
09/25 10:40:04 PM epoch 421 lr 4.995086e-03
09/25 10:40:04 PM train 000 1.333412e-01 96.875000 100.000000
09/25 10:40:08 PM train 050 2.172016e-01 94.178922 99.724265
09/25 10:40:13 PM train 100 2.272451e-01 93.842822 99.628713
09/25 10:40:17 PM train 150 2.326101e-01 93.429222 99.648179
09/25 10:40:21 PM train 200 2.371826e-01 93.306903 99.619092
09/25 10:40:25 PM train 250 2.389419e-01 93.227092 99.614044
09/25 10:40:30 PM train 300 2.390887e-01 93.137458 99.621055
09/25 10:40:34 PM train 350 2.414446e-01 93.082265 99.612714
09/25 10:40:38 PM train 400 2.441062e-01 92.978491 99.610349
09/25 10:40:42 PM train 450 2.431960e-01 93.018986 99.625831
09/25 10:40:47 PM train 500 2.430080e-01 92.992141 99.613273
09/25 10:40:51 PM train 550 2.447417e-01 92.964496 99.602995
09/25 10:40:55 PM train 600 2.460113e-01 92.977849 99.589226
09/25 10:41:00 PM train 650 2.461158e-01 92.998752 99.582373
09/25 10:41:04 PM train 700 2.473849e-01 92.952033 99.580956
09/25 10:41:08 PM train 750 2.488169e-01 92.913615 99.573485
09/25 10:41:11 PM train_acc 92.896000
09/25 10:41:11 PM valid 000 7.958511e-01 81.250000 95.312500
09/25 10:41:12 PM valid 050 1.107148e+00 77.236520 94.087010
09/25 10:41:14 PM valid 100 1.082223e+00 77.599010 94.430693
09/25 10:41:15 PM valid 150 1.089986e+00 77.297185 94.515728
09/25 10:41:15 PM valid_acc 77.330000, best_acc 77.340000
09/25 10:41:15 PM epoch 422 lr 4.942850e-03
09/25 10:41:15 PM train 000 2.883196e-01 90.625000 100.000000
09/25 10:41:20 PM train 050 2.330460e-01 93.964461 99.571078
09/25 10:41:24 PM train 100 2.428994e-01 93.378713 99.504950
09/25 10:41:28 PM train 150 2.509213e-01 92.963576 99.482616
09/25 10:41:33 PM train 200 2.472678e-01 92.988184 99.494714
09/25 10:41:37 PM train 250 2.456064e-01 93.002988 99.551793
09/25 10:41:41 PM train 300 2.470235e-01 92.960963 99.553571
09/25 10:41:46 PM train 350 2.484523e-01 92.877493 99.568198
09/25 10:41:50 PM train 400 2.472740e-01 92.935630 99.567488
09/25 10:41:54 PM train 450 2.482339e-01 92.939302 99.566935
09/25 10:41:58 PM train 500 2.497405e-01 92.942241 99.554017
09/25 10:42:03 PM train 550 2.500094e-01 92.902110 99.557623
09/25 10:42:07 PM train 600 2.502658e-01 92.866057 99.558028
09/25 10:42:11 PM train 650 2.509695e-01 92.852343 99.565572
09/25 10:42:16 PM train 700 2.493968e-01 92.887393 99.574269
09/25 10:42:20 PM train 750 2.502516e-01 92.853279 99.548519
09/25 10:42:23 PM train_acc 92.832000
09/25 10:42:23 PM valid 000 1.323418e+00 73.437500 90.625000
09/25 10:42:24 PM valid 050 1.134107e+00 76.164216 94.424020
09/25 10:42:25 PM valid 100 1.089116e+00 76.995668 94.817450
09/25 10:42:27 PM valid 150 1.093401e+00 76.997103 94.712334
09/25 10:42:27 PM valid_acc 76.990000, best_acc 77.340000
09/25 10:42:27 PM epoch 423 lr 4.890821e-03
09/25 10:42:27 PM train 000 2.577914e-01 87.500000 100.000000
09/25 10:42:31 PM train 050 2.266020e-01 93.688725 99.571078
09/25 10:42:36 PM train 100 2.320918e-01 93.502475 99.628713
09/25 10:42:40 PM train 150 2.370271e-01 93.594785 99.637831
09/25 10:42:44 PM train 200 2.362649e-01 93.477923 99.657960
09/25 10:42:48 PM train 250 2.385590e-01 93.314243 99.614044
09/25 10:42:53 PM train 300 2.382595e-01 93.412583 99.584718
09/25 10:42:57 PM train 350 2.379404e-01 93.384972 99.586004
09/25 10:43:01 PM train 400 2.383950e-01 93.313591 99.583074
09/25 10:43:05 PM train 450 2.382859e-01 93.334257 99.587722
09/25 10:43:10 PM train 500 2.399208e-01 93.300898 99.566492
09/25 10:43:14 PM train 550 2.400407e-01 93.284936 99.566130
09/25 10:43:18 PM train 600 2.421382e-01 93.180636 99.563228
09/25 10:43:23 PM train 650 2.421689e-01 93.166763 99.560772
09/25 10:43:27 PM train 700 2.441724e-01 93.119205 99.567582
09/25 10:43:31 PM train 750 2.447520e-01 93.117510 99.571405
09/25 10:43:34 PM train_acc 93.072000
09/25 10:43:34 PM valid 000 1.129714e+00 76.562500 93.750000
09/25 10:43:35 PM valid 050 1.104875e+00 77.205882 94.424020
09/25 10:43:36 PM valid 100 1.083576e+00 77.521658 94.492574
09/25 10:43:38 PM valid 150 1.093523e+00 77.152318 94.567467
09/25 10:43:38 PM valid_acc 77.170000, best_acc 77.340000
09/25 10:43:38 PM epoch 424 lr 4.839001e-03
09/25 10:43:38 PM train 000 4.511873e-01 90.625000 98.437500
09/25 10:43:42 PM train 050 2.342397e-01 93.566176 99.448529
09/25 10:43:47 PM train 100 2.270687e-01 93.703589 99.504950
09/25 10:43:51 PM train 150 2.309350e-01 93.491308 99.555050
09/25 10:43:55 PM train 200 2.305984e-01 93.625622 99.518035
09/25 10:44:00 PM train 250 2.334607e-01 93.444970 99.545568
09/25 10:44:04 PM train 300 2.379368e-01 93.308762 99.527616
09/25 10:44:08 PM train 350 2.422304e-01 93.189103 99.514779
09/25 10:44:13 PM train 400 2.446007e-01 93.126559 99.489557
09/25 10:44:17 PM train 450 2.451914e-01 93.084812 99.508038
09/25 10:44:21 PM train 500 2.473989e-01 92.979666 99.488523
09/25 10:44:26 PM train 550 2.471479e-01 92.955989 99.500907
09/25 10:44:30 PM train 600 2.489131e-01 92.944052 99.495632
09/25 10:44:34 PM train 650 2.490444e-01 92.926747 99.507969
09/25 10:44:38 PM train 700 2.498753e-01 92.936430 99.507400
09/25 10:44:43 PM train 750 2.510219e-01 92.876165 99.494424
09/25 10:44:45 PM train_acc 92.810000
09/25 10:44:45 PM valid 000 9.413872e-01 79.687500 93.750000
09/25 10:44:47 PM valid 050 1.108840e+00 76.685049 94.087010
09/25 10:44:48 PM valid 100 1.086184e+00 76.980198 94.477104
09/25 10:44:49 PM valid 150 1.091074e+00 76.810844 94.391556
09/25 10:44:49 PM valid_acc 76.850000, best_acc 77.340000
09/25 10:44:50 PM epoch 425 lr 4.787391e-03
09/25 10:44:50 PM train 000 3.992903e-01 92.187500 98.437500
09/25 10:44:54 PM train 050 2.335633e-01 93.811275 99.571078
09/25 10:44:58 PM train 100 2.308673e-01 93.456064 99.706064
09/25 10:45:03 PM train 150 2.309549e-01 93.429222 99.689570
09/25 10:45:07 PM train 200 2.378970e-01 93.221393 99.673507
09/25 10:45:11 PM train 250 2.396711e-01 93.127490 99.620269
09/25 10:45:16 PM train 300 2.400394e-01 93.189369 99.610673
09/25 10:45:20 PM train 350 2.409526e-01 93.189103 99.590456
09/25 10:45:24 PM train 400 2.418925e-01 93.177213 99.602556
09/25 10:45:28 PM train 450 2.400023e-01 93.174889 99.594651
09/25 10:45:33 PM train 500 2.400905e-01 93.148079 99.585205
09/25 10:45:37 PM train 550 2.401525e-01 93.148820 99.583144
09/25 10:45:41 PM train 600 2.419318e-01 93.131240 99.568428
09/25 10:45:46 PM train 650 2.428934e-01 93.118760 99.570373
09/25 10:45:50 PM train 700 2.436442e-01 93.072397 99.569811
09/25 10:45:54 PM train 750 2.455955e-01 93.007240 99.569324
09/25 10:45:57 PM train_acc 92.980000
09/25 10:45:57 PM valid 000 1.052047e+00 79.687500 95.312500
09/25 10:45:59 PM valid 050 1.110591e+00 76.930147 94.209559
09/25 10:46:00 PM valid 100 1.081963e+00 77.134901 94.322401
09/25 10:46:01 PM valid 150 1.070330e+00 77.369619 94.422599
09/25 10:46:01 PM valid_acc 77.340000, best_acc 77.340000
09/25 10:46:01 PM epoch 426 lr 4.735992e-03
09/25 10:46:02 PM train 000 2.598861e-01 92.187500 100.000000
09/25 10:46:06 PM train 050 2.274508e-01 93.903186 99.571078
09/25 10:46:10 PM train 100 2.335508e-01 93.780941 99.535891
09/25 10:46:15 PM train 150 2.360742e-01 93.584437 99.492964
09/25 10:46:19 PM train 200 2.336460e-01 93.524565 99.541356
09/25 10:46:23 PM train 250 2.387639e-01 93.320468 99.576693
09/25 10:46:28 PM train 300 2.391854e-01 93.319145 99.584718
09/25 10:46:32 PM train 350 2.408215e-01 93.220264 99.599359
09/25 10:46:36 PM train 400 2.407864e-01 93.294108 99.594763
09/25 10:46:41 PM train 450 2.438671e-01 93.185283 99.542683
09/25 10:46:45 PM train 500 2.425985e-01 93.182385 99.569611
09/25 10:46:49 PM train 550 2.435336e-01 93.174342 99.566130
09/25 10:46:53 PM train 600 2.415263e-01 93.248232 99.576227
09/25 10:46:58 PM train 650 2.419397e-01 93.205165 99.565572
09/25 10:47:02 PM train 700 2.433110e-01 93.152639 99.558666
09/25 10:47:06 PM train 750 2.435686e-01 93.144557 99.567244
09/25 10:47:09 PM train_acc 93.110000
09/25 10:47:09 PM valid 000 8.713391e-01 81.250000 93.750000
09/25 10:47:11 PM valid 050 1.042729e+00 77.665441 94.822304
09/25 10:47:12 PM valid 100 1.034229e+00 77.831064 94.863861
09/25 10:47:13 PM valid 150 1.046592e+00 77.617964 94.691639
09/25 10:47:13 PM valid_acc 77.630000, best_acc 77.630000
09/25 10:47:13 PM epoch 427 lr 4.684806e-03
09/25 10:47:14 PM train 000 2.731937e-01 93.750000 100.000000
09/25 10:47:18 PM train 050 2.275087e-01 93.658088 99.509804
09/25 10:47:22 PM train 100 2.271284e-01 93.734530 99.535891
09/25 10:47:26 PM train 150 2.230592e-01 93.812086 99.606788
09/25 10:47:31 PM train 200 2.230897e-01 93.874378 99.634639
09/25 10:47:35 PM train 250 2.266179e-01 93.855827 99.626494
09/25 10:47:39 PM train 300 2.328609e-01 93.703281 99.600291
09/25 10:47:44 PM train 350 2.335397e-01 93.687678 99.603811
09/25 10:47:48 PM train 400 2.342133e-01 93.609726 99.610349
09/25 10:47:52 PM train 450 2.359861e-01 93.559451 99.594651
09/25 10:47:56 PM train 500 2.377324e-01 93.488024 99.572730
09/25 10:48:01 PM train 550 2.407702e-01 93.392695 99.563294
09/25 10:48:05 PM train 600 2.403816e-01 93.380824 99.573627
09/25 10:48:09 PM train 650 2.419162e-01 93.317972 99.575173
09/25 10:48:14 PM train 700 2.420918e-01 93.359932 99.572040
09/25 10:48:18 PM train 750 2.421118e-01 93.354694 99.575566
09/25 10:48:21 PM train_acc 93.306000
09/25 10:48:21 PM valid 000 1.112471e+00 75.000000 92.187500
09/25 10:48:22 PM valid 050 1.071771e+00 76.899510 94.117647
09/25 10:48:23 PM valid 100 1.063124e+00 77.274134 94.446163
09/25 10:48:24 PM valid 150 1.062850e+00 77.162666 94.422599
09/25 10:48:25 PM valid_acc 77.120000, best_acc 77.630000
09/25 10:48:25 PM epoch 428 lr 4.633834e-03
09/25 10:48:25 PM train 000 2.295977e-01 92.187500 100.000000
09/25 10:48:29 PM train 050 2.237105e-01 93.964461 99.754902
09/25 10:48:33 PM train 100 2.251873e-01 93.904703 99.737005
09/25 10:48:38 PM train 150 2.215884e-01 94.050083 99.679222
09/25 10:48:42 PM train 200 2.272580e-01 93.882152 99.650187
09/25 10:48:46 PM train 250 2.294174e-01 93.737550 99.651394
09/25 10:48:51 PM train 300 2.281482e-01 93.807101 99.647010
09/25 10:48:55 PM train 350 2.310830e-01 93.709936 99.630520
09/25 10:48:59 PM train 400 2.307609e-01 93.640898 99.606453
09/25 10:49:04 PM train 450 2.319387e-01 93.590632 99.598115
09/25 10:49:08 PM train 500 2.342354e-01 93.503618 99.582086
09/25 10:49:12 PM train 550 2.351633e-01 93.460753 99.594487
09/25 10:49:17 PM train 600 2.376723e-01 93.388623 99.589226
09/25 10:49:21 PM train 650 2.381564e-01 93.356375 99.582373
09/25 10:49:25 PM train 700 2.380354e-01 93.386680 99.578727
09/25 10:49:29 PM train 750 2.384831e-01 93.360935 99.577646
09/25 10:49:32 PM train_acc 93.376000
09/25 10:49:32 PM valid 000 9.901677e-01 75.000000 93.750000
09/25 10:49:33 PM valid 050 1.077995e+00 77.665441 94.393382
09/25 10:49:35 PM valid 100 1.068570e+00 77.459777 94.801980
09/25 10:49:36 PM valid 150 1.075568e+00 77.483444 94.774421
09/25 10:49:36 PM valid_acc 77.490000, best_acc 77.630000
09/25 10:49:36 PM epoch 429 lr 4.583078e-03
09/25 10:49:36 PM train 000 1.992472e-01 92.187500 100.000000
09/25 10:49:41 PM train 050 2.075956e-01 94.240196 99.662990
09/25 10:49:45 PM train 100 2.164240e-01 93.780941 99.582302
09/25 10:49:49 PM train 150 2.191582e-01 93.677566 99.565397
09/25 10:49:53 PM train 200 2.233422e-01 93.610075 99.549129
09/25 10:49:58 PM train 250 2.240809e-01 93.644173 99.582918
09/25 10:50:02 PM train 300 2.262423e-01 93.640988 99.579527
09/25 10:50:06 PM train 350 2.269950e-01 93.629808 99.568198
09/25 10:50:10 PM train 400 2.298296e-01 93.492830 99.579177
09/25 10:50:15 PM train 450 2.307088e-01 93.493625 99.587722
09/25 10:50:19 PM train 500 2.333079e-01 93.444361 99.578967
09/25 10:50:23 PM train 550 2.342196e-01 93.415381 99.588816
09/25 10:50:27 PM train 600 2.344125e-01 93.414621 99.599626
09/25 10:50:32 PM train 650 2.343430e-01 93.382776 99.594374
09/25 10:50:36 PM train 700 2.343662e-01 93.397825 99.607703
09/25 10:50:40 PM train 750 2.362601e-01 93.317244 99.598452
09/25 10:50:43 PM train_acc 93.272000
09/25 10:50:43 PM valid 000 1.117986e+00 79.687500 92.187500
09/25 10:50:44 PM valid 050 1.136706e+00 76.378676 94.454657
09/25 10:50:45 PM valid 100 1.102333e+00 76.995668 94.600866
09/25 10:50:46 PM valid 150 1.107416e+00 76.976407 94.515728
09/25 10:50:47 PM valid_acc 77.020000, best_acc 77.630000
09/25 10:50:47 PM epoch 430 lr 4.532539e-03
09/25 10:50:47 PM train 000 1.258125e-01 96.875000 100.000000
09/25 10:50:51 PM train 050 2.321997e-01 93.750000 99.540441
09/25 10:50:55 PM train 100 2.265387e-01 93.750000 99.644183
09/25 10:51:00 PM train 150 2.272177e-01 93.822434 99.617136
09/25 10:51:04 PM train 200 2.304127e-01 93.617848 99.572450
09/25 10:51:08 PM train 250 2.310417e-01 93.675299 99.576693
09/25 10:51:13 PM train 300 2.319822e-01 93.563123 99.589909
09/25 10:51:17 PM train 350 2.342063e-01 93.496261 99.586004
09/25 10:51:21 PM train 400 2.368292e-01 93.434383 99.571384
09/25 10:51:26 PM train 450 2.374611e-01 93.427799 99.580793
09/25 10:51:30 PM train 500 2.380868e-01 93.441243 99.582086
09/25 10:51:34 PM train 550 2.374149e-01 93.491946 99.580309
09/25 10:51:38 PM train 600 2.383834e-01 93.404222 99.589226
09/25 10:51:43 PM train 650 2.393137e-01 93.389977 99.579973
09/25 10:51:47 PM train 700 2.394509e-01 93.386680 99.585414
09/25 10:51:51 PM train 750 2.422655e-01 93.294358 99.565163
09/25 10:51:54 PM train_acc 93.284000
09/25 10:51:54 PM valid 000 8.913596e-01 79.687500 96.875000
09/25 10:51:55 PM valid 050 1.058962e+00 77.542892 94.393382
09/25 10:51:56 PM valid 100 1.036312e+00 78.217822 94.678218
09/25 10:51:58 PM valid 150 1.049478e+00 77.793874 94.712334
09/25 10:51:58 PM valid_acc 77.760000, best_acc 77.760000
09/25 10:51:58 PM epoch 431 lr 4.482219e-03
09/25 10:51:58 PM train 000 2.204979e-01 93.750000 100.000000
09/25 10:52:02 PM train 050 2.239523e-01 94.699755 99.479167
09/25 10:52:07 PM train 100 2.249388e-01 94.152228 99.551361
09/25 10:52:11 PM train 150 2.222306e-01 94.091474 99.627483
09/25 10:52:15 PM train 200 2.237774e-01 93.851057 99.634639
09/25 10:52:19 PM train 250 2.269590e-01 93.737550 99.638944
09/25 10:52:24 PM train 300 2.314083e-01 93.615033 99.615864
09/25 10:52:28 PM train 350 2.320599e-01 93.585292 99.599359
09/25 10:52:32 PM train 400 2.340242e-01 93.543485 99.575281
09/25 10:52:37 PM train 450 2.337707e-01 93.510948 99.573864
09/25 10:52:41 PM train 500 2.334973e-01 93.525449 99.569611
09/25 10:52:45 PM train 550 2.327370e-01 93.540154 99.594487
09/25 10:52:50 PM train 600 2.343386e-01 93.451019 99.571027
09/25 10:52:54 PM train 650 2.348016e-01 93.452381 99.563172
09/25 10:52:58 PM train 700 2.355839e-01 93.400053 99.565353
09/25 10:53:02 PM train 750 2.381667e-01 93.344291 99.561002
09/25 10:53:05 PM train_acc 93.298000
09/25 10:53:05 PM valid 000 9.768816e-01 82.812500 93.750000
09/25 10:53:06 PM valid 050 1.145868e+00 75.735294 94.087010
09/25 10:53:08 PM valid 100 1.103419e+00 76.748144 94.508045
09/25 10:53:09 PM valid 150 1.110580e+00 76.634934 94.474338
09/25 10:53:09 PM valid_acc 76.630000, best_acc 77.760000
09/25 10:53:09 PM epoch 432 lr 4.432118e-03
09/25 10:53:09 PM train 000 1.998528e-01 92.187500 100.000000
09/25 10:53:13 PM train 050 2.176011e-01 94.209559 99.785539
09/25 10:53:18 PM train 100 2.122604e-01 94.399752 99.798886
09/25 10:53:22 PM train 150 2.124651e-01 94.391556 99.720613
09/25 10:53:26 PM train 200 2.110022e-01 94.294154 99.704602
09/25 10:53:31 PM train 250 2.142093e-01 94.123506 99.694970
09/25 10:53:35 PM train 300 2.169103e-01 93.895349 99.683347
09/25 10:53:39 PM train 350 2.202776e-01 93.865741 99.634972
09/25 10:53:43 PM train 400 2.212181e-01 93.855206 99.618142
09/25 10:53:48 PM train 450 2.230733e-01 93.795039 99.608509
09/25 10:53:52 PM train 500 2.238796e-01 93.774950 99.610155
09/25 10:53:56 PM train 550 2.257254e-01 93.750000 99.591652
09/25 10:54:00 PM train 600 2.252320e-01 93.762999 99.578827
09/25 10:54:05 PM train 650 2.265767e-01 93.709197 99.572773
09/25 10:54:09 PM train 700 2.264459e-01 93.712108 99.587643
09/25 10:54:13 PM train 750 2.285889e-01 93.654294 99.577646
09/25 10:54:16 PM train_acc 93.566000
09/25 10:54:16 PM valid 000 8.427110e-01 81.250000 96.875000
09/25 10:54:17 PM valid 050 1.061504e+00 77.573529 94.791667
09/25 10:54:18 PM valid 100 1.066345e+00 77.397896 94.848391
09/25 10:54:20 PM valid 150 1.080338e+00 77.131623 94.774421
09/25 10:54:20 PM valid_acc 77.210000, best_acc 77.760000
09/25 10:54:20 PM epoch 433 lr 4.382238e-03
09/25 10:54:20 PM train 000 3.278427e-01 90.625000 100.000000
09/25 10:54:24 PM train 050 2.437231e-01 93.780637 99.601716
09/25 10:54:29 PM train 100 2.361030e-01 93.579827 99.628713
09/25 10:54:33 PM train 150 2.294787e-01 93.760348 99.637831
09/25 10:54:37 PM train 200 2.275280e-01 93.742226 99.603545
09/25 10:54:41 PM train 250 2.301758e-01 93.594373 99.582918
09/25 10:54:46 PM train 300 2.315654e-01 93.490449 99.574336
09/25 10:54:50 PM train 350 2.335778e-01 93.447293 99.541489
09/25 10:54:54 PM train 400 2.334274e-01 93.485037 99.536315
09/25 10:54:59 PM train 450 2.339810e-01 93.452051 99.546147
09/25 10:55:03 PM train 500 2.350308e-01 93.469311 99.529067
09/25 10:55:07 PM train 550 2.354558e-01 93.452246 99.526429
09/25 10:55:11 PM train 600 2.364504e-01 93.417221 99.519031
09/25 10:55:16 PM train 650 2.373361e-01 93.392377 99.503168
09/25 10:55:20 PM train 700 2.369205e-01 93.375535 99.511858
09/25 10:55:24 PM train 750 2.379432e-01 93.315163 99.527713
09/25 10:55:27 PM train_acc 93.284000
09/25 10:55:27 PM valid 000 1.027382e+00 79.687500 93.750000
09/25 10:55:28 PM valid 050 1.081401e+00 77.542892 94.883578
09/25 10:55:29 PM valid 100 1.071813e+00 77.939356 94.925743
09/25 10:55:31 PM valid 150 1.074199e+00 77.824917 94.805464
09/25 10:55:31 PM valid_acc 77.850000, best_acc 77.850000
09/25 10:55:31 PM epoch 434 lr 4.332581e-03
09/25 10:55:31 PM train 000 1.997358e-01 93.750000 98.437500
09/25 10:55:35 PM train 050 2.176711e-01 94.025735 99.632353
09/25 10:55:40 PM train 100 2.156005e-01 93.935644 99.644183
09/25 10:55:44 PM train 150 2.228476e-01 93.967301 99.596440
09/25 10:55:48 PM train 200 2.243283e-01 93.928794 99.595771
09/25 10:55:53 PM train 250 2.226157e-01 93.986554 99.589143
09/25 10:55:57 PM train 300 2.216590e-01 93.921304 99.584718
09/25 10:56:01 PM train 350 2.224846e-01 93.887999 99.603811
09/25 10:56:05 PM train 400 2.250560e-01 93.785069 99.598660
09/25 10:56:10 PM train 450 2.262244e-01 93.708426 99.591186
09/25 10:56:14 PM train 500 2.270459e-01 93.687625 99.582086
09/25 10:56:18 PM train 550 2.291763e-01 93.602541 99.557623
09/25 10:56:23 PM train 600 2.306252e-01 93.555012 99.558028
09/25 10:56:27 PM train 650 2.318441e-01 93.483583 99.529570
09/25 10:56:31 PM train 700 2.315577e-01 93.491441 99.536377
09/25 10:56:36 PM train 750 2.324137e-01 93.485769 99.548519
09/25 10:56:38 PM train_acc 93.492000
09/25 10:56:38 PM valid 000 1.045978e+00 78.125000 93.750000
09/25 10:56:40 PM valid 050 1.104936e+00 77.328431 93.933824
09/25 10:56:41 PM valid 100 1.070440e+00 77.614480 94.585396
09/25 10:56:42 PM valid 150 1.088524e+00 77.131623 94.557119
09/25 10:56:42 PM valid_acc 77.110000, best_acc 77.850000
09/25 10:56:42 PM epoch 435 lr 4.283148e-03
09/25 10:56:43 PM train 000 1.766659e-01 93.750000 100.000000
09/25 10:56:47 PM train 050 2.258863e-01 94.454657 99.662990
09/25 10:56:51 PM train 100 2.170364e-01 94.477104 99.690594
09/25 10:56:55 PM train 150 2.226532e-01 94.101821 99.699917
09/25 10:57:00 PM train 200 2.254613e-01 93.812189 99.689055
09/25 10:57:04 PM train 250 2.247920e-01 93.806026 99.670070
09/25 10:57:08 PM train 300 2.271259e-01 93.796719 99.652201
09/25 10:57:13 PM train 350 2.251489e-01 93.883547 99.639423
09/25 10:57:17 PM train 400 2.240030e-01 93.894171 99.653211
09/25 10:57:21 PM train 450 2.244280e-01 93.867794 99.667406
09/25 10:57:25 PM train 500 2.249670e-01 93.840444 99.672530
09/25 10:57:30 PM train 550 2.245840e-01 93.826565 99.662545
09/25 10:57:34 PM train 600 2.251188e-01 93.822795 99.654222
09/25 10:57:38 PM train 650 2.259621e-01 93.783602 99.654378
09/25 10:57:43 PM train 700 2.261965e-01 93.745542 99.645596
09/25 10:57:47 PM train 750 2.281892e-01 93.685503 99.637983
09/25 10:57:50 PM train_acc 93.652000
09/25 10:57:50 PM valid 000 8.489106e-01 76.562500 92.187500
09/25 10:57:51 PM valid 050 1.082011e+00 77.481618 94.393382
09/25 10:57:52 PM valid 100 1.071720e+00 77.645421 94.755569
09/25 10:57:53 PM valid 150 1.086395e+00 77.421358 94.629553
09/25 10:57:54 PM valid_acc 77.360000, best_acc 77.850000
09/25 10:57:54 PM epoch 436 lr 4.233940e-03
09/25 10:57:54 PM train 000 1.596309e-01 96.875000 100.000000
09/25 10:57:58 PM train 050 2.076551e-01 94.332108 99.693627
09/25 10:58:02 PM train 100 2.115793e-01 94.074876 99.628713
09/25 10:58:07 PM train 150 2.127850e-01 94.070778 99.668874
09/25 10:58:11 PM train 200 2.187527e-01 93.874378 99.681281
09/25 10:58:15 PM train 250 2.163520e-01 94.079930 99.694970
09/25 10:58:20 PM train 300 2.195756e-01 94.019934 99.683347
09/25 10:58:24 PM train 350 2.198164e-01 94.074964 99.639423
09/25 10:58:28 PM train 400 2.199926e-01 94.014963 99.629832
09/25 10:58:32 PM train 450 2.217921e-01 93.885116 99.636225
09/25 10:58:37 PM train 500 2.228256e-01 93.843563 99.635105
09/25 10:58:41 PM train 550 2.230443e-01 93.880445 99.648367
09/25 10:58:45 PM train 600 2.239056e-01 93.892991 99.617824
09/25 10:58:50 PM train 650 2.253398e-01 93.838806 99.620776
09/25 10:58:54 PM train 700 2.260940e-01 93.825785 99.616619
09/25 10:58:58 PM train 750 2.264043e-01 93.831142 99.610935
09/25 10:59:01 PM train_acc 93.798000
09/25 10:59:01 PM valid 000 8.400656e-01 78.125000 96.875000
09/25 10:59:02 PM valid 050 1.079222e+00 77.359069 94.240196
09/25 10:59:04 PM valid 100 1.058810e+00 77.954827 94.508045
09/25 10:59:05 PM valid 150 1.058066e+00 78.031871 94.557119
09/25 10:59:05 PM valid_acc 78.010000, best_acc 78.010000
09/25 10:59:05 PM epoch 437 lr 4.184959e-03
09/25 10:59:05 PM train 000 2.556010e-01 96.875000 100.000000
09/25 10:59:10 PM train 050 2.119765e-01 94.424020 99.662990
09/25 10:59:14 PM train 100 2.123405e-01 94.275990 99.628713
09/25 10:59:18 PM train 150 2.167263e-01 94.194950 99.637831
09/25 10:59:23 PM train 200 2.177254e-01 94.138682 99.619092
09/25 10:59:27 PM train 250 2.184615e-01 94.055030 99.620269
09/25 10:59:31 PM train 300 2.187732e-01 94.102990 99.621055
09/25 10:59:35 PM train 350 2.195268e-01 94.021546 99.603811
09/25 10:59:40 PM train 400 2.187091e-01 94.073410 99.610349
09/25 10:59:44 PM train 450 2.177843e-01 94.092988 99.605044
09/25 10:59:48 PM train 500 2.204659e-01 93.983907 99.594561
09/25 10:59:53 PM train 550 2.213075e-01 93.931488 99.600159
09/25 10:59:57 PM train 600 2.218331e-01 93.947587 99.586626
09/25 11:00:01 PM train 650 2.230934e-01 93.898810 99.579973
09/25 11:00:06 PM train 700 2.238818e-01 93.892653 99.583185
09/25 11:00:10 PM train 750 2.240431e-01 93.864431 99.575566
09/25 11:00:13 PM train_acc 93.866000
09/25 11:00:13 PM valid 000 8.893033e-01 79.687500 93.750000
09/25 11:00:14 PM valid 050 1.072078e+00 77.757353 94.362745
09/25 11:00:15 PM valid 100 1.067345e+00 77.908416 94.461634
09/25 11:00:16 PM valid 150 1.082588e+00 77.711093 94.463990
09/25 11:00:17 PM valid_acc 77.750000, best_acc 78.010000
09/25 11:00:17 PM epoch 438 lr 4.136206e-03
09/25 11:00:17 PM train 000 2.216313e-01 92.187500 98.437500
09/25 11:00:21 PM train 050 2.100574e-01 94.178922 99.662990
09/25 11:00:26 PM train 100 2.063833e-01 94.136757 99.706064
09/25 11:00:30 PM train 150 2.096122e-01 93.998344 99.637831
09/25 11:00:34 PM train 200 2.109689e-01 94.146455 99.634639
09/25 11:00:38 PM train 250 2.119409e-01 94.173307 99.620269
09/25 11:00:43 PM train 300 2.142584e-01 94.113372 99.641819
09/25 11:00:47 PM train 350 2.143343e-01 94.097222 99.634972
09/25 11:00:51 PM train 400 2.164975e-01 94.030549 99.622039
09/25 11:00:56 PM train 450 2.166221e-01 94.051414 99.629296
09/25 11:01:00 PM train 500 2.196795e-01 93.955838 99.622630
09/25 11:01:04 PM train 550 2.197421e-01 94.005218 99.620009
09/25 11:01:09 PM train 600 2.212258e-01 93.947587 99.599626
09/25 11:01:13 PM train 650 2.208322e-01 93.997216 99.603975
09/25 11:01:17 PM train 700 2.208438e-01 94.013017 99.605474
09/25 11:01:21 PM train 750 2.222377e-01 93.964298 99.594291
09/25 11:01:24 PM train_acc 93.908000
09/25 11:01:24 PM valid 000 8.567808e-01 78.125000 92.187500
09/25 11:01:25 PM valid 050 1.065661e+00 77.604167 94.332108
09/25 11:01:27 PM valid 100 1.043393e+00 77.954827 94.678218
09/25 11:01:28 PM valid 150 1.058900e+00 77.669702 94.546772
09/25 11:01:28 PM valid_acc 77.640000, best_acc 78.010000
09/25 11:01:28 PM epoch 439 lr 4.087682e-03
09/25 11:01:28 PM train 000 2.205939e-01 93.750000 98.437500
09/25 11:01:33 PM train 050 2.151432e-01 94.240196 99.509804
09/25 11:01:37 PM train 100 2.113511e-01 94.291460 99.659653
09/25 11:01:41 PM train 150 2.088503e-01 94.391556 99.637831
09/25 11:01:46 PM train 200 2.044057e-01 94.511816 99.689055
09/25 11:01:50 PM train 250 2.083431e-01 94.465886 99.688745
09/25 11:01:54 PM train 300 2.079343e-01 94.430025 99.693729
09/25 11:01:58 PM train 350 2.104656e-01 94.350962 99.679487
09/25 11:02:03 PM train 400 2.124920e-01 94.346166 99.684383
09/25 11:02:07 PM train 450 2.143549e-01 94.228104 99.646619
09/25 11:02:11 PM train 500 2.165389e-01 94.139845 99.650699
09/25 11:02:16 PM train 550 2.165899e-01 94.135662 99.651202
09/25 11:02:20 PM train 600 2.168363e-01 94.124376 99.638623
09/25 11:02:24 PM train 650 2.170322e-01 94.107623 99.649578
09/25 11:02:28 PM train 700 2.189727e-01 94.050909 99.650053
09/25 11:02:33 PM train 750 2.195681e-01 94.045439 99.642144
09/25 11:02:35 PM train_acc 94.008000
09/25 11:02:35 PM valid 000 8.698053e-01 81.250000 95.312500
09/25 11:02:37 PM valid 050 1.073203e+00 77.941176 94.914216
09/25 11:02:38 PM valid 100 1.059279e+00 78.001238 95.080446
09/25 11:02:39 PM valid 150 1.066658e+00 77.824917 95.043460
09/25 11:02:39 PM valid_acc 77.850000, best_acc 78.010000
09/25 11:02:40 PM epoch 440 lr 4.039389e-03
09/25 11:02:40 PM train 000 1.612108e-01 95.312500 100.000000
09/25 11:02:44 PM train 050 1.870607e-01 94.822304 99.816176
09/25 11:02:48 PM train 100 1.930749e-01 94.848391 99.752475
09/25 11:02:53 PM train 150 1.896616e-01 94.784768 99.762003
09/25 11:02:57 PM train 200 1.969907e-01 94.589552 99.727923
09/25 11:03:01 PM train 250 2.015773e-01 94.428536 99.688745
09/25 11:03:05 PM train 300 2.056753e-01 94.378115 99.678156
09/25 11:03:10 PM train 350 2.079635e-01 94.319801 99.666132
09/25 11:03:14 PM train 400 2.109843e-01 94.252650 99.653211
09/25 11:03:18 PM train 450 2.123506e-01 94.207317 99.653548
09/25 11:03:23 PM train 500 2.124980e-01 94.167914 99.647580
09/25 11:03:27 PM train 550 2.139040e-01 94.135662 99.648367
09/25 11:03:31 PM train 600 2.147634e-01 94.121776 99.633423
09/25 11:03:35 PM train 650 2.153904e-01 94.093222 99.644777
09/25 11:03:40 PM train 700 2.159912e-01 94.055367 99.652282
09/25 11:03:44 PM train 750 2.175257e-01 94.010070 99.650466
09/25 11:03:47 PM train_acc 94.016000
09/25 11:03:47 PM valid 000 7.613558e-01 82.812500 92.187500
09/25 11:03:48 PM valid 050 1.092710e+00 77.481618 94.577206
09/25 11:03:49 PM valid 100 1.078806e+00 77.846535 94.879332
09/25 11:03:51 PM valid 150 1.083154e+00 77.742136 94.929636
09/25 11:03:51 PM valid_acc 77.740000, best_acc 78.010000
09/25 11:03:51 PM epoch 441 lr 3.991328e-03
09/25 11:03:51 PM train 000 2.613024e-01 95.312500 98.437500
09/25 11:03:55 PM train 050 2.023535e-01 94.699755 99.754902
09/25 11:03:59 PM train 100 1.966847e-01 95.003094 99.783416
09/25 11:04:04 PM train 150 2.028441e-01 94.639901 99.699917
09/25 11:04:08 PM train 200 2.016321e-01 94.574005 99.696828
09/25 11:04:12 PM train 250 2.045692e-01 94.484562 99.719871
09/25 11:04:17 PM train 300 2.057679e-01 94.383306 99.688538
09/25 11:04:21 PM train 350 2.076331e-01 94.395477 99.675036
09/25 11:04:25 PM train 400 2.092790e-01 94.303304 99.653211
09/25 11:04:29 PM train 450 2.085112e-01 94.352827 99.646619
09/25 11:04:34 PM train 500 2.089143e-01 94.336327 99.660055
09/25 11:04:38 PM train 550 2.101817e-01 94.288793 99.654038
09/25 11:04:42 PM train 600 2.100376e-01 94.290765 99.659422
09/25 11:04:46 PM train 650 2.115320e-01 94.249232 99.666379
09/25 11:04:51 PM train 700 2.115338e-01 94.222539 99.667885
09/25 11:04:55 PM train 750 2.130139e-01 94.120340 99.658788
09/25 11:04:58 PM train_acc 94.104000
09/25 11:04:58 PM valid 000 8.513281e-01 82.812500 92.187500
09/25 11:04:59 PM valid 050 1.085169e+00 77.542892 93.995098
09/25 11:05:00 PM valid 100 1.057924e+00 78.032178 94.461634
09/25 11:05:01 PM valid 150 1.067620e+00 77.814570 94.546772
09/25 11:05:02 PM valid_acc 77.890000, best_acc 78.010000
09/25 11:05:02 PM epoch 442 lr 3.943500e-03
09/25 11:05:02 PM train 000 1.472773e-01 96.875000 100.000000
09/25 11:05:06 PM train 050 2.042265e-01 94.791667 99.540441
09/25 11:05:10 PM train 100 2.002571e-01 94.678218 99.597772
09/25 11:05:15 PM train 150 1.991423e-01 94.608858 99.617136
09/25 11:05:19 PM train 200 2.048333e-01 94.395211 99.626866
09/25 11:05:23 PM train 250 2.005711e-01 94.553038 99.651394
09/25 11:05:28 PM train 300 2.018208e-01 94.528654 99.678156
09/25 11:05:32 PM train 350 2.003057e-01 94.546830 99.688390
09/25 11:05:36 PM train 400 2.038059e-01 94.466958 99.692176
09/25 11:05:40 PM train 450 2.046482e-01 94.425582 99.681264
09/25 11:05:45 PM train 500 2.052317e-01 94.457959 99.685005
09/25 11:05:49 PM train 550 2.050033e-01 94.487296 99.665381
09/25 11:05:53 PM train 600 2.067821e-01 94.449355 99.656822
09/25 11:05:57 PM train 650 2.096067e-01 94.378840 99.651978
09/25 11:06:02 PM train 700 2.095820e-01 94.362964 99.658969
09/25 11:06:06 PM train 750 2.106865e-01 94.307590 99.654627
09/25 11:06:09 PM train_acc 94.352000
09/25 11:06:09 PM valid 000 1.132706e+00 76.562500 93.750000
09/25 11:06:10 PM valid 050 1.100244e+00 77.175245 94.393382
09/25 11:06:11 PM valid 100 1.076475e+00 77.660891 94.755569
09/25 11:06:12 PM valid 150 1.074330e+00 77.669702 94.722682
09/25 11:06:13 PM valid_acc 77.680000, best_acc 78.010000
09/25 11:06:13 PM epoch 443 lr 3.895906e-03
09/25 11:06:13 PM train 000 1.912079e-01 95.312500 100.000000
09/25 11:06:17 PM train 050 1.911038e-01 95.006127 99.754902
09/25 11:06:22 PM train 100 1.910780e-01 94.987624 99.767946
09/25 11:06:26 PM train 150 1.964056e-01 94.608858 99.720613
09/25 11:06:30 PM train 200 2.010440e-01 94.410759 99.696828
09/25 11:06:35 PM train 250 2.019212e-01 94.391185 99.682520
09/25 11:06:39 PM train 300 2.027489e-01 94.476744 99.672965
09/25 11:06:43 PM train 350 2.022963e-01 94.497863 99.666132
09/25 11:06:47 PM train 400 2.042518e-01 94.459165 99.657107
09/25 11:06:52 PM train 450 2.051632e-01 94.484479 99.643154
09/25 11:06:56 PM train 500 2.067244e-01 94.426771 99.644461
09/25 11:07:00 PM train 550 2.074826e-01 94.419238 99.648367
09/25 11:07:04 PM train 600 2.091797e-01 94.358361 99.638623
09/25 11:07:09 PM train 650 2.112128e-01 94.273233 99.647177
09/25 11:07:13 PM train 700 2.132897e-01 94.213623 99.638909
09/25 11:07:17 PM train 750 2.141602e-01 94.191079 99.644224
09/25 11:07:20 PM train_acc 94.156000
09/25 11:07:20 PM valid 000 1.051340e+00 78.125000 92.187500
09/25 11:07:21 PM valid 050 1.116048e+00 77.512255 94.270833
09/25 11:07:23 PM valid 100 1.103036e+00 77.707302 94.523515
09/25 11:07:24 PM valid 150 1.103582e+00 77.452401 94.557119
09/25 11:07:24 PM valid_acc 77.470000, best_acc 78.010000
09/25 11:07:24 PM epoch 444 lr 3.848549e-03
09/25 11:07:24 PM train 000 8.705293e-02 98.437500 100.000000
09/25 11:07:29 PM train 050 1.808427e-01 95.465686 99.785539
09/25 11:07:33 PM train 100 1.946027e-01 95.095916 99.582302
09/25 11:07:37 PM train 150 1.975942e-01 94.836507 99.586093
09/25 11:07:41 PM train 200 1.973869e-01 94.861629 99.603545
09/25 11:07:46 PM train 250 1.962552e-01 94.770916 99.626494
09/25 11:07:50 PM train 300 1.974588e-01 94.668812 99.647010
09/25 11:07:54 PM train 350 2.006584e-01 94.595798 99.639423
09/25 11:07:58 PM train 400 2.034645e-01 94.474751 99.625935
09/25 11:08:03 PM train 450 2.040915e-01 94.435976 99.625831
09/25 11:08:07 PM train 500 2.032368e-01 94.457959 99.638224
09/25 11:08:11 PM train 550 2.034012e-01 94.450431 99.634188
09/25 11:08:15 PM train 600 2.035754e-01 94.428557 99.636023
09/25 11:08:20 PM train 650 2.046653e-01 94.398041 99.627976
09/25 11:08:24 PM train 700 2.053348e-01 94.398627 99.627764
09/25 11:08:28 PM train 750 2.069255e-01 94.372087 99.619258
09/25 11:08:31 PM train_acc 94.384000
09/25 11:08:31 PM valid 000 1.089601e+00 78.125000 90.625000
09/25 11:08:32 PM valid 050 1.118731e+00 77.481618 94.362745
09/25 11:08:33 PM valid 100 1.079786e+00 77.691832 94.631807
09/25 11:08:35 PM valid 150 1.089431e+00 77.586921 94.743377
09/25 11:08:35 PM valid_acc 77.690000, best_acc 78.010000
09/25 11:08:35 PM epoch 445 lr 3.801429e-03
09/25 11:08:35 PM train 000 1.396105e-01 98.437500 100.000000
09/25 11:08:39 PM train 050 1.919086e-01 95.312500 99.571078
09/25 11:08:44 PM train 100 1.971006e-01 95.173267 99.597772
09/25 11:08:48 PM train 150 1.935148e-01 95.229719 99.668874
09/25 11:08:52 PM train 200 1.981162e-01 94.986007 99.634639
09/25 11:08:57 PM train 250 1.996069e-01 94.914094 99.645169
09/25 11:09:01 PM train 300 2.012188e-01 94.814161 99.652201
09/25 11:09:05 PM train 350 2.041336e-01 94.693732 99.652778
09/25 11:09:09 PM train 400 2.052897e-01 94.642300 99.664900
09/25 11:09:14 PM train 450 2.055833e-01 94.616131 99.650083
09/25 11:09:18 PM train 500 2.053064e-01 94.620135 99.669411
09/25 11:09:22 PM train 550 2.049973e-01 94.617740 99.682396
09/25 11:09:27 PM train 600 2.057440e-01 94.594946 99.682820
09/25 11:09:31 PM train 650 2.076635e-01 94.539651 99.683180
09/25 11:09:35 PM train 700 2.082458e-01 94.503388 99.674572
09/25 11:09:39 PM train 750 2.089076e-01 94.457390 99.675433
09/25 11:09:42 PM train_acc 94.444000
09/25 11:09:42 PM valid 000 1.134167e+00 78.125000 93.750000
09/25 11:09:43 PM valid 050 1.116276e+00 76.960784 94.638480
09/25 11:09:45 PM valid 100 1.060487e+00 77.985767 95.003094
09/25 11:09:46 PM valid 150 1.091350e+00 77.421358 94.846854
09/25 11:09:46 PM valid_acc 77.420000, best_acc 78.010000
09/25 11:09:46 PM epoch 446 lr 3.754547e-03
09/25 11:09:46 PM train 000 2.068060e-01 92.187500 100.000000
09/25 11:09:51 PM train 050 1.918833e-01 95.036765 99.724265
09/25 11:09:55 PM train 100 1.942556e-01 94.848391 99.659653
09/25 11:09:59 PM train 150 1.994265e-01 94.815811 99.658526
09/25 11:10:03 PM train 200 1.996272e-01 94.838308 99.704602
09/25 11:10:08 PM train 250 1.992412e-01 94.839392 99.670070
09/25 11:10:12 PM train 300 2.005500e-01 94.720723 99.683347
09/25 11:10:16 PM train 350 2.010923e-01 94.724893 99.675036
09/25 11:10:21 PM train 400 2.026132e-01 94.626714 99.680486
09/25 11:10:25 PM train 450 2.031924e-01 94.581486 99.688193
09/25 11:10:29 PM train 500 2.036453e-01 94.576472 99.694361
09/25 11:10:33 PM train 550 2.036743e-01 94.572368 99.696574
09/25 11:10:38 PM train 600 2.035537e-01 94.537750 99.706219
09/25 11:10:42 PM train 650 2.032806e-01 94.527650 99.702381
09/25 11:10:46 PM train 700 2.056764e-01 94.463267 99.694633
09/25 11:10:50 PM train 750 2.079827e-01 94.426182 99.692077
09/25 11:10:53 PM train_acc 94.406000
09/25 11:10:53 PM valid 000 9.001681e-01 76.562500 95.312500
09/25 11:10:54 PM valid 050 1.066497e+00 77.757353 94.332108
09/25 11:10:56 PM valid 100 1.064820e+00 78.171411 94.771040
09/25 11:10:57 PM valid 150 1.070220e+00 78.021523 94.774421
09/25 11:10:57 PM valid_acc 78.080000, best_acc 78.080000
09/25 11:10:57 PM epoch 447 lr 3.707905e-03
09/25 11:10:57 PM train 000 1.258023e-01 96.875000 100.000000
09/25 11:11:02 PM train 050 1.869640e-01 95.189951 99.693627
09/25 11:11:06 PM train 100 1.886202e-01 95.080446 99.690594
09/25 11:11:10 PM train 150 1.914627e-01 95.115894 99.699917
09/25 11:11:14 PM train 200 1.989569e-01 94.846082 99.720149
09/25 11:11:19 PM train 250 1.999942e-01 94.714890 99.707420
09/25 11:11:23 PM train 300 2.010410e-01 94.699958 99.688538
09/25 11:11:27 PM train 350 1.987908e-01 94.707087 99.697293
09/25 11:11:31 PM train 400 2.003665e-01 94.673473 99.692176
09/25 11:11:36 PM train 450 2.016218e-01 94.609202 99.684728
09/25 11:11:40 PM train 500 1.990659e-01 94.691866 99.691243
09/25 11:11:44 PM train 550 2.012722e-01 94.620576 99.688067
09/25 11:11:48 PM train 600 2.017841e-01 94.581947 99.685420
09/25 11:11:52 PM train 650 2.028229e-01 94.570853 99.673579
09/25 11:11:57 PM train 700 2.037472e-01 94.543509 99.665656
09/25 11:12:01 PM train 750 2.044314e-01 94.494840 99.665030
09/25 11:12:04 PM train_acc 94.438000
09/25 11:12:04 PM valid 000 9.918142e-01 79.687500 93.750000
09/25 11:12:05 PM valid 050 1.093663e+00 77.879902 94.362745
09/25 11:12:06 PM valid 100 1.087448e+00 78.016708 94.647277
09/25 11:12:07 PM valid 150 1.096320e+00 77.938742 94.670944
09/25 11:12:08 PM valid_acc 77.900000, best_acc 78.080000
09/25 11:12:08 PM epoch 448 lr 3.661504e-03
09/25 11:12:08 PM train 000 2.479241e-01 96.875000 98.437500
09/25 11:12:12 PM train 050 1.960798e-01 94.883578 99.540441
09/25 11:12:16 PM train 100 1.980321e-01 94.801980 99.566832
09/25 11:12:21 PM train 150 1.927386e-01 94.898593 99.637831
09/25 11:12:25 PM train 200 1.935772e-01 94.954913 99.634639
09/25 11:12:29 PM train 250 1.973702e-01 94.727341 99.632719
09/25 11:12:34 PM train 300 1.989080e-01 94.674003 99.647010
09/25 11:12:38 PM train 350 2.005722e-01 94.653668 99.661681
09/25 11:12:42 PM train 400 2.022548e-01 94.657887 99.653211
09/25 11:12:46 PM train 450 2.023787e-01 94.567627 99.663941
09/25 11:12:51 PM train 500 2.035514e-01 94.526572 99.660055
09/25 11:12:55 PM train 550 2.038025e-01 94.509982 99.656874
09/25 11:12:59 PM train 600 2.037399e-01 94.506552 99.662022
09/25 11:13:03 PM train 650 2.040801e-01 94.496448 99.659178
09/25 11:13:08 PM train 700 2.033446e-01 94.514533 99.667885
09/25 11:13:12 PM train 750 2.036956e-01 94.496921 99.677513
09/25 11:13:15 PM train_acc 94.472000
09/25 11:13:15 PM valid 000 1.002050e+00 75.000000 95.312500
09/25 11:13:16 PM valid 050 1.067571e+00 77.604167 94.546569
09/25 11:13:17 PM valid 100 1.049911e+00 77.862005 94.817450
09/25 11:13:18 PM valid 150 1.056104e+00 77.969785 94.846854
09/25 11:13:19 PM valid_acc 77.990000, best_acc 78.080000
09/25 11:13:19 PM epoch 449 lr 3.615345e-03
09/25 11:13:19 PM train 000 1.448589e-01 95.312500 100.000000
09/25 11:13:23 PM train 050 2.161165e-01 94.699755 99.601716
09/25 11:13:28 PM train 100 2.055352e-01 94.832921 99.613243
09/25 11:13:32 PM train 150 2.029959e-01 94.867550 99.668874
09/25 11:13:36 PM train 200 2.021715e-01 94.659515 99.696828
09/25 11:13:40 PM train 250 2.046285e-01 94.577938 99.694970
09/25 11:13:45 PM train 300 2.055908e-01 94.497508 99.667774
09/25 11:13:49 PM train 350 2.058313e-01 94.493412 99.648326
09/25 11:13:53 PM train 400 2.061401e-01 94.470854 99.653211
09/25 11:13:58 PM train 450 2.051629e-01 94.487943 99.674335
09/25 11:14:02 PM train 500 2.038625e-01 94.507859 99.669411
09/25 11:14:06 PM train 550 2.039902e-01 94.504310 99.659710
09/25 11:14:10 PM train 600 2.036085e-01 94.506552 99.662022
09/25 11:14:15 PM train 650 2.030123e-01 94.508449 99.668779
09/25 11:14:19 PM train 700 2.030667e-01 94.510075 99.670114
09/25 11:14:23 PM train 750 2.031567e-01 94.486518 99.665030
09/25 11:14:26 PM train_acc 94.478000
09/25 11:14:26 PM valid 000 7.088205e-01 78.125000 96.875000
09/25 11:14:27 PM valid 050 1.074779e+00 78.278186 94.424020
09/25 11:14:29 PM valid 100 1.055684e+00 78.418936 94.910272
09/25 11:14:30 PM valid 150 1.070762e+00 78.352649 94.919288
09/25 11:14:30 PM valid_acc 78.320000, best_acc 78.320000
09/25 11:14:30 PM epoch 450 lr 3.569430e-03
09/25 11:14:30 PM train 000 1.255768e-01 95.312500 100.000000
09/25 11:14:34 PM train 050 1.869454e-01 95.036765 99.693627
09/25 11:14:39 PM train 100 1.970056e-01 94.972153 99.582302
09/25 11:14:43 PM train 150 2.018316e-01 94.795116 99.586093
09/25 11:14:47 PM train 200 2.016159e-01 94.713930 99.642413
09/25 11:14:52 PM train 250 2.022043e-01 94.733566 99.638944
09/25 11:14:56 PM train 300 1.985780e-01 94.783015 99.672965
09/25 11:15:00 PM train 350 1.971017e-01 94.724893 99.666132
09/25 11:15:04 PM train 400 1.976930e-01 94.700748 99.684383
09/25 11:15:08 PM train 450 1.986997e-01 94.657705 99.698586
09/25 11:15:13 PM train 500 1.982907e-01 94.682510 99.700599
09/25 11:15:17 PM train 550 1.989027e-01 94.643262 99.685231
09/25 11:15:21 PM train 600 1.990941e-01 94.659942 99.685420
09/25 11:15:26 PM train 650 1.991787e-01 94.666859 99.663978
09/25 11:15:30 PM train 700 1.993155e-01 94.663873 99.676801
09/25 11:15:34 PM train 750 2.005023e-01 94.607190 99.677513
09/25 11:15:37 PM train_acc 94.596000
09/25 11:15:37 PM valid 000 8.929821e-01 84.375000 95.312500
09/25 11:15:38 PM valid 050 1.097449e+00 77.512255 94.056373
09/25 11:15:39 PM valid 100 1.070678e+00 77.985767 94.585396
09/25 11:15:41 PM valid 150 1.078823e+00 77.969785 94.515728
09/25 11:15:41 PM valid_acc 77.990000, best_acc 78.320000
09/25 11:15:41 PM epoch 451 lr 3.523760e-03
09/25 11:15:41 PM train 000 1.931351e-01 96.875000 100.000000
09/25 11:15:45 PM train 050 1.882770e-01 94.852941 99.540441
09/25 11:15:50 PM train 100 1.857277e-01 94.879332 99.644183
09/25 11:15:54 PM train 150 1.871795e-01 94.929636 99.679222
09/25 11:15:58 PM train 200 1.871918e-01 94.939366 99.704602
09/25 11:16:03 PM train 250 1.901044e-01 94.851843 99.694970
09/25 11:16:07 PM train 300 1.938176e-01 94.808970 99.688538
09/25 11:16:11 PM train 350 1.946458e-01 94.809473 99.683939
09/25 11:16:15 PM train 400 1.950947e-01 94.766989 99.692176
09/25 11:16:20 PM train 450 1.959445e-01 94.747783 99.670870
09/25 11:16:24 PM train 500 1.961302e-01 94.779192 99.678767
09/25 11:16:28 PM train 550 1.965430e-01 94.765200 99.679560
09/25 11:16:33 PM train 600 1.968562e-01 94.771735 99.685420
09/25 11:16:37 PM train 650 1.975411e-01 94.741263 99.687980
09/25 11:16:41 PM train 700 2.001280e-01 94.639354 99.690175
09/25 11:16:46 PM train 750 1.994639e-01 94.686252 99.681674
09/25 11:16:48 PM train_acc 94.684000
09/25 11:16:48 PM valid 000 7.547929e-01 82.812500 95.312500
09/25 11:16:50 PM valid 050 1.082692e+00 78.063725 94.607843
09/25 11:16:51 PM valid 100 1.065295e+00 78.372525 94.972153
09/25 11:16:52 PM valid 150 1.073234e+00 78.300911 94.950331
09/25 11:16:52 PM valid_acc 78.370000, best_acc 78.370000
09/25 11:16:52 PM epoch 452 lr 3.478335e-03
09/25 11:16:53 PM train 000 9.674533e-02 98.437500 100.000000
09/25 11:16:57 PM train 050 2.012026e-01 94.607843 99.662990
09/25 11:17:01 PM train 100 1.993633e-01 94.631807 99.659653
09/25 11:17:05 PM train 150 2.003974e-01 94.681291 99.627483
09/25 11:17:10 PM train 200 1.986367e-01 94.776119 99.642413
09/25 11:17:14 PM train 250 1.970180e-01 94.758466 99.626494
09/25 11:17:18 PM train 300 1.934465e-01 94.855689 99.610673
09/25 11:17:22 PM train 350 1.946277e-01 94.769409 99.612714
09/25 11:17:27 PM train 400 1.962171e-01 94.677369 99.602556
09/25 11:17:31 PM train 450 1.960199e-01 94.706208 99.611973
09/25 11:17:35 PM train 500 1.984512e-01 94.666916 99.600798
09/25 11:17:39 PM train 550 1.994632e-01 94.654605 99.611502
09/25 11:17:44 PM train 600 1.992175e-01 94.675541 99.625624
09/25 11:17:48 PM train 650 1.996753e-01 94.664459 99.625576
09/25 11:17:52 PM train 700 2.006517e-01 94.637126 99.621077
09/25 11:17:57 PM train 750 2.014553e-01 94.594707 99.627580
09/25 11:17:59 PM train_acc 94.608000
09/25 11:17:59 PM valid 000 7.614250e-01 84.375000 95.312500
09/25 11:18:01 PM valid 050 1.062796e+00 78.094363 94.209559
09/25 11:18:02 PM valid 100 1.060205e+00 78.573639 94.554455
09/25 11:18:03 PM valid 150 1.076204e+00 78.280215 94.608858
09/25 11:18:03 PM valid_acc 78.320000, best_acc 78.370000
09/25 11:18:03 PM epoch 453 lr 3.433159e-03
09/25 11:18:03 PM train 000 1.968920e-01 95.312500 98.437500
09/25 11:18:08 PM train 050 1.890264e-01 94.914216 99.601716
09/25 11:18:12 PM train 100 1.920201e-01 94.987624 99.458540
09/25 11:18:16 PM train 150 1.887210e-01 95.074503 99.524007
09/25 11:18:21 PM train 200 1.883031e-01 95.063744 99.572450
09/25 11:18:25 PM train 250 1.875568e-01 95.125747 99.614044
09/25 11:18:29 PM train 300 1.872601e-01 95.110050 99.641819
09/25 11:18:33 PM train 350 1.874736e-01 95.072115 99.630520
09/25 11:18:38 PM train 400 1.901325e-01 94.989090 99.645418
09/25 11:18:42 PM train 450 1.915183e-01 94.969512 99.625831
09/25 11:18:46 PM train 500 1.928258e-01 94.903942 99.622630
09/25 11:18:50 PM train 550 1.926579e-01 94.901316 99.631352
09/25 11:18:55 PM train 600 1.908202e-01 94.977121 99.636023
09/25 11:18:59 PM train 650 1.916019e-01 94.916475 99.644777
09/25 11:19:03 PM train 700 1.915806e-01 94.924661 99.650053
09/25 11:19:08 PM train 750 1.921694e-01 94.894308 99.637983
09/25 11:19:10 PM train_acc 94.882000
09/25 11:19:10 PM valid 000 6.961653e-01 79.687500 95.312500
09/25 11:19:12 PM valid 050 1.089284e+00 77.971814 94.393382
09/25 11:19:13 PM valid 100 1.073969e+00 78.589109 94.771040
09/25 11:19:14 PM valid 150 1.082496e+00 78.518212 94.764073
09/25 11:19:14 PM valid_acc 78.580000, best_acc 78.580000
09/25 11:19:14 PM epoch 454 lr 3.388230e-03
09/25 11:19:15 PM train 000 1.830269e-01 92.187500 100.000000
09/25 11:19:19 PM train 050 1.768227e-01 95.373775 99.754902
09/25 11:19:23 PM train 100 1.817420e-01 95.281559 99.675124
09/25 11:19:27 PM train 150 1.795469e-01 95.364238 99.741308
09/25 11:19:32 PM train 200 1.805157e-01 95.265858 99.782338
09/25 11:19:36 PM train 250 1.820177e-01 95.206673 99.763446
09/25 11:19:40 PM train 300 1.822603e-01 95.141196 99.761213
09/25 11:19:45 PM train 350 1.838162e-01 95.076567 99.746261
09/25 11:19:49 PM train 400 1.850502e-01 95.035848 99.727244
09/25 11:19:53 PM train 450 1.854406e-01 95.087306 99.736696
09/25 11:19:57 PM train 500 1.877562e-01 95.034930 99.731786
09/25 11:20:01 PM train 550 1.880321e-01 95.054446 99.733439
09/25 11:20:06 PM train 600 1.879069e-01 95.073315 99.719218
09/25 11:20:10 PM train 650 1.893327e-01 95.031682 99.716782
09/25 11:20:14 PM train 700 1.898049e-01 95.009362 99.696862
09/25 11:20:18 PM train 750 1.914394e-01 94.962966 99.689997
09/25 11:20:21 PM train_acc 94.962000
09/25 11:20:21 PM valid 000 9.255821e-01 78.125000 92.187500
09/25 11:20:22 PM valid 050 1.115185e+00 77.450980 93.903186
09/25 11:20:24 PM valid 100 1.096873e+00 77.676361 94.384282
09/25 11:20:25 PM valid 150 1.106350e+00 77.690397 94.339818
09/25 11:20:25 PM valid_acc 77.730000, best_acc 78.580000
09/25 11:20:25 PM epoch 455 lr 3.343552e-03
09/25 11:20:25 PM train 000 1.326685e-01 96.875000 100.000000
09/25 11:20:30 PM train 050 1.855117e-01 95.159314 99.632353
09/25 11:20:34 PM train 100 1.809873e-01 95.343441 99.628713
09/25 11:20:38 PM train 150 1.815718e-01 95.229719 99.710265
09/25 11:20:43 PM train 200 1.848352e-01 94.986007 99.689055
09/25 11:20:47 PM train 250 1.870482e-01 94.901643 99.688745
09/25 11:20:51 PM train 300 1.865087e-01 94.959510 99.693729
09/25 11:20:55 PM train 350 1.867156e-01 94.996439 99.706197
09/25 11:20:59 PM train 400 1.860731e-01 95.008572 99.711658
09/25 11:21:04 PM train 450 1.883355e-01 94.952190 99.708980
09/25 11:21:08 PM train 500 1.877975e-01 94.978792 99.713074
09/25 11:21:12 PM train 550 1.877079e-01 94.983553 99.710753
09/25 11:21:17 PM train 600 1.871350e-01 95.021319 99.711418
09/25 11:21:21 PM train 650 1.880953e-01 94.974078 99.711982
09/25 11:21:25 PM train 700 1.879247e-01 94.978156 99.712464
09/25 11:21:29 PM train 750 1.889012e-01 94.965047 99.710802
09/25 11:21:32 PM train_acc 94.938000
09/25 11:21:32 PM valid 000 7.732229e-01 85.937500 92.187500
09/25 11:21:33 PM valid 050 1.123317e+00 77.787990 93.872549
09/25 11:21:35 PM valid 100 1.074854e+00 78.403465 94.631807
09/25 11:21:36 PM valid 150 1.081589e+00 78.197434 94.629553
09/25 11:21:36 PM valid_acc 78.220000, best_acc 78.580000
09/25 11:21:36 PM epoch 456 lr 3.299125e-03
09/25 11:21:36 PM train 000 1.791947e-01 95.312500 100.000000
09/25 11:21:41 PM train 050 1.728747e-01 95.526961 99.693627
09/25 11:21:45 PM train 100 1.768922e-01 95.482673 99.737005
09/25 11:21:49 PM train 150 1.770824e-01 95.343543 99.710265
09/25 11:21:54 PM train 200 1.764125e-01 95.234764 99.712376
09/25 11:21:58 PM train 250 1.797849e-01 95.156873 99.738546
09/25 11:22:02 PM train 300 1.792211e-01 95.161960 99.750831
09/25 11:22:06 PM train 350 1.787604e-01 95.147792 99.764067
09/25 11:22:11 PM train 400 1.800493e-01 95.109882 99.754520
09/25 11:22:15 PM train 450 1.822687e-01 95.073448 99.740161
09/25 11:22:19 PM train 500 1.825973e-01 95.094187 99.734905
09/25 11:22:23 PM train 550 1.844864e-01 95.045939 99.733439
09/25 11:22:28 PM train 600 1.854366e-01 95.068116 99.727017
09/25 11:22:32 PM train 650 1.867908e-01 94.995680 99.716782
09/25 11:22:36 PM train 700 1.878936e-01 94.987072 99.712464
09/25 11:22:40 PM train 750 1.885393e-01 95.002497 99.712883
09/25 11:22:43 PM train_acc 94.938000
09/25 11:22:43 PM valid 000 7.556097e-01 84.375000 93.750000
09/25 11:22:44 PM valid 050 1.130761e+00 77.879902 94.209559
09/25 11:22:46 PM valid 100 1.085365e+00 78.542698 94.523515
09/25 11:22:47 PM valid 150 1.103279e+00 78.073262 94.619205
09/25 11:22:47 PM valid_acc 78.150000, best_acc 78.580000
09/25 11:22:47 PM epoch 457 lr 3.254949e-03
09/25 11:22:47 PM train 000 2.125881e-01 92.187500 98.437500
09/25 11:22:51 PM train 050 1.671852e-01 95.680147 99.846814
09/25 11:22:56 PM train 100 1.730314e-01 95.374381 99.845297
09/25 11:23:00 PM train 150 1.761297e-01 95.374586 99.824089
09/25 11:23:04 PM train 200 1.735175e-01 95.429104 99.813433
09/25 11:23:09 PM train 250 1.759057e-01 95.293825 99.838147
09/25 11:23:13 PM train 300 1.788823e-01 95.182724 99.802741
09/25 11:23:17 PM train 350 1.798436e-01 95.152244 99.772970
09/25 11:23:21 PM train 400 1.812455e-01 95.105985 99.774002
09/25 11:23:25 PM train 450 1.821685e-01 95.042267 99.771341
09/25 11:23:30 PM train 500 1.851571e-01 94.988149 99.753618
09/25 11:23:34 PM train 550 1.873507e-01 94.921166 99.750454
09/25 11:23:38 PM train 600 1.889857e-01 94.893927 99.734817
09/25 11:23:43 PM train 650 1.891293e-01 94.906874 99.735983
09/25 11:23:47 PM train 700 1.901404e-01 94.922432 99.739212
09/25 11:23:51 PM train 750 1.893866e-01 94.935919 99.729527
09/25 11:23:54 PM train_acc 94.952000
09/25 11:23:54 PM valid 000 9.850732e-01 79.687500 92.187500
09/25 11:23:55 PM valid 050 1.119234e+00 77.757353 94.209559
09/25 11:23:56 PM valid 100 1.090808e+00 78.449876 94.786510
09/25 11:23:58 PM valid 150 1.104809e+00 78.197434 94.650248
09/25 11:23:58 PM valid_acc 78.240000, best_acc 78.580000
09/25 11:23:58 PM epoch 458 lr 3.211028e-03
09/25 11:23:58 PM train 000 3.151041e-01 90.625000 96.875000
09/25 11:24:02 PM train 050 1.728026e-01 95.128676 99.509804
09/25 11:24:07 PM train 100 1.747421e-01 95.327970 99.628713
09/25 11:24:11 PM train 150 1.784273e-01 95.260762 99.668874
09/25 11:24:15 PM train 200 1.765927e-01 95.335821 99.681281
09/25 11:24:19 PM train 250 1.761586e-01 95.306275 99.670070
09/25 11:24:24 PM train 300 1.789485e-01 95.255399 99.662583
09/25 11:24:28 PM train 350 1.777662e-01 95.348113 99.661681
09/25 11:24:32 PM train 400 1.810170e-01 95.246259 99.672693
09/25 11:24:37 PM train 450 1.807743e-01 95.270926 99.677799
09/25 11:24:41 PM train 500 1.796706e-01 95.284431 99.678767
09/25 11:24:45 PM train 550 1.802485e-01 95.247278 99.685231
09/25 11:24:49 PM train 600 1.815521e-01 95.211106 99.693220
09/25 11:24:54 PM train 650 1.822213e-01 95.202093 99.695180
09/25 11:24:58 PM train 700 1.832190e-01 95.158702 99.687946
09/25 11:25:02 PM train 750 1.832881e-01 95.156458 99.687916
09/25 11:25:05 PM train_acc 95.144000
09/25 11:25:05 PM valid 000 7.263196e-01 85.937500 95.312500
09/25 11:25:06 PM valid 050 1.107229e+00 77.297794 94.332108
09/25 11:25:07 PM valid 100 1.087521e+00 78.125000 94.631807
09/25 11:25:09 PM valid 150 1.098480e+00 78.062914 94.577815
09/25 11:25:09 PM valid_acc 78.060000, best_acc 78.580000
09/25 11:25:09 PM epoch 459 lr 3.167361e-03
09/25 11:25:09 PM train 000 2.843220e-01 92.187500 100.000000
09/25 11:25:13 PM train 050 1.748371e-01 95.465686 99.693627
09/25 11:25:18 PM train 100 1.688174e-01 95.451733 99.706064
09/25 11:25:22 PM train 150 1.681302e-01 95.612583 99.741308
09/25 11:25:26 PM train 200 1.702472e-01 95.732276 99.735697
09/25 11:25:31 PM train 250 1.739721e-01 95.455677 99.719871
09/25 11:25:35 PM train 300 1.758675e-01 95.483804 99.709302
09/25 11:25:39 PM train 350 1.786731e-01 95.410434 99.688390
09/25 11:25:43 PM train 400 1.785704e-01 95.406016 99.703865
09/25 11:25:48 PM train 450 1.788458e-01 95.392184 99.698586
09/25 11:25:52 PM train 500 1.790355e-01 95.359281 99.700599
09/25 11:25:56 PM train 550 1.791986e-01 95.321007 99.710753
09/25 11:26:00 PM train 600 1.795212e-01 95.312500 99.719218
09/25 11:26:05 PM train 650 1.809729e-01 95.271697 99.716782
09/25 11:26:09 PM train 700 1.804501e-01 95.294668 99.723609
09/25 11:26:13 PM train 750 1.801480e-01 95.318742 99.721205
09/25 11:26:16 PM train_acc 95.264000
09/25 11:26:16 PM valid 000 7.562197e-01 84.375000 93.750000
09/25 11:26:17 PM valid 050 1.108881e+00 78.247549 94.485294
09/25 11:26:18 PM valid 100 1.085748e+00 78.496287 94.941213
09/25 11:26:20 PM valid 150 1.095737e+00 78.259520 94.960679
09/25 11:26:20 PM valid_acc 78.280000, best_acc 78.580000
09/25 11:26:20 PM epoch 460 lr 3.123950e-03
09/25 11:26:20 PM train 000 1.665518e-01 96.875000 100.000000
09/25 11:26:25 PM train 050 1.722355e-01 95.649510 99.693627
09/25 11:26:29 PM train 100 1.759194e-01 95.327970 99.628713
09/25 11:26:33 PM train 150 1.720957e-01 95.488411 99.710265
09/25 11:26:37 PM train 200 1.724771e-01 95.522388 99.727923
09/25 11:26:42 PM train 250 1.705078e-01 95.580179 99.744771
09/25 11:26:46 PM train 300 1.749462e-01 95.478613 99.740449
09/25 11:26:50 PM train 350 1.753999e-01 95.428241 99.746261
09/25 11:26:54 PM train 400 1.756591e-01 95.406016 99.746727
09/25 11:26:59 PM train 450 1.755890e-01 95.409507 99.750554
09/25 11:27:03 PM train 500 1.764667e-01 95.396707 99.747380
09/25 11:27:07 PM train 550 1.766538e-01 95.423094 99.727768
09/25 11:27:11 PM train 600 1.769071e-01 95.442492 99.724418
09/25 11:27:16 PM train 650 1.772057e-01 95.430108 99.721582
09/25 11:27:20 PM train 700 1.783128e-01 95.392743 99.728067
09/25 11:27:24 PM train 750 1.790652e-01 95.376997 99.710802
09/25 11:27:27 PM train_acc 95.352000
09/25 11:27:27 PM valid 000 8.047869e-01 82.812500 95.312500
09/25 11:27:28 PM valid 050 1.061159e+00 77.910539 94.761029
09/25 11:27:30 PM valid 100 1.053052e+00 78.295173 94.910272
09/25 11:27:31 PM valid 150 1.059021e+00 78.456126 94.919288
09/25 11:27:31 PM valid_acc 78.520000, best_acc 78.580000
09/25 11:27:31 PM epoch 461 lr 3.080796e-03
09/25 11:27:31 PM train 000 1.257930e-01 95.312500 100.000000
09/25 11:27:36 PM train 050 1.650684e-01 96.109069 99.785539
09/25 11:27:40 PM train 100 1.617688e-01 96.008663 99.829827
09/25 11:27:44 PM train 150 1.647660e-01 95.829884 99.844785
09/25 11:27:48 PM train 200 1.662280e-01 95.817786 99.790112
09/25 11:27:53 PM train 250 1.734823e-01 95.474353 99.757221
09/25 11:27:57 PM train 300 1.751000e-01 95.442276 99.724875
09/25 11:28:01 PM train 350 1.748367e-01 95.446047 99.728454
09/25 11:28:05 PM train 400 1.736370e-01 95.507325 99.719451
09/25 11:28:10 PM train 450 1.739116e-01 95.537694 99.702051
09/25 11:28:14 PM train 500 1.762992e-01 95.452844 99.700599
09/25 11:28:18 PM train 550 1.773585e-01 95.417423 99.710753
09/25 11:28:22 PM train 600 1.786219e-01 95.408694 99.701019
09/25 11:28:27 PM train 650 1.801663e-01 95.319700 99.690380
09/25 11:28:31 PM train 700 1.804464e-01 95.294668 99.694633
09/25 11:28:35 PM train 750 1.816348e-01 95.277130 99.694158
09/25 11:28:38 PM train_acc 95.260000
09/25 11:28:38 PM valid 000 8.292016e-01 84.375000 95.312500
09/25 11:28:39 PM valid 050 1.109506e+00 78.033088 94.056373
09/25 11:28:40 PM valid 100 1.087827e+00 78.279703 94.291460
09/25 11:28:42 PM valid 150 1.084614e+00 78.321606 94.557119
09/25 11:28:42 PM valid_acc 78.320000, best_acc 78.580000
09/25 11:28:42 PM epoch 462 lr 3.037900e-03
09/25 11:28:42 PM train 000 1.557065e-01 96.875000 100.000000
09/25 11:28:46 PM train 050 1.674236e-01 95.802696 99.693627
09/25 11:28:51 PM train 100 1.710175e-01 95.575495 99.675124
09/25 11:28:55 PM train 150 1.741377e-01 95.447020 99.668874
09/25 11:28:59 PM train 200 1.778418e-01 95.328047 99.665734
09/25 11:29:04 PM train 250 1.783234e-01 95.380976 99.701195
09/25 11:29:08 PM train 300 1.805891e-01 95.270972 99.698920
09/25 11:29:12 PM train 350 1.793576e-01 95.330306 99.697293
09/25 11:29:16 PM train 400 1.786571e-01 95.308603 99.692176
09/25 11:29:21 PM train 450 1.790009e-01 95.302106 99.708980
09/25 11:29:25 PM train 500 1.786039e-01 95.331213 99.706836
09/25 11:29:29 PM train 550 1.778800e-01 95.357872 99.696574
09/25 11:29:33 PM train 600 1.769375e-01 95.369696 99.708819
09/25 11:29:38 PM train 650 1.772644e-01 95.362903 99.709581
09/25 11:29:42 PM train 700 1.774762e-01 95.354850 99.710235
09/25 11:29:46 PM train 750 1.778974e-01 95.347870 99.706641
09/25 11:29:49 PM train_acc 95.342000
09/25 11:29:49 PM valid 000 8.974750e-01 81.250000 95.312500
09/25 11:29:50 PM valid 050 1.100698e+00 78.186275 94.393382
09/25 11:29:52 PM valid 100 1.048957e+00 79.006807 94.879332
09/25 11:29:53 PM valid 150 1.066580e+00 78.756209 94.888245
09/25 11:29:53 PM valid_acc 78.760000, best_acc 78.760000
09/25 11:29:53 PM epoch 463 lr 2.995263e-03
09/25 11:29:53 PM train 000 1.557389e-01 93.750000 100.000000
09/25 11:29:58 PM train 050 1.754015e-01 95.189951 99.662990
09/25 11:30:02 PM train 100 1.754353e-01 95.327970 99.737005
09/25 11:30:06 PM train 150 1.741547e-01 95.374586 99.741308
09/25 11:30:10 PM train 200 1.747282e-01 95.413557 99.712376
09/25 11:30:15 PM train 250 1.758791e-01 95.405876 99.726096
09/25 11:30:19 PM train 300 1.741501e-01 95.488995 99.735257
09/25 11:30:23 PM train 350 1.759511e-01 95.397080 99.741809
09/25 11:30:28 PM train 400 1.772836e-01 95.386534 99.742830
09/25 11:30:32 PM train 450 1.774723e-01 95.437223 99.743625
09/25 11:30:36 PM train 500 1.781194e-01 95.424775 99.738024
09/25 11:30:41 PM train 550 1.785183e-01 95.380558 99.744782
09/25 11:30:45 PM train 600 1.788522e-01 95.359297 99.745216
09/25 11:30:49 PM train 650 1.780636e-01 95.341302 99.738383
09/25 11:30:54 PM train 700 1.784513e-01 95.339248 99.739212
09/25 11:30:58 PM train 750 1.787154e-01 95.300017 99.744091
09/25 11:31:01 PM train_acc 95.286000
09/25 11:31:01 PM valid 000 9.431083e-01 78.125000 95.312500
09/25 11:31:02 PM valid 050 1.095402e+00 78.125000 94.117647
09/25 11:31:03 PM valid 100 1.067439e+00 78.465347 94.461634
09/25 11:31:05 PM valid 150 1.082878e+00 78.145695 94.536424
09/25 11:31:05 PM valid_acc 78.160000, best_acc 78.760000
09/25 11:31:05 PM epoch 464 lr 2.952888e-03
09/25 11:31:05 PM train 000 1.610896e-01 92.187500 100.000000
09/25 11:31:09 PM train 050 1.683140e-01 95.588235 99.754902
09/25 11:31:14 PM train 100 1.676573e-01 95.575495 99.783416
09/25 11:31:18 PM train 150 1.663891e-01 95.674669 99.751656
09/25 11:31:22 PM train 200 1.706137e-01 95.514614 99.735697
09/25 11:31:26 PM train 250 1.676381e-01 95.611305 99.750996
09/25 11:31:31 PM train 300 1.674837e-01 95.629153 99.745640
09/25 11:31:35 PM train 350 1.665385e-01 95.646368 99.755164
09/25 11:31:39 PM train 400 1.669863e-01 95.647600 99.758416
09/25 11:31:44 PM train 450 1.681140e-01 95.648559 99.747090
09/25 11:31:48 PM train 500 1.685814e-01 95.636851 99.747380
09/25 11:31:52 PM train 550 1.701706e-01 95.590404 99.733439
09/25 11:31:57 PM train 600 1.700621e-01 95.593282 99.734817
09/25 11:32:01 PM train 650 1.727265e-01 95.530914 99.721582
09/25 11:32:05 PM train 700 1.717049e-01 95.548770 99.730296
09/25 11:32:10 PM train 750 1.727623e-01 95.514314 99.727447
09/25 11:32:12 PM train_acc 95.502000
09/25 11:32:12 PM valid 000 8.640301e-01 82.812500 95.312500
09/25 11:32:14 PM valid 050 1.114509e+00 79.105392 94.332108
09/25 11:32:15 PM valid 100 1.074998e+00 79.285272 94.709158
09/25 11:32:16 PM valid 150 1.078288e+00 78.725166 94.722682
09/25 11:32:16 PM valid_acc 78.770000, best_acc 78.770000
09/25 11:32:16 PM epoch 465 lr 2.910773e-03
09/25 11:32:16 PM train 000 4.546508e-02 100.000000 100.000000
09/25 11:32:21 PM train 050 1.717326e-01 95.802696 99.724265
09/25 11:32:25 PM train 100 1.647040e-01 95.792079 99.798886
09/25 11:32:29 PM train 150 1.697355e-01 95.705712 99.699917
09/25 11:32:34 PM train 200 1.724263e-01 95.561256 99.720149
09/25 11:32:38 PM train 250 1.728467e-01 95.549054 99.719871
09/25 11:32:42 PM train 300 1.734688e-01 95.488995 99.719684
09/25 11:32:47 PM train 350 1.746534e-01 95.450499 99.710648
09/25 11:32:51 PM train 400 1.722398e-01 95.550187 99.707762
09/25 11:32:55 PM train 450 1.720265e-01 95.527300 99.719374
09/25 11:33:00 PM train 500 1.732380e-01 95.496507 99.719311
09/25 11:33:04 PM train 550 1.749265e-01 95.434437 99.719260
09/25 11:33:08 PM train 600 1.750009e-01 95.434692 99.716618
09/25 11:33:13 PM train 650 1.744581e-01 95.442108 99.721582
09/25 11:33:17 PM train 700 1.743294e-01 95.450695 99.732525
09/25 11:33:21 PM train 750 1.747503e-01 95.451897 99.735769
09/25 11:33:24 PM train_acc 95.426000
09/25 11:33:24 PM valid 000 6.712987e-01 84.375000 96.875000
09/25 11:33:25 PM valid 050 1.111003e+00 78.155637 94.332108
09/25 11:33:26 PM valid 100 1.069617e+00 78.743812 94.786510
09/25 11:33:28 PM valid 150 1.080081e+00 78.673427 94.722682
09/25 11:33:28 PM valid_acc 78.670000, best_acc 78.770000
09/25 11:33:28 PM epoch 466 lr 2.868922e-03
09/25 11:33:28 PM train 000 1.575174e-01 96.875000 100.000000
09/25 11:33:32 PM train 050 1.580052e-01 95.986520 99.846814
09/25 11:33:37 PM train 100 1.629870e-01 95.838490 99.767946
09/25 11:33:41 PM train 150 1.633395e-01 95.850579 99.793046
09/25 11:33:46 PM train 200 1.630838e-01 95.903296 99.797886
09/25 11:33:50 PM train 250 1.692502e-01 95.648655 99.782122
09/25 11:33:54 PM train 300 1.696782e-01 95.592816 99.771595
09/25 11:33:58 PM train 350 1.694076e-01 95.588497 99.759615
09/25 11:34:03 PM train 400 1.675547e-01 95.620324 99.774002
09/25 11:34:07 PM train 450 1.662883e-01 95.686669 99.781735
09/25 11:34:11 PM train 500 1.667397e-01 95.696108 99.787924
09/25 11:34:16 PM train 550 1.671388e-01 95.675476 99.795826
09/25 11:34:20 PM train 600 1.658053e-01 95.749272 99.794613
09/25 11:34:24 PM train 650 1.644798e-01 95.823733 99.803187
09/25 11:34:28 PM train 700 1.667666e-01 95.742689 99.794936
09/25 11:34:33 PM train 750 1.676918e-01 95.687001 99.785702
09/25 11:34:35 PM train_acc 95.690000
09/25 11:34:36 PM valid 000 7.544893e-01 84.375000 95.312500
09/25 11:34:37 PM valid 050 1.123959e+00 77.941176 94.240196
09/25 11:34:38 PM valid 100 1.081858e+00 78.620050 94.647277
09/25 11:34:39 PM valid 150 1.092762e+00 78.414735 94.712334
09/25 11:34:39 PM valid_acc 78.390000, best_acc 78.770000
09/25 11:34:40 PM epoch 467 lr 2.827335e-03
09/25 11:34:40 PM train 000 1.325182e-01 93.750000 100.000000
09/25 11:34:44 PM train 050 1.556614e-01 96.047794 99.846814
09/25 11:34:48 PM train 100 1.627024e-01 95.946782 99.814356
09/25 11:34:52 PM train 150 1.675593e-01 95.809189 99.741308
09/25 11:34:57 PM train 200 1.671373e-01 95.887749 99.720149
09/25 11:35:01 PM train 250 1.646344e-01 95.903884 99.775896
09/25 11:35:05 PM train 300 1.662965e-01 95.790075 99.787168
09/25 11:35:10 PM train 350 1.679213e-01 95.699786 99.781873
09/25 11:35:14 PM train 400 1.686754e-01 95.670979 99.789589
09/25 11:35:18 PM train 450 1.679600e-01 95.697062 99.781735
09/25 11:35:22 PM train 500 1.690314e-01 95.646208 99.787924
09/25 11:35:27 PM train 550 1.680712e-01 95.644283 99.795826
09/25 11:35:31 PM train 600 1.685314e-01 95.660878 99.789413
09/25 11:35:35 PM train 650 1.677750e-01 95.677323 99.781586
09/25 11:35:40 PM train 700 1.694442e-01 95.622325 99.768188
09/25 11:35:44 PM train 750 1.697866e-01 95.624584 99.769058
09/25 11:35:46 PM train_acc 95.622000
09/25 11:35:47 PM valid 000 9.471095e-01 81.250000 93.750000
09/25 11:35:48 PM valid 050 1.119828e+00 78.094363 94.393382
09/25 11:35:49 PM valid 100 1.087759e+00 78.650990 94.771040
09/25 11:35:50 PM valid 150 1.097068e+00 78.518212 94.929636
09/25 11:35:50 PM valid_acc 78.580000, best_acc 78.770000
09/25 11:35:51 PM epoch 468 lr 2.786013e-03
09/25 11:35:51 PM train 000 2.162771e-01 95.312500 100.000000
09/25 11:35:55 PM train 050 1.631701e-01 95.802696 99.632353
09/25 11:35:59 PM train 100 1.611013e-01 95.977723 99.706064
09/25 11:36:04 PM train 150 1.669318e-01 95.778146 99.741308
09/25 11:36:08 PM train 200 1.643334e-01 95.918843 99.751244
09/25 11:36:12 PM train 250 1.666173e-01 95.866534 99.744771
09/25 11:36:16 PM train 300 1.679066e-01 95.805648 99.730066
09/25 11:36:21 PM train 350 1.646552e-01 95.882301 99.759615
09/25 11:36:25 PM train 400 1.651129e-01 95.842425 99.754520
09/25 11:36:29 PM train 450 1.648181e-01 95.807927 99.750554
09/25 11:36:34 PM train 500 1.653422e-01 95.817740 99.744261
09/25 11:36:38 PM train 550 1.670510e-01 95.800250 99.747618
09/25 11:36:42 PM train 600 1.674595e-01 95.759671 99.755616
09/25 11:36:46 PM train 650 1.677044e-01 95.751728 99.747984
09/25 11:36:51 PM train 700 1.680064e-01 95.740460 99.750357
09/25 11:36:55 PM train 750 1.686659e-01 95.724451 99.754494
09/25 11:36:57 PM train_acc 95.734000
09/25 11:36:57 PM valid 000 1.015607e+00 76.562500 95.312500
09/25 11:36:59 PM valid 050 1.115917e+00 77.573529 94.301471
09/25 11:37:00 PM valid 100 1.085963e+00 78.341584 94.786510
09/25 11:37:01 PM valid 150 1.084017e+00 78.197434 94.908940
09/25 11:37:01 PM valid_acc 78.220000, best_acc 78.770000
09/25 11:37:02 PM epoch 469 lr 2.744958e-03
09/25 11:37:02 PM train 000 4.956560e-02 100.000000 100.000000
09/25 11:37:06 PM train 050 1.671434e-01 95.557598 99.877451
09/25 11:37:10 PM train 100 1.655433e-01 95.498144 99.829827
09/25 11:37:15 PM train 150 1.614496e-01 95.695364 99.834437
09/25 11:37:19 PM train 200 1.624607e-01 95.771144 99.805659
09/25 11:37:23 PM train 250 1.604242e-01 95.829183 99.800797
09/25 11:37:27 PM train 300 1.595294e-01 95.888704 99.807932
09/25 11:37:32 PM train 350 1.628549e-01 95.793269 99.786325
09/25 11:37:36 PM train 400 1.640022e-01 95.741116 99.785692
09/25 11:37:40 PM train 450 1.637171e-01 95.738636 99.792129
09/25 11:37:44 PM train 500 1.650014e-01 95.730414 99.787924
09/25 11:37:49 PM train 550 1.658569e-01 95.740699 99.787319
09/25 11:37:53 PM train 600 1.667784e-01 95.676477 99.794613
09/25 11:37:57 PM train 650 1.668167e-01 95.662922 99.791187
09/25 11:38:02 PM train 700 1.671226e-01 95.671362 99.783791
09/25 11:38:06 PM train 750 1.674585e-01 95.659953 99.775300
09/25 11:38:08 PM train_acc 95.652000
09/25 11:38:09 PM valid 000 8.647946e-01 81.250000 93.750000
09/25 11:38:10 PM valid 050 1.071467e+00 78.186275 94.577206
09/25 11:38:11 PM valid 100 1.039659e+00 78.666460 94.925743
09/25 11:38:12 PM valid 150 1.053369e+00 78.518212 94.939983
09/25 11:38:13 PM valid_acc 78.510000, best_acc 78.770000
09/25 11:38:13 PM epoch 470 lr 2.704169e-03
09/25 11:38:13 PM train 000 8.854992e-02 100.000000 100.000000
09/25 11:38:17 PM train 050 1.483535e-01 96.109069 99.877451
09/25 11:38:21 PM train 100 1.585440e-01 95.869431 99.814356
09/25 11:38:26 PM train 150 1.564058e-01 95.923013 99.762003
09/25 11:38:30 PM train 200 1.634954e-01 95.662313 99.790112
09/25 11:38:34 PM train 250 1.622537e-01 95.698456 99.807022
09/25 11:38:38 PM train 300 1.615693e-01 95.758929 99.807932
09/25 11:38:43 PM train 350 1.650785e-01 95.650819 99.795228
09/25 11:38:47 PM train 400 1.641255e-01 95.698254 99.789589
09/25 11:38:51 PM train 450 1.631798e-01 95.755959 99.795593
09/25 11:38:55 PM train 500 1.628843e-01 95.789671 99.787924
09/25 11:39:00 PM train 550 1.629591e-01 95.763385 99.784483
09/25 11:39:04 PM train 600 1.630021e-01 95.780470 99.776414
09/25 11:39:08 PM train 650 1.641186e-01 95.749328 99.769585
09/25 11:39:13 PM train 700 1.644774e-01 95.751605 99.761501
09/25 11:39:17 PM train 750 1.650384e-01 95.736934 99.760736
09/25 11:39:19 PM train_acc 95.734000
09/25 11:39:20 PM valid 000 8.004529e-01 78.125000 93.750000
09/25 11:39:21 PM valid 050 1.106596e+00 78.033088 94.332108
09/25 11:39:22 PM valid 100 1.069381e+00 78.774752 94.941213
09/25 11:39:23 PM valid 150 1.069364e+00 78.735513 95.064156
09/25 11:39:24 PM valid_acc 78.760000, best_acc 78.770000
09/25 11:39:24 PM epoch 471 lr 2.663650e-03
09/25 11:39:24 PM train 000 1.883949e-01 95.312500 100.000000
09/25 11:39:28 PM train 050 1.697114e-01 95.281863 99.908088
09/25 11:39:32 PM train 100 1.684993e-01 95.482673 99.798886
09/25 11:39:37 PM train 150 1.678317e-01 95.685017 99.782699
09/25 11:39:41 PM train 200 1.650329e-01 95.794465 99.766791
09/25 11:39:45 PM train 250 1.618356e-01 95.916335 99.763446
09/25 11:39:49 PM train 300 1.601196e-01 95.976952 99.781977
09/25 11:39:54 PM train 350 1.621535e-01 95.966880 99.764067
09/25 11:39:58 PM train 400 1.632482e-01 95.908666 99.770106
09/25 11:40:02 PM train 450 1.633897e-01 95.894540 99.774806
09/25 11:40:07 PM train 500 1.626917e-01 95.886352 99.778568
09/25 11:40:11 PM train 550 1.627866e-01 95.865472 99.775975
09/25 11:40:15 PM train 600 1.638004e-01 95.850666 99.773814
09/25 11:40:19 PM train 650 1.649171e-01 95.823733 99.762385
09/25 11:40:24 PM train 700 1.648302e-01 95.816245 99.750357
09/25 11:40:28 PM train 750 1.643113e-01 95.849284 99.746172
09/25 11:40:31 PM train_acc 95.858000
09/25 11:40:31 PM valid 000 7.923283e-01 82.812500 95.312500
09/25 11:40:32 PM valid 050 1.103607e+00 78.829657 94.454657
09/25 11:40:33 PM valid 100 1.081503e+00 78.712871 94.879332
09/25 11:40:34 PM valid 150 1.084673e+00 78.787252 94.971026
09/25 11:40:35 PM valid_acc 78.850000, best_acc 78.850000
09/25 11:40:35 PM epoch 472 lr 2.623400e-03
09/25 11:40:35 PM train 000 9.741329e-02 98.437500 100.000000
09/25 11:40:39 PM train 050 1.509494e-01 96.200980 99.785539
09/25 11:40:43 PM train 100 1.498779e-01 96.178837 99.814356
09/25 11:40:48 PM train 150 1.504891e-01 96.254139 99.793046
09/25 11:40:52 PM train 200 1.501473e-01 96.253109 99.790112
09/25 11:40:56 PM train 250 1.545157e-01 96.090637 99.788347
09/25 11:41:01 PM train 300 1.581154e-01 95.961379 99.787168
09/25 11:41:05 PM train 350 1.578259e-01 95.966880 99.786325
09/25 11:41:09 PM train 400 1.577517e-01 95.967113 99.793485
09/25 11:41:13 PM train 450 1.558385e-01 95.998476 99.802522
09/25 11:41:18 PM train 500 1.558817e-01 96.014222 99.803518
09/25 11:41:22 PM train 550 1.556545e-01 96.032781 99.810005
09/25 11:41:26 PM train 600 1.564703e-01 95.998856 99.805012
09/25 11:41:31 PM train 650 1.566277e-01 95.974942 99.791187
09/25 11:41:35 PM train 700 1.578260e-01 95.938837 99.788249
09/25 11:41:39 PM train 750 1.582957e-01 95.926265 99.787783
09/25 11:41:42 PM train_acc 95.912000
09/25 11:41:42 PM valid 000 9.028082e-01 79.687500 93.750000
09/25 11:41:43 PM valid 050 1.108211e+00 78.186275 94.577206
09/25 11:41:44 PM valid 100 1.092362e+00 78.295173 94.956683
09/25 11:41:46 PM valid 150 1.091718e+00 78.280215 95.043460
09/25 11:41:46 PM valid_acc 78.270000, best_acc 78.850000
09/25 11:41:46 PM epoch 473 lr 2.583421e-03
09/25 11:41:46 PM train 000 1.628261e-01 92.187500 100.000000
09/25 11:41:50 PM train 050 1.550682e-01 96.139706 99.632353
09/25 11:41:55 PM train 100 1.506698e-01 96.302599 99.706064
09/25 11:41:59 PM train 150 1.533236e-01 96.171358 99.751656
09/25 11:42:03 PM train 200 1.583240e-01 95.965485 99.766791
09/25 11:42:07 PM train 250 1.598431e-01 95.984811 99.750996
09/25 11:42:12 PM train 300 1.601360e-01 95.940615 99.761213
09/25 11:42:16 PM train 350 1.586738e-01 95.962429 99.768519
09/25 11:42:20 PM train 400 1.603501e-01 95.928148 99.754520
09/25 11:42:25 PM train 450 1.609903e-01 95.901469 99.757483
09/25 11:42:29 PM train 500 1.606307e-01 95.917540 99.753618
09/25 11:42:33 PM train 550 1.607498e-01 95.910844 99.756125
09/25 11:42:37 PM train 600 1.626406e-01 95.842866 99.745216
09/25 11:42:42 PM train 650 1.630455e-01 95.842934 99.735983
09/25 11:42:46 PM train 700 1.631014e-01 95.851908 99.748128
09/25 11:42:50 PM train 750 1.628902e-01 95.836801 99.756575
09/25 11:42:53 PM train_acc 95.826000
09/25 11:42:53 PM valid 000 7.888763e-01 78.125000 95.312500
09/25 11:42:54 PM valid 050 1.130895e+00 78.033088 94.577206
09/25 11:42:56 PM valid 100 1.104797e+00 78.449876 94.678218
09/25 11:42:57 PM valid 150 1.108343e+00 78.435430 94.681291
09/25 11:42:57 PM valid_acc 78.460000, best_acc 78.850000
09/25 11:42:57 PM epoch 474 lr 2.543713e-03
09/25 11:42:57 PM train 000 7.209150e-02 100.000000 100.000000
09/25 11:43:01 PM train 050 1.472155e-01 96.537990 99.724265
09/25 11:43:06 PM train 100 1.510853e-01 96.302599 99.783416
09/25 11:43:10 PM train 150 1.516394e-01 96.254139 99.762003
09/25 11:43:14 PM train 200 1.537832e-01 96.027674 99.766791
09/25 11:43:19 PM train 250 1.573461e-01 95.941235 99.744771
09/25 11:43:23 PM train 300 1.578636e-01 95.982143 99.756022
09/25 11:43:27 PM train 350 1.588011e-01 95.909010 99.759615
09/25 11:43:31 PM train 400 1.570271e-01 95.978803 99.770106
09/25 11:43:36 PM train 450 1.586261e-01 95.956901 99.764412
09/25 11:43:40 PM train 500 1.587318e-01 95.970559 99.741143
09/25 11:43:44 PM train 550 1.576973e-01 96.044124 99.750454
09/25 11:43:49 PM train 600 1.563258e-01 96.084651 99.760815
09/25 11:43:53 PM train 650 1.573012e-01 96.070949 99.750384
09/25 11:43:57 PM train 700 1.578963e-01 96.059201 99.745899
09/25 11:44:01 PM train 750 1.586221e-01 96.036535 99.754494
09/25 11:44:04 PM train_acc 96.034000
09/25 11:44:04 PM valid 000 9.360730e-01 81.250000 95.312500
09/25 11:44:05 PM valid 050 1.093499e+00 78.063725 94.515931
09/25 11:44:07 PM valid 100 1.069198e+00 78.805693 94.879332
09/25 11:44:08 PM valid 150 1.070730e+00 78.994205 94.939983
09/25 11:44:08 PM valid_acc 79.000000, best_acc 79.000000
09/25 11:44:08 PM epoch 475 lr 2.504279e-03
09/25 11:44:08 PM train 000 1.315910e-01 96.875000 100.000000
09/25 11:44:13 PM train 050 1.454424e-01 96.660539 99.754902
09/25 11:44:17 PM train 100 1.528028e-01 96.426361 99.783416
09/25 11:44:21 PM train 150 1.496541e-01 96.430050 99.782699
09/25 11:44:26 PM train 200 1.496360e-01 96.416356 99.782338
09/25 11:44:30 PM train 250 1.501898e-01 96.370767 99.788347
09/25 11:44:34 PM train 300 1.530366e-01 96.278032 99.792359
09/25 11:44:38 PM train 350 1.538793e-01 96.282942 99.777422
09/25 11:44:43 PM train 400 1.545470e-01 96.193111 99.781796
09/25 11:44:47 PM train 450 1.548800e-01 96.178631 99.781735
09/25 11:44:51 PM train 500 1.557636e-01 96.173278 99.772330
09/25 11:44:56 PM train 550 1.559963e-01 96.151883 99.773140
09/25 11:45:00 PM train 600 1.566827e-01 96.126248 99.781614
09/25 11:45:04 PM train 650 1.560336e-01 96.159754 99.779186
09/25 11:45:08 PM train 700 1.572882e-01 96.128299 99.777104
09/25 11:45:13 PM train 750 1.567771e-01 96.130160 99.775300
09/25 11:45:16 PM train_acc 96.118000
09/25 11:45:16 PM valid 000 8.243424e-01 78.125000 95.312500
09/25 11:45:17 PM valid 050 1.096401e+00 78.982843 94.638480
09/25 11:45:18 PM valid 100 1.068270e+00 79.192450 94.941213
09/25 11:45:19 PM valid 150 1.077165e+00 78.973510 94.908940
09/25 11:45:20 PM valid_acc 79.050000, best_acc 79.050000
09/25 11:45:20 PM epoch 476 lr 2.465119e-03
09/25 11:45:20 PM train 000 1.127469e-01 98.437500 100.000000
09/25 11:45:24 PM train 050 1.491651e-01 96.292892 99.754902
09/25 11:45:28 PM train 100 1.495129e-01 96.349010 99.752475
09/25 11:45:33 PM train 150 1.473269e-01 96.471440 99.730960
09/25 11:45:37 PM train 200 1.470437e-01 96.462998 99.735697
09/25 11:45:41 PM train 250 1.476279e-01 96.395667 99.757221
09/25 11:45:46 PM train 300 1.477300e-01 96.350706 99.771595
09/25 11:45:50 PM train 350 1.473865e-01 96.363070 99.790776
09/25 11:45:54 PM train 400 1.477966e-01 96.337282 99.785692
09/25 11:45:58 PM train 450 1.488316e-01 96.251386 99.778271
09/25 11:46:03 PM train 500 1.499004e-01 96.216941 99.787924
09/25 11:46:07 PM train 550 1.504624e-01 96.208598 99.792990
09/25 11:46:11 PM train 600 1.523156e-01 96.162646 99.779014
09/25 11:46:16 PM train 650 1.518565e-01 96.190956 99.781586
09/25 11:46:20 PM train 700 1.523599e-01 96.168420 99.777104
09/25 11:46:24 PM train 750 1.516300e-01 96.196738 99.781541
09/25 11:46:27 PM train_acc 96.180000
09/25 11:46:27 PM valid 000 7.869878e-01 78.125000 95.312500
09/25 11:46:28 PM valid 050 1.103763e+00 78.370098 94.699755
09/25 11:46:29 PM valid 100 1.074829e+00 78.790223 94.832921
09/25 11:46:31 PM valid 150 1.078210e+00 78.704470 94.898593
09/25 11:46:31 PM valid_acc 78.790000, best_acc 79.050000
09/25 11:46:31 PM epoch 477 lr 2.426234e-03
09/25 11:46:31 PM train 000 1.154553e-01 96.875000 100.000000
09/25 11:46:35 PM train 050 1.464247e-01 96.783088 99.969363
09/25 11:46:40 PM train 100 1.435743e-01 96.612005 99.845297
09/25 11:46:44 PM train 150 1.420199e-01 96.719785 99.834437
09/25 11:46:48 PM train 200 1.377041e-01 96.742848 99.828980
09/25 11:46:52 PM train 250 1.386488e-01 96.694472 99.825697
09/25 11:46:57 PM train 300 1.402187e-01 96.667359 99.818314
09/25 11:47:01 PM train 350 1.418213e-01 96.594551 99.804131
09/25 11:47:05 PM train 400 1.423228e-01 96.547693 99.812968
09/25 11:47:09 PM train 450 1.429130e-01 96.514690 99.816380
09/25 11:47:14 PM train 500 1.430063e-01 96.513224 99.812874
09/25 11:47:18 PM train 550 1.439549e-01 96.475159 99.815676
09/25 11:47:22 PM train 600 1.445193e-01 96.440828 99.810212
09/25 11:47:26 PM train 650 1.457611e-01 96.402170 99.800787
09/25 11:47:31 PM train 700 1.471203e-01 96.346737 99.806081
09/25 11:47:35 PM train 750 1.472172e-01 96.334055 99.802347
09/25 11:47:38 PM train_acc 96.338000
09/25 11:47:38 PM valid 000 7.887661e-01 79.687500 95.312500
09/25 11:47:39 PM valid 050 1.085685e+00 77.389706 94.485294
09/25 11:47:40 PM valid 100 1.073682e+00 78.357054 94.801980
09/25 11:47:41 PM valid 150 1.074842e+00 78.342301 94.805464
09/25 11:47:42 PM valid_acc 78.420000, best_acc 79.050000
09/25 11:47:42 PM epoch 478 lr 2.387625e-03
09/25 11:47:42 PM train 000 1.891210e-01 95.312500 100.000000
09/25 11:47:46 PM train 050 1.403219e-01 96.629902 99.785539
09/25 11:47:51 PM train 100 1.395575e-01 96.612005 99.783416
09/25 11:47:55 PM train 150 1.398543e-01 96.543874 99.803394
09/25 11:47:59 PM train 200 1.440270e-01 96.323072 99.836754
09/25 11:48:03 PM train 250 1.458522e-01 96.215139 99.819472
09/25 11:48:08 PM train 300 1.463379e-01 96.226121 99.828696
09/25 11:48:12 PM train 350 1.460600e-01 96.247329 99.817486
09/25 11:48:16 PM train 400 1.475415e-01 96.200904 99.805175
09/25 11:48:20 PM train 450 1.501174e-01 96.112805 99.802522
09/25 11:48:25 PM train 500 1.492259e-01 96.145210 99.812874
09/25 11:48:29 PM train 550 1.490551e-01 96.137704 99.818512
09/25 11:48:33 PM train 600 1.490610e-01 96.131448 99.815412
09/25 11:48:38 PM train 650 1.501819e-01 96.118952 99.803187
09/25 11:48:42 PM train 700 1.497168e-01 96.157275 99.801623
09/25 11:48:46 PM train 750 1.501561e-01 96.138482 99.804427
09/25 11:48:49 PM train_acc 96.138000
09/25 11:48:49 PM valid 000 8.553185e-01 81.250000 96.875000
09/25 11:48:50 PM valid 050 1.083630e+00 78.125000 94.393382
09/25 11:48:52 PM valid 100 1.065285e+00 78.836634 95.018564
09/25 11:48:53 PM valid 150 1.075161e+00 78.549255 95.105546
09/25 11:48:53 PM valid_acc 78.630000, best_acc 79.050000
09/25 11:48:53 PM epoch 479 lr 2.349293e-03
09/25 11:48:53 PM train 000 1.724044e-01 93.750000 100.000000
09/25 11:48:58 PM train 050 1.527261e-01 96.599265 99.908088
09/25 11:49:02 PM train 100 1.459894e-01 96.658416 99.829827
09/25 11:49:06 PM train 150 1.471039e-01 96.502483 99.793046
09/25 11:49:10 PM train 200 1.483802e-01 96.408582 99.797886
09/25 11:49:15 PM train 250 1.491527e-01 96.314741 99.794572
09/25 11:49:19 PM train 300 1.474807e-01 96.402616 99.781977
09/25 11:49:23 PM train 350 1.483924e-01 96.345264 99.772970
09/25 11:49:27 PM train 400 1.474196e-01 96.368454 99.774002
09/25 11:49:32 PM train 450 1.476934e-01 96.320676 99.774806
09/25 11:49:36 PM train 500 1.482842e-01 96.257485 99.759855
09/25 11:49:40 PM train 550 1.486086e-01 96.279492 99.761797
09/25 11:49:44 PM train 600 1.485239e-01 96.308236 99.766015
09/25 11:49:49 PM train 650 1.488474e-01 96.320565 99.762385
09/25 11:49:53 PM train 700 1.480057e-01 96.346737 99.768188
09/25 11:49:57 PM train 750 1.482205e-01 96.331974 99.766977
09/25 11:50:00 PM train_acc 96.338000
09/25 11:50:00 PM valid 000 8.000724e-01 82.812500 95.312500
09/25 11:50:01 PM valid 050 1.118095e+00 78.615196 94.730392
09/25 11:50:03 PM valid 100 1.104360e+00 79.115099 94.879332
09/25 11:50:04 PM valid 150 1.097782e+00 78.932119 94.877897
09/25 11:50:04 PM valid_acc 79.010000, best_acc 79.050000
09/25 11:50:04 PM epoch 480 lr 2.311240e-03
09/25 11:50:04 PM train 000 1.123900e-01 96.875000 100.000000
09/25 11:50:09 PM train 050 1.421819e-01 96.323529 99.785539
09/25 11:50:13 PM train 100 1.449716e-01 96.596535 99.752475
09/25 11:50:17 PM train 150 1.497049e-01 96.305877 99.730960
09/25 11:50:21 PM train 200 1.488294e-01 96.330846 99.743470
09/25 11:50:26 PM train 250 1.497985e-01 96.308516 99.744771
09/25 11:50:30 PM train 300 1.501868e-01 96.298796 99.735257
09/25 11:50:34 PM train 350 1.512076e-01 96.265135 99.719551
09/25 11:50:39 PM train 400 1.509106e-01 96.271041 99.731141
09/25 11:50:43 PM train 450 1.497891e-01 96.313747 99.740161
09/25 11:50:47 PM train 500 1.503461e-01 96.251248 99.741143
09/25 11:50:51 PM train 550 1.501915e-01 96.265313 99.753289
09/25 11:50:56 PM train 600 1.500097e-01 96.295237 99.750416
09/25 11:51:00 PM train 650 1.501381e-01 96.298963 99.757584
09/25 11:51:04 PM train 700 1.489386e-01 96.337821 99.765959
09/25 11:51:08 PM train 750 1.487553e-01 96.336135 99.760736
09/25 11:51:11 PM train_acc 96.296000
09/25 11:51:11 PM valid 000 1.056545e+00 81.250000 95.312500
09/25 11:51:12 PM valid 050 1.114465e+00 77.879902 94.546569
09/25 11:51:14 PM valid 100 1.079102e+00 78.511757 95.095916
09/25 11:51:15 PM valid 150 1.085685e+00 78.435430 95.043460
09/25 11:51:15 PM valid_acc 78.440000, best_acc 79.050000
09/25 11:51:15 PM epoch 481 lr 2.273466e-03
09/25 11:51:15 PM train 000 1.319410e-01 96.875000 100.000000
09/25 11:51:20 PM train 050 1.531154e-01 96.599265 99.846814
09/25 11:51:24 PM train 100 1.433593e-01 96.596535 99.876238
09/25 11:51:28 PM train 150 1.424383e-01 96.595613 99.865480
09/25 11:51:33 PM train 200 1.429346e-01 96.587376 99.852301
09/25 11:51:37 PM train 250 1.444528e-01 96.625996 99.838147
09/25 11:51:41 PM train 300 1.461106e-01 96.547965 99.823505
09/25 11:51:46 PM train 350 1.456455e-01 96.558939 99.826389
09/25 11:51:50 PM train 400 1.447409e-01 96.594451 99.832450
09/25 11:51:54 PM train 450 1.447059e-01 96.597838 99.819845
09/25 11:51:58 PM train 500 1.439227e-01 96.603668 99.828468
09/25 11:52:03 PM train 550 1.452234e-01 96.560231 99.821348
09/25 11:52:07 PM train 600 1.445825e-01 96.565620 99.815412
09/25 11:52:11 PM train 650 1.445244e-01 96.553379 99.805588
09/25 11:52:16 PM train 700 1.450018e-01 96.558488 99.803852
09/25 11:52:20 PM train 750 1.444639e-01 96.587883 99.812750
09/25 11:52:23 PM train_acc 96.594000
09/25 11:52:23 PM valid 000 8.714237e-01 81.250000 95.312500
09/25 11:52:24 PM valid 050 1.088435e+00 78.339461 94.485294
09/25 11:52:25 PM valid 100 1.079000e+00 78.759282 94.863861
09/25 11:52:26 PM valid 150 1.095386e+00 78.476821 94.867550
09/25 11:52:27 PM valid_acc 78.560000, best_acc 79.050000
09/25 11:52:27 PM epoch 482 lr 2.235972e-03
09/25 11:52:27 PM train 000 2.064245e-01 96.875000 100.000000
09/25 11:52:31 PM train 050 1.454363e-01 96.292892 99.908088
09/25 11:52:35 PM train 100 1.448555e-01 96.287129 99.845297
09/25 11:52:40 PM train 150 1.412152e-01 96.450745 99.824089
09/25 11:52:44 PM train 200 1.406236e-01 96.470771 99.852301
09/25 11:52:48 PM train 250 1.430126e-01 96.327191 99.838147
09/25 11:52:52 PM train 300 1.433919e-01 96.350706 99.823505
09/25 11:52:57 PM train 350 1.476749e-01 96.265135 99.795228
09/25 11:53:01 PM train 400 1.462205e-01 96.337282 99.805175
09/25 11:53:05 PM train 450 1.478570e-01 96.317212 99.795593
09/25 11:53:10 PM train 500 1.483330e-01 96.282435 99.794162
09/25 11:53:14 PM train 550 1.473218e-01 96.296506 99.801497
09/25 11:53:18 PM train 600 1.481626e-01 96.292637 99.802413
09/25 11:53:23 PM train 650 1.497098e-01 96.241359 99.798387
09/25 11:53:27 PM train 700 1.495210e-01 96.255350 99.801623
09/25 11:53:31 PM train 750 1.503212e-01 96.250832 99.794025
09/25 11:53:34 PM train_acc 96.232000
09/25 11:53:34 PM valid 000 9.187491e-01 81.250000 95.312500
09/25 11:53:35 PM valid 050 1.115207e+00 77.849265 94.424020
09/25 11:53:37 PM valid 100 1.099800e+00 78.295173 94.678218
09/25 11:53:38 PM valid 150 1.093049e+00 78.445778 94.867550
09/25 11:53:38 PM valid_acc 78.530000, best_acc 79.050000
09/25 11:53:38 PM epoch 483 lr 2.198760e-03
09/25 11:53:38 PM train 000 5.845341e-02 100.000000 100.000000
09/25 11:53:43 PM train 050 1.283298e-01 97.089461 99.724265
09/25 11:53:47 PM train 100 1.339603e-01 96.936881 99.783416
09/25 11:53:51 PM train 150 1.381755e-01 96.699089 99.824089
09/25 11:53:55 PM train 200 1.366434e-01 96.828358 99.836754
09/25 11:54:00 PM train 250 1.345200e-01 96.875000 99.844373
09/25 11:54:04 PM train 300 1.350369e-01 96.875000 99.833887
09/25 11:54:08 PM train 350 1.341439e-01 96.879452 99.835292
09/25 11:54:13 PM train 400 1.349371e-01 96.843828 99.840243
09/25 11:54:17 PM train 450 1.352902e-01 96.788387 99.840632
09/25 11:54:21 PM train 500 1.370831e-01 96.784556 99.822231
09/25 11:54:25 PM train 550 1.378779e-01 96.801270 99.815676
09/25 11:54:30 PM train 600 1.389035e-01 96.781406 99.818012
09/25 11:54:34 PM train 650 1.389909e-01 96.774194 99.815188
09/25 11:54:38 PM train 700 1.386725e-01 96.779155 99.814996
09/25 11:54:43 PM train 750 1.388460e-01 96.775133 99.814830
09/25 11:54:45 PM train_acc 96.740000
09/25 11:54:45 PM valid 000 9.010171e-01 76.562500 95.312500
09/25 11:54:47 PM valid 050 1.103326e+00 78.186275 94.332108
09/25 11:54:48 PM valid 100 1.084686e+00 78.650990 94.709158
09/25 11:54:49 PM valid 150 1.087220e+00 78.632036 94.774421
09/25 11:54:49 PM valid_acc 78.630000, best_acc 79.050000
09/25 11:54:49 PM epoch 484 lr 2.161830e-03
09/25 11:54:50 PM train 000 1.239206e-01 98.437500 100.000000
09/25 11:54:54 PM train 050 1.258513e-01 97.028186 99.846814
09/25 11:54:58 PM train 100 1.284199e-01 96.983292 99.860767
09/25 11:55:02 PM train 150 1.380794e-01 96.688742 99.824089
09/25 11:55:07 PM train 200 1.399526e-01 96.587376 99.805659
09/25 11:55:11 PM train 250 1.423043e-01 96.557520 99.788347
09/25 11:55:15 PM train 300 1.396383e-01 96.641404 99.797550
09/25 11:55:19 PM train 350 1.393459e-01 96.643519 99.808583
09/25 11:55:24 PM train 400 1.392369e-01 96.641209 99.820761
09/25 11:55:28 PM train 450 1.409035e-01 96.622090 99.809451
09/25 11:55:32 PM train 500 1.418351e-01 96.584955 99.806637
09/25 11:55:36 PM train 550 1.429595e-01 96.551724 99.801497
09/25 11:55:41 PM train 600 1.423271e-01 96.573419 99.810212
09/25 11:55:45 PM train 650 1.424376e-01 96.562980 99.817588
09/25 11:55:49 PM train 700 1.433555e-01 96.531740 99.819454
09/25 11:55:54 PM train 750 1.426820e-01 96.544191 99.818991
09/25 11:55:56 PM train_acc 96.518000
09/25 11:55:56 PM valid 000 8.937680e-01 82.812500 93.750000
09/25 11:55:58 PM valid 050 1.060154e+00 78.155637 95.159314
09/25 11:55:59 PM valid 100 1.057524e+00 78.589109 95.126856
09/25 11:56:00 PM valid 150 1.062004e+00 78.735513 95.033113
09/25 11:56:00 PM valid_acc 78.700000, best_acc 79.050000
09/25 11:56:01 PM epoch 485 lr 2.125183e-03
09/25 11:56:01 PM train 000 8.204798e-02 96.875000 100.000000
09/25 11:56:05 PM train 050 1.147465e-01 97.181373 99.877451
09/25 11:56:09 PM train 100 1.226252e-01 97.107054 99.891708
09/25 11:56:14 PM train 150 1.282979e-01 96.906043 99.886175
09/25 11:56:18 PM train 200 1.322272e-01 96.773943 99.860075
09/25 11:56:22 PM train 250 1.316269e-01 96.800299 99.875498
09/25 11:56:26 PM train 300 1.313613e-01 96.854236 99.859842
09/25 11:56:31 PM train 350 1.334617e-01 96.794872 99.853098
09/25 11:56:35 PM train 400 1.334486e-01 96.777587 99.855829
09/25 11:56:39 PM train 450 1.340840e-01 96.743348 99.864884
09/25 11:56:44 PM train 500 1.359877e-01 96.690993 99.859656
09/25 11:56:48 PM train 550 1.373218e-01 96.665154 99.855377
09/25 11:56:52 PM train 600 1.364866e-01 96.685212 99.859609
09/25 11:56:57 PM train 650 1.370564e-01 96.651786 99.848790
09/25 11:57:01 PM train 700 1.382238e-01 96.634272 99.843973
09/25 11:57:05 PM train 750 1.381593e-01 96.648219 99.843958
09/25 11:57:08 PM train_acc 96.630000
09/25 11:57:08 PM valid 000 7.522924e-01 81.250000 95.312500
09/25 11:57:09 PM valid 050 1.096829e+00 78.707108 94.607843
09/25 11:57:11 PM valid 100 1.081649e+00 78.975866 94.693688
09/25 11:57:12 PM valid 150 1.080941e+00 78.901076 94.805464
09/25 11:57:12 PM valid_acc 78.860000, best_acc 79.050000
09/25 11:57:12 PM epoch 486 lr 2.088821e-03
09/25 11:57:12 PM train 000 1.134446e-01 100.000000 100.000000
09/25 11:57:17 PM train 050 1.354304e-01 96.875000 99.816176
09/25 11:57:21 PM train 100 1.356383e-01 96.905941 99.767946
09/25 11:57:25 PM train 150 1.355626e-01 96.843957 99.813742
09/25 11:57:29 PM train 200 1.397545e-01 96.634017 99.797886
09/25 11:57:34 PM train 250 1.387456e-01 96.657122 99.807022
09/25 11:57:38 PM train 300 1.378815e-01 96.729651 99.813123
09/25 11:57:42 PM train 350 1.387936e-01 96.674679 99.808583
09/25 11:57:46 PM train 400 1.389732e-01 96.625623 99.809071
09/25 11:57:51 PM train 450 1.385935e-01 96.635948 99.809451
09/25 11:57:55 PM train 500 1.390305e-01 96.634855 99.819112
09/25 11:57:59 PM train 550 1.399369e-01 96.585753 99.815676
09/25 11:58:04 PM train 600 1.402908e-01 96.568220 99.820611
09/25 11:58:08 PM train 650 1.397575e-01 96.586982 99.819988
09/25 11:58:12 PM train 700 1.398760e-01 96.596380 99.814996
09/25 11:58:17 PM train 750 1.400699e-01 96.602447 99.808589
09/25 11:58:19 PM train_acc 96.590000
09/25 11:58:19 PM valid 000 8.212975e-01 84.375000 95.312500
09/25 11:58:21 PM valid 050 1.076962e+00 78.890931 94.791667
09/25 11:58:22 PM valid 100 1.072637e+00 79.022277 95.049505
09/25 11:58:23 PM valid 150 1.076575e+00 78.849338 95.002070
09/25 11:58:23 PM valid_acc 78.930000, best_acc 79.050000
09/25 11:58:23 PM epoch 487 lr 2.052745e-03
09/25 11:58:24 PM train 000 1.169077e-01 96.875000 100.000000
09/25 11:58:28 PM train 050 1.312912e-01 97.150735 99.724265
09/25 11:58:32 PM train 100 1.319407e-01 97.045173 99.721535
09/25 11:58:37 PM train 150 1.363743e-01 96.895695 99.699917
09/25 11:58:41 PM train 200 1.378723e-01 96.766169 99.735697
09/25 11:58:45 PM train 250 1.376225e-01 96.806524 99.738546
09/25 11:58:49 PM train 300 1.368786e-01 96.786752 99.756022
09/25 11:58:54 PM train 350 1.367878e-01 96.794872 99.759615
09/25 11:58:58 PM train 400 1.372167e-01 96.797070 99.762313
09/25 11:59:02 PM train 450 1.367597e-01 96.812639 99.760948
09/25 11:59:07 PM train 500 1.364788e-01 96.790793 99.762974
09/25 11:59:11 PM train 550 1.372510e-01 96.770077 99.764632
09/25 11:59:15 PM train 600 1.373323e-01 96.784006 99.768615
09/25 11:59:19 PM train 650 1.372339e-01 96.783794 99.764785
09/25 11:59:24 PM train 700 1.381314e-01 96.799215 99.763730
09/25 11:59:28 PM train 750 1.382558e-01 96.779294 99.775300
09/25 11:59:31 PM train_acc 96.754000
09/25 11:59:31 PM valid 000 9.281581e-01 81.250000 95.312500
09/25 11:59:32 PM valid 050 1.113582e+00 78.553922 94.730392
09/25 11:59:34 PM valid 100 1.092853e+00 78.650990 95.126856
09/25 11:59:35 PM valid 150 1.092353e+00 78.683775 95.157285
09/25 11:59:35 PM valid_acc 78.760000, best_acc 79.050000
09/25 11:59:35 PM epoch 488 lr 2.016955e-03
09/25 11:59:35 PM train 000 1.598591e-01 93.750000 100.000000
09/25 11:59:40 PM train 050 1.380624e-01 96.997549 99.846814
09/25 11:59:44 PM train 100 1.359030e-01 96.859530 99.860767
09/25 11:59:48 PM train 150 1.382890e-01 96.709437 99.824089
09/25 11:59:53 PM train 200 1.391642e-01 96.610697 99.821206
09/25 11:59:57 PM train 250 1.431959e-01 96.495269 99.807022
09/26 12:00:01 AM train 300 1.401703e-01 96.605066 99.818314
09/26 12:00:06 AM train 350 1.388638e-01 96.656873 99.826389
09/26 12:00:10 AM train 400 1.376803e-01 96.668485 99.832450
09/26 12:00:14 AM train 450 1.380286e-01 96.660200 99.826774
09/26 12:00:19 AM train 500 1.382634e-01 96.653568 99.822231
09/26 12:00:23 AM train 550 1.383524e-01 96.653811 99.827019
09/26 12:00:27 AM train 600 1.382030e-01 96.648814 99.825811
09/26 12:00:32 AM train 650 1.397406e-01 96.606183 99.815188
09/26 12:00:36 AM train 700 1.396771e-01 96.589693 99.817225
09/26 12:00:40 AM train 750 1.401417e-01 96.587883 99.810669
09/26 12:00:43 AM train_acc 96.574000
09/26 12:00:43 AM valid 000 1.020263e+00 82.812500 93.750000
09/26 12:00:44 AM valid 050 1.113880e+00 78.339461 94.730392
09/26 12:00:46 AM valid 100 1.092725e+00 78.728342 95.003094
09/26 12:00:47 AM valid 150 1.096495e+00 78.580298 95.022765
09/26 12:00:47 AM valid_acc 78.590000, best_acc 79.050000
09/26 12:00:47 AM epoch 489 lr 1.981452e-03
09/26 12:00:47 AM train 000 9.276610e-02 96.875000 100.000000
09/26 12:00:52 AM train 050 1.342259e-01 96.936275 99.693627
09/26 12:00:56 AM train 100 1.331013e-01 96.905941 99.767946
09/26 12:01:00 AM train 150 1.312765e-01 96.947434 99.751656
09/26 12:01:04 AM train 200 1.316968e-01 96.882774 99.727923
09/26 12:01:09 AM train 250 1.312272e-01 96.943476 99.750996
09/26 12:01:13 AM train 300 1.311976e-01 96.921719 99.781977
09/26 12:01:17 AM train 350 1.337088e-01 96.857194 99.781873
09/26 12:01:22 AM train 400 1.357222e-01 96.800966 99.762313
09/26 12:01:26 AM train 450 1.380601e-01 96.743348 99.750554
09/26 12:01:30 AM train 500 1.387130e-01 96.712824 99.766093
09/26 12:01:35 AM train 550 1.386934e-01 96.713362 99.764632
09/26 12:01:39 AM train 600 1.380415e-01 96.737209 99.768615
09/26 12:01:43 AM train 650 1.380786e-01 96.742992 99.771985
09/26 12:01:48 AM train 700 1.389673e-01 96.716744 99.774875
09/26 12:01:52 AM train 750 1.387551e-01 96.723119 99.777380
09/26 12:01:55 AM train_acc 96.740000
09/26 12:01:55 AM valid 000 7.950591e-01 82.812500 95.312500
09/26 12:01:56 AM valid 050 1.068856e+00 78.339461 94.883578
09/26 12:01:57 AM valid 100 1.057088e+00 78.774752 95.126856
09/26 12:01:59 AM valid 150 1.066608e+00 78.735513 95.188328
09/26 12:01:59 AM valid_acc 78.730000, best_acc 79.050000
09/26 12:01:59 AM epoch 490 lr 1.946238e-03
09/26 12:01:59 AM train 000 9.436475e-02 95.312500 100.000000
09/26 12:02:03 AM train 050 1.376404e-01 96.752451 99.846814
09/26 12:02:08 AM train 100 1.363563e-01 96.813119 99.798886
09/26 12:02:12 AM train 150 1.331621e-01 96.854305 99.834437
09/26 12:02:16 AM train 200 1.335609e-01 96.867226 99.852301
09/26 12:02:21 AM train 250 1.321102e-01 96.856325 99.863048
09/26 12:02:25 AM train 300 1.321364e-01 96.859427 99.854651
09/26 12:02:29 AM train 350 1.323067e-01 96.826033 99.866453
09/26 12:02:34 AM train 400 1.319036e-01 96.820449 99.867519
09/26 12:02:38 AM train 450 1.317181e-01 96.840355 99.861419
09/26 12:02:42 AM train 500 1.329375e-01 96.809506 99.844062
09/26 12:02:46 AM train 550 1.330050e-01 96.787092 99.849705
09/26 12:02:51 AM train 600 1.329793e-01 96.797005 99.851809
09/26 12:02:55 AM train 650 1.326446e-01 96.838998 99.843990
09/26 12:03:00 AM train 700 1.328233e-01 96.866084 99.837286
09/26 12:03:04 AM train 750 1.327143e-01 96.862517 99.835636
09/26 12:03:06 AM train_acc 96.862000
09/26 12:03:07 AM valid 000 8.656166e-01 81.250000 95.312500
09/26 12:03:08 AM valid 050 1.088585e+00 78.278186 95.098039
09/26 12:03:09 AM valid 100 1.072424e+00 78.944926 95.204208
09/26 12:03:10 AM valid 150 1.078772e+00 78.921772 95.157285
09/26 12:03:11 AM valid_acc 79.000000, best_acc 79.050000
09/26 12:03:11 AM epoch 491 lr 1.911313e-03
09/26 12:03:11 AM train 000 9.381529e-02 96.875000 100.000000
09/26 12:03:15 AM train 050 1.228770e-01 97.181373 99.816176
09/26 12:03:19 AM train 100 1.297773e-01 96.905941 99.798886
09/26 12:03:24 AM train 150 1.294331e-01 96.864652 99.813742
09/26 12:03:28 AM train 200 1.293681e-01 96.843905 99.805659
09/26 12:03:32 AM train 250 1.295133e-01 96.862550 99.807022
09/26 12:03:37 AM train 300 1.298420e-01 96.880191 99.823505
09/26 12:03:41 AM train 350 1.304143e-01 96.848291 99.830840
09/26 12:03:45 AM train 400 1.312667e-01 96.847724 99.840243
09/26 12:03:50 AM train 450 1.314222e-01 96.885394 99.830238
09/26 12:03:54 AM train 500 1.332547e-01 96.821981 99.834706
09/26 12:03:58 AM train 550 1.313707e-01 96.880672 99.841198
09/26 12:04:03 AM train 600 1.318794e-01 96.877600 99.833611
09/26 12:04:07 AM train 650 1.318058e-01 96.903802 99.831989
09/26 12:04:11 AM train 700 1.316850e-01 96.903976 99.837286
09/26 12:04:16 AM train 750 1.311252e-01 96.943658 99.835636
09/26 12:04:18 AM train_acc 96.930000
09/26 12:04:18 AM valid 000 8.815268e-01 81.250000 93.750000
09/26 12:04:20 AM valid 050 1.093509e+00 78.584559 94.944853
09/26 12:04:21 AM valid 100 1.084870e+00 78.759282 95.064975
09/26 12:04:22 AM valid 150 1.085657e+00 78.725166 95.250414
09/26 12:04:22 AM valid_acc 78.820000, best_acc 79.050000
09/26 12:04:22 AM epoch 492 lr 1.876678e-03
09/26 12:04:23 AM train 000 6.981783e-02 98.437500 100.000000
09/26 12:04:27 AM train 050 1.145393e-01 97.242647 99.877451
09/26 12:04:31 AM train 100 1.116685e-01 97.602104 99.907178
09/26 12:04:36 AM train 150 1.184348e-01 97.423427 99.886175
09/26 12:04:40 AM train 200 1.186992e-01 97.458022 99.875622
09/26 12:04:44 AM train 250 1.203917e-01 97.341882 99.875498
09/26 12:04:48 AM train 300 1.208768e-01 97.295473 99.859842
09/26 12:04:53 AM train 350 1.208363e-01 97.297899 99.875356
09/26 12:04:57 AM train 400 1.222031e-01 97.233479 99.859726
09/26 12:05:01 AM train 450 1.225774e-01 97.190272 99.857955
09/26 12:05:06 AM train 500 1.243367e-01 97.133857 99.847181
09/26 12:05:10 AM train 550 1.251356e-01 97.096189 99.852541
09/26 12:05:14 AM train 600 1.252288e-01 97.082987 99.857009
09/26 12:05:18 AM train 650 1.243876e-01 97.095814 99.851190
09/26 12:05:23 AM train 700 1.248878e-01 97.077835 99.850660
09/26 12:05:27 AM train 750 1.263270e-01 97.051848 99.841877
09/26 12:05:30 AM train_acc 97.046000
09/26 12:05:30 AM valid 000 7.997034e-01 78.125000 95.312500
09/26 12:05:31 AM valid 050 1.102225e+00 78.523284 95.067402
09/26 12:05:32 AM valid 100 1.092274e+00 78.898515 95.126856
09/26 12:05:34 AM valid 150 1.097810e+00 78.725166 95.157285
09/26 12:05:34 AM valid_acc 78.780000, best_acc 79.050000
09/26 12:05:34 AM epoch 493 lr 1.842334e-03
09/26 12:05:34 AM train 000 7.873135e-02 100.000000 100.000000
09/26 12:05:38 AM train 050 1.188965e-01 97.426471 99.785539
09/26 12:05:43 AM train 100 1.208579e-01 97.354579 99.845297
09/26 12:05:47 AM train 150 1.206102e-01 97.257864 99.865480
09/26 12:05:51 AM train 200 1.247149e-01 97.193719 99.860075
09/26 12:05:55 AM train 250 1.206642e-01 97.260956 99.863048
09/26 12:06:00 AM train 300 1.218604e-01 97.202035 99.865033
09/26 12:06:04 AM train 350 1.229627e-01 97.155449 99.870905
09/26 12:06:08 AM train 400 1.242252e-01 97.136066 99.871415
09/26 12:06:12 AM train 450 1.258887e-01 97.086336 99.857955
09/26 12:06:17 AM train 500 1.258376e-01 97.108907 99.859656
09/26 12:06:21 AM train 550 1.253775e-01 97.110368 99.861048
09/26 12:06:25 AM train 600 1.261450e-01 97.077787 99.864809
09/26 12:06:30 AM train 650 1.277533e-01 97.045411 99.843990
09/26 12:06:34 AM train 700 1.289769e-01 97.022111 99.830599
09/26 12:06:38 AM train 750 1.291543e-01 97.014397 99.831475
09/26 12:06:41 AM train_acc 96.972000
09/26 12:06:41 AM valid 000 7.251487e-01 82.812500 95.312500
09/26 12:06:42 AM valid 050 1.075864e+00 79.350490 94.944853
09/26 12:06:44 AM valid 100 1.060770e+00 79.470916 95.080446
09/26 12:06:45 AM valid 150 1.076339e+00 79.004553 95.167632
09/26 12:06:45 AM valid_acc 79.040000, best_acc 79.050000
09/26 12:06:45 AM epoch 494 lr 1.808283e-03
09/26 12:06:45 AM train 000 1.723804e-01 93.750000 98.437500
09/26 12:06:50 AM train 050 1.129377e-01 97.518382 99.816176
09/26 12:06:54 AM train 100 1.227284e-01 97.184406 99.798886
09/26 12:06:58 AM train 150 1.250882e-01 97.123344 99.824089
09/26 12:07:03 AM train 200 1.259574e-01 97.123756 99.836754
09/26 12:07:07 AM train 250 1.276647e-01 97.043078 99.800797
09/26 12:07:11 AM train 300 1.291503e-01 97.025540 99.802741
09/26 12:07:16 AM train 350 1.288058e-01 97.057514 99.808583
09/26 12:07:20 AM train 400 1.294842e-01 97.077618 99.809071
09/26 12:07:24 AM train 450 1.279869e-01 97.089800 99.812916
09/26 12:07:29 AM train 500 1.283966e-01 97.046532 99.812874
09/26 12:07:33 AM train 550 1.285250e-01 97.042309 99.812840
09/26 12:07:37 AM train 600 1.291059e-01 97.017991 99.823211
09/26 12:07:41 AM train 650 1.305340e-01 96.966206 99.815188
09/26 12:07:46 AM train 700 1.306555e-01 96.953014 99.826141
09/26 12:07:50 AM train 750 1.310034e-01 96.927014 99.827314
09/26 12:07:53 AM train_acc 96.930000
09/26 12:07:53 AM valid 000 6.529737e-01 87.500000 95.312500
09/26 12:07:54 AM valid 050 1.094953e+00 78.799020 94.699755
09/26 12:07:55 AM valid 100 1.076309e+00 79.285272 94.972153
09/26 12:07:57 AM valid 150 1.081075e+00 78.880381 95.064156
09/26 12:07:57 AM valid_acc 78.860000, best_acc 79.050000
09/26 12:07:57 AM epoch 495 lr 1.774525e-03
09/26 12:07:57 AM train 000 8.612271e-02 100.000000 100.000000
09/26 12:08:01 AM train 050 1.230366e-01 97.089461 99.877451
09/26 12:08:06 AM train 100 1.242003e-01 97.277228 99.845297
09/26 12:08:10 AM train 150 1.269156e-01 97.123344 99.803394
09/26 12:08:14 AM train 200 1.251014e-01 97.131530 99.790112
09/26 12:08:19 AM train 250 1.233728e-01 97.167580 99.800797
09/26 12:08:23 AM train 300 1.242322e-01 97.124169 99.807932
09/26 12:08:27 AM train 350 1.247129e-01 97.124288 99.804131
09/26 12:08:31 AM train 400 1.232469e-01 97.198410 99.805175
09/26 12:08:36 AM train 450 1.253653e-01 97.103659 99.799058
09/26 12:08:40 AM train 500 1.258414e-01 97.068363 99.806637
09/26 12:08:44 AM train 550 1.252115e-01 97.079174 99.804333
09/26 12:08:49 AM train 600 1.241015e-01 97.106385 99.812812
09/26 12:08:53 AM train 650 1.236035e-01 97.131816 99.810388
09/26 12:08:57 AM train 700 1.240073e-01 97.106812 99.817225
09/26 12:09:02 AM train 750 1.243927e-01 97.105942 99.823152
09/26 12:09:04 AM train_acc 97.086000
09/26 12:09:04 AM valid 000 7.676178e-01 85.937500 95.312500
09/26 12:09:06 AM valid 050 1.119815e+00 78.615196 95.098039
09/26 12:09:07 AM valid 100 1.076842e+00 78.913985 95.420792
09/26 12:09:08 AM valid 150 1.081283e+00 78.776904 95.364238
09/26 12:09:08 AM valid_acc 78.800000, best_acc 79.050000
09/26 12:09:08 AM epoch 496 lr 1.741061e-03
09/26 12:09:09 AM train 000 1.008733e-01 98.437500 100.000000
09/26 12:09:13 AM train 050 1.173312e-01 97.120098 99.846814
09/26 12:09:17 AM train 100 1.249072e-01 97.045173 99.783416
09/26 12:09:21 AM train 150 1.293799e-01 96.999172 99.813742
09/26 12:09:26 AM train 200 1.269962e-01 97.038246 99.790112
09/26 12:09:30 AM train 250 1.278011e-01 97.030627 99.800797
09/26 12:09:34 AM train 300 1.265169e-01 97.051495 99.813123
09/26 12:09:38 AM train 350 1.268025e-01 97.039708 99.790776
09/26 12:09:43 AM train 400 1.259348e-01 97.026964 99.812968
09/26 12:09:47 AM train 450 1.254124e-01 97.041297 99.812916
09/26 12:09:51 AM train 500 1.259940e-01 97.021582 99.806637
09/26 12:09:56 AM train 550 1.264892e-01 96.999773 99.818512
09/26 12:10:00 AM train 600 1.265145e-01 97.015391 99.823211
09/26 12:10:04 AM train 650 1.266520e-01 96.999808 99.824789
09/26 12:10:08 AM train 700 1.264711e-01 97.019882 99.828370
09/26 12:10:13 AM train 750 1.273152e-01 96.993592 99.812750
09/26 12:10:15 AM train_acc 96.994000
09/26 12:10:15 AM valid 000 9.506549e-01 79.687500 95.312500
09/26 12:10:17 AM valid 050 1.098325e+00 78.645833 95.036765
09/26 12:10:18 AM valid 100 1.080492e+00 78.960396 95.358911
09/26 12:10:19 AM valid 150 1.081335e+00 78.787252 95.457368
09/26 12:10:19 AM valid_acc 78.850000, best_acc 79.050000
09/26 12:10:20 AM epoch 497 lr 1.707892e-03
09/26 12:10:20 AM train 000 1.329339e-01 98.437500 100.000000
09/26 12:10:24 AM train 050 1.148777e-01 97.212010 99.846814
09/26 12:10:28 AM train 100 1.203494e-01 97.323639 99.860767
09/26 12:10:33 AM train 150 1.235931e-01 97.257864 99.834437
09/26 12:10:37 AM train 200 1.236043e-01 97.248134 99.836754
09/26 12:10:41 AM train 250 1.251254e-01 97.186255 99.831922
09/26 12:10:46 AM train 300 1.238005e-01 97.233181 99.859842
09/26 12:10:50 AM train 350 1.234854e-01 97.240028 99.857550
09/26 12:10:54 AM train 400 1.255374e-01 97.147756 99.855829
09/26 12:10:58 AM train 450 1.266286e-01 97.124446 99.844096
09/26 12:11:03 AM train 500 1.254511e-01 97.130739 99.840943
09/26 12:11:07 AM train 550 1.250150e-01 97.161411 99.844034
09/26 12:11:11 AM train 600 1.257989e-01 97.132384 99.833611
09/26 12:11:16 AM train 650 1.269981e-01 97.079013 99.819988
09/26 12:11:20 AM train 700 1.255508e-01 97.122414 99.828370
09/26 12:11:24 AM train 750 1.257595e-01 97.112184 99.825233
09/26 12:11:27 AM train_acc 97.126000
09/26 12:11:27 AM valid 000 7.692310e-01 85.937500 95.312500
09/26 12:11:28 AM valid 050 1.064006e+00 78.799020 94.883578
09/26 12:11:30 AM valid 100 1.056534e+00 79.439975 95.157797
09/26 12:11:31 AM valid 150 1.056977e+00 79.263245 95.229719
09/26 12:11:31 AM valid_acc 79.300000, best_acc 79.300000
09/26 12:11:31 AM epoch 498 lr 1.675019e-03
09/26 12:11:31 AM train 000 1.231475e-01 96.875000 100.000000
09/26 12:11:35 AM train 050 1.279921e-01 96.813725 99.785539
09/26 12:11:40 AM train 100 1.251987e-01 97.153465 99.737005
09/26 12:11:44 AM train 150 1.245537e-01 97.112997 99.751656
09/26 12:11:48 AM train 200 1.259709e-01 97.084888 99.774565
09/26 12:11:53 AM train 250 1.251159e-01 97.130229 99.807022
09/26 12:11:57 AM train 300 1.241041e-01 97.139743 99.813123
09/26 12:12:01 AM train 350 1.234878e-01 97.164352 99.830840
09/26 12:12:06 AM train 400 1.231486e-01 97.139963 99.840243
09/26 12:12:10 AM train 450 1.246718e-01 97.075942 99.837167
09/26 12:12:14 AM train 500 1.254911e-01 97.065245 99.828468
09/26 12:12:18 AM train 550 1.244423e-01 97.067831 99.835526
09/26 12:12:23 AM train 600 1.258550e-01 97.033590 99.831011
09/26 12:12:27 AM train 650 1.264327e-01 97.028610 99.827189
09/26 12:12:31 AM train 700 1.278269e-01 96.973074 99.830599
09/26 12:12:35 AM train 750 1.276907e-01 96.960303 99.823152
09/26 12:12:38 AM train_acc 96.950000
09/26 12:12:38 AM valid 000 8.476953e-01 81.250000 96.875000
09/26 12:12:40 AM valid 050 1.072721e+00 79.105392 94.791667
09/26 12:12:41 AM valid 100 1.055191e+00 79.470916 94.987624
09/26 12:12:42 AM valid 150 1.060292e+00 79.263245 95.095199
09/26 12:12:42 AM valid_acc 79.330000, best_acc 79.330000
09/26 12:12:42 AM epoch 499 lr 1.642442e-03
09/26 12:12:42 AM train 000 1.347559e-01 95.312500 100.000000
09/26 12:12:47 AM train 050 1.199123e-01 97.273284 99.908088
09/26 12:12:51 AM train 100 1.214730e-01 97.168936 99.876238
09/26 12:12:55 AM train 150 1.232551e-01 97.133692 99.824089
09/26 12:13:00 AM train 200 1.242127e-01 97.162624 99.797886
09/26 12:13:04 AM train 250 1.276525e-01 97.086653 99.794572
09/26 12:13:08 AM train 300 1.315871e-01 97.004776 99.787168
09/26 12:13:13 AM train 350 1.304558e-01 96.995192 99.799679
09/26 12:13:17 AM train 400 1.296006e-01 97.038653 99.812968
09/26 12:13:21 AM train 450 1.307504e-01 97.017045 99.809451
09/26 12:13:26 AM train 500 1.286744e-01 97.034057 99.819112
09/26 12:13:30 AM train 550 1.282532e-01 97.025295 99.824183
09/26 12:13:34 AM train 600 1.282357e-01 97.033590 99.820611
09/26 12:13:38 AM train 650 1.288333e-01 97.016609 99.812788
09/26 12:13:43 AM train 700 1.282153e-01 97.024340 99.814996
09/26 12:13:47 AM train 750 1.285158e-01 97.012317 99.810669
09/26 12:13:50 AM train_acc 97.018000
09/26 12:13:50 AM valid 000 6.925710e-01 82.812500 95.312500
09/26 12:13:51 AM valid 050 1.055026e+00 79.013480 95.036765
09/26 12:13:52 AM valid 100 1.042030e+00 79.501856 95.250619
09/26 12:13:53 AM valid 150 1.053448e+00 79.418460 95.271109
09/26 12:13:54 AM valid_acc 79.460000, best_acc 79.460000
09/26 12:13:54 AM epoch 500 lr 1.610163e-03
09/26 12:13:54 AM train 000 1.235484e-01 98.437500 100.000000
09/26 12:13:58 AM train 050 1.279627e-01 97.120098 99.785539
09/26 12:14:03 AM train 100 1.315136e-01 97.014233 99.829827
09/26 12:14:07 AM train 150 1.315708e-01 96.988825 99.824089
09/26 12:14:11 AM train 200 1.278922e-01 97.084888 99.844527
09/26 12:14:15 AM train 250 1.266005e-01 97.099104 99.838147
09/26 12:14:20 AM train 300 1.253451e-01 97.113787 99.849460
09/26 12:14:24 AM train 350 1.234857e-01 97.142094 99.844195
09/26 12:14:28 AM train 400 1.223175e-01 97.171135 99.855829
09/26 12:14:32 AM train 450 1.226808e-01 97.197201 99.857955
09/26 12:14:37 AM train 500 1.222416e-01 97.227420 99.853418
09/26 12:14:41 AM train 550 1.208215e-01 97.257827 99.858212
09/26 12:14:45 AM train 600 1.207509e-01 97.259775 99.849210
09/26 12:14:49 AM train 650 1.201494e-01 97.268625 99.853591
09/26 12:14:54 AM train 700 1.211196e-01 97.229404 99.850660
09/26 12:14:58 AM train 750 1.213782e-01 97.224534 99.843958
09/26 12:15:01 AM train_acc 97.228000
09/26 12:15:01 AM valid 000 7.957392e-01 81.250000 95.312500
09/26 12:15:02 AM valid 050 1.059291e+00 78.890931 95.251225
09/26 12:15:03 AM valid 100 1.055438e+00 79.439975 95.327970
09/26 12:15:05 AM valid 150 1.069790e+00 79.346026 95.384934
09/26 12:15:05 AM valid_acc 79.430000, best_acc 79.460000
09/26 12:15:05 AM epoch 501 lr 1.578183e-03
09/26 12:15:05 AM train 000 6.758086e-02 100.000000 100.000000
09/26 12:15:09 AM train 050 1.156502e-01 97.303922 99.785539
09/26 12:15:13 AM train 100 1.169574e-01 97.277228 99.798886
09/26 12:15:18 AM train 150 1.192068e-01 97.206126 99.834437
09/26 12:15:22 AM train 200 1.175748e-01 97.302550 99.852301
09/26 12:15:26 AM train 250 1.192432e-01 97.310757 99.850598
09/26 12:15:31 AM train 300 1.195982e-01 97.243563 99.854651
09/26 12:15:35 AM train 350 1.189433e-01 97.320157 99.862001
09/26 12:15:39 AM train 400 1.200512e-01 97.245168 99.867519
09/26 12:15:43 AM train 450 1.200708e-01 97.273420 99.871813
09/26 12:15:47 AM train 500 1.207696e-01 97.249251 99.853418
09/26 12:15:52 AM train 550 1.200604e-01 97.260662 99.858212
09/26 12:15:56 AM train 600 1.192147e-01 97.283174 99.859609
09/26 12:16:00 AM train 650 1.210972e-01 97.223022 99.851190
09/26 12:16:05 AM train 700 1.225599e-01 97.178138 99.835057
09/26 12:16:09 AM train 750 1.217522e-01 97.195406 99.839797
09/26 12:16:11 AM train_acc 97.200000
09/26 12:16:12 AM valid 000 9.798769e-01 79.687500 95.312500
09/26 12:16:13 AM valid 050 1.065504e+00 79.013480 94.577206
09/26 12:16:14 AM valid 100 1.060218e+00 79.146040 94.771040
09/26 12:16:15 AM valid 150 1.068697e+00 79.045944 94.960679
09/26 12:16:16 AM valid_acc 79.080000, best_acc 79.460000
09/26 12:16:16 AM epoch 502 lr 1.546502e-03
09/26 12:16:16 AM train 000 2.001795e-01 93.750000 100.000000
09/26 12:16:20 AM train 050 1.238107e-01 97.549020 99.846814
09/26 12:16:24 AM train 100 1.202320e-01 97.478342 99.798886
09/26 12:16:29 AM train 150 1.168248e-01 97.485513 99.844785
09/26 12:16:33 AM train 200 1.168593e-01 97.504664 99.852301
09/26 12:16:37 AM train 250 1.171779e-01 97.435259 99.856823
09/26 12:16:41 AM train 300 1.161503e-01 97.482350 99.849460
09/26 12:16:46 AM train 350 1.156308e-01 97.449252 99.848647
09/26 12:16:50 AM train 400 1.158314e-01 97.467269 99.844140
09/26 12:16:54 AM train 450 1.161860e-01 97.443182 99.833703
09/26 12:16:58 AM train 500 1.158705e-01 97.483159 99.831587
09/26 12:17:03 AM train 550 1.167981e-01 97.442151 99.844034
09/26 12:17:07 AM train 600 1.187835e-01 97.366369 99.831011
09/26 12:17:11 AM train 650 1.185509e-01 97.362231 99.834389
09/26 12:17:15 AM train 700 1.183772e-01 97.372058 99.830599
09/26 12:17:20 AM train 750 1.178970e-01 97.378495 99.831475
09/26 12:17:22 AM train_acc 97.380000
09/26 12:17:22 AM valid 000 7.023714e-01 81.250000 95.312500
09/26 12:17:24 AM valid 050 1.079553e+00 79.136029 95.159314
09/26 12:17:25 AM valid 100 1.061673e+00 79.362624 95.064975
09/26 12:17:26 AM valid 150 1.066346e+00 79.480546 95.126242
09/26 12:17:26 AM valid_acc 79.490000, best_acc 79.490000
09/26 12:17:26 AM epoch 503 lr 1.515122e-03
09/26 12:17:27 AM train 000 4.478066e-02 100.000000 100.000000
09/26 12:17:31 AM train 050 1.213842e-01 97.334559 99.632353
09/26 12:17:35 AM train 100 1.151123e-01 97.617574 99.721535
09/26 12:17:39 AM train 150 1.171552e-01 97.557947 99.772351
09/26 12:17:44 AM train 200 1.175195e-01 97.481343 99.813433
09/26 12:17:48 AM train 250 1.191567e-01 97.441484 99.831922
09/26 12:17:52 AM train 300 1.209578e-01 97.409676 99.823505
09/26 12:17:56 AM train 350 1.211825e-01 97.395833 99.821937
09/26 12:18:01 AM train 400 1.214522e-01 97.369857 99.820761
09/26 12:18:05 AM train 450 1.216865e-01 97.370427 99.826774
09/26 12:18:09 AM train 500 1.213481e-01 97.342814 99.837824
09/26 12:18:13 AM train 550 1.210485e-01 97.334392 99.841198
09/26 12:18:18 AM train 600 1.222983e-01 97.277974 99.844010
09/26 12:18:22 AM train 650 1.214690e-01 97.302227 99.848790
09/26 12:18:26 AM train 700 1.217797e-01 97.309647 99.843973
09/26 12:18:30 AM train 750 1.210695e-01 97.311917 99.846039
09/26 12:18:33 AM train_acc 97.322000
09/26 12:18:33 AM valid 000 7.793647e-01 81.250000 95.312500
09/26 12:18:34 AM valid 050 1.068014e+00 78.645833 94.822304
09/26 12:18:36 AM valid 100 1.059440e+00 79.068688 95.034035
09/26 12:18:37 AM valid 150 1.067289e+00 79.128725 95.084851
09/26 12:18:37 AM valid_acc 79.220000, best_acc 79.490000
09/26 12:18:37 AM epoch 504 lr 1.484043e-03
09/26 12:18:37 AM train 000 7.877751e-02 100.000000 100.000000
09/26 12:18:42 AM train 050 1.271168e-01 97.181373 99.754902
09/26 12:18:46 AM train 100 1.221505e-01 97.277228 99.783416
09/26 12:18:50 AM train 150 1.225696e-01 97.164735 99.793046
09/26 12:18:55 AM train 200 1.205234e-01 97.139303 99.821206
09/26 12:18:59 AM train 250 1.198750e-01 97.242281 99.825697
09/26 12:19:03 AM train 300 1.211313e-01 97.238372 99.818314
09/26 12:19:07 AM train 350 1.205211e-01 97.222222 99.821937
09/26 12:19:12 AM train 400 1.193954e-01 97.268547 99.828554
09/26 12:19:16 AM train 450 1.191298e-01 97.321924 99.826774
09/26 12:19:20 AM train 500 1.177748e-01 97.398952 99.825349
09/26 12:19:25 AM train 550 1.198052e-01 97.354242 99.810005
09/26 12:19:29 AM train 600 1.204187e-01 97.361169 99.812812
09/26 12:19:33 AM train 650 1.197040e-01 97.347830 99.819988
09/26 12:19:37 AM train 700 1.195462e-01 97.338623 99.830599
09/26 12:19:42 AM train 750 1.188969e-01 97.359770 99.821072
09/26 12:19:44 AM train_acc 97.372000
09/26 12:19:44 AM valid 000 7.469617e-01 81.250000 93.750000
09/26 12:19:46 AM valid 050 1.062311e+00 78.890931 95.036765
09/26 12:19:47 AM valid 100 1.049046e+00 79.176980 95.219678
09/26 12:19:48 AM valid 150 1.057380e+00 78.921772 95.260762
09/26 12:19:48 AM valid_acc 78.980000, best_acc 79.490000
09/26 12:19:49 AM epoch 505 lr 1.453265e-03
09/26 12:19:49 AM train 000 4.395539e-02 100.000000 100.000000
09/26 12:19:53 AM train 050 1.199691e-01 97.273284 99.785539
09/26 12:19:57 AM train 100 1.125545e-01 97.663985 99.814356
09/26 12:20:01 AM train 150 1.149950e-01 97.526904 99.793046
09/26 12:20:06 AM train 200 1.174757e-01 97.496891 99.797886
09/26 12:20:10 AM train 250 1.173855e-01 97.528635 99.800797
09/26 12:20:14 AM train 300 1.162140e-01 97.529070 99.823505
09/26 12:20:19 AM train 350 1.185236e-01 97.382479 99.826389
09/26 12:20:23 AM train 400 1.173711e-01 97.447787 99.824657
09/26 12:20:27 AM train 450 1.182296e-01 97.425859 99.823309
09/26 12:20:31 AM train 500 1.171032e-01 97.445734 99.825349
09/26 12:20:35 AM train 550 1.170464e-01 97.436479 99.815676
09/26 12:20:40 AM train 600 1.161735e-01 97.413166 99.820611
09/26 12:20:44 AM train 650 1.161542e-01 97.400634 99.824789
09/26 12:20:48 AM train 700 1.152716e-01 97.447842 99.832828
09/26 12:20:53 AM train 750 1.149687e-01 97.467959 99.833555
09/26 12:20:55 AM train_acc 97.472000
09/26 12:20:55 AM valid 000 7.825334e-01 84.375000 95.312500
09/26 12:20:57 AM valid 050 1.085257e+00 78.737745 94.914216
09/26 12:20:58 AM valid 100 1.064927e+00 79.331683 95.157797
09/26 12:20:59 AM valid 150 1.076871e+00 79.273593 95.209023
09/26 12:20:59 AM valid_acc 79.300000, best_acc 79.490000
09/26 12:20:59 AM epoch 506 lr 1.422791e-03
09/26 12:21:00 AM train 000 7.588454e-02 98.437500 100.000000
09/26 12:21:04 AM train 050 1.146397e-01 97.426471 99.816176
09/26 12:21:08 AM train 100 1.059475e-01 97.478342 99.814356
09/26 12:21:12 AM train 150 1.102904e-01 97.371689 99.813742
09/26 12:21:17 AM train 200 1.130195e-01 97.411381 99.797886
09/26 12:21:21 AM train 250 1.133952e-01 97.441484 99.782122
09/26 12:21:25 AM train 300 1.171030e-01 97.378530 99.776786
09/26 12:21:29 AM train 350 1.168932e-01 97.342415 99.781873
09/26 12:21:34 AM train 400 1.170495e-01 97.319202 99.789589
09/26 12:21:38 AM train 450 1.186959e-01 97.328853 99.785200
09/26 12:21:42 AM train 500 1.183800e-01 97.361527 99.781687
09/26 12:21:46 AM train 550 1.190769e-01 97.328721 99.778811
09/26 12:21:51 AM train 600 1.196385e-01 97.296173 99.786814
09/26 12:21:55 AM train 650 1.193629e-01 97.314228 99.791187
09/26 12:21:59 AM train 700 1.192193e-01 97.300731 99.801623
09/26 12:22:03 AM train 750 1.189079e-01 97.303595 99.810669
09/26 12:22:06 AM train_acc 97.318000
09/26 12:22:06 AM valid 000 7.897017e-01 79.687500 95.312500
09/26 12:22:07 AM valid 050 1.069513e+00 78.645833 94.730392
09/26 12:22:09 AM valid 100 1.059329e+00 79.176980 94.972153
09/26 12:22:10 AM valid 150 1.070081e+00 79.118377 95.115894
09/26 12:22:10 AM valid_acc 79.170000, best_acc 79.490000
09/26 12:22:10 AM epoch 507 lr 1.392620e-03
09/26 12:22:10 AM train 000 6.891408e-02 100.000000 100.000000
09/26 12:22:15 AM train 050 1.127646e-01 97.610294 99.785539
09/26 12:22:19 AM train 100 1.177811e-01 97.416460 99.876238
09/26 12:22:23 AM train 150 1.145821e-01 97.516556 99.886175
09/26 12:22:27 AM train 200 1.140426e-01 97.566853 99.875622
09/26 12:22:32 AM train 250 1.126533e-01 97.615787 99.881723
09/26 12:22:36 AM train 300 1.155375e-01 97.560216 99.875415
09/26 12:22:40 AM train 350 1.152986e-01 97.507123 99.870905
09/26 12:22:44 AM train 400 1.139612e-01 97.552993 99.883105
09/26 12:22:49 AM train 450 1.133640e-01 97.543653 99.871813
09/26 12:22:53 AM train 500 1.136021e-01 97.520584 99.869012
09/26 12:22:57 AM train 550 1.123505e-01 97.549909 99.875227
09/26 12:23:01 AM train 600 1.121529e-01 97.540557 99.880408
09/26 12:23:06 AM train 650 1.131616e-01 97.506240 99.877592
09/26 12:23:10 AM train 700 1.136561e-01 97.514711 99.879636
09/26 12:23:14 AM train 750 1.135930e-01 97.505409 99.881408
09/26 12:23:17 AM train_acc 97.506000
09/26 12:23:17 AM valid 000 8.235213e-01 82.812500 95.312500
09/26 12:23:18 AM valid 050 1.074380e+00 78.952206 94.669118
09/26 12:23:19 AM valid 100 1.048017e+00 79.656559 95.219678
09/26 12:23:21 AM valid 150 1.064772e+00 79.511589 95.167632
09/26 12:23:21 AM valid_acc 79.580000, best_acc 79.580000
09/26 12:23:21 AM epoch 508 lr 1.362754e-03
09/26 12:23:21 AM train 000 1.253030e-01 93.750000 100.000000
09/26 12:23:25 AM train 050 1.112630e-01 97.610294 99.693627
09/26 12:23:30 AM train 100 1.064419e-01 97.756807 99.767946
09/26 12:23:34 AM train 150 1.056163e-01 97.754553 99.813742
09/26 12:23:38 AM train 200 1.051606e-01 97.784515 99.844527
09/26 12:23:42 AM train 250 1.068545e-01 97.696713 99.856823
09/26 12:23:47 AM train 300 1.069130e-01 97.679610 99.839078
09/26 12:23:51 AM train 350 1.068407e-01 97.680734 99.844195
09/26 12:23:55 AM train 400 1.077828e-01 97.650405 99.851933
09/26 12:23:59 AM train 450 1.079389e-01 97.609479 99.854490
09/26 12:24:04 AM train 500 1.067473e-01 97.667166 99.862774
09/26 12:24:08 AM train 550 1.063251e-01 97.686025 99.861048
09/26 12:24:12 AM train 600 1.077598e-01 97.623752 99.857009
09/26 12:24:17 AM train 650 1.081780e-01 97.614247 99.848790
09/26 12:24:21 AM train 700 1.080130e-01 97.615014 99.852889
09/26 12:24:25 AM train 750 1.078411e-01 97.640646 99.862683
09/26 12:24:28 AM train_acc 97.642000
09/26 12:24:28 AM valid 000 8.496473e-01 85.937500 95.312500
09/26 12:24:29 AM valid 050 1.081768e+00 78.768382 94.975490
09/26 12:24:30 AM valid 100 1.058443e+00 79.285272 95.235149
09/26 12:24:32 AM valid 150 1.069384e+00 79.356374 95.260762
09/26 12:24:32 AM valid_acc 79.420000, best_acc 79.580000
09/26 12:24:32 AM epoch 509 lr 1.333193e-03
09/26 12:24:32 AM train 000 1.049015e-01 98.437500 100.000000
09/26 12:24:36 AM train 050 1.115294e-01 97.702206 99.724265
09/26 12:24:41 AM train 100 1.049559e-01 97.818688 99.798886
09/26 12:24:45 AM train 150 1.068794e-01 97.785596 99.793046
09/26 12:24:49 AM train 200 1.086234e-01 97.730100 99.805659
09/26 12:24:53 AM train 250 1.084942e-01 97.678038 99.825697
09/26 12:24:58 AM train 300 1.100320e-01 97.648463 99.833887
09/26 12:25:02 AM train 350 1.087528e-01 97.645121 99.839744
09/26 12:25:06 AM train 400 1.087237e-01 97.611440 99.855829
09/26 12:25:10 AM train 450 1.083929e-01 97.612943 99.864884
09/26 12:25:15 AM train 500 1.089576e-01 97.589197 99.862774
09/26 12:25:19 AM train 550 1.083904e-01 97.640653 99.863884
09/26 12:25:23 AM train 600 1.090270e-01 97.639351 99.849210
09/26 12:25:27 AM train 650 1.093868e-01 97.628648 99.848790
09/26 12:25:32 AM train 700 1.093485e-01 97.641762 99.846202
09/26 12:25:36 AM train 750 1.096543e-01 97.648968 99.846039
09/26 12:25:39 AM train_acc 97.638000
09/26 12:25:39 AM valid 000 8.050242e-01 84.375000 95.312500
09/26 12:25:40 AM valid 050 1.101453e+00 79.197304 94.883578
09/26 12:25:41 AM valid 100 1.070153e+00 79.409035 95.235149
09/26 12:25:43 AM valid 150 1.078742e+00 79.459851 95.260762
09/26 12:25:43 AM valid_acc 79.490000, best_acc 79.580000
09/26 12:25:43 AM epoch 510 lr 1.303938e-03
09/26 12:25:43 AM train 000 1.780386e-01 96.875000 100.000000
09/26 12:25:47 AM train 050 1.026413e-01 97.763480 99.969363
09/26 12:25:52 AM train 100 1.046486e-01 97.679455 99.845297
09/26 12:25:56 AM train 150 1.046591e-01 97.702815 99.855132
09/26 12:26:00 AM train 200 1.055893e-01 97.629042 99.860075
09/26 12:26:05 AM train 250 1.072979e-01 97.659363 99.831922
09/26 12:26:09 AM train 300 1.092488e-01 97.601744 99.823505
09/26 12:26:13 AM train 350 1.076247e-01 97.658476 99.835292
09/26 12:26:17 AM train 400 1.096202e-01 97.634819 99.832450
09/26 12:26:21 AM train 450 1.096583e-01 97.654518 99.830238
09/26 12:26:26 AM train 500 1.108491e-01 97.617265 99.825349
09/26 12:26:30 AM train 550 1.097866e-01 97.660504 99.829855
09/26 12:26:34 AM train 600 1.091629e-01 97.673149 99.823211
09/26 12:26:38 AM train 650 1.090946e-01 97.693452 99.827189
09/26 12:26:43 AM train 700 1.101977e-01 97.657364 99.821683
09/26 12:26:47 AM train 750 1.100866e-01 97.682257 99.823152
09/26 12:26:50 AM train_acc 97.670000
09/26 12:26:50 AM valid 000 9.233704e-01 82.812500 95.312500
09/26 12:26:51 AM valid 050 1.095411e+00 78.431373 94.944853
09/26 12:26:52 AM valid 100 1.079950e+00 79.223391 95.173267
09/26 12:26:53 AM valid 150 1.093895e+00 79.221854 95.198675
09/26 12:26:54 AM valid_acc 79.300000, best_acc 79.580000
09/26 12:26:54 AM epoch 511 lr 1.274990e-03
09/26 12:26:54 AM train 000 1.378648e-01 96.875000 98.437500
09/26 12:26:58 AM train 050 1.078201e-01 97.640931 99.816176
09/26 12:27:02 AM train 100 1.107823e-01 97.633045 99.814356
09/26 12:27:07 AM train 150 1.127016e-01 97.547599 99.834437
09/26 12:27:11 AM train 200 1.089694e-01 97.683458 99.828980
09/26 12:27:15 AM train 250 1.087732e-01 97.702938 99.850598
09/26 12:27:20 AM train 300 1.100149e-01 97.648463 99.839078
09/26 12:27:24 AM train 350 1.114212e-01 97.631766 99.839744
09/26 12:27:28 AM train 400 1.102363e-01 97.630923 99.832450
09/26 12:27:32 AM train 450 1.102563e-01 97.647589 99.837167
09/26 12:27:37 AM train 500 1.093101e-01 97.670284 99.837824
09/26 12:27:41 AM train 550 1.099959e-01 97.629310 99.832691
09/26 12:27:45 AM train 600 1.100596e-01 97.631552 99.833611
09/26 12:27:49 AM train 650 1.106423e-01 97.599846 99.831989
09/26 12:27:54 AM train 700 1.113209e-01 97.574893 99.837286
09/26 12:27:58 AM train 750 1.117811e-01 97.553262 99.837716
09/26 12:28:00 AM train_acc 97.560000
09/26 12:28:01 AM valid 000 7.200233e-01 81.250000 95.312500
09/26 12:28:02 AM valid 050 1.096352e+00 78.768382 95.006127
09/26 12:28:03 AM valid 100 1.072324e+00 79.378094 95.235149
09/26 12:28:04 AM valid 150 1.078812e+00 79.449503 95.209023
09/26 12:28:05 AM valid_acc 79.480000, best_acc 79.580000
09/26 12:28:05 AM epoch 512 lr 1.246350e-03
09/26 12:28:05 AM train 000 9.209938e-02 98.437500 100.000000
09/26 12:28:09 AM train 050 1.025727e-01 97.610294 99.846814
09/26 12:28:13 AM train 100 1.039932e-01 97.741337 99.829827
09/26 12:28:18 AM train 150 1.050445e-01 97.764901 99.813742
09/26 12:28:22 AM train 200 1.032719e-01 97.800062 99.836754
09/26 12:28:26 AM train 250 1.029065e-01 97.833665 99.850598
09/26 12:28:31 AM train 300 1.034118e-01 97.835341 99.828696
09/26 12:28:35 AM train 350 1.051392e-01 97.738604 99.844195
09/26 12:28:39 AM train 400 1.043172e-01 97.782887 99.840243
09/26 12:28:44 AM train 450 1.037180e-01 97.827744 99.840632
09/26 12:28:48 AM train 500 1.047715e-01 97.810629 99.840943
09/26 12:28:52 AM train 550 1.053770e-01 97.768262 99.838362
09/26 12:28:56 AM train 600 1.053082e-01 97.740745 99.851809
09/26 12:29:01 AM train 650 1.055424e-01 97.715054 99.853591
09/26 12:29:05 AM train 700 1.044840e-01 97.737607 99.859576
09/26 12:29:09 AM train 750 1.049737e-01 97.740513 99.858522
09/26 12:29:12 AM train_acc 97.744000
09/26 12:29:12 AM valid 000 8.142617e-01 81.250000 95.312500
09/26 12:29:13 AM valid 050 1.074438e+00 79.810049 94.822304
09/26 12:29:15 AM valid 100 1.048097e+00 80.151609 95.126856
09/26 12:29:16 AM valid 150 1.057101e+00 79.977235 95.084851
09/26 12:29:16 AM valid_acc 80.050000, best_acc 80.050000
09/26 12:29:16 AM epoch 513 lr 1.218019e-03
09/26 12:29:16 AM train 000 1.286078e-01 96.875000 100.000000
09/26 12:29:21 AM train 050 1.013698e-01 97.886029 99.877451
09/26 12:29:25 AM train 100 9.878829e-02 97.880569 99.907178
09/26 12:29:29 AM train 150 1.005911e-01 97.878725 99.917219
09/26 12:29:33 AM train 200 1.055279e-01 97.761194 99.914490
09/26 12:29:38 AM train 250 1.063618e-01 97.740289 99.906624
09/26 12:29:42 AM train 300 1.066660e-01 97.695183 99.890988
09/26 12:29:46 AM train 350 1.048887e-01 97.743056 99.884259
09/26 12:29:50 AM train 400 1.053220e-01 97.724439 99.883105
09/26 12:29:55 AM train 450 1.057184e-01 97.730737 99.878742
09/26 12:29:59 AM train 500 1.049988e-01 97.757610 99.872131
09/26 12:30:03 AM train 550 1.050268e-01 97.728562 99.875227
09/26 12:30:07 AM train 600 1.041211e-01 97.751144 99.877808
09/26 12:30:12 AM train 650 1.042623e-01 97.748656 99.875192
09/26 12:30:16 AM train 700 1.053123e-01 97.722004 99.864034
09/26 12:30:20 AM train 750 1.046087e-01 97.744674 99.864764
09/26 12:30:23 AM train_acc 97.752000
09/26 12:30:23 AM valid 000 7.866681e-01 84.375000 96.875000
09/26 12:30:24 AM valid 050 1.053802e+00 79.074755 95.006127
09/26 12:30:26 AM valid 100 1.027778e+00 79.579208 95.235149
09/26 12:30:27 AM valid 150 1.043242e+00 79.646109 95.188328
09/26 12:30:27 AM valid_acc 79.680000, best_acc 80.050000
09/26 12:30:27 AM epoch 514 lr 1.189997e-03
09/26 12:30:27 AM train 000 8.066785e-02 98.437500 100.000000
09/26 12:30:31 AM train 050 9.842671e-02 97.763480 99.969363
09/26 12:30:36 AM train 100 1.068394e-01 97.710396 99.876238
09/26 12:30:40 AM train 150 1.055181e-01 97.630381 99.865480
09/26 12:30:44 AM train 200 1.066390e-01 97.652363 99.867848
09/26 12:30:49 AM train 250 1.048904e-01 97.721614 99.881723
09/26 12:30:53 AM train 300 1.042477e-01 97.721138 99.875415
09/26 12:30:57 AM train 350 1.051617e-01 97.694088 99.844195
09/26 12:31:01 AM train 400 1.051860e-01 97.693267 99.840243
09/26 12:31:06 AM train 450 1.046334e-01 97.668376 99.837167
09/26 12:31:10 AM train 500 1.058681e-01 97.632859 99.831587
09/26 12:31:14 AM train 550 1.062910e-01 97.651996 99.827019
09/26 12:31:18 AM train 600 1.062077e-01 97.680948 99.831011
09/26 12:31:23 AM train 650 1.056247e-01 97.712654 99.836790
09/26 12:31:27 AM train 700 1.059366e-01 97.693028 99.835057
09/26 12:31:31 AM train 750 1.060224e-01 97.671854 99.835636
09/26 12:31:34 AM train_acc 97.666000
09/26 12:31:34 AM valid 000 9.600952e-01 82.812500 95.312500
09/26 12:31:35 AM valid 050 1.084790e+00 79.442402 94.791667
09/26 12:31:36 AM valid 100 1.058542e+00 79.764851 95.142327
09/26 12:31:38 AM valid 150 1.064545e+00 79.915149 95.240066
09/26 12:31:38 AM valid_acc 79.990000, best_acc 80.050000
09/26 12:31:38 AM epoch 515 lr 1.162285e-03
09/26 12:31:38 AM train 000 4.714444e-02 96.875000 100.000000
09/26 12:31:42 AM train 050 9.429700e-02 97.947304 99.938725
09/26 12:31:47 AM train 100 9.795575e-02 97.926980 99.922649
09/26 12:31:51 AM train 150 1.052206e-01 97.630381 99.906871
09/26 12:31:55 AM train 200 1.068923e-01 97.675684 99.891169
09/26 12:31:59 AM train 250 1.030044e-01 97.827440 99.894173
09/26 12:32:04 AM train 300 1.057017e-01 97.793812 99.880606
09/26 12:32:08 AM train 350 1.046947e-01 97.787571 99.875356
09/26 12:32:12 AM train 400 1.054242e-01 97.736128 99.879208
09/26 12:32:16 AM train 450 1.056935e-01 97.730737 99.875277
09/26 12:32:21 AM train 500 1.057736e-01 97.720185 99.869012
09/26 12:32:25 AM train 550 1.054092e-01 97.722890 99.863884
09/26 12:32:29 AM train 600 1.048933e-01 97.748544 99.867408
09/26 12:32:33 AM train 650 1.052895e-01 97.739055 99.867992
09/26 12:32:38 AM train 700 1.054375e-01 97.750981 99.866262
09/26 12:32:42 AM train 750 1.060999e-01 97.738432 99.866844
09/26 12:32:45 AM train_acc 97.736000
09/26 12:32:45 AM valid 000 7.755488e-01 82.812500 95.312500
09/26 12:32:46 AM valid 050 1.080265e+00 79.411765 94.730392
09/26 12:32:47 AM valid 100 1.053808e+00 79.749381 95.157797
09/26 12:32:48 AM valid 150 1.057559e+00 79.853063 95.177980
09/26 12:32:49 AM valid_acc 79.870000, best_acc 80.050000
09/26 12:32:49 AM epoch 516 lr 1.134883e-03
09/26 12:32:49 AM train 000 1.009967e-01 98.437500 100.000000
09/26 12:32:53 AM train 050 1.069650e-01 97.947304 99.724265
09/26 12:32:57 AM train 100 1.083193e-01 97.803218 99.829827
09/26 12:33:02 AM train 150 1.052847e-01 97.930464 99.844785
09/26 12:33:06 AM train 200 1.056063e-01 97.939988 99.836754
09/26 12:33:10 AM train 250 1.035444e-01 97.939492 99.831922
09/26 12:33:15 AM train 300 1.046488e-01 97.933970 99.828696
09/26 12:33:19 AM train 350 1.054352e-01 97.898860 99.839744
09/26 12:33:23 AM train 400 1.049456e-01 97.923161 99.855829
09/26 12:33:27 AM train 450 1.048527e-01 97.921286 99.851025
09/26 12:33:32 AM train 500 1.054305e-01 97.888598 99.853418
09/26 12:33:36 AM train 550 1.047595e-01 97.881692 99.858212
09/26 12:33:40 AM train 600 1.051692e-01 97.862937 99.857009
09/26 12:33:45 AM train 650 1.057606e-01 97.818260 99.853591
09/26 12:33:49 AM train 700 1.054447e-01 97.817850 99.852889
09/26 12:33:53 AM train 750 1.057476e-01 97.813332 99.848119
09/26 12:33:56 AM train_acc 97.798000
09/26 12:33:56 AM valid 000 8.078774e-01 85.937500 95.312500
09/26 12:33:57 AM valid 050 1.075062e+00 79.626225 95.006127
09/26 12:33:59 AM valid 100 1.056258e+00 79.873144 95.297030
09/26 12:34:00 AM valid 150 1.065006e+00 79.997930 95.281457
09/26 12:34:00 AM valid_acc 80.110000, best_acc 80.110000
09/26 12:34:00 AM epoch 517 lr 1.107794e-03
09/26 12:34:00 AM train 000 6.447364e-02 98.437500 100.000000
09/26 12:34:04 AM train 050 1.008861e-01 97.610294 99.785539
09/26 12:34:09 AM train 100 1.058150e-01 97.803218 99.814356
09/26 12:34:13 AM train 150 1.021892e-01 97.940811 99.855132
09/26 12:34:17 AM train 200 1.006588e-01 97.932214 99.852301
09/26 12:34:22 AM train 250 1.009517e-01 97.920817 99.850598
09/26 12:34:26 AM train 300 1.022473e-01 97.850914 99.854651
09/26 12:34:30 AM train 350 1.033792e-01 97.800926 99.857550
09/26 12:34:34 AM train 400 1.040880e-01 97.778990 99.855829
09/26 12:34:39 AM train 450 1.046724e-01 97.734202 99.861419
09/26 12:34:43 AM train 500 1.040772e-01 97.732660 99.872131
09/26 12:34:47 AM train 550 1.041157e-01 97.748412 99.866720
09/26 12:34:51 AM train 600 1.042111e-01 97.743344 99.864809
09/26 12:34:56 AM train 650 1.037859e-01 97.753456 99.867992
09/26 12:35:00 AM train 700 1.036356e-01 97.773270 99.868491
09/26 12:35:04 AM train 750 1.029079e-01 97.782124 99.875166
09/26 12:35:07 AM train_acc 97.792000
09/26 12:35:07 AM valid 000 8.741081e-01 82.812500 95.312500
09/26 12:35:08 AM valid 050 1.077955e+00 79.381127 95.128676
09/26 12:35:09 AM valid 100 1.046673e+00 79.826733 95.312500
09/26 12:35:11 AM valid 150 1.058761e+00 79.853063 95.333195
09/26 12:35:11 AM valid_acc 79.920000, best_acc 80.110000
09/26 12:35:11 AM epoch 518 lr 1.081016e-03
09/26 12:35:11 AM train 000 1.028824e-01 96.875000 100.000000
09/26 12:35:15 AM train 050 9.986426e-02 97.886029 99.938725
09/26 12:35:20 AM train 100 1.007647e-01 97.865099 99.876238
09/26 12:35:24 AM train 150 9.850680e-02 97.837334 99.896523
09/26 12:35:28 AM train 200 9.592713e-02 97.955535 99.898943
09/26 12:35:32 AM train 250 9.942015e-02 97.808765 99.894173
09/26 12:35:37 AM train 300 9.880535e-02 97.850914 99.906561
09/26 12:35:41 AM train 350 1.006289e-01 97.774217 99.902066
09/26 12:35:45 AM train 400 9.939619e-02 97.837438 99.906484
09/26 12:35:49 AM train 450 9.931240e-02 97.820815 99.902993
09/26 12:35:54 AM train 500 9.889743e-02 97.829341 99.900200
09/26 12:35:58 AM train 550 9.872088e-02 97.830649 99.903584
09/26 12:36:02 AM train 600 9.855076e-02 97.826539 99.896007
09/26 12:36:06 AM train 650 9.837631e-02 97.837462 99.899194
09/26 12:36:11 AM train 700 9.882493e-02 97.853513 99.895239
09/26 12:36:15 AM train 750 9.971408e-02 97.850782 99.893891
09/26 12:36:18 AM train_acc 97.850000
09/26 12:36:18 AM valid 000 8.906481e-01 82.812500 95.312500
09/26 12:36:19 AM valid 050 1.077500e+00 79.411765 95.006127
09/26 12:36:20 AM valid 100 1.061247e+00 79.749381 95.111386
09/26 12:36:21 AM valid 150 1.071705e+00 79.573675 95.188328
09/26 12:36:22 AM valid_acc 79.640000, best_acc 80.110000
09/26 12:36:22 AM epoch 519 lr 1.054552e-03
09/26 12:36:22 AM train 000 8.786066e-02 100.000000 100.000000
09/26 12:36:26 AM train 050 9.498029e-02 98.192402 99.877451
09/26 12:36:31 AM train 100 9.834072e-02 98.050743 99.860767
09/26 12:36:35 AM train 150 9.968634e-02 97.899421 99.865480
09/26 12:36:39 AM train 200 9.969150e-02 97.854478 99.852301
09/26 12:36:43 AM train 250 1.008674e-01 97.914592 99.838147
09/26 12:36:48 AM train 300 1.028613e-01 97.871678 99.833887
09/26 12:36:52 AM train 350 1.020795e-01 97.889957 99.835292
09/26 12:36:56 AM train 400 1.012180e-01 97.849127 99.851933
09/26 12:37:01 AM train 450 1.011815e-01 97.851996 99.857955
09/26 12:37:05 AM train 500 1.013767e-01 97.848054 99.862774
09/26 12:37:09 AM train 550 1.012165e-01 97.853335 99.858212
09/26 12:37:14 AM train 600 1.015417e-01 97.868136 99.854409
09/26 12:37:18 AM train 650 1.017069e-01 97.861463 99.853591
09/26 12:37:22 AM train 700 1.013255e-01 97.864658 99.843973
09/26 12:37:26 AM train 750 1.023604e-01 97.827896 99.833555
09/26 12:37:29 AM train_acc 97.848000
09/26 12:37:29 AM valid 000 7.104850e-01 81.250000 95.312500
09/26 12:37:31 AM valid 050 1.069792e+00 79.687500 95.036765
09/26 12:37:32 AM valid 100 1.042662e+00 80.167079 95.142327
09/26 12:37:33 AM valid 150 1.059670e+00 80.049669 95.064156
09/26 12:37:33 AM valid_acc 80.040000, best_acc 80.110000
09/26 12:37:33 AM epoch 520 lr 1.028401e-03
09/26 12:37:33 AM train 000 9.517258e-02 100.000000 100.000000
09/26 12:37:38 AM train 050 1.071254e-01 97.794118 99.877451
09/26 12:37:42 AM train 100 9.973275e-02 97.926980 99.938119
09/26 12:37:46 AM train 150 1.002232e-01 97.930464 99.875828
09/26 12:37:50 AM train 200 1.012315e-01 97.862251 99.867848
09/26 12:37:55 AM train 250 1.015936e-01 97.802540 99.875498
09/26 12:37:59 AM train 300 1.018501e-01 97.809385 99.875415
09/26 12:38:03 AM train 350 1.008265e-01 97.827635 99.875356
09/26 12:38:08 AM train 400 1.007429e-01 97.837438 99.871415
09/26 12:38:12 AM train 450 1.017616e-01 97.810421 99.854490
09/26 12:38:16 AM train 500 1.014306e-01 97.826223 99.859656
09/26 12:38:20 AM train 550 1.016410e-01 97.839156 99.852541
09/26 12:38:25 AM train 600 1.007639e-01 97.875936 99.851809
09/26 12:38:29 AM train 650 1.004402e-01 97.897465 99.848790
09/26 12:38:33 AM train 700 1.007361e-01 97.898092 99.846202
09/26 12:38:37 AM train 750 1.006927e-01 97.904877 99.852280
09/26 12:38:40 AM train_acc 97.876000
09/26 12:38:40 AM valid 000 8.413863e-01 82.812500 95.312500
09/26 12:38:41 AM valid 050 1.080101e+00 79.810049 94.852941
09/26 12:38:43 AM valid 100 1.054567e+00 80.430074 95.049505
09/26 12:38:44 AM valid 150 1.061177e+00 80.235927 95.033113
09/26 12:38:44 AM valid_acc 80.280000, best_acc 80.280000
09/26 12:38:44 AM epoch 521 lr 1.002565e-03
09/26 12:38:44 AM train 000 1.146847e-01 95.312500 100.000000
09/26 12:38:49 AM train 050 1.046215e-01 97.671569 99.846814
09/26 12:38:53 AM train 100 1.049424e-01 97.772277 99.798886
09/26 12:38:57 AM train 150 1.047368e-01 97.682119 99.834437
09/26 12:39:01 AM train 200 1.011054e-01 97.792289 99.844527
09/26 12:39:06 AM train 250 9.821770e-02 97.877241 99.875498
09/26 12:39:10 AM train 300 9.644315e-02 97.954734 99.890988
09/26 12:39:14 AM train 350 9.733821e-02 97.965634 99.875356
09/26 12:39:18 AM train 400 9.663938e-02 98.016677 99.863622
09/26 12:39:23 AM train 450 9.659505e-02 98.028686 99.864884
09/26 12:39:27 AM train 500 9.698475e-02 98.019586 99.859656
09/26 12:39:31 AM train 550 9.707623e-02 98.014973 99.846869
09/26 12:39:36 AM train 600 9.685662e-02 98.021527 99.851809
09/26 12:39:40 AM train 650 9.618575e-02 98.027074 99.860791
09/26 12:39:44 AM train 700 9.613616e-02 98.031830 99.857347
09/26 12:39:48 AM train 750 9.660025e-02 98.027630 99.860603
09/26 12:39:51 AM train_acc 98.026000
09/26 12:39:51 AM valid 000 8.957307e-01 81.250000 95.312500
09/26 12:39:52 AM valid 050 1.096477e+00 79.411765 94.699755
09/26 12:39:54 AM valid 100 1.062573e+00 80.058787 95.064975
09/26 12:39:55 AM valid 150 1.072287e+00 79.956540 95.105546
09/26 12:39:55 AM valid_acc 80.010000, best_acc 80.280000
09/26 12:39:55 AM epoch 522 lr 9.770447e-04
09/26 12:39:55 AM train 000 1.202753e-01 98.437500 98.437500
09/26 12:40:00 AM train 050 9.539543e-02 98.131127 99.846814
09/26 12:40:04 AM train 100 9.051940e-02 98.267327 99.829827
09/26 12:40:08 AM train 150 9.383430e-02 98.251242 99.803394
09/26 12:40:13 AM train 200 9.432379e-02 98.274254 99.821206
09/26 12:40:17 AM train 250 9.326347e-02 98.263197 99.844373
09/26 12:40:21 AM train 300 9.445048e-02 98.193522 99.844269
09/26 12:40:26 AM train 350 9.553506e-02 98.201567 99.839744
09/26 12:40:30 AM train 400 9.635492e-02 98.199813 99.832450
09/26 12:40:34 AM train 450 9.612457e-02 98.191519 99.847561
09/26 12:40:38 AM train 500 9.534592e-02 98.197355 99.840943
09/26 12:40:43 AM train 550 9.481630e-02 98.216311 99.846869
09/26 12:40:47 AM train 600 9.464461e-02 98.234713 99.859609
09/26 12:40:51 AM train 650 9.519811e-02 98.187884 99.858391
09/26 12:40:56 AM train 700 9.536242e-02 98.178941 99.852889
09/26 12:41:00 AM train 750 9.476230e-02 98.171188 99.858522
09/26 12:41:03 AM train_acc 98.160000
09/26 12:41:03 AM valid 000 7.640833e-01 79.687500 95.312500
09/26 12:41:04 AM valid 050 1.074764e+00 79.411765 95.036765
09/26 12:41:05 AM valid 100 1.052901e+00 79.826733 95.343441
09/26 12:41:06 AM valid 150 1.057205e+00 79.853063 95.281457
09/26 12:41:07 AM valid_acc 79.890000, best_acc 80.280000
09/26 12:41:07 AM epoch 523 lr 9.518398e-04
09/26 12:41:07 AM train 000 3.841534e-02 100.000000 100.000000
09/26 12:41:11 AM train 050 8.586013e-02 98.498775 99.938725
09/26 12:41:15 AM train 100 9.319303e-02 98.220916 99.922649
09/26 12:41:20 AM train 150 9.650963e-02 97.909768 99.906871
09/26 12:41:24 AM train 200 9.691055e-02 97.994403 99.898943
09/26 12:41:28 AM train 250 9.630917e-02 97.920817 99.900398
09/26 12:41:33 AM train 300 9.537428e-02 97.970307 99.896179
09/26 12:41:37 AM train 350 9.498192e-02 97.965634 99.879808
09/26 12:41:41 AM train 400 9.612987e-02 97.981608 99.867519
09/26 12:41:46 AM train 450 9.495857e-02 98.014828 99.868348
09/26 12:41:50 AM train 500 9.577123e-02 97.997754 99.862774
09/26 12:41:54 AM train 550 9.608188e-02 98.006466 99.863884
09/26 12:41:58 AM train 600 9.679245e-02 97.985129 99.857009
09/26 12:42:03 AM train 650 9.645829e-02 97.993472 99.863191
09/26 12:42:07 AM train 700 9.684644e-02 97.985021 99.864034
09/26 12:42:11 AM train 750 9.714324e-02 97.963132 99.856441
09/26 12:42:14 AM train_acc 97.968000
09/26 12:42:14 AM valid 000 7.546523e-01 82.812500 95.312500
09/26 12:42:15 AM valid 050 1.073686e+00 79.779412 94.914216
09/26 12:42:17 AM valid 100 1.054228e+00 80.213490 95.204208
09/26 12:42:18 AM valid 150 1.060944e+00 80.153146 95.343543
09/26 12:42:18 AM valid_acc 80.180000, best_acc 80.280000
09/26 12:42:18 AM epoch 524 lr 9.269515e-04
09/26 12:42:18 AM train 000 1.041444e-01 96.875000 100.000000
09/26 12:42:22 AM train 050 8.457551e-02 98.069853 100.000000
09/26 12:42:27 AM train 100 9.066927e-02 98.019802 99.922649
09/26 12:42:31 AM train 150 9.439154e-02 97.889073 99.896523
09/26 12:42:35 AM train 200 9.615819e-02 97.916667 99.867848
09/26 12:42:39 AM train 250 9.554162e-02 97.939492 99.875498
09/26 12:42:44 AM train 300 9.518322e-02 97.996262 99.875415
09/26 12:42:48 AM train 350 9.500877e-02 98.019053 99.884259
09/26 12:42:52 AM train 400 9.537208e-02 98.008884 99.883105
09/26 12:42:56 AM train 450 9.654865e-02 97.994041 99.882206
09/26 12:43:01 AM train 500 9.731173e-02 97.997754 99.875250
09/26 12:43:05 AM train 550 9.726696e-02 98.009301 99.872391
09/26 12:43:09 AM train 600 9.832364e-02 97.969530 99.859609
09/26 12:43:14 AM train 650 9.839677e-02 97.964670 99.858391
09/26 12:43:18 AM train 700 9.817009e-02 97.993937 99.864034
09/26 12:43:22 AM train 750 9.725764e-02 98.025549 99.866844
09/26 12:43:25 AM train_acc 97.996000
09/26 12:43:25 AM valid 000 7.198326e-01 79.687500 95.312500
09/26 12:43:26 AM valid 050 1.085413e+00 79.503676 95.098039
09/26 12:43:27 AM valid 100 1.055785e+00 80.074257 95.235149
09/26 12:43:28 AM valid 150 1.063833e+00 79.904801 95.291805
09/26 12:43:29 AM valid_acc 79.920000, best_acc 80.280000
09/26 12:43:29 AM epoch 525 lr 9.023805e-04
09/26 12:43:29 AM train 000 1.042761e-01 98.437500 100.000000
09/26 12:43:33 AM train 050 9.730467e-02 97.824755 99.908088
09/26 12:43:38 AM train 100 9.379532e-02 98.019802 99.922649
09/26 12:43:42 AM train 150 9.264253e-02 98.106374 99.875828
09/26 12:43:46 AM train 200 9.580440e-02 97.971082 99.860075
09/26 12:43:50 AM train 250 9.366834e-02 98.001743 99.869273
09/26 12:43:54 AM train 300 9.638791e-02 97.985880 99.849460
09/26 12:43:59 AM train 350 9.448317e-02 98.014601 99.857550
09/26 12:44:03 AM train 400 9.436196e-02 98.024470 99.863622
09/26 12:44:07 AM train 450 9.475800e-02 98.025222 99.844096
09/26 12:44:12 AM train 500 9.508288e-02 98.032061 99.837824
09/26 12:44:16 AM train 550 9.433930e-02 98.040495 99.841198
09/26 12:44:20 AM train 600 9.405089e-02 98.070923 99.846610
09/26 12:44:24 AM train 650 9.400813e-02 98.060676 99.846390
09/26 12:44:29 AM train 700 9.359057e-02 98.078638 99.852889
09/26 12:44:33 AM train 750 9.399844e-02 98.052597 99.860603
09/26 12:44:36 AM train_acc 98.040000
09/26 12:44:36 AM valid 000 6.805856e-01 84.375000 95.312500
09/26 12:44:37 AM valid 050 1.078886e+00 79.595588 95.159314
09/26 12:44:38 AM valid 100 1.049882e+00 80.151609 95.266089
09/26 12:44:39 AM valid 150 1.060327e+00 79.977235 95.271109
09/26 12:44:40 AM valid_acc 80.060000, best_acc 80.280000
09/26 12:44:40 AM epoch 526 lr 8.781275e-04
09/26 12:44:40 AM train 000 5.576266e-02 100.000000 100.000000
09/26 12:44:44 AM train 050 8.288530e-02 98.468137 99.846814
09/26 12:44:48 AM train 100 8.814749e-02 98.267327 99.876238
09/26 12:44:53 AM train 150 8.947686e-02 98.251242 99.886175
09/26 12:44:57 AM train 200 8.735862e-02 98.250933 99.914490
09/26 12:45:01 AM train 250 8.943645e-02 98.144920 99.894173
09/26 12:45:05 AM train 300 9.092860e-02 98.136420 99.880606
09/26 12:45:10 AM train 350 9.214581e-02 98.143697 99.879808
09/26 12:45:14 AM train 400 9.260776e-02 98.133572 99.871415
09/26 12:45:18 AM train 450 9.288348e-02 98.108370 99.868348
09/26 12:45:22 AM train 500 9.387244e-02 98.047655 99.859656
09/26 12:45:27 AM train 550 9.396069e-02 98.083031 99.858212
09/26 12:45:31 AM train 600 9.391667e-02 98.086522 99.864809
09/26 12:45:35 AM train 650 9.378899e-02 98.113479 99.870392
09/26 12:45:40 AM train 700 9.366865e-02 98.109843 99.870720
09/26 12:45:44 AM train 750 9.425539e-02 98.079644 99.868925
09/26 12:45:47 AM train_acc 98.070000
09/26 12:45:47 AM valid 000 7.346697e-01 82.812500 95.312500
09/26 12:45:48 AM valid 050 1.056605e+00 80.055147 95.098039
09/26 12:45:49 AM valid 100 1.041916e+00 80.198020 95.281559
09/26 12:45:50 AM valid 150 1.055068e+00 80.039321 95.177980
09/26 12:45:51 AM valid_acc 80.080000, best_acc 80.280000
09/26 12:45:51 AM epoch 527 lr 8.541931e-04
09/26 12:45:51 AM train 000 6.641296e-02 98.437500 100.000000
09/26 12:45:55 AM train 050 8.703937e-02 98.100490 99.877451
09/26 12:46:00 AM train 100 9.223937e-02 98.128094 99.907178
09/26 12:46:04 AM train 150 9.211110e-02 98.137417 99.896523
09/26 12:46:08 AM train 200 9.112971e-02 98.173197 99.867848
09/26 12:46:12 AM train 250 9.001600e-02 98.182271 99.869273
09/26 12:46:17 AM train 300 9.080594e-02 98.172757 99.870224
09/26 12:46:21 AM train 350 9.126930e-02 98.157051 99.857550
09/26 12:46:25 AM train 400 9.217025e-02 98.160848 99.867519
09/26 12:46:30 AM train 450 9.347598e-02 98.143016 99.871813
09/26 12:46:34 AM train 500 9.318362e-02 98.156811 99.881487
09/26 12:46:38 AM train 550 9.229319e-02 98.179446 99.886570
09/26 12:46:42 AM train 600 9.263967e-02 98.161918 99.888207
09/26 12:46:47 AM train 650 9.206591e-02 98.149482 99.887193
09/26 12:46:51 AM train 700 9.210326e-02 98.149964 99.888552
09/26 12:46:55 AM train 750 9.277312e-02 98.154544 99.887650
09/26 12:46:58 AM train_acc 98.146000
09/26 12:46:58 AM valid 000 8.295670e-01 82.812500 95.312500
09/26 12:46:59 AM valid 050 1.066296e+00 79.810049 95.128676
09/26 12:47:01 AM valid 100 1.042988e+00 80.290842 95.297030
09/26 12:47:02 AM valid 150 1.051553e+00 80.132450 95.353891
09/26 12:47:02 AM valid_acc 80.190000, best_acc 80.280000
09/26 12:47:02 AM epoch 528 lr 8.305780e-04
09/26 12:47:02 AM train 000 4.928623e-02 100.000000 100.000000
09/26 12:47:07 AM train 050 9.790699e-02 98.161765 99.754902
09/26 12:47:11 AM train 100 9.504869e-02 98.205446 99.798886
09/26 12:47:15 AM train 150 9.294329e-02 98.334023 99.824089
09/26 12:47:19 AM train 200 9.251551e-02 98.328669 99.860075
09/26 12:47:24 AM train 250 9.407409e-02 98.225847 99.856823
09/26 12:47:28 AM train 300 9.395612e-02 98.214286 99.854651
09/26 12:47:32 AM train 350 9.655424e-02 98.139245 99.848647
09/26 12:47:37 AM train 400 9.659389e-02 98.129676 99.844140
09/26 12:47:41 AM train 450 9.645378e-02 98.097977 99.844096
09/26 12:47:45 AM train 500 9.660317e-02 98.088199 99.853418
09/26 12:47:49 AM train 550 9.632264e-02 98.102881 99.855377
09/26 12:47:54 AM train 600 9.602334e-02 98.099522 99.859609
09/26 12:47:58 AM train 650 9.540699e-02 98.106279 99.863191
09/26 12:48:02 AM train 700 9.515850e-02 98.112072 99.864034
09/26 12:48:06 AM train 750 9.488163e-02 98.115013 99.866844
09/26 12:48:09 AM train_acc 98.126000
09/26 12:48:09 AM valid 000 7.730494e-01 85.937500 95.312500
09/26 12:48:10 AM valid 050 1.065839e+00 79.779412 95.098039
09/26 12:48:12 AM valid 100 1.047372e+00 80.151609 95.250619
09/26 12:48:13 AM valid 150 1.054009e+00 80.122103 95.177980
09/26 12:48:13 AM valid_acc 80.160000, best_acc 80.280000
09/26 12:48:13 AM epoch 529 lr 8.072828e-04
09/26 12:48:13 AM train 000 1.108039e-01 98.437500 100.000000
09/26 12:48:18 AM train 050 1.035636e-01 98.069853 99.816176
09/26 12:48:22 AM train 100 9.614823e-02 98.128094 99.845297
09/26 12:48:26 AM train 150 9.383714e-02 98.302980 99.834437
09/26 12:48:31 AM train 200 9.558152e-02 98.250933 99.828980
09/26 12:48:35 AM train 250 9.278260e-02 98.300548 99.850598
09/26 12:48:39 AM train 300 9.417595e-02 98.240241 99.865033
09/26 12:48:44 AM train 350 9.461390e-02 98.197115 99.862001
09/26 12:48:48 AM train 400 9.484993e-02 98.156951 99.859726
09/26 12:48:52 AM train 450 9.448655e-02 98.149945 99.861419
09/26 12:48:57 AM train 500 9.417106e-02 98.153693 99.859656
09/26 12:49:01 AM train 550 9.380925e-02 98.168103 99.863884
09/26 12:49:05 AM train 600 9.345770e-02 98.151518 99.867408
09/26 12:49:09 AM train 650 9.292528e-02 98.135081 99.867992
09/26 12:49:13 AM train 700 9.264184e-02 98.141049 99.875178
09/26 12:49:18 AM train 750 9.226765e-02 98.146222 99.879328
09/26 12:49:21 AM train_acc 98.130000
09/26 12:49:21 AM valid 000 7.860996e-01 84.375000 95.312500
09/26 12:49:22 AM valid 050 1.078917e+00 79.810049 95.006127
09/26 12:49:23 AM valid 100 1.056080e+00 79.795792 95.235149
09/26 12:49:24 AM valid 150 1.061535e+00 79.790977 95.250414
09/26 12:49:25 AM valid_acc 79.880000, best_acc 80.280000
09/26 12:49:25 AM epoch 530 lr 7.843082e-04
09/26 12:49:25 AM train 000 4.026439e-02 100.000000 100.000000
09/26 12:49:29 AM train 050 9.134056e-02 97.824755 99.846814
09/26 12:49:33 AM train 100 9.059309e-02 97.942450 99.783416
09/26 12:49:38 AM train 150 8.747326e-02 98.127070 99.824089
09/26 12:49:42 AM train 200 8.879079e-02 98.087687 99.836754
09/26 12:49:46 AM train 250 9.066273e-02 98.057769 99.838147
09/26 12:49:51 AM train 300 9.038474e-02 98.011836 99.839078
09/26 12:49:55 AM train 350 9.041295e-02 98.014601 99.844195
09/26 12:49:59 AM train 400 8.861350e-02 98.086814 99.855829
09/26 12:50:03 AM train 450 8.865804e-02 98.104906 99.854490
09/26 12:50:08 AM train 500 8.904145e-02 98.131861 99.856537
09/26 12:50:12 AM train 550 8.882116e-02 98.168103 99.858212
09/26 12:50:16 AM train 600 8.871010e-02 98.182716 99.857009
09/26 12:50:20 AM train 650 8.952659e-02 98.180684 99.860791
09/26 12:50:25 AM train 700 8.953718e-02 98.183399 99.850660
09/26 12:50:29 AM train 750 9.011840e-02 98.179511 99.852280
09/26 12:50:32 AM train_acc 98.176000
09/26 12:50:32 AM valid 000 7.489409e-01 81.250000 95.312500
09/26 12:50:33 AM valid 050 1.081126e+00 79.473039 95.281863
09/26 12:50:34 AM valid 100 1.055031e+00 79.965965 95.467203
09/26 12:50:35 AM valid 150 1.062134e+00 79.956540 95.447020
09/26 12:50:36 AM valid_acc 80.010000, best_acc 80.280000
09/26 12:50:36 AM epoch 531 lr 7.616547e-04
09/26 12:50:36 AM train 000 3.859675e-02 100.000000 100.000000
09/26 12:50:40 AM train 050 8.943745e-02 98.223039 99.877451
09/26 12:50:44 AM train 100 9.117217e-02 98.344678 99.860767
09/26 12:50:49 AM train 150 9.015536e-02 98.406457 99.855132
09/26 12:50:53 AM train 200 9.017299e-02 98.336443 99.813433
09/26 12:50:57 AM train 250 9.214759e-02 98.281873 99.807022
09/26 12:51:02 AM train 300 9.202173e-02 98.203904 99.818314
09/26 12:51:06 AM train 350 9.052910e-02 98.219373 99.821937
09/26 12:51:10 AM train 400 9.104753e-02 98.207606 99.828554
09/26 12:51:14 AM train 450 9.147995e-02 98.184590 99.826774
09/26 12:51:19 AM train 500 9.211333e-02 98.191118 99.819112
09/26 12:51:23 AM train 550 9.090106e-02 98.216311 99.835526
09/26 12:51:27 AM train 600 9.101659e-02 98.200915 99.838810
09/26 12:51:32 AM train 650 9.022293e-02 98.214286 99.848790
09/26 12:51:36 AM train 700 8.996058e-02 98.230207 99.852889
09/26 12:51:40 AM train 750 9.014773e-02 98.221122 99.854361
09/26 12:51:43 AM train_acc 98.242000
09/26 12:51:43 AM valid 000 7.565107e-01 78.125000 95.312500
09/26 12:51:44 AM valid 050 1.064587e+00 79.687500 95.220588
09/26 12:51:46 AM valid 100 1.044725e+00 80.105198 95.297030
09/26 12:51:47 AM valid 150 1.060349e+00 80.049669 95.281457
09/26 12:51:47 AM valid_acc 80.100000, best_acc 80.280000
09/26 12:51:47 AM epoch 532 lr 7.393231e-04
09/26 12:51:47 AM train 000 7.392726e-02 98.437500 100.000000
09/26 12:51:52 AM train 050 8.814319e-02 98.345588 99.908088
09/26 12:51:56 AM train 100 9.055238e-02 98.128094 99.922649
09/26 12:52:00 AM train 150 9.281341e-02 98.054636 99.875828
09/26 12:52:05 AM train 200 9.253360e-02 98.126555 99.883396
09/26 12:52:09 AM train 250 9.256281e-02 98.144920 99.875498
09/26 12:52:13 AM train 300 9.238131e-02 98.094892 99.859842
09/26 12:52:17 AM train 350 9.278644e-02 98.116987 99.853098
09/26 12:52:22 AM train 400 9.293315e-02 98.106297 99.848036
09/26 12:52:26 AM train 450 9.254169e-02 98.125693 99.851025
09/26 12:52:30 AM train 500 9.065311e-02 98.178643 99.859656
09/26 12:52:35 AM train 550 9.069692e-02 98.165268 99.855377
09/26 12:52:39 AM train 600 9.005775e-02 98.198315 99.862209
09/26 12:52:43 AM train 650 8.975653e-02 98.216686 99.872792
09/26 12:52:48 AM train 700 8.914319e-02 98.227978 99.881865
09/26 12:52:52 AM train 750 8.872774e-02 98.227364 99.885569
09/26 12:52:55 AM train_acc 98.234000
09/26 12:52:55 AM valid 000 7.405275e-01 79.687500 95.312500
09/26 12:52:56 AM valid 050 1.078369e+00 79.136029 95.128676
09/26 12:52:57 AM valid 100 1.048354e+00 79.733911 95.312500
09/26 12:52:59 AM valid 150 1.059859e+00 79.625414 95.364238
09/26 12:52:59 AM valid_acc 79.690000, best_acc 80.280000
09/26 12:52:59 AM epoch 533 lr 7.173140e-04
09/26 12:52:59 AM train 000 2.786936e-02 100.000000 100.000000
09/26 12:53:03 AM train 050 9.033992e-02 98.560049 99.785539
09/26 12:53:08 AM train 100 9.044269e-02 98.391089 99.798886
09/26 12:53:12 AM train 150 8.889632e-02 98.365066 99.824089
09/26 12:53:16 AM train 200 8.752386e-02 98.351990 99.844527
09/26 12:53:21 AM train 250 8.828425e-02 98.294323 99.856823
09/26 12:53:25 AM train 300 8.811678e-02 98.292151 99.870224
09/26 12:53:29 AM train 350 8.803082e-02 98.317308 99.875356
09/26 12:53:33 AM train 400 8.826642e-02 98.289433 99.879208
09/26 12:53:38 AM train 450 8.845492e-02 98.278132 99.878742
09/26 12:53:42 AM train 500 8.914317e-02 98.250374 99.878368
09/26 12:53:47 AM train 550 9.008720e-02 98.261683 99.872391
09/26 12:53:51 AM train 600 9.073067e-02 98.255512 99.870008
09/26 12:53:55 AM train 650 9.071678e-02 98.259889 99.872792
09/26 12:53:59 AM train 700 8.964358e-02 98.285931 99.877407
09/26 12:54:04 AM train 750 8.904639e-02 98.277297 99.881408
09/26 12:54:06 AM train_acc 98.246000
09/26 12:54:06 AM valid 000 7.082289e-01 82.812500 95.312500
09/26 12:54:08 AM valid 050 1.083734e+00 79.963235 94.944853
09/26 12:54:09 AM valid 100 1.059308e+00 80.244431 95.188738
09/26 12:54:10 AM valid 150 1.068519e+00 80.028974 95.260762
09/26 12:54:11 AM valid_acc 80.080000, best_acc 80.280000
09/26 12:54:11 AM epoch 534 lr 6.956278e-04
09/26 12:54:11 AM train 000 5.619676e-02 100.000000 100.000000
09/26 12:54:15 AM train 050 9.608107e-02 98.039216 99.754902
09/26 12:54:19 AM train 100 9.477368e-02 98.128094 99.860767
09/26 12:54:24 AM train 150 8.889484e-02 98.271937 99.886175
09/26 12:54:28 AM train 200 8.586701e-02 98.305348 99.906716
09/26 12:54:32 AM train 250 8.682412e-02 98.256972 99.906624
09/26 12:54:37 AM train 300 8.651060e-02 98.302533 99.901370
09/26 12:54:41 AM train 350 8.585906e-02 98.321759 99.906517
09/26 12:54:45 AM train 400 8.624513e-02 98.328398 99.910380
09/26 12:54:49 AM train 450 8.593249e-02 98.343958 99.906458
09/26 12:54:54 AM train 500 8.626972e-02 98.318987 99.903318
09/26 12:54:58 AM train 550 8.680575e-02 98.304220 99.889406
09/26 12:55:02 AM train 600 8.687582e-02 98.310108 99.888207
09/26 12:55:07 AM train 650 8.732650e-02 98.295891 99.884793
09/26 12:55:11 AM train 700 8.815814e-02 98.274786 99.884094
09/26 12:55:15 AM train 750 8.949996e-02 98.237766 99.879328
09/26 12:55:18 AM train_acc 98.198000
09/26 12:55:18 AM valid 000 6.785330e-01 81.250000 95.312500
09/26 12:55:19 AM valid 050 1.068196e+00 79.779412 95.281863
09/26 12:55:21 AM valid 100 1.043341e+00 80.120668 95.389851
09/26 12:55:22 AM valid 150 1.058652e+00 80.111755 95.353891
09/26 12:55:22 AM valid_acc 80.160000, best_acc 80.280000
09/26 12:55:22 AM epoch 535 lr 6.742653e-04
09/26 12:55:22 AM train 000 3.879250e-02 98.437500 100.000000
09/26 12:55:27 AM train 050 9.040588e-02 98.069853 99.908088
09/26 12:55:31 AM train 100 8.901540e-02 98.189975 99.907178
09/26 12:55:35 AM train 150 9.320048e-02 98.085679 99.937914
09/26 12:55:40 AM train 200 9.466472e-02 98.095460 99.906716
09/26 12:55:44 AM train 250 9.460886e-02 98.107570 99.887948
09/26 12:55:48 AM train 300 9.383300e-02 98.136420 99.880606
09/26 12:55:52 AM train 350 9.321754e-02 98.121439 99.884259
09/26 12:55:57 AM train 400 9.309132e-02 98.141365 99.879208
09/26 12:56:01 AM train 450 9.258201e-02 98.143016 99.885671
09/26 12:56:05 AM train 500 9.177595e-02 98.172405 99.893962
09/26 12:56:10 AM train 550 9.092712e-02 98.187954 99.897913
09/26 12:56:14 AM train 600 9.060181e-02 98.211314 99.901206
09/26 12:56:18 AM train 650 9.010337e-02 98.250288 99.899194
09/26 12:56:23 AM train 700 9.027382e-02 98.250267 99.904155
09/26 12:56:27 AM train 750 9.062230e-02 98.252330 99.906375
09/26 12:56:29 AM train_acc 98.244000
09/26 12:56:30 AM valid 000 7.132047e-01 82.812500 95.312500
09/26 12:56:31 AM valid 050 1.069208e+00 80.055147 95.251225
09/26 12:56:32 AM valid 100 1.043137e+00 80.445545 95.498144
09/26 12:56:33 AM valid 150 1.054987e+00 80.235927 95.467715
09/26 12:56:34 AM valid_acc 80.290000, best_acc 80.290000
09/26 12:56:34 AM epoch 536 lr 6.532270e-04
09/26 12:56:34 AM train 000 6.351984e-02 100.000000 100.000000
09/26 12:56:38 AM train 050 8.265398e-02 98.437500 99.816176
09/26 12:56:43 AM train 100 8.484356e-02 98.468441 99.845297
09/26 12:56:47 AM train 150 8.491486e-02 98.478891 99.875828
09/26 12:56:51 AM train 200 8.477918e-02 98.453047 99.875622
09/26 12:56:55 AM train 250 8.513231e-02 98.393924 99.881723
09/26 12:57:00 AM train 300 8.559570e-02 98.359635 99.865033
09/26 12:57:04 AM train 350 8.682228e-02 98.366275 99.862001
09/26 12:57:08 AM train 400 8.666410e-02 98.375156 99.863622
09/26 12:57:13 AM train 450 8.669526e-02 98.399390 99.868348
09/26 12:57:17 AM train 500 8.693772e-02 98.356412 99.875250
09/26 12:57:21 AM train 550 8.707258e-02 98.352427 99.872391
09/26 12:57:26 AM train 600 8.712355e-02 98.346506 99.867408
09/26 12:57:30 AM train 650 8.708893e-02 98.341494 99.872792
09/26 12:57:34 AM train 700 8.767732e-02 98.310449 99.872949
09/26 12:57:39 AM train 750 8.727052e-02 98.318908 99.871005
09/26 12:57:41 AM train_acc 98.312000
09/26 12:57:41 AM valid 000 7.771395e-01 81.250000 95.312500
09/26 12:57:43 AM valid 050 1.079939e+00 79.748775 95.220588
09/26 12:57:44 AM valid 100 1.050042e+00 80.259901 95.297030
09/26 12:57:45 AM valid 150 1.061054e+00 80.184189 95.353891
09/26 12:57:45 AM valid_acc 80.270000, best_acc 80.290000
09/26 12:57:46 AM epoch 537 lr 6.325135e-04
09/26 12:57:46 AM train 000 1.795524e-01 95.312500 98.437500
09/26 12:57:50 AM train 050 9.048123e-02 98.192402 99.816176
09/26 12:57:54 AM train 100 9.578874e-02 97.942450 99.798886
09/26 12:57:59 AM train 150 9.301595e-02 98.054636 99.855132
09/26 12:58:03 AM train 200 9.013877e-02 98.165423 99.875622
09/26 12:58:07 AM train 250 8.816710e-02 98.256972 99.881723
09/26 12:58:12 AM train 300 8.734480e-02 98.281769 99.885797
09/26 12:58:16 AM train 350 8.713183e-02 98.263889 99.893162
09/26 12:58:20 AM train 400 8.866683e-02 98.203709 99.887001
09/26 12:58:25 AM train 450 8.814495e-02 98.219235 99.896064
09/26 12:58:29 AM train 500 8.861816e-02 98.216068 99.897081
09/26 12:58:33 AM train 550 8.844464e-02 98.241833 99.897913
09/26 12:58:38 AM train 600 8.797155e-02 98.255512 99.901206
09/26 12:58:42 AM train 650 8.754159e-02 98.269489 99.896793
09/26 12:58:46 AM train 700 8.791314e-02 98.256954 99.895239
09/26 12:58:50 AM train 750 8.781484e-02 98.260652 99.895972
09/26 12:58:53 AM train_acc 98.274000
09/26 12:58:53 AM valid 000 6.932830e-01 81.250000 95.312500
09/26 12:58:54 AM valid 050 1.079479e+00 79.748775 95.128676
09/26 12:58:56 AM valid 100 1.055786e+00 80.043317 95.312500
09/26 12:58:57 AM valid 150 1.060129e+00 80.080712 95.322848
09/26 12:58:57 AM valid_acc 80.140000, best_acc 80.290000
09/26 12:58:57 AM epoch 538 lr 6.121253e-04
09/26 12:58:57 AM train 000 4.186277e-02 98.437500 100.000000
09/26 12:59:02 AM train 050 8.284516e-02 98.284314 99.908088
09/26 12:59:06 AM train 100 8.433903e-02 98.282797 99.891708
09/26 12:59:10 AM train 150 8.767345e-02 98.240894 99.855132
09/26 12:59:15 AM train 200 8.820243e-02 98.266480 99.844527
09/26 12:59:19 AM train 250 8.921804e-02 98.169821 99.863048
09/26 12:59:23 AM train 300 8.874842e-02 98.193522 99.880606
09/26 12:59:28 AM train 350 8.874193e-02 98.237179 99.888711
09/26 12:59:32 AM train 400 8.795286e-02 98.277743 99.887001
09/26 12:59:36 AM train 450 8.824146e-02 98.271203 99.889135
09/26 12:59:40 AM train 500 8.811150e-02 98.269087 99.884606
09/26 12:59:45 AM train 550 8.824730e-02 98.256012 99.889406
09/26 12:59:49 AM train 600 8.773935e-02 98.289309 99.885607
09/26 12:59:53 AM train 650 8.851452e-02 98.283890 99.887193
09/26 12:59:58 AM train 700 8.796836e-02 98.290389 99.890781
09/26 01:00:02 AM train 750 8.699019e-02 98.316828 99.891811
09/26 01:00:05 AM train_acc 98.310000
09/26 01:00:05 AM valid 000 8.468332e-01 79.687500 95.312500
09/26 01:00:06 AM valid 050 1.091451e+00 79.718137 95.128676
09/26 01:00:07 AM valid 100 1.066564e+00 80.275371 95.219678
09/26 01:00:08 AM valid 150 1.076480e+00 79.987583 95.260762
09/26 01:00:09 AM valid_acc 80.030000, best_acc 80.290000
09/26 01:00:09 AM epoch 539 lr 5.920631e-04
09/26 01:00:09 AM train 000 8.782353e-02 98.437500 100.000000
09/26 01:00:13 AM train 050 8.494721e-02 98.376225 99.846814
09/26 01:00:18 AM train 100 8.440106e-02 98.483911 99.891708
09/26 01:00:22 AM train 150 8.697884e-02 98.478891 99.855132
09/26 01:00:26 AM train 200 8.640044e-02 98.476368 99.860075
09/26 01:00:31 AM train 250 8.594616e-02 98.456175 99.887948
09/26 01:00:35 AM train 300 8.504439e-02 98.458264 99.890988
09/26 01:00:39 AM train 350 8.582750e-02 98.410791 99.888711
09/26 01:00:44 AM train 400 8.659152e-02 98.367363 99.890898
09/26 01:00:48 AM train 450 8.653823e-02 98.388997 99.899529
09/26 01:00:52 AM train 500 8.596331e-02 98.428144 99.903318
09/26 01:00:57 AM train 550 8.547953e-02 98.448843 99.909256
09/26 01:01:01 AM train 600 8.545208e-02 98.466098 99.909006
09/26 01:01:05 AM train 650 8.647915e-02 98.427899 99.891993
09/26 01:01:10 AM train 700 8.560928e-02 98.448645 99.895239
09/26 01:01:14 AM train 750 8.553934e-02 98.449983 99.898053
09/26 01:01:17 AM train_acc 98.436000
09/26 01:01:17 AM valid 000 7.604762e-01 82.812500 95.312500
09/26 01:01:18 AM valid 050 1.078898e+00 79.656863 94.944853
09/26 01:01:19 AM valid 100 1.055024e+00 80.167079 95.219678
09/26 01:01:21 AM valid 150 1.064329e+00 80.060017 95.219371
09/26 01:01:21 AM valid_acc 80.080000, best_acc 80.290000
09/26 01:01:21 AM epoch 540 lr 5.723273e-04
09/26 01:01:21 AM train 000 7.875550e-02 98.437500 100.000000
09/26 01:01:26 AM train 050 7.946698e-02 98.437500 99.816176
09/26 01:01:30 AM train 100 8.292844e-02 98.391089 99.845297
09/26 01:01:34 AM train 150 8.156398e-02 98.468543 99.855132
09/26 01:01:38 AM train 200 8.150868e-02 98.414179 99.852301
09/26 01:01:43 AM train 250 8.215043e-02 98.418825 99.856823
09/26 01:01:47 AM train 300 8.245312e-02 98.401163 99.854651
09/26 01:01:51 AM train 350 8.396129e-02 98.348469 99.862001
09/26 01:01:56 AM train 400 8.359006e-02 98.363466 99.871415
09/26 01:02:00 AM train 450 8.431792e-02 98.364745 99.875277
09/26 01:02:04 AM train 500 8.527420e-02 98.350175 99.878368
09/26 01:02:09 AM train 550 8.642313e-02 98.332577 99.866720
09/26 01:02:13 AM train 600 8.707002e-02 98.325707 99.862209
09/26 01:02:17 AM train 650 8.756949e-02 98.293491 99.855991
09/26 01:02:21 AM train 700 8.754640e-02 98.301534 99.861805
09/26 01:02:26 AM train 750 8.719254e-02 98.320989 99.858522
09/26 01:02:28 AM train_acc 98.330000
09/26 01:02:28 AM valid 000 7.679963e-01 78.125000 95.312500
09/26 01:02:30 AM valid 050 1.092164e+00 79.840686 95.189951
09/26 01:02:31 AM valid 100 1.064005e+00 80.244431 95.358911
09/26 01:02:32 AM valid 150 1.072705e+00 80.184189 95.312500
09/26 01:02:32 AM valid_acc 80.240000, best_acc 80.290000
09/26 01:02:33 AM epoch 541 lr 5.529185e-04
09/26 01:02:33 AM train 000 2.485307e-01 93.750000 100.000000
09/26 01:02:37 AM train 050 8.503813e-02 98.345588 99.908088
09/26 01:02:41 AM train 100 8.268112e-02 98.360149 99.907178
09/26 01:02:46 AM train 150 8.191704e-02 98.416805 99.927566
09/26 01:02:50 AM train 200 8.413684e-02 98.421953 99.937811
09/26 01:02:54 AM train 250 8.471841e-02 98.418825 99.925299
09/26 01:02:59 AM train 300 8.591920e-02 98.328488 99.927326
09/26 01:03:03 AM train 350 8.656580e-02 98.317308 99.919872
09/26 01:03:07 AM train 400 8.639593e-02 98.301122 99.906484
09/26 01:03:12 AM train 450 8.675397e-02 98.319706 99.902993
09/26 01:03:16 AM train 500 8.864393e-02 98.278443 99.897081
09/26 01:03:20 AM train 550 8.794434e-02 98.273026 99.897913
09/26 01:03:25 AM train 600 8.809382e-02 98.284110 99.893407
09/26 01:03:29 AM train 650 8.826623e-02 98.276690 99.887193
09/26 01:03:33 AM train 700 8.744891e-02 98.317136 99.888552
09/26 01:03:37 AM train 750 8.731206e-02 98.331391 99.891811
09/26 01:03:40 AM train_acc 98.334000
09/26 01:03:40 AM valid 000 6.210994e-01 87.500000 95.312500
09/26 01:03:42 AM valid 050 1.080865e+00 79.810049 95.128676
09/26 01:03:43 AM valid 100 1.054012e+00 80.584777 95.281559
09/26 01:03:44 AM valid 150 1.064517e+00 80.422185 95.333195
09/26 01:03:44 AM valid_acc 80.490000, best_acc 80.490000
09/26 01:03:44 AM epoch 542 lr 5.338373e-04
09/26 01:03:45 AM train 000 7.654110e-02 96.875000 100.000000
09/26 01:03:49 AM train 050 8.384236e-02 98.621324 99.877451
09/26 01:03:53 AM train 100 8.982573e-02 98.360149 99.814356
09/26 01:03:57 AM train 150 8.900214e-02 98.437500 99.834437
09/26 01:04:02 AM train 200 8.957862e-02 98.398632 99.821206
09/26 01:04:06 AM train 250 8.807628e-02 98.325448 99.838147
09/26 01:04:10 AM train 300 8.730418e-02 98.354444 99.849460
09/26 01:04:14 AM train 350 8.631071e-02 98.375178 99.862001
09/26 01:04:19 AM train 400 8.696375e-02 98.351777 99.859726
09/26 01:04:23 AM train 450 8.792803e-02 98.326635 99.861419
09/26 01:04:27 AM train 500 8.778743e-02 98.309631 99.869012
09/26 01:04:32 AM train 550 8.814048e-02 98.278698 99.866720
09/26 01:04:36 AM train 600 8.825005e-02 98.273710 99.859609
09/26 01:04:40 AM train 650 8.739567e-02 98.293491 99.870392
09/26 01:04:44 AM train 700 8.771168e-02 98.283702 99.864034
09/26 01:04:49 AM train 750 8.767934e-02 98.281458 99.864764
09/26 01:04:51 AM train_acc 98.298000
09/26 01:04:51 AM valid 000 7.558777e-01 85.937500 95.312500
09/26 01:04:53 AM valid 050 1.064049e+00 80.177696 95.159314
09/26 01:04:54 AM valid 100 1.041646e+00 80.677599 95.281559
09/26 01:04:55 AM valid 150 1.052763e+00 80.484272 95.260762
09/26 01:04:55 AM valid_acc 80.570000, best_acc 80.570000
09/26 01:04:56 AM epoch 543 lr 5.150841e-04
09/26 01:04:56 AM train 000 1.093399e-01 98.437500 100.000000
09/26 01:05:00 AM train 050 7.419203e-02 98.805147 99.938725
09/26 01:05:04 AM train 100 7.935755e-02 98.561262 99.922649
09/26 01:05:09 AM train 150 8.006022e-02 98.520281 99.917219
09/26 01:05:13 AM train 200 8.194542e-02 98.491915 99.891169
09/26 01:05:17 AM train 250 8.252714e-02 98.462400 99.869273
09/26 01:05:22 AM train 300 8.220613e-02 98.484219 99.875415
09/26 01:05:26 AM train 350 8.341879e-02 98.419694 99.884259
09/26 01:05:30 AM train 400 8.327108e-02 98.433603 99.887001
09/26 01:05:35 AM train 450 8.431575e-02 98.364745 99.882206
09/26 01:05:39 AM train 500 8.454454e-02 98.347056 99.878368
09/26 01:05:43 AM train 550 8.543740e-02 98.349592 99.880898
09/26 01:05:48 AM train 600 8.461158e-02 98.385503 99.883007
09/26 01:05:52 AM train 650 8.527532e-02 98.389497 99.887193
09/26 01:05:56 AM train 700 8.531798e-02 98.366173 99.886323
09/26 01:06:00 AM train 750 8.485926e-02 98.370922 99.887650
09/26 01:06:03 AM train_acc 98.388000
09/26 01:06:03 AM valid 000 7.339416e-01 85.937500 95.312500
09/26 01:06:04 AM valid 050 1.071228e+00 80.116422 95.159314
09/26 01:06:06 AM valid 100 1.041731e+00 80.538366 95.297030
09/26 01:06:07 AM valid 150 1.056468e+00 80.349752 95.302152
09/26 01:06:07 AM valid_acc 80.410000, best_acc 80.570000
09/26 01:06:07 AM epoch 544 lr 4.966595e-04
09/26 01:06:07 AM train 000 3.568845e-02 100.000000 100.000000
09/26 01:06:12 AM train 050 8.279485e-02 98.805147 99.877451
09/26 01:06:16 AM train 100 8.674014e-02 98.545792 99.922649
09/26 01:06:20 AM train 150 8.668812e-02 98.489238 99.896523
09/26 01:06:25 AM train 200 8.707028e-02 98.437500 99.898943
09/26 01:06:29 AM train 250 8.589149e-02 98.425050 99.906624
09/26 01:06:33 AM train 300 8.575415e-02 98.416736 99.911752
09/26 01:06:38 AM train 350 8.553134e-02 98.455306 99.915420
09/26 01:06:42 AM train 400 8.464670e-02 98.441397 99.918173
09/26 01:06:46 AM train 450 8.573070e-02 98.382068 99.913387
09/26 01:06:50 AM train 500 8.590655e-02 98.390719 99.912675
09/26 01:06:55 AM train 550 8.657720e-02 98.372278 99.897913
09/26 01:06:59 AM train 600 8.608753e-02 98.375104 99.893407
09/26 01:07:03 AM train 650 8.660455e-02 98.365495 99.887193
09/26 01:07:07 AM train 700 8.602118e-02 98.381776 99.886323
09/26 01:07:12 AM train 750 8.636059e-02 98.377164 99.877247
09/26 01:07:14 AM train_acc 98.406000
09/26 01:07:14 AM valid 000 7.970698e-01 82.812500 95.312500
09/26 01:07:16 AM valid 050 1.083366e+00 80.024510 94.975490
09/26 01:07:17 AM valid 100 1.056113e+00 80.399134 95.281559
09/26 01:07:18 AM valid 150 1.069265e+00 80.225579 95.322848
09/26 01:07:18 AM valid_acc 80.290000, best_acc 80.570000
09/26 01:07:19 AM epoch 545 lr 4.785640e-04
09/26 01:07:19 AM train 000 1.086760e-01 98.437500 100.000000
09/26 01:07:23 AM train 050 7.664708e-02 98.498775 99.877451
09/26 01:07:27 AM train 100 8.004640e-02 98.313738 99.860767
09/26 01:07:31 AM train 150 8.346069e-02 98.375414 99.865480
09/26 01:07:36 AM train 200 8.314274e-02 98.437500 99.875622
09/26 01:07:40 AM train 250 8.174617e-02 98.530876 99.881723
09/26 01:07:44 AM train 300 8.126989e-02 98.562085 99.885797
09/26 01:07:49 AM train 350 8.070507e-02 98.566595 99.897614
09/26 01:07:53 AM train 400 8.020277e-02 98.597257 99.902587
09/26 01:07:57 AM train 450 8.113807e-02 98.576081 99.892600
09/26 01:08:01 AM train 500 8.113134e-02 98.552894 99.900200
09/26 01:08:05 AM train 550 8.091380e-02 98.565109 99.897913
09/26 01:08:10 AM train 600 8.115885e-02 98.551893 99.890807
09/26 01:08:14 AM train 650 8.219278e-02 98.526306 99.889593
09/26 01:08:18 AM train 700 8.227163e-02 98.522200 99.897468
09/26 01:08:23 AM train 750 8.264390e-02 98.499917 99.895972
09/26 01:08:25 AM train_acc 98.472000
09/26 01:08:25 AM valid 000 8.201505e-01 84.375000 95.312500
09/26 01:08:27 AM valid 050 1.076336e+00 79.932598 95.373775
09/26 01:08:28 AM valid 100 1.052571e+00 80.275371 95.451733
09/26 01:08:29 AM valid 150 1.065865e+00 80.225579 95.415977
09/26 01:08:29 AM valid_acc 80.290000, best_acc 80.570000
09/26 01:08:29 AM epoch 546 lr 4.607981e-04
09/26 01:08:30 AM train 000 1.800041e-01 96.875000 98.437500
09/26 01:08:34 AM train 050 7.552274e-02 98.774510 99.846814
09/26 01:08:38 AM train 100 7.753702e-02 98.700495 99.860767
09/26 01:08:43 AM train 150 8.152605e-02 98.509934 99.875828
09/26 01:08:47 AM train 200 8.285870e-02 98.437500 99.867848
09/26 01:08:51 AM train 250 8.240657e-02 98.418825 99.875498
09/26 01:08:55 AM train 300 7.984736e-02 98.499792 99.885797
09/26 01:09:00 AM train 350 8.128062e-02 98.482016 99.893162
09/26 01:09:04 AM train 400 8.240296e-02 98.464776 99.867519
09/26 01:09:08 AM train 450 8.310249e-02 98.454823 99.871813
09/26 01:09:13 AM train 500 8.476392e-02 98.390719 99.862774
09/26 01:09:17 AM train 550 8.367444e-02 98.434664 99.872391
09/26 01:09:21 AM train 600 8.364639e-02 98.429700 99.862209
09/26 01:09:26 AM train 650 8.385547e-02 98.413498 99.860791
09/26 01:09:30 AM train 700 8.367429e-02 98.433042 99.864034
09/26 01:09:34 AM train 750 8.311717e-02 98.437500 99.862683
09/26 01:09:37 AM train_acc 98.430000
09/26 01:09:37 AM valid 000 7.386824e-01 84.375000 95.312500
09/26 01:09:38 AM valid 050 1.083346e+00 80.116422 95.373775
09/26 01:09:39 AM valid 100 1.048751e+00 80.553837 95.529084
09/26 01:09:41 AM valid 150 1.056061e+00 80.453228 95.426325
09/26 01:09:41 AM valid_acc 80.520000, best_acc 80.570000
09/26 01:09:41 AM epoch 547 lr 4.433622e-04
09/26 01:09:41 AM train 000 3.093933e-02 98.437500 100.000000
09/26 01:09:45 AM train 050 7.617494e-02 98.498775 99.938725
09/26 01:09:50 AM train 100 7.607590e-02 98.623144 99.922649
09/26 01:09:54 AM train 150 7.727154e-02 98.530629 99.927566
09/26 01:09:58 AM train 200 7.716869e-02 98.538557 99.930037
09/26 01:10:02 AM train 250 7.940951e-02 98.487301 99.925299
09/26 01:10:07 AM train 300 8.003083e-02 98.510174 99.916944
09/26 01:10:11 AM train 350 8.039910e-02 98.508725 99.924323
09/26 01:10:15 AM train 400 8.218073e-02 98.437500 99.918173
09/26 01:10:20 AM train 450 8.133879e-02 98.461752 99.913387
09/26 01:10:24 AM train 500 8.211249e-02 98.425025 99.912675
09/26 01:10:28 AM train 550 8.330167e-02 98.394964 99.900749
09/26 01:10:32 AM train 600 8.301313e-02 98.406302 99.901206
09/26 01:10:37 AM train 650 8.307167e-02 98.394297 99.899194
09/26 01:10:41 AM train 700 8.350471e-02 98.388463 99.899697
09/26 01:10:45 AM train 750 8.371929e-02 98.364680 99.900133
09/26 01:10:48 AM train_acc 98.368000
09/26 01:10:48 AM valid 000 7.711746e-01 82.812500 95.312500
09/26 01:10:49 AM valid 050 1.075275e+00 79.473039 95.373775
09/26 01:10:51 AM valid 100 1.050272e+00 79.935025 95.451733
09/26 01:10:52 AM valid 150 1.063930e+00 79.884106 95.488411
09/26 01:10:52 AM valid_acc 80.000000, best_acc 80.570000
09/26 01:10:52 AM epoch 548 lr 4.262568e-04
09/26 01:10:52 AM train 000 3.259417e-02 98.437500 100.000000
09/26 01:10:56 AM train 050 7.303835e-02 99.019608 99.969363
09/26 01:11:01 AM train 100 7.803318e-02 98.777847 99.922649
09/26 01:11:05 AM train 150 7.823827e-02 98.799669 99.927566
09/26 01:11:09 AM train 200 8.115635e-02 98.725124 99.906716
09/26 01:11:14 AM train 250 8.215770e-02 98.674054 99.894173
09/26 01:11:18 AM train 300 8.253044e-02 98.639950 99.896179
09/26 01:11:22 AM train 350 8.274133e-02 98.588853 99.879808
09/26 01:11:26 AM train 400 8.305835e-02 98.538809 99.875312
09/26 01:11:31 AM train 450 8.274969e-02 98.524113 99.885671
09/26 01:11:35 AM train 500 8.243566e-02 98.502994 99.881487
09/26 01:11:39 AM train 550 8.160114e-02 98.508394 99.880898
09/26 01:11:43 AM train 600 8.084830e-02 98.541493 99.888207
09/26 01:11:48 AM train 650 8.136903e-02 98.511905 99.889593
09/26 01:11:52 AM train 700 8.153690e-02 98.502140 99.884094
09/26 01:11:56 AM train 750 8.196064e-02 98.495756 99.885569
09/26 01:11:59 AM train_acc 98.492000
09/26 01:11:59 AM valid 000 7.522919e-01 85.937500 95.312500
09/26 01:12:00 AM valid 050 1.072667e+00 79.840686 95.281863
09/26 01:12:01 AM valid 100 1.048802e+00 80.507426 95.374381
09/26 01:12:03 AM valid 150 1.060230e+00 80.298013 95.395281
09/26 01:12:03 AM valid_acc 80.390000, best_acc 80.570000
09/26 01:12:03 AM epoch 549 lr 4.094825e-04
09/26 01:12:03 AM train 000 4.362438e-02 98.437500 100.000000
09/26 01:12:08 AM train 050 8.090175e-02 98.529412 99.877451
09/26 01:12:12 AM train 100 7.937881e-02 98.623144 99.891708
09/26 01:12:16 AM train 150 7.890995e-02 98.613411 99.917219
09/26 01:12:20 AM train 200 7.705679e-02 98.732898 99.930037
09/26 01:12:25 AM train 250 7.789152e-02 98.717629 99.925299
09/26 01:12:29 AM train 300 7.843916e-02 98.717816 99.911752
09/26 01:12:33 AM train 350 7.953595e-02 98.651175 99.902066
09/26 01:12:37 AM train 400 7.986272e-02 98.636222 99.890898
09/26 01:12:42 AM train 450 8.111609e-02 98.603797 99.882206
09/26 01:12:46 AM train 500 8.108101e-02 98.605913 99.878368
09/26 01:12:50 AM train 550 8.212301e-02 98.590631 99.869555
09/26 01:12:54 AM train 600 8.208977e-02 98.575291 99.875208
09/26 01:12:59 AM train 650 8.234948e-02 98.547907 99.875192
09/26 01:13:03 AM train 700 8.182479e-02 98.553406 99.881865
09/26 01:13:07 AM train 750 8.206914e-02 98.537367 99.887650
09/26 01:13:10 AM train_acc 98.540000
09/26 01:13:10 AM valid 000 8.355262e-01 85.937500 95.312500
09/26 01:13:11 AM valid 050 1.081460e+00 80.208333 95.312500
09/26 01:13:12 AM valid 100 1.058356e+00 80.631188 95.358911
09/26 01:13:14 AM valid 150 1.067392e+00 80.546358 95.426325
09/26 01:13:14 AM valid_acc 80.650000, best_acc 80.650000
09/26 01:13:14 AM epoch 550 lr 3.930396e-04
09/26 01:13:14 AM train 000 4.588981e-02 100.000000 100.000000
09/26 01:13:18 AM train 050 8.028197e-02 98.345588 99.846814
09/26 01:13:23 AM train 100 7.970535e-02 98.452970 99.891708
09/26 01:13:27 AM train 150 8.154229e-02 98.478891 99.865480
09/26 01:13:31 AM train 200 8.420592e-02 98.429726 99.883396
09/26 01:13:36 AM train 250 8.538503e-02 98.443725 99.869273
09/26 01:13:40 AM train 300 8.463100e-02 98.479028 99.865033
09/26 01:13:44 AM train 350 8.377942e-02 98.530983 99.866453
09/26 01:13:48 AM train 400 8.372303e-02 98.515430 99.875312
09/26 01:13:53 AM train 450 8.330032e-02 98.503326 99.878742
09/26 01:13:57 AM train 500 8.331517e-02 98.493638 99.875250
09/26 01:14:01 AM train 550 8.381879e-02 98.480036 99.872391
09/26 01:14:05 AM train 600 8.423133e-02 98.455699 99.870008
09/26 01:14:10 AM train 650 8.434600e-02 98.456701 99.875192
09/26 01:14:14 AM train 700 8.379784e-02 98.457561 99.879636
09/26 01:14:18 AM train 750 8.406375e-02 98.443742 99.881408
09/26 01:14:21 AM train_acc 98.464000
09/26 01:14:21 AM valid 000 8.332883e-01 81.250000 95.312500
09/26 01:14:22 AM valid 050 1.077268e+00 79.626225 95.343137
09/26 01:14:23 AM valid 100 1.050875e+00 80.337252 95.420792
09/26 01:14:25 AM valid 150 1.059190e+00 80.308361 95.519454
09/26 01:14:25 AM valid_acc 80.420000, best_acc 80.650000
09/26 01:14:25 AM epoch 551 lr 3.769287e-04
09/26 01:14:25 AM train 000 1.115158e-01 96.875000 100.000000
09/26 01:14:29 AM train 050 8.539930e-02 98.437500 99.877451
09/26 01:14:34 AM train 100 7.982031e-02 98.530322 99.907178
09/26 01:14:38 AM train 150 8.054572e-02 98.478891 99.906871
09/26 01:14:42 AM train 200 8.168693e-02 98.460821 99.883396
09/26 01:14:46 AM train 250 8.031884e-02 98.505976 99.881723
09/26 01:14:51 AM train 300 7.903408e-02 98.541321 99.901370
09/26 01:14:55 AM train 350 8.012203e-02 98.508725 99.902066
09/26 01:14:59 AM train 400 8.122850e-02 98.484258 99.902587
09/26 01:15:04 AM train 450 8.268534e-02 98.472145 99.899529
09/26 01:15:08 AM train 500 8.374196e-02 98.443738 99.900200
09/26 01:15:12 AM train 550 8.377865e-02 98.440336 99.903584
09/26 01:15:16 AM train 600 8.288558e-02 98.450499 99.903806
09/26 01:15:21 AM train 650 8.354020e-02 98.439900 99.903994
09/26 01:15:25 AM train 700 8.343670e-02 98.439729 99.897468
09/26 01:15:29 AM train 750 8.389279e-02 98.439581 99.881408
09/26 01:15:32 AM train_acc 98.440000
09/26 01:15:32 AM valid 000 8.101624e-01 84.375000 95.312500
09/26 01:15:33 AM valid 050 1.087021e+00 79.289216 95.465686
09/26 01:15:34 AM valid 100 1.046686e+00 80.198020 95.498144
09/26 01:15:36 AM valid 150 1.052158e+00 80.215232 95.560844
09/26 01:15:36 AM valid_acc 80.300000, best_acc 80.650000
09/26 01:15:36 AM epoch 552 lr 3.611501e-04
09/26 01:15:36 AM train 000 1.736673e-01 95.312500 100.000000
09/26 01:15:40 AM train 050 8.679049e-02 98.498775 99.908088
09/26 01:15:45 AM train 100 8.117994e-02 98.499381 99.860767
09/26 01:15:49 AM train 150 8.290259e-02 98.437500 99.865480
09/26 01:15:53 AM train 200 8.047695e-02 98.491915 99.883396
09/26 01:15:57 AM train 250 8.203431e-02 98.443725 99.887948
09/26 01:16:02 AM train 300 8.086499e-02 98.489410 99.901370
09/26 01:16:06 AM train 350 7.926629e-02 98.553241 99.906517
09/26 01:16:10 AM train 400 8.022594e-02 98.546602 99.890898
09/26 01:16:14 AM train 450 7.962074e-02 98.565687 99.896064
09/26 01:16:19 AM train 500 7.983526e-02 98.568488 99.897081
09/26 01:16:23 AM train 550 7.952135e-02 98.590631 99.900749
09/26 01:16:27 AM train 600 7.919959e-02 98.585691 99.896007
09/26 01:16:31 AM train 650 7.943255e-02 98.576709 99.894393
09/26 01:16:36 AM train 700 7.932801e-02 98.577924 99.893010
09/26 01:16:40 AM train 750 7.911226e-02 98.574817 99.887650
09/26 01:16:43 AM train_acc 98.578000
09/26 01:16:43 AM valid 000 7.993746e-01 82.812500 95.312500
09/26 01:16:44 AM valid 050 1.085032e+00 79.687500 95.404412
09/26 01:16:45 AM valid 100 1.051253e+00 80.399134 95.544554
09/26 01:16:46 AM valid 150 1.059011e+00 80.391142 95.571192
09/26 01:16:47 AM valid_acc 80.520000, best_acc 80.650000
09/26 01:16:47 AM epoch 553 lr 3.457043e-04
09/26 01:16:47 AM train 000 6.322562e-02 98.437500 100.000000
09/26 01:16:51 AM train 050 8.315850e-02 98.651961 99.908088
09/26 01:16:55 AM train 100 8.207954e-02 98.623144 99.907178
09/26 01:17:00 AM train 150 7.972290e-02 98.634106 99.906871
09/26 01:17:04 AM train 200 8.212725e-02 98.538557 99.860075
09/26 01:17:08 AM train 250 8.236530e-02 98.555777 99.875498
09/26 01:17:12 AM train 300 8.087190e-02 98.582849 99.875415
09/26 01:17:17 AM train 350 8.126337e-02 98.539886 99.879808
09/26 01:17:21 AM train 400 8.120420e-02 98.523223 99.875312
09/26 01:17:25 AM train 450 7.971391e-02 98.548365 99.885671
09/26 01:17:29 AM train 500 8.010219e-02 98.568488 99.884606
09/26 01:17:34 AM train 550 7.957732e-02 98.601974 99.883734
09/26 01:17:38 AM train 600 7.954086e-02 98.583091 99.888207
09/26 01:17:42 AM train 650 7.945580e-02 98.581509 99.887193
09/26 01:17:46 AM train 700 7.962219e-02 98.582382 99.888552
09/26 01:17:51 AM train 750 7.991835e-02 98.574817 99.885569
09/26 01:17:53 AM train_acc 98.580000
09/26 01:17:54 AM valid 000 7.922059e-01 84.375000 95.312500
09/26 01:17:55 AM valid 050 1.072749e+00 80.269608 95.557598
09/26 01:17:56 AM valid 100 1.046767e+00 80.491955 95.544554
09/26 01:17:57 AM valid 150 1.057358e+00 80.349752 95.529801
09/26 01:17:58 AM valid_acc 80.400000, best_acc 80.650000
09/26 01:17:58 AM epoch 554 lr 3.305917e-04
09/26 01:17:58 AM train 000 9.748916e-02 100.000000 100.000000
09/26 01:18:02 AM train 050 8.757905e-02 98.253676 99.908088
09/26 01:18:06 AM train 100 8.675944e-02 98.391089 99.845297
09/26 01:18:11 AM train 150 8.355405e-02 98.509934 99.855132
09/26 01:18:15 AM train 200 8.069423e-02 98.546331 99.875622
09/26 01:18:19 AM train 250 8.076711e-02 98.518426 99.869273
09/26 01:18:23 AM train 300 7.981128e-02 98.562085 99.885797
09/26 01:18:28 AM train 350 7.962460e-02 98.548789 99.888711
09/26 01:18:32 AM train 400 7.928976e-02 98.558292 99.879208
09/26 01:18:36 AM train 450 7.989042e-02 98.562223 99.875277
09/26 01:18:40 AM train 500 7.905303e-02 98.584082 99.884606
09/26 01:18:45 AM train 550 8.039133e-02 98.582123 99.869555
09/26 01:18:49 AM train 600 8.058852e-02 98.585691 99.870008
09/26 01:18:53 AM train 650 8.028156e-02 98.607911 99.877592
09/26 01:18:58 AM train 700 8.028692e-02 98.611359 99.879636
09/26 01:19:02 AM train 750 8.068771e-02 98.597703 99.875166
09/26 01:19:04 AM train_acc 98.576000
09/26 01:19:05 AM valid 000 7.484878e-01 84.375000 95.312500
09/26 01:19:06 AM valid 050 1.069644e+00 79.748775 95.404412
09/26 01:19:07 AM valid 100 1.045718e+00 80.352723 95.544554
09/26 01:19:08 AM valid 150 1.057284e+00 80.215232 95.540149
09/26 01:19:08 AM valid_acc 80.310000, best_acc 80.650000
09/26 01:19:09 AM epoch 555 lr 3.158127e-04
09/26 01:19:09 AM train 000 9.231346e-02 96.875000 100.000000
09/26 01:19:13 AM train 050 7.877739e-02 98.713235 99.908088
09/26 01:19:17 AM train 100 8.528654e-02 98.576733 99.891708
09/26 01:19:22 AM train 150 8.433843e-02 98.551325 99.865480
09/26 01:19:26 AM train 200 8.028848e-02 98.670709 99.883396
09/26 01:19:30 AM train 250 7.964555e-02 98.686504 99.887948
09/26 01:19:35 AM train 300 7.959613e-02 98.639950 99.890988
09/26 01:19:39 AM train 350 8.027623e-02 98.620014 99.897614
09/26 01:19:43 AM train 400 8.065826e-02 98.569981 99.910380
09/26 01:19:47 AM train 450 8.082989e-02 98.569152 99.906458
09/26 01:19:52 AM train 500 8.050657e-02 98.577844 99.906437
09/26 01:19:56 AM train 550 7.988523e-02 98.601974 99.909256
09/26 01:20:00 AM train 600 8.009805e-02 98.609089 99.893407
09/26 01:20:05 AM train 650 8.051053e-02 98.595910 99.891993
09/26 01:20:09 AM train 700 8.096496e-02 98.555635 99.893010
09/26 01:20:13 AM train 750 8.111628e-02 98.539447 99.889730
09/26 01:20:16 AM train_acc 98.548000
09/26 01:20:16 AM valid 000 7.882614e-01 82.812500 95.312500
09/26 01:20:17 AM valid 050 1.069898e+00 80.116422 95.557598
09/26 01:20:18 AM valid 100 1.046870e+00 80.430074 95.652847
09/26 01:20:20 AM valid 150 1.054482e+00 80.184189 95.581540
09/26 01:20:20 AM valid_acc 80.260000, best_acc 80.650000
09/26 01:20:20 AM epoch 556 lr 3.013677e-04
09/26 01:20:20 AM train 000 5.185904e-02 100.000000 100.000000
09/26 01:20:24 AM train 050 7.136860e-02 98.835784 99.938725
09/26 01:20:29 AM train 100 7.289077e-02 98.762376 99.922649
09/26 01:20:33 AM train 150 7.276697e-02 98.841060 99.906871
09/26 01:20:37 AM train 200 7.605085e-02 98.771766 99.906716
09/26 01:20:42 AM train 250 7.572689e-02 98.705179 99.906624
09/26 01:20:46 AM train 300 7.632514e-02 98.655523 99.896179
09/26 01:20:50 AM train 350 7.700295e-02 98.637821 99.893162
09/26 01:20:55 AM train 400 7.718144e-02 98.616739 99.902587
09/26 01:20:59 AM train 450 7.689370e-02 98.645371 99.896064
09/26 01:21:03 AM train 500 7.789059e-02 98.621507 99.887725
09/26 01:21:07 AM train 550 7.778309e-02 98.633167 99.889406
09/26 01:21:12 AM train 600 7.942903e-02 98.572691 99.883007
09/26 01:21:16 AM train 650 7.956564e-02 98.547907 99.887193
09/26 01:21:20 AM train 700 7.976593e-02 98.557864 99.881865
09/26 01:21:25 AM train 750 7.980145e-02 98.549850 99.883489
09/26 01:21:27 AM train_acc 98.564000
09/26 01:21:27 AM valid 000 7.318270e-01 84.375000 95.312500
09/26 01:21:29 AM valid 050 1.075167e+00 80.147059 95.404412
09/26 01:21:30 AM valid 100 1.048202e+00 80.538366 95.529084
09/26 01:21:31 AM valid 150 1.060057e+00 80.215232 95.467715
09/26 01:21:31 AM valid_acc 80.290000, best_acc 80.650000
09/26 01:21:32 AM epoch 557 lr 2.872572e-04
09/26 01:21:32 AM train 000 1.360005e-01 98.437500 100.000000
09/26 01:21:36 AM train 050 8.488040e-02 98.651961 99.877451
09/26 01:21:40 AM train 100 8.271849e-02 98.638614 99.860767
09/26 01:21:45 AM train 150 8.129797e-02 98.644454 99.865480
09/26 01:21:49 AM train 200 8.026555e-02 98.725124 99.860075
09/26 01:21:53 AM train 250 8.226536e-02 98.642928 99.869273
09/26 01:21:58 AM train 300 8.256071e-02 98.624377 99.865033
09/26 01:22:02 AM train 350 8.095807e-02 98.668981 99.862001
09/26 01:22:06 AM train 400 8.123563e-02 98.655704 99.859726
09/26 01:22:10 AM train 450 7.922222e-02 98.714662 99.864884
09/26 01:22:15 AM train 500 7.888252e-02 98.721307 99.856537
09/26 01:22:19 AM train 550 7.878307e-02 98.718240 99.855377
09/26 01:22:23 AM train 600 7.977921e-02 98.687084 99.862209
09/26 01:22:28 AM train 650 7.980834e-02 98.694316 99.863191
09/26 01:22:32 AM train 700 7.967862e-02 98.702746 99.870720
09/26 01:22:36 AM train 750 7.933093e-02 98.703812 99.875166
09/26 01:22:39 AM train_acc 98.698000
09/26 01:22:39 AM valid 000 7.567103e-01 84.375000 95.312500
09/26 01:22:40 AM valid 050 1.083834e+00 79.901961 95.281863
09/26 01:22:42 AM valid 100 1.053778e+00 80.399134 95.420792
09/26 01:22:43 AM valid 150 1.064301e+00 80.194536 95.519454
09/26 01:22:43 AM valid_acc 80.280000, best_acc 80.650000
09/26 01:22:43 AM epoch 558 lr 2.734815e-04
09/26 01:22:43 AM train 000 9.262974e-02 98.437500 100.000000
09/26 01:22:48 AM train 050 7.906209e-02 98.927696 99.877451
09/26 01:22:52 AM train 100 7.733206e-02 98.839728 99.876238
09/26 01:22:56 AM train 150 7.782772e-02 98.778974 99.855132
09/26 01:23:01 AM train 200 7.767215e-02 98.732898 99.860075
09/26 01:23:05 AM train 250 7.752497e-02 98.692729 99.869273
09/26 01:23:09 AM train 300 7.808475e-02 98.660714 99.870224
09/26 01:23:13 AM train 350 7.943588e-02 98.611111 99.866453
09/26 01:23:18 AM train 400 7.950292e-02 98.601153 99.879208
09/26 01:23:22 AM train 450 8.154445e-02 98.558758 99.861419
09/26 01:23:26 AM train 500 8.254374e-02 98.534182 99.856537
09/26 01:23:31 AM train 550 8.149227e-02 98.548094 99.863884
09/26 01:23:35 AM train 600 8.098878e-02 98.546693 99.864809
09/26 01:23:39 AM train 650 8.151508e-02 98.516705 99.870392
09/26 01:23:43 AM train 700 8.186116e-02 98.519971 99.868491
09/26 01:23:48 AM train 750 8.177003e-02 98.522803 99.873086
09/26 01:23:50 AM train_acc 98.504000
09/26 01:23:50 AM valid 000 7.695928e-01 82.812500 95.312500
09/26 01:23:52 AM valid 050 1.073497e+00 80.085784 95.526961
09/26 01:23:53 AM valid 100 1.047910e+00 80.553837 95.560025
09/26 01:23:54 AM valid 150 1.054975e+00 80.380795 95.622930
09/26 01:23:54 AM valid_acc 80.460000, best_acc 80.650000
09/26 01:23:55 AM epoch 559 lr 2.600410e-04
09/26 01:23:55 AM train 000 4.986888e-02 100.000000 100.000000
09/26 01:23:59 AM train 050 7.996143e-02 98.560049 99.908088
09/26 01:24:03 AM train 100 8.244625e-02 98.452970 99.876238
09/26 01:24:07 AM train 150 8.197688e-02 98.520281 99.896523
09/26 01:24:12 AM train 200 8.141518e-02 98.491915 99.883396
09/26 01:24:16 AM train 250 7.856242e-02 98.580677 99.881723
09/26 01:24:20 AM train 300 7.906533e-02 98.572467 99.870224
09/26 01:24:25 AM train 350 7.916025e-02 98.593305 99.875356
09/26 01:24:29 AM train 400 7.970574e-02 98.569981 99.871415
09/26 01:24:33 AM train 450 7.930596e-02 98.586475 99.882206
09/26 01:24:37 AM train 500 7.919518e-02 98.602794 99.875250
09/26 01:24:42 AM train 550 7.895033e-02 98.601974 99.880898
09/26 01:24:46 AM train 600 7.942078e-02 98.598690 99.885607
09/26 01:24:50 AM train 650 7.902921e-02 98.600710 99.884793
09/26 01:24:55 AM train 700 7.976833e-02 98.586840 99.886323
09/26 01:24:59 AM train 750 7.996995e-02 98.587300 99.883489
09/26 01:25:01 AM train_acc 98.580000
09/26 01:25:02 AM valid 000 7.948317e-01 81.250000 95.312500
09/26 01:25:03 AM valid 050 1.083231e+00 80.147059 95.281863
09/26 01:25:04 AM valid 100 1.056735e+00 80.491955 95.451733
09/26 01:25:05 AM valid 150 1.069069e+00 80.329056 95.509106
09/26 01:25:05 AM valid_acc 80.430000, best_acc 80.650000
09/26 01:25:06 AM epoch 560 lr 2.469360e-04
09/26 01:25:06 AM train 000 9.423929e-02 98.437500 100.000000
09/26 01:25:10 AM train 050 8.749363e-02 98.284314 99.938725
09/26 01:25:14 AM train 100 7.647543e-02 98.623144 99.953589
09/26 01:25:19 AM train 150 7.757035e-02 98.623758 99.937914
09/26 01:25:23 AM train 200 7.804239e-02 98.639614 99.930037
09/26 01:25:27 AM train 250 7.907362e-02 98.649153 99.906624
09/26 01:25:31 AM train 300 7.985104e-02 98.624377 99.916944
09/26 01:25:36 AM train 350 7.871149e-02 98.633369 99.919872
09/26 01:25:40 AM train 400 7.899336e-02 98.644015 99.918173
09/26 01:25:44 AM train 450 7.979564e-02 98.607262 99.906458
09/26 01:25:49 AM train 500 8.049139e-02 98.587201 99.890843
09/26 01:25:53 AM train 550 7.980449e-02 98.584959 99.897913
09/26 01:25:57 AM train 600 7.978945e-02 98.575291 99.893407
09/26 01:26:01 AM train 650 8.003583e-02 98.559908 99.894393
09/26 01:26:06 AM train 700 7.964718e-02 98.564551 99.893010
09/26 01:26:10 AM train 750 8.012071e-02 98.562334 99.893891
09/26 01:26:13 AM train_acc 98.558000
09/26 01:26:13 AM valid 000 7.820811e-01 82.812500 95.312500
09/26 01:26:14 AM valid 050 1.082238e+00 80.514706 95.312500
09/26 01:26:16 AM valid 100 1.054419e+00 80.770421 95.575495
09/26 01:26:17 AM valid 150 1.062517e+00 80.525662 95.591887
09/26 01:26:17 AM valid_acc 80.610000, best_acc 80.650000
09/26 01:26:17 AM epoch 561 lr 2.341670e-04
09/26 01:26:17 AM train 000 3.250166e-02 100.000000 100.000000
09/26 01:26:22 AM train 050 7.630509e-02 98.621324 99.908088
09/26 01:26:26 AM train 100 7.432152e-02 98.793317 99.907178
09/26 01:26:30 AM train 150 7.593554e-02 98.778974 99.896523
09/26 01:26:34 AM train 200 7.701958e-02 98.725124 99.891169
09/26 01:26:39 AM train 250 7.538315e-02 98.748755 99.912849
09/26 01:26:43 AM train 300 7.422031e-02 98.759344 99.911752
09/26 01:26:47 AM train 350 7.538859e-02 98.731303 99.906517
09/26 01:26:51 AM train 400 7.563643e-02 98.729738 99.918173
09/26 01:26:56 AM train 450 7.446024e-02 98.749307 99.920316
09/26 01:27:00 AM train 500 7.582232e-02 98.749376 99.912675
09/26 01:27:04 AM train 550 7.617270e-02 98.726747 99.903584
09/26 01:27:09 AM train 600 7.563350e-02 98.752080 99.906406
09/26 01:27:13 AM train 650 7.557989e-02 98.727919 99.911194
09/26 01:27:17 AM train 700 7.586622e-02 98.711662 99.910842
09/26 01:27:21 AM train 750 7.617868e-02 98.703812 99.906375
09/26 01:27:24 AM train_acc 98.708000
09/26 01:27:24 AM valid 000 7.708266e-01 84.375000 95.312500
09/26 01:27:25 AM valid 050 1.070808e+00 80.300245 95.251225
09/26 01:27:27 AM valid 100 1.045273e+00 80.584777 95.498144
09/26 01:27:28 AM valid 150 1.053787e+00 80.422185 95.540149
09/26 01:27:28 AM valid_acc 80.550000, best_acc 80.650000
09/26 01:27:28 AM epoch 562 lr 2.217342e-04
09/26 01:27:28 AM train 000 3.370341e-02 100.000000 100.000000
09/26 01:27:33 AM train 050 7.889014e-02 98.835784 99.846814
09/26 01:27:37 AM train 100 7.620229e-02 98.824257 99.860767
09/26 01:27:41 AM train 150 7.870292e-02 98.654801 99.855132
09/26 01:27:46 AM train 200 8.047054e-02 98.655162 99.852301
09/26 01:27:50 AM train 250 7.836747e-02 98.723855 99.881723
09/26 01:27:54 AM train 300 7.780621e-02 98.712625 99.896179
09/26 01:27:59 AM train 350 7.824205e-02 98.673433 99.888711
09/26 01:28:03 AM train 400 7.867778e-02 98.655704 99.883105
09/26 01:28:07 AM train 450 7.863059e-02 98.652300 99.885671
09/26 01:28:12 AM train 500 7.895645e-02 98.649576 99.884606
09/26 01:28:16 AM train 550 7.811886e-02 98.655853 99.892241
09/26 01:28:20 AM train 600 7.772541e-02 98.658486 99.896007
09/26 01:28:25 AM train 650 7.793017e-02 98.648714 99.901594
09/26 01:28:29 AM train 700 7.799032e-02 98.653709 99.899697
09/26 01:28:33 AM train 750 7.805635e-02 98.660120 99.895972
09/26 01:28:36 AM train_acc 98.646000
09/26 01:28:36 AM valid 000 7.958888e-01 82.812500 95.312500
09/26 01:28:37 AM valid 050 1.064513e+00 79.901961 95.435049
09/26 01:28:39 AM valid 100 1.042173e+00 80.399134 95.714728
09/26 01:28:40 AM valid 150 1.052312e+00 80.204884 95.664321
09/26 01:28:40 AM valid_acc 80.280000, best_acc 80.650000
09/26 01:28:40 AM epoch 563 lr 2.096380e-04
09/26 01:28:40 AM train 000 1.481774e-02 100.000000 100.000000
09/26 01:28:45 AM train 050 7.688248e-02 98.866422 99.846814
09/26 01:28:49 AM train 100 7.631617e-02 98.855198 99.814356
09/26 01:28:53 AM train 150 7.876564e-02 98.799669 99.855132
09/26 01:28:58 AM train 200 7.955090e-02 98.810634 99.867848
09/26 01:29:02 AM train 250 8.005435e-02 98.748755 99.856823
09/26 01:29:06 AM train 300 8.252890e-02 98.676287 99.844269
09/26 01:29:10 AM train 350 8.037217e-02 98.677885 99.862001
09/26 01:29:15 AM train 400 8.072736e-02 98.667394 99.859726
09/26 01:29:19 AM train 450 8.131932e-02 98.638442 99.864884
09/26 01:29:23 AM train 500 8.163002e-02 98.624626 99.856537
09/26 01:29:28 AM train 550 8.115130e-02 98.636003 99.858212
09/26 01:29:32 AM train 600 7.995776e-02 98.650686 99.864809
09/26 01:29:36 AM train 650 8.006531e-02 98.646313 99.870392
09/26 01:29:40 AM train 700 8.005246e-02 98.629190 99.875178
09/26 01:29:45 AM train 750 7.974496e-02 98.626831 99.875166
09/26 01:29:47 AM train_acc 98.620000
09/26 01:29:48 AM valid 000 8.030315e-01 82.812500 95.312500
09/26 01:29:49 AM valid 050 1.081054e+00 80.024510 95.312500
09/26 01:29:50 AM valid 100 1.053116e+00 80.399134 95.498144
09/26 01:29:51 AM valid 150 1.064732e+00 80.215232 95.529801
09/26 01:29:51 AM valid_acc 80.310000, best_acc 80.650000
09/26 01:29:52 AM epoch 564 lr 1.978787e-04
09/26 01:29:52 AM train 000 1.169058e-01 100.000000 100.000000
09/26 01:29:56 AM train 050 8.184333e-02 98.498775 99.846814
09/26 01:30:00 AM train 100 8.242274e-02 98.592203 99.798886
09/26 01:30:05 AM train 150 8.039490e-02 98.592715 99.793046
09/26 01:30:09 AM train 200 7.893452e-02 98.647388 99.828980
09/26 01:30:13 AM train 250 7.888274e-02 98.611803 99.838147
09/26 01:30:17 AM train 300 7.974519e-02 98.598422 99.833887
09/26 01:30:22 AM train 350 7.947030e-02 98.602208 99.848647
09/26 01:30:26 AM train 400 7.991425e-02 98.593360 99.851933
09/26 01:30:30 AM train 450 7.948763e-02 98.603797 99.861419
09/26 01:30:34 AM train 500 7.895001e-02 98.624626 99.865893
09/26 01:30:39 AM train 550 7.885450e-02 98.636003 99.866720
09/26 01:30:43 AM train 600 7.857051e-02 98.658486 99.872608
09/26 01:30:47 AM train 650 7.845294e-02 98.658314 99.872792
09/26 01:30:52 AM train 700 7.829073e-02 98.642564 99.877407
09/26 01:30:56 AM train 750 7.817843e-02 98.645556 99.879328
09/26 01:30:58 AM train_acc 98.638000
09/26 01:30:59 AM valid 000 7.824005e-01 82.812500 95.312500
09/26 01:31:00 AM valid 050 1.078776e+00 79.901961 95.098039
09/26 01:31:01 AM valid 100 1.050218e+00 80.368193 95.389851
09/26 01:31:02 AM valid 150 1.063479e+00 80.194536 95.447020
09/26 01:31:02 AM valid_acc 80.270000, best_acc 80.650000
09/26 01:31:03 AM epoch 565 lr 1.864567e-04
09/26 01:31:03 AM train 000 7.795124e-02 98.437500 98.437500
09/26 01:31:07 AM train 050 7.604094e-02 98.621324 99.877451
09/26 01:31:11 AM train 100 6.986577e-02 98.824257 99.922649
09/26 01:31:16 AM train 150 7.054905e-02 98.830712 99.906871
09/26 01:31:20 AM train 200 7.221012e-02 98.795087 99.860075
09/26 01:31:24 AM train 250 7.250987e-02 98.779880 99.875498
09/26 01:31:29 AM train 300 7.274123e-02 98.790490 99.870224
09/26 01:31:33 AM train 350 7.284001e-02 98.789174 99.879808
09/26 01:31:37 AM train 400 7.294389e-02 98.772600 99.883105
09/26 01:31:41 AM train 450 7.229039e-02 98.783952 99.889135
09/26 01:31:46 AM train 500 7.254631e-02 98.768089 99.881487
09/26 01:31:50 AM train 550 7.241520e-02 98.780626 99.883734
09/26 01:31:54 AM train 600 7.291826e-02 98.757280 99.888207
09/26 01:31:59 AM train 650 7.389898e-02 98.754320 99.884793
09/26 01:32:03 AM train 700 7.506714e-02 98.733951 99.879636
09/26 01:32:07 AM train 750 7.506916e-02 98.722537 99.879328
09/26 01:32:10 AM train_acc 98.722000
09/26 01:32:10 AM valid 000 7.796760e-01 79.687500 95.312500
09/26 01:32:11 AM valid 050 1.081533e+00 79.932598 95.189951
09/26 01:32:13 AM valid 100 1.058339e+00 80.569307 95.374381
09/26 01:32:14 AM valid 150 1.067972e+00 80.308361 95.426325
09/26 01:32:14 AM valid_acc 80.410000, best_acc 80.650000
09/26 01:32:14 AM epoch 566 lr 1.753723e-04
09/26 01:32:14 AM train 000 1.391709e-01 96.875000 100.000000
09/26 01:32:19 AM train 050 7.905240e-02 98.376225 99.908088
09/26 01:32:23 AM train 100 7.834603e-02 98.437500 99.891708
09/26 01:32:27 AM train 150 8.193344e-02 98.478891 99.886175
09/26 01:32:32 AM train 200 8.075185e-02 98.561878 99.891169
09/26 01:32:36 AM train 250 8.036185e-02 98.574452 99.875498
09/26 01:32:40 AM train 300 8.041814e-02 98.536130 99.875415
09/26 01:32:44 AM train 350 8.063709e-02 98.544338 99.875356
09/26 01:32:49 AM train 400 8.019827e-02 98.546602 99.875312
09/26 01:32:53 AM train 450 8.026173e-02 98.548365 99.871813
09/26 01:32:57 AM train 500 8.029021e-02 98.527944 99.862774
09/26 01:33:02 AM train 550 8.020359e-02 98.531080 99.866720
09/26 01:33:06 AM train 600 7.946631e-02 98.549293 99.872608
09/26 01:33:10 AM train 650 7.985659e-02 98.555108 99.875192
09/26 01:33:14 AM train 700 7.961349e-02 98.557864 99.881865
09/26 01:33:19 AM train 750 7.943713e-02 98.581059 99.881408
09/26 01:33:21 AM train_acc 98.580000
09/26 01:33:22 AM valid 000 7.779459e-01 81.250000 95.312500
09/26 01:33:23 AM valid 050 1.069933e+00 80.116422 95.251225
09/26 01:33:24 AM valid 100 1.040814e+00 80.615718 95.498144
09/26 01:33:25 AM valid 150 1.052118e+00 80.401490 95.571192
09/26 01:33:26 AM valid_acc 80.490000, best_acc 80.650000
09/26 01:33:26 AM epoch 567 lr 1.646257e-04
09/26 01:33:26 AM train 000 7.476385e-02 98.437500 100.000000
09/26 01:33:30 AM train 050 7.828624e-02 98.437500 99.908088
09/26 01:33:34 AM train 100 8.424446e-02 98.360149 99.922649
09/26 01:33:39 AM train 150 8.105595e-02 98.458195 99.917219
09/26 01:33:43 AM train 200 8.083287e-02 98.460821 99.891169
09/26 01:33:47 AM train 250 8.123793e-02 98.449950 99.869273
09/26 01:33:52 AM train 300 8.071940e-02 98.401163 99.885797
09/26 01:33:56 AM train 350 8.090556e-02 98.437500 99.897614
09/26 01:34:00 AM train 400 8.072897e-02 98.472569 99.898691
09/26 01:34:04 AM train 450 8.266413e-02 98.447894 99.878742
09/26 01:34:09 AM train 500 8.265762e-02 98.453094 99.884606
09/26 01:34:13 AM train 550 8.282132e-02 98.465858 99.883734
09/26 01:34:17 AM train 600 8.181427e-02 98.494696 99.880408
09/26 01:34:21 AM train 650 8.114075e-02 98.507104 99.884793
09/26 01:34:26 AM train 700 8.077329e-02 98.519971 99.884094
09/26 01:34:30 AM train 750 8.058740e-02 98.524883 99.891811
09/26 01:34:33 AM train_acc 98.524000
09/26 01:34:33 AM valid 000 7.677153e-01 82.812500 95.312500
09/26 01:34:34 AM valid 050 1.076954e+00 80.177696 95.343137
09/26 01:34:35 AM valid 100 1.049606e+00 80.677599 95.498144
09/26 01:34:37 AM valid 150 1.057504e+00 80.567053 95.540149
09/26 01:34:37 AM valid_acc 80.640000, best_acc 80.650000
09/26 01:34:37 AM epoch 568 lr 1.542172e-04
09/26 01:34:37 AM train 000 7.359005e-02 98.437500 100.000000
09/26 01:34:41 AM train 050 8.261432e-02 98.651961 99.908088
09/26 01:34:46 AM train 100 8.051904e-02 98.623144 99.891708
09/26 01:34:50 AM train 150 7.821399e-02 98.696192 99.886175
09/26 01:34:54 AM train 200 7.880342e-02 98.678483 99.867848
09/26 01:34:58 AM train 250 7.858063e-02 98.723855 99.869273
09/26 01:35:03 AM train 300 7.841266e-02 98.676287 99.865033
09/26 01:35:07 AM train 350 7.788823e-02 98.682336 99.879808
09/26 01:35:11 AM train 400 7.748891e-02 98.706359 99.883105
09/26 01:35:16 AM train 450 7.754649e-02 98.666159 99.889135
09/26 01:35:20 AM train 500 7.818164e-02 98.646457 99.881487
09/26 01:35:24 AM train 550 7.892320e-02 98.638838 99.878063
09/26 01:35:28 AM train 600 7.908463e-02 98.619488 99.875208
09/26 01:35:33 AM train 650 7.904770e-02 98.631912 99.875192
09/26 01:35:37 AM train 700 7.947943e-02 98.624733 99.877407
09/26 01:35:41 AM train 750 7.954431e-02 98.635153 99.879328
09/26 01:35:44 AM train_acc 98.640000
09/26 01:35:44 AM valid 000 8.009267e-01 81.250000 95.312500
09/26 01:35:45 AM valid 050 1.080646e+00 80.024510 95.251225
09/26 01:35:46 AM valid 100 1.052583e+00 80.399134 95.513614
09/26 01:35:48 AM valid 150 1.062932e+00 80.246275 95.571192
09/26 01:35:48 AM valid_acc 80.320000, best_acc 80.650000
09/26 01:35:48 AM epoch 569 lr 1.441472e-04
09/26 01:35:48 AM train 000 3.274928e-02 100.000000 100.000000
09/26 01:35:52 AM train 050 7.081353e-02 98.590686 99.908088
09/26 01:35:57 AM train 100 7.666414e-02 98.530322 99.876238
09/26 01:36:01 AM train 150 7.336682e-02 98.592715 99.865480
09/26 01:36:05 AM train 200 7.714644e-02 98.538557 99.813433
09/26 01:36:10 AM train 250 7.782952e-02 98.555777 99.838147
09/26 01:36:14 AM train 300 7.731972e-02 98.572467 99.833887
09/26 01:36:18 AM train 350 7.755133e-02 98.548789 99.835292
09/26 01:36:22 AM train 400 7.701544e-02 98.562188 99.851933
09/26 01:36:26 AM train 450 7.735790e-02 98.576081 99.861419
09/26 01:36:31 AM train 500 7.833341e-02 98.568488 99.859656
09/26 01:36:35 AM train 550 7.824530e-02 98.570780 99.869555
09/26 01:36:39 AM train 600 7.878232e-02 98.551893 99.870008
09/26 01:36:44 AM train 650 7.879428e-02 98.567108 99.877592
09/26 01:36:48 AM train 700 7.944906e-02 98.537803 99.872949
09/26 01:36:52 AM train 750 7.950273e-02 98.535286 99.875166
09/26 01:36:55 AM train_acc 98.526000
09/26 01:36:55 AM valid 000 7.546607e-01 85.937500 95.312500
09/26 01:36:56 AM valid 050 1.069479e+00 80.116422 95.189951
09/26 01:36:57 AM valid 100 1.043652e+00 80.461015 95.436262
09/26 01:36:59 AM valid 150 1.056946e+00 80.235927 95.395281
09/26 01:36:59 AM valid_acc 80.300000, best_acc 80.650000
09/26 01:36:59 AM epoch 570 lr 1.344159e-04
09/26 01:36:59 AM train 000 1.528344e-01 98.437500 100.000000
09/26 01:37:03 AM train 050 7.664707e-02 98.682598 99.877451
09/26 01:37:08 AM train 100 7.729544e-02 98.669554 99.876238
09/26 01:37:12 AM train 150 7.715274e-02 98.561672 99.896523
09/26 01:37:16 AM train 200 7.816074e-02 98.608520 99.891169
09/26 01:37:20 AM train 250 7.774277e-02 98.593127 99.894173
09/26 01:37:25 AM train 300 7.807911e-02 98.572467 99.885797
09/26 01:37:29 AM train 350 7.808479e-02 98.588853 99.897614
09/26 01:37:33 AM train 400 7.795426e-02 98.612843 99.879208
09/26 01:37:38 AM train 450 7.872390e-02 98.607262 99.871813
09/26 01:37:42 AM train 500 7.942924e-02 98.599676 99.869012
09/26 01:37:46 AM train 550 7.889458e-02 98.607645 99.875227
09/26 01:37:50 AM train 600 7.828705e-02 98.635087 99.880408
09/26 01:37:55 AM train 650 7.832559e-02 98.639113 99.879992
09/26 01:37:59 AM train 700 7.901124e-02 98.620275 99.877407
09/26 01:38:03 AM train 750 7.916450e-02 98.610186 99.877247
09/26 01:38:06 AM train_acc 98.604000
09/26 01:38:06 AM valid 000 7.800753e-01 82.812500 95.312500
09/26 01:38:07 AM valid 050 1.067815e+00 80.238971 95.220588
09/26 01:38:08 AM valid 100 1.042121e+00 80.538366 95.467203
09/26 01:38:10 AM valid 150 1.052519e+00 80.329056 95.488411
09/26 01:38:10 AM valid_acc 80.410000, best_acc 80.650000
09/26 01:38:10 AM epoch 571 lr 1.250236e-04
09/26 01:38:10 AM train 000 3.929485e-02 100.000000 100.000000
09/26 01:38:14 AM train 050 7.312334e-02 98.805147 99.908088
09/26 01:38:19 AM train 100 7.670429e-02 98.607673 99.891708
09/26 01:38:23 AM train 150 7.765556e-02 98.665149 99.906871
09/26 01:38:27 AM train 200 7.771355e-02 98.600746 99.906716
09/26 01:38:32 AM train 250 8.058953e-02 98.530876 99.875498
09/26 01:38:36 AM train 300 8.178415e-02 98.499792 99.875415
09/26 01:38:40 AM train 350 8.010168e-02 98.575499 99.893162
09/26 01:38:45 AM train 400 8.060362e-02 98.550499 99.894794
09/26 01:38:49 AM train 450 8.013269e-02 98.583010 99.892600
09/26 01:38:53 AM train 500 7.963392e-02 98.633982 99.893962
09/26 01:38:58 AM train 550 7.912158e-02 98.653017 99.900749
09/26 01:39:02 AM train 600 7.917347e-02 98.663686 99.893407
09/26 01:39:06 AM train 650 7.832075e-02 98.667915 99.896793
09/26 01:39:11 AM train 700 7.766251e-02 98.675999 99.899697
09/26 01:39:15 AM train 750 7.821563e-02 98.658039 99.895972
09/26 01:39:17 AM train_acc 98.648000
09/26 01:39:18 AM valid 000 7.572310e-01 82.812500 95.312500
09/26 01:39:19 AM valid 050 1.078971e+00 80.422794 95.220588
09/26 01:39:20 AM valid 100 1.054034e+00 80.754950 95.513614
09/26 01:39:21 AM valid 150 1.064336e+00 80.536010 95.540149
09/26 01:39:22 AM valid_acc 80.590000, best_acc 80.650000
09/26 01:39:22 AM epoch 572 lr 1.159705e-04
09/26 01:39:22 AM train 000 3.892151e-02 98.437500 100.000000
09/26 01:39:26 AM train 050 7.542323e-02 98.468137 99.908088
09/26 01:39:30 AM train 100 7.262572e-02 98.731436 99.891708
09/26 01:39:35 AM train 150 7.510823e-02 98.634106 99.855132
09/26 01:39:39 AM train 200 7.499572e-02 98.701803 99.875622
09/26 01:39:43 AM train 250 7.468694e-02 98.686504 99.887948
09/26 01:39:47 AM train 300 7.460673e-02 98.712625 99.906561
09/26 01:39:52 AM train 350 7.645761e-02 98.677885 99.893162
09/26 01:39:56 AM train 400 7.853813e-02 98.620636 99.879208
09/26 01:40:00 AM train 450 7.809990e-02 98.628049 99.878742
09/26 01:40:04 AM train 500 7.865480e-02 98.618388 99.878368
09/26 01:40:09 AM train 550 7.868116e-02 98.618988 99.886570
09/26 01:40:13 AM train 600 7.854646e-02 98.611689 99.883007
09/26 01:40:17 AM train 650 7.899439e-02 98.600710 99.879992
09/26 01:40:21 AM train 700 7.898725e-02 98.604672 99.881865
09/26 01:40:26 AM train 750 7.919212e-02 98.603945 99.885569
09/26 01:40:28 AM train_acc 98.614000
09/26 01:40:29 AM valid 000 7.965941e-01 84.375000 95.312500
09/26 01:40:30 AM valid 050 1.070594e+00 80.238971 95.128676
09/26 01:40:31 AM valid 100 1.042232e+00 80.584777 95.436262
09/26 01:40:32 AM valid 150 1.051742e+00 80.391142 95.457368
09/26 01:40:33 AM valid_acc 80.470000, best_acc 80.650000
09/26 01:40:33 AM epoch 573 lr 1.072568e-04
09/26 01:40:33 AM train 000 1.278818e-01 93.750000 100.000000
09/26 01:40:37 AM train 050 8.379184e-02 98.223039 99.938725
09/26 01:40:41 AM train 100 8.182853e-02 98.422030 99.829827
09/26 01:40:46 AM train 150 8.427254e-02 98.427152 99.824089
09/26 01:40:50 AM train 200 8.039992e-02 98.577425 99.844527
09/26 01:40:54 AM train 250 7.932949e-02 98.574452 99.850598
09/26 01:40:59 AM train 300 7.975629e-02 98.567276 99.865033
09/26 01:41:03 AM train 350 8.133960e-02 98.517628 99.853098
09/26 01:41:07 AM train 400 8.127230e-02 98.507637 99.855829
09/26 01:41:12 AM train 450 8.105098e-02 98.537971 99.864884
09/26 01:41:16 AM train 500 8.066167e-02 98.562250 99.869012
09/26 01:41:20 AM train 550 7.994155e-02 98.536751 99.880898
09/26 01:41:25 AM train 600 7.979783e-02 98.536294 99.875208
09/26 01:41:29 AM train 650 8.016142e-02 98.528706 99.863191
09/26 01:41:33 AM train 700 8.011717e-02 98.542261 99.861805
09/26 01:41:37 AM train 750 7.979736e-02 98.554011 99.864764
09/26 01:41:40 AM train_acc 98.548000
09/26 01:41:40 AM valid 000 7.861366e-01 84.375000 95.312500
09/26 01:41:41 AM valid 050 1.070836e+00 80.238971 95.189951
09/26 01:41:43 AM valid 100 1.038446e+00 80.569307 95.451733
09/26 01:41:44 AM valid 150 1.050697e+00 80.401490 95.509106
09/26 01:41:44 AM valid_acc 80.470000, best_acc 80.650000
09/26 01:41:44 AM epoch 574 lr 9.888286e-05
09/26 01:41:44 AM train 000 7.854003e-02 98.437500 100.000000
09/26 01:41:49 AM train 050 8.443462e-02 98.376225 99.908088
09/26 01:41:53 AM train 100 7.793228e-02 98.576733 99.891708
09/26 01:41:57 AM train 150 7.678558e-02 98.623758 99.906871
09/26 01:42:02 AM train 200 7.874957e-02 98.554104 99.883396
09/26 01:42:06 AM train 250 7.780003e-02 98.599353 99.894173
09/26 01:42:10 AM train 300 7.898343e-02 98.582849 99.870224
09/26 01:42:14 AM train 350 7.834914e-02 98.611111 99.875356
09/26 01:42:19 AM train 400 7.831153e-02 98.632325 99.883105
09/26 01:42:23 AM train 450 7.868422e-02 98.617655 99.889135
09/26 01:42:27 AM train 500 7.933568e-02 98.593438 99.884606
09/26 01:42:32 AM train 550 7.867429e-02 98.607645 99.883734
09/26 01:42:36 AM train 600 7.820450e-02 98.616889 99.888207
09/26 01:42:40 AM train 650 7.859504e-02 98.607911 99.887193
09/26 01:42:44 AM train 700 7.930655e-02 98.593527 99.877407
09/26 01:42:49 AM train 750 7.943478e-02 98.597703 99.868925
09/26 01:42:51 AM train_acc 98.596000
09/26 01:42:51 AM valid 000 7.644036e-01 85.937500 95.312500
09/26 01:42:53 AM valid 050 1.066424e+00 80.238971 95.067402
09/26 01:42:54 AM valid 100 1.040829e+00 80.677599 95.405322
09/26 01:42:55 AM valid 150 1.051461e+00 80.453228 95.560844
09/26 01:42:55 AM valid_acc 80.530000, best_acc 80.650000
09/26 01:42:55 AM epoch 575 lr 9.084881e-05
09/26 01:42:56 AM train 000 4.696263e-02 98.437500 100.000000
09/26 01:43:00 AM train 050 7.674015e-02 98.805147 99.816176
09/26 01:43:04 AM train 100 7.590460e-02 98.762376 99.876238
09/26 01:43:08 AM train 150 7.876819e-02 98.727235 99.875828
09/26 01:43:13 AM train 200 8.076563e-02 98.624067 99.875622
09/26 01:43:17 AM train 250 7.942349e-02 98.630478 99.869273
09/26 01:43:21 AM train 300 7.889421e-02 98.707434 99.880606
09/26 01:43:25 AM train 350 7.897931e-02 98.726852 99.888711
09/26 01:43:30 AM train 400 7.788981e-02 98.741428 99.894794
09/26 01:43:34 AM train 450 7.748710e-02 98.731984 99.899529
09/26 01:43:38 AM train 500 7.742085e-02 98.721307 99.897081
09/26 01:43:42 AM train 550 7.676028e-02 98.735254 99.906420
09/26 01:43:47 AM train 600 7.689855e-02 98.733881 99.896007
09/26 01:43:51 AM train 650 7.686762e-02 98.735119 99.896793
09/26 01:43:55 AM train 700 7.702227e-02 98.713891 99.895239
09/26 01:44:00 AM train 750 7.680918e-02 98.722537 99.895972
09/26 01:44:02 AM train_acc 98.730000
09/26 01:44:02 AM valid 000 7.692704e-01 84.375000 95.312500
09/26 01:44:04 AM valid 050 1.069738e+00 80.514706 95.281863
09/26 01:44:05 AM valid 100 1.037486e+00 81.002475 95.529084
09/26 01:44:06 AM valid 150 1.047488e+00 80.732616 95.571192
09/26 01:44:06 AM valid_acc 80.790000, best_acc 80.790000
09/26 01:44:06 AM epoch 576 lr 8.315490e-05
09/26 01:44:06 AM train 000 9.653400e-02 98.437500 100.000000
09/26 01:44:11 AM train 050 7.569698e-02 98.682598 99.846814
09/26 01:44:15 AM train 100 7.894361e-02 98.592203 99.891708
09/26 01:44:19 AM train 150 7.967658e-02 98.530629 99.896523
09/26 01:44:23 AM train 200 7.931116e-02 98.592973 99.891169
09/26 01:44:28 AM train 250 8.087821e-02 98.543327 99.881723
09/26 01:44:32 AM train 300 8.136236e-02 98.556894 99.875415
09/26 01:44:36 AM train 350 8.301432e-02 98.504274 99.857550
09/26 01:44:41 AM train 400 8.310684e-02 98.538809 99.840243
09/26 01:44:45 AM train 450 8.231274e-02 98.548365 99.851025
09/26 01:44:49 AM train 500 8.227693e-02 98.562250 99.840943
09/26 01:44:53 AM train 550 8.223761e-02 98.576452 99.835526
09/26 01:44:57 AM train 600 8.153625e-02 98.564892 99.841410
09/26 01:45:02 AM train 650 8.168987e-02 98.557508 99.846390
09/26 01:45:06 AM train 700 8.146934e-02 98.566780 99.843973
09/26 01:45:10 AM train 750 8.102963e-02 98.581059 99.841877
09/26 01:45:13 AM train_acc 98.576000
09/26 01:45:13 AM valid 000 7.858596e-01 82.812500 95.312500
09/26 01:45:14 AM valid 050 1.072622e+00 80.055147 95.343137
09/26 01:45:15 AM valid 100 1.042479e+00 80.522896 95.575495
09/26 01:45:17 AM valid 150 1.052955e+00 80.442881 95.643626
09/26 01:45:17 AM valid_acc 80.490000, best_acc 80.790000
09/26 01:45:17 AM epoch 577 lr 7.580131e-05
09/26 01:45:17 AM train 000 3.555145e-02 100.000000 100.000000
09/26 01:45:21 AM train 050 7.215267e-02 98.774510 99.816176
09/26 01:45:26 AM train 100 8.252021e-02 98.700495 99.798886
09/26 01:45:30 AM train 150 8.169637e-02 98.789321 99.834437
09/26 01:45:34 AM train 200 8.490467e-02 98.655162 99.828980
09/26 01:45:39 AM train 250 8.587164e-02 98.605578 99.838147
09/26 01:45:43 AM train 300 8.533303e-02 98.588040 99.823505
09/26 01:45:47 AM train 350 8.555790e-02 98.548789 99.835292
09/26 01:45:51 AM train 400 8.361435e-02 98.589464 99.832450
09/26 01:45:55 AM train 450 8.277900e-02 98.572616 99.840632
09/26 01:46:00 AM train 500 8.282584e-02 98.580963 99.853418
09/26 01:46:04 AM train 550 8.298305e-02 98.579288 99.855377
09/26 01:46:08 AM train 600 8.292212e-02 98.601290 99.862209
09/26 01:46:13 AM train 650 8.301358e-02 98.598310 99.863191
09/26 01:46:17 AM train 700 8.299727e-02 98.600214 99.855118
09/26 01:46:21 AM train 750 8.326629e-02 98.589381 99.850200
09/26 01:46:24 AM train_acc 98.568000
09/26 01:46:24 AM valid 000 7.450146e-01 82.812500 95.312500
09/26 01:46:25 AM valid 050 1.068171e+00 80.208333 95.159314
09/26 01:46:26 AM valid 100 1.039334e+00 80.584777 95.529084
09/26 01:46:28 AM valid 150 1.046917e+00 80.504967 95.622930
09/26 01:46:28 AM valid_acc 80.560000, best_acc 80.790000
09/26 01:46:28 AM epoch 578 lr 6.878823e-05
09/26 01:46:28 AM train 000 9.136428e-02 100.000000 100.000000
09/26 01:46:32 AM train 050 8.096138e-02 98.805147 99.877451
09/26 01:46:37 AM train 100 7.941151e-02 98.669554 99.891708
09/26 01:46:41 AM train 150 7.838560e-02 98.675497 99.886175
09/26 01:46:45 AM train 200 7.935464e-02 98.585199 99.883396
09/26 01:46:49 AM train 250 7.960231e-02 98.562002 99.869273
09/26 01:46:54 AM train 300 8.064099e-02 98.562085 99.849460
09/26 01:46:58 AM train 350 7.938612e-02 98.597756 99.853098
09/26 01:47:02 AM train 400 7.999393e-02 98.608946 99.844140
09/26 01:47:07 AM train 450 8.055699e-02 98.596868 99.837167
09/26 01:47:11 AM train 500 7.991361e-02 98.596557 99.847181
09/26 01:47:15 AM train 550 8.014537e-02 98.590631 99.852541
09/26 01:47:19 AM train 600 7.987779e-02 98.593490 99.862209
09/26 01:47:24 AM train 650 7.968951e-02 98.600710 99.858391
09/26 01:47:28 AM train 700 8.049153e-02 98.593527 99.852889
09/26 01:47:32 AM train 750 8.153784e-02 98.560253 99.846039
09/26 01:47:35 AM train_acc 98.552000
09/26 01:47:35 AM valid 000 7.838996e-01 84.375000 95.312500
09/26 01:47:36 AM valid 050 1.072477e+00 80.269608 95.404412
09/26 01:47:38 AM valid 100 1.042467e+00 80.646658 95.590965
09/26 01:47:39 AM valid 150 1.051735e+00 80.442881 95.622930
09/26 01:47:39 AM valid_acc 80.510000, best_acc 80.790000
09/26 01:47:39 AM epoch 579 lr 6.211585e-05
09/26 01:47:39 AM train 000 1.485937e-01 98.437500 98.437500
09/26 01:47:44 AM train 050 7.824071e-02 98.590686 99.908088
09/26 01:47:48 AM train 100 8.607590e-02 98.545792 99.860767
09/26 01:47:52 AM train 150 8.525274e-02 98.613411 99.824089
09/26 01:47:57 AM train 200 8.445540e-02 98.600746 99.844527
09/26 01:48:01 AM train 250 8.456006e-02 98.568227 99.850598
09/26 01:48:05 AM train 300 8.265369e-02 98.598422 99.849460
09/26 01:48:10 AM train 350 8.202157e-02 98.642272 99.857550
09/26 01:48:14 AM train 400 8.292912e-02 98.597257 99.848036
09/26 01:48:18 AM train 450 8.326494e-02 98.583010 99.833703
09/26 01:48:23 AM train 500 8.237916e-02 98.580963 99.840943
09/26 01:48:27 AM train 550 8.179932e-02 98.616152 99.844034
09/26 01:48:31 AM train 600 8.182728e-02 98.598690 99.844010
09/26 01:48:36 AM train 650 8.230462e-02 98.586310 99.853591
09/26 01:48:40 AM train 700 8.204981e-02 98.611359 99.852889
09/26 01:48:44 AM train 750 8.202533e-02 98.614348 99.852280
09/26 01:48:47 AM train_acc 98.598000
09/26 01:48:47 AM valid 000 7.528055e-01 82.812500 95.312500
09/26 01:48:48 AM valid 050 1.066261e+00 80.116422 95.373775
09/26 01:48:49 AM valid 100 1.037310e+00 80.461015 95.590965
09/26 01:48:51 AM valid 150 1.048107e+00 80.339404 95.685017
09/26 01:48:51 AM valid_acc 80.430000, best_acc 80.790000
09/26 01:48:51 AM epoch 580 lr 5.578432e-05
09/26 01:48:51 AM train 000 3.666105e-02 100.000000 100.000000
09/26 01:48:55 AM train 050 8.410447e-02 98.651961 99.938725
09/26 01:49:00 AM train 100 8.427153e-02 98.592203 99.860767
09/26 01:49:04 AM train 150 8.367236e-02 98.551325 99.875828
09/26 01:49:08 AM train 200 8.395883e-02 98.484142 99.891169
09/26 01:49:12 AM train 250 8.230875e-02 98.499751 99.900398
09/26 01:49:17 AM train 300 7.934298e-02 98.562085 99.901370
09/26 01:49:21 AM train 350 7.989412e-02 98.588853 99.875356
09/26 01:49:25 AM train 400 7.938401e-02 98.597257 99.871415
09/26 01:49:30 AM train 450 7.953817e-02 98.586475 99.882206
09/26 01:49:34 AM train 500 7.880935e-02 98.602794 99.890843
09/26 01:49:38 AM train 550 7.954279e-02 98.616152 99.889406
09/26 01:49:42 AM train 600 7.894720e-02 98.619488 99.888207
09/26 01:49:47 AM train 650 7.908720e-02 98.631912 99.887193
09/26 01:49:51 AM train 700 8.035764e-02 98.606901 99.881865
09/26 01:49:55 AM train 750 8.048922e-02 98.599784 99.879328
09/26 01:49:58 AM train_acc 98.586000
09/26 01:49:58 AM valid 000 7.705427e-01 82.812500 95.312500
09/26 01:49:59 AM valid 050 1.077632e+00 79.932598 95.404412
09/26 01:50:01 AM valid 100 1.045748e+00 80.507426 95.575495
09/26 01:50:02 AM valid 150 1.056435e+00 80.298013 95.653974
09/26 01:50:02 AM valid_acc 80.390000, best_acc 80.790000
09/26 01:50:02 AM epoch 581 lr 4.979380e-05
09/26 01:50:02 AM train 000 2.114494e-01 95.312500 100.000000
09/26 01:50:07 AM train 050 8.174346e-02 98.835784 99.877451
09/26 01:50:11 AM train 100 8.188539e-02 98.777847 99.876238
09/26 01:50:15 AM train 150 8.168146e-02 98.747930 99.844785
09/26 01:50:19 AM train 200 8.269491e-02 98.655162 99.844527
09/26 01:50:24 AM train 250 8.289952e-02 98.580677 99.844373
09/26 01:50:28 AM train 300 8.268029e-02 98.546512 99.839078
09/26 01:50:32 AM train 350 8.153059e-02 98.593305 99.844195
09/26 01:50:36 AM train 400 8.044390e-02 98.624532 99.855829
09/26 01:50:41 AM train 450 8.041253e-02 98.634978 99.854490
09/26 01:50:45 AM train 500 8.138673e-02 98.618388 99.856537
09/26 01:50:49 AM train 550 8.232765e-02 98.570780 99.858212
09/26 01:50:53 AM train 600 8.241289e-02 98.580491 99.857009
09/26 01:50:58 AM train 650 8.221213e-02 98.581509 99.858391
09/26 01:51:02 AM train 700 8.188275e-02 98.589069 99.859576
09/26 01:51:06 AM train 750 8.278930e-02 98.558172 99.862683
09/26 01:51:09 AM train_acc 98.570000
09/26 01:51:09 AM valid 000 7.615018e-01 81.250000 95.312500
09/26 01:51:10 AM valid 050 1.070984e+00 80.208333 95.251225
09/26 01:51:11 AM valid 100 1.045334e+00 80.801361 95.436262
09/26 01:51:13 AM valid 150 1.055409e+00 80.556705 95.550497
09/26 01:51:13 AM valid_acc 80.630000, best_acc 80.790000
09/26 01:51:13 AM epoch 582 lr 4.414443e-05
09/26 01:51:13 AM train 000 8.013805e-02 98.437500 100.000000
09/26 01:51:17 AM train 050 8.345165e-02 98.406863 99.877451
09/26 01:51:22 AM train 100 8.319737e-02 98.545792 99.814356
09/26 01:51:26 AM train 150 7.976145e-02 98.634106 99.813742
09/26 01:51:30 AM train 200 8.204028e-02 98.530784 99.828980
09/26 01:51:34 AM train 250 8.179459e-02 98.543327 99.819472
09/26 01:51:39 AM train 300 8.220008e-02 98.546512 99.828696
09/26 01:51:43 AM train 350 8.189755e-02 98.548789 99.817486
09/26 01:51:47 AM train 400 8.205905e-02 98.534913 99.824657
09/26 01:51:51 AM train 450 8.161921e-02 98.537971 99.837167
09/26 01:51:56 AM train 500 8.223795e-02 98.524825 99.837824
09/26 01:52:00 AM train 550 8.183873e-02 98.553766 99.844034
09/26 01:52:04 AM train 600 8.169021e-02 98.572691 99.851809
09/26 01:52:08 AM train 650 8.153973e-02 98.586310 99.851190
09/26 01:52:13 AM train 700 8.138215e-02 98.600214 99.852889
09/26 01:52:17 AM train 750 8.157037e-02 98.593542 99.852280
09/26 01:52:20 AM train_acc 98.596000
09/26 01:52:20 AM valid 000 7.819024e-01 82.812500 95.312500
09/26 01:52:21 AM valid 050 1.071753e+00 80.269608 95.312500
09/26 01:52:22 AM valid 100 1.043637e+00 80.584777 95.451733
09/26 01:52:23 AM valid 150 1.054621e+00 80.401490 95.560844
09/26 01:52:24 AM valid_acc 80.460000, best_acc 80.790000
09/26 01:52:24 AM epoch 583 lr 3.883632e-05
09/26 01:52:24 AM train 000 9.102885e-02 98.437500 100.000000
09/26 01:52:28 AM train 050 8.651318e-02 98.131127 99.877451
09/26 01:52:32 AM train 100 8.791120e-02 98.112624 99.860767
09/26 01:52:37 AM train 150 8.925557e-02 98.158113 99.865480
09/26 01:52:41 AM train 200 8.659635e-02 98.235386 99.860075
09/26 01:52:45 AM train 250 8.821978e-02 98.281873 99.856823
09/26 01:52:49 AM train 300 8.722881e-02 98.375208 99.849460
09/26 01:52:54 AM train 350 8.555903e-02 98.450855 99.857550
09/26 01:52:58 AM train 400 8.541341e-02 98.437500 99.867519
09/26 01:53:02 AM train 450 8.537351e-02 98.465216 99.861419
09/26 01:53:06 AM train 500 8.567998e-02 98.474925 99.865893
09/26 01:53:11 AM train 550 8.603246e-02 98.468693 99.861048
09/26 01:53:15 AM train 600 8.498920e-02 98.494696 99.862209
09/26 01:53:19 AM train 650 8.371298e-02 98.547907 99.870392
09/26 01:53:23 AM train 700 8.341681e-02 98.544490 99.870720
09/26 01:53:28 AM train 750 8.295213e-02 98.547770 99.873086
09/26 01:53:30 AM train_acc 98.526000
09/26 01:53:30 AM valid 000 7.514465e-01 79.687500 95.312500
09/26 01:53:32 AM valid 050 1.079546e+00 80.147059 95.281863
09/26 01:53:33 AM valid 100 1.047659e+00 80.553837 95.467203
09/26 01:53:34 AM valid 150 1.058159e+00 80.422185 95.591887
09/26 01:53:34 AM valid_acc 80.490000, best_acc 80.790000
09/26 01:53:34 AM epoch 584 lr 3.386958e-05
09/26 01:53:35 AM train 000 8.878442e-02 98.437500 100.000000
09/26 01:53:39 AM train 050 8.884358e-02 98.713235 99.846814
09/26 01:53:43 AM train 100 8.524029e-02 98.561262 99.845297
09/26 01:53:47 AM train 150 8.658932e-02 98.478891 99.886175
09/26 01:53:52 AM train 200 8.679625e-02 98.414179 99.898943
09/26 01:53:56 AM train 250 8.544359e-02 98.499751 99.869273
09/26 01:54:00 AM train 300 8.602950e-02 98.479028 99.854651
09/26 01:54:05 AM train 350 8.468266e-02 98.526531 99.862001
09/26 01:54:09 AM train 400 8.402601e-02 98.550499 99.867519
09/26 01:54:13 AM train 450 8.402559e-02 98.548365 99.864884
09/26 01:54:17 AM train 500 8.405618e-02 98.534182 99.869012
09/26 01:54:22 AM train 550 8.483025e-02 98.528244 99.863884
09/26 01:54:26 AM train 600 8.461702e-02 98.544093 99.864809
09/26 01:54:30 AM train 650 8.343441e-02 98.583909 99.867992
09/26 01:54:34 AM train 700 8.260779e-02 98.604672 99.877407
09/26 01:54:39 AM train 750 8.242032e-02 98.610186 99.879328
09/26 01:54:41 AM train_acc 98.616000
09/26 01:54:41 AM valid 000 7.409924e-01 81.250000 95.312500
09/26 01:54:43 AM valid 050 1.076109e+00 80.116422 95.404412
09/26 01:54:44 AM valid 100 1.046805e+00 80.693069 95.529084
09/26 01:54:45 AM valid 150 1.057203e+00 80.463576 95.622930
09/26 01:54:45 AM valid_acc 80.540000, best_acc 80.790000
09/26 01:54:46 AM epoch 585 lr 2.924430e-05
09/26 01:54:46 AM train 000 1.537045e-01 96.875000 98.437500
09/26 01:54:50 AM train 050 9.185673e-02 98.437500 99.632353
09/26 01:54:54 AM train 100 8.626560e-02 98.561262 99.767946
09/26 01:54:59 AM train 150 8.272370e-02 98.509934 99.793046
09/26 01:55:03 AM train 200 8.123089e-02 98.554104 99.805659
09/26 01:55:07 AM train 250 8.322029e-02 98.437500 99.819472
09/26 01:55:11 AM train 300 8.323660e-02 98.484219 99.813123
09/26 01:55:16 AM train 350 8.264271e-02 98.548789 99.830840
09/26 01:55:20 AM train 400 8.092497e-02 98.612843 99.840243
09/26 01:55:24 AM train 450 8.076888e-02 98.638442 99.844096
09/26 01:55:28 AM train 500 8.092098e-02 98.618388 99.840943
09/26 01:55:33 AM train 550 8.132491e-02 98.599138 99.835526
09/26 01:55:37 AM train 600 8.121327e-02 98.601290 99.838810
09/26 01:55:41 AM train 650 8.173097e-02 98.583909 99.831989
09/26 01:55:46 AM train 700 8.109320e-02 98.600214 99.835057
09/26 01:55:50 AM train 750 8.103803e-02 98.608106 99.839797
09/26 01:55:53 AM train_acc 98.618000
09/26 01:55:53 AM valid 000 7.762154e-01 82.812500 95.312500
09/26 01:55:54 AM valid 050 1.068391e+00 80.269608 95.251225
09/26 01:55:55 AM valid 100 1.039695e+00 80.801361 95.482673
09/26 01:55:56 AM valid 150 1.049944e+00 80.577401 95.612583
09/26 01:55:57 AM valid_acc 80.640000, best_acc 80.790000
09/26 01:55:57 AM epoch 586 lr 2.496052e-05
09/26 01:55:57 AM train 000 1.061707e-01 96.875000 100.000000
09/26 01:56:01 AM train 050 8.502226e-02 98.560049 99.785539
09/26 01:56:05 AM train 100 8.228994e-02 98.592203 99.829827
09/26 01:56:10 AM train 150 8.499570e-02 98.540977 99.855132
09/26 01:56:14 AM train 200 8.432034e-02 98.592973 99.860075
09/26 01:56:18 AM train 250 8.045061e-02 98.649153 99.881723
09/26 01:56:22 AM train 300 8.193805e-02 98.634759 99.875415
09/26 01:56:27 AM train 350 8.091052e-02 98.682336 99.884259
09/26 01:56:31 AM train 400 8.190076e-02 98.651808 99.859726
09/26 01:56:35 AM train 450 8.207029e-02 98.624584 99.871813
09/26 01:56:39 AM train 500 8.359494e-02 98.596557 99.869012
09/26 01:56:44 AM train 550 8.401591e-02 98.601974 99.855377
09/26 01:56:48 AM train 600 8.436537e-02 98.588290 99.849210
09/26 01:56:52 AM train 650 8.467574e-02 98.579109 99.848790
09/26 01:56:56 AM train 700 8.384884e-02 98.586840 99.852889
09/26 01:57:01 AM train 750 8.410951e-02 98.564414 99.854361
09/26 01:57:03 AM train_acc 98.582000
09/26 01:57:03 AM valid 000 7.924591e-01 82.812500 95.312500
09/26 01:57:05 AM valid 050 1.076032e+00 80.208333 95.465686
09/26 01:57:06 AM valid 100 1.044578e+00 80.677599 95.590965
09/26 01:57:07 AM valid 150 1.056550e+00 80.515315 95.612583
09/26 01:57:07 AM valid_acc 80.580000, best_acc 80.790000
09/26 01:57:07 AM epoch 587 lr 2.101829e-05
09/26 01:57:08 AM train 000 6.452617e-02 98.437500 100.000000
09/26 01:57:12 AM train 050 8.197983e-02 98.590686 99.877451
09/26 01:57:16 AM train 100 8.321818e-02 98.638614 99.860767
09/26 01:57:20 AM train 150 8.252060e-02 98.654801 99.875828
09/26 01:57:25 AM train 200 8.233718e-02 98.670709 99.844527
09/26 01:57:29 AM train 250 8.407464e-02 98.661604 99.838147
09/26 01:57:33 AM train 300 8.294615e-02 98.624377 99.828696
09/26 01:57:38 AM train 350 8.367351e-02 98.588853 99.821937
09/26 01:57:42 AM train 400 8.390164e-02 98.597257 99.820761
09/26 01:57:46 AM train 450 8.474605e-02 98.572616 99.816380
09/26 01:57:50 AM train 500 8.424066e-02 98.556013 99.822231
09/26 01:57:55 AM train 550 8.328838e-02 98.576452 99.829855
09/26 01:57:59 AM train 600 8.315562e-02 98.583091 99.831011
09/26 01:58:03 AM train 650 8.347803e-02 98.562308 99.827189
09/26 01:58:08 AM train 700 8.332071e-02 98.569009 99.819454
09/26 01:58:12 AM train 750 8.297890e-02 98.568575 99.821072
09/26 01:58:15 AM train_acc 98.570000
09/26 01:58:15 AM valid 000 7.695876e-01 82.812500 95.312500
09/26 01:58:16 AM valid 050 1.079623e+00 80.484069 95.220588
09/26 01:58:17 AM valid 100 1.049215e+00 80.878713 95.420792
09/26 01:58:19 AM valid 150 1.057887e+00 80.784354 95.540149
09/26 01:58:19 AM valid_acc 80.860000, best_acc 80.860000
09/26 01:58:19 AM epoch 588 lr 1.741760e-05
09/26 01:58:19 AM train 000 9.041002e-02 98.437500 100.000000
09/26 01:58:23 AM train 050 8.830667e-02 98.468137 99.908088
09/26 01:58:28 AM train 100 8.307332e-02 98.685025 99.876238
09/26 01:58:32 AM train 150 8.473636e-02 98.561672 99.855132
09/26 01:58:36 AM train 200 8.623454e-02 98.491915 99.828980
09/26 01:58:41 AM train 250 8.563406e-02 98.530876 99.838147
09/26 01:58:45 AM train 300 8.356086e-02 98.582849 99.849460
09/26 01:58:49 AM train 350 8.546681e-02 98.504274 99.839744
09/26 01:58:53 AM train 400 8.444127e-02 98.523223 99.851933
09/26 01:58:58 AM train 450 8.596261e-02 98.475610 99.854490
09/26 01:59:02 AM train 500 8.603109e-02 98.499875 99.856537
09/26 01:59:06 AM train 550 8.600829e-02 98.522573 99.861048
09/26 01:59:11 AM train 600 8.654764e-02 98.507696 99.857009
09/26 01:59:15 AM train 650 8.579832e-02 98.526306 99.858391
09/26 01:59:19 AM train 700 8.529628e-02 98.542261 99.866262
09/26 01:59:24 AM train 750 8.521894e-02 98.551931 99.864764
09/26 01:59:26 AM train_acc 98.568000
09/26 01:59:26 AM valid 000 7.761626e-01 81.250000 95.312500
09/26 01:59:28 AM valid 050 1.075539e+00 80.208333 95.404412
09/26 01:59:29 AM valid 100 1.044805e+00 80.677599 95.575495
09/26 01:59:30 AM valid 150 1.054985e+00 80.504967 95.653974
09/26 01:59:30 AM valid_acc 80.570000, best_acc 80.860000
09/26 01:59:30 AM epoch 589 lr 1.415838e-05
09/26 01:59:31 AM train 000 5.804773e-02 98.437500 100.000000
09/26 01:59:35 AM train 050 9.413744e-02 98.314951 99.785539
09/26 01:59:39 AM train 100 9.200873e-02 98.344678 99.783416
09/26 01:59:44 AM train 150 9.001502e-02 98.509934 99.803394
09/26 01:59:48 AM train 200 8.948919e-02 98.499689 99.828980
09/26 01:59:52 AM train 250 9.032283e-02 98.481076 99.800797
09/26 01:59:56 AM train 300 8.954722e-02 98.510174 99.807932
09/26 02:00:01 AM train 350 8.774088e-02 98.566595 99.804131
09/26 02:00:05 AM train 400 8.671853e-02 98.597257 99.816864
09/26 02:00:09 AM train 450 8.645349e-02 98.593404 99.819845
09/26 02:00:14 AM train 500 8.678171e-02 98.574726 99.825349
09/26 02:00:18 AM train 550 8.577674e-02 98.593466 99.832691
09/26 02:00:22 AM train 600 8.542723e-02 98.616889 99.833611
09/26 02:00:26 AM train 650 8.547694e-02 98.605511 99.834389
09/26 02:00:31 AM train 700 8.544120e-02 98.593527 99.839515
09/26 02:00:35 AM train 750 8.576692e-02 98.574817 99.841877
09/26 02:00:38 AM train_acc 98.572000
09/26 02:00:38 AM valid 000 7.519639e-01 81.250000 95.312500
09/26 02:00:39 AM valid 050 1.060063e+00 80.116422 95.281863
09/26 02:00:40 AM valid 100 1.033009e+00 80.538366 95.513614
09/26 02:00:42 AM valid 150 1.044929e+00 80.432533 95.560844
09/26 02:00:42 AM valid_acc 80.510000, best_acc 80.860000
09/26 02:00:42 AM epoch 590 lr 1.124050e-05
09/26 02:00:42 AM train 000 6.958306e-02 98.437500 100.000000
09/26 02:00:46 AM train 050 7.603793e-02 98.682598 99.846814
09/26 02:00:51 AM train 100 8.056745e-02 98.669554 99.829827
09/26 02:00:55 AM train 150 8.063233e-02 98.551325 99.834437
09/26 02:00:59 AM train 200 8.289759e-02 98.468595 99.790112
09/26 02:01:03 AM train 250 8.482885e-02 98.418825 99.800797
09/26 02:01:08 AM train 300 8.375738e-02 98.442691 99.813123
09/26 02:01:12 AM train 350 8.435319e-02 98.419694 99.821937
09/26 02:01:16 AM train 400 8.504922e-02 98.445293 99.828554
09/26 02:01:20 AM train 450 8.482836e-02 98.454823 99.847561
09/26 02:01:24 AM train 500 8.471459e-02 98.465569 99.847181
09/26 02:01:29 AM train 550 8.467743e-02 98.477201 99.849705
09/26 02:01:33 AM train 600 8.465828e-02 98.489497 99.846610
09/26 02:01:37 AM train 650 8.470043e-02 98.490303 99.848790
09/26 02:01:41 AM train 700 8.409500e-02 98.499911 99.852889
09/26 02:01:46 AM train 750 8.409171e-02 98.510320 99.850200
09/26 02:01:48 AM train_acc 98.496000
09/26 02:01:48 AM valid 000 7.889822e-01 79.687500 95.312500
09/26 02:01:50 AM valid 050 1.073899e+00 80.085784 95.281863
09/26 02:01:51 AM valid 100 1.049651e+00 80.584777 95.590965
09/26 02:01:52 AM valid 150 1.056002e+00 80.422185 95.664321
09/26 02:01:52 AM valid_acc 80.490000, best_acc 80.860000
09/26 02:01:52 AM epoch 591 lr 8.663743e-06
09/26 02:01:53 AM train 000 4.445953e-02 100.000000 100.000000
09/26 02:01:57 AM train 050 8.520714e-02 98.376225 99.816176
09/26 02:02:01 AM train 100 9.411824e-02 98.267327 99.752475
09/26 02:02:06 AM train 150 9.416149e-02 98.334023 99.772351
09/26 02:02:10 AM train 200 9.033717e-02 98.421953 99.790112
09/26 02:02:14 AM train 250 8.971687e-02 98.443725 99.788347
09/26 02:02:18 AM train 300 8.901373e-02 98.468646 99.807932
09/26 02:02:22 AM train 350 8.801417e-02 98.486467 99.813034
09/26 02:02:27 AM train 400 8.803627e-02 98.468672 99.809071
09/26 02:02:31 AM train 450 8.726219e-02 98.499861 99.816380
09/26 02:02:35 AM train 500 8.712864e-02 98.509232 99.822231
09/26 02:02:39 AM train 550 8.729256e-02 98.491379 99.821348
09/26 02:02:44 AM train 600 8.673974e-02 98.512895 99.825811
09/26 02:02:48 AM train 650 8.607699e-02 98.523906 99.831989
09/26 02:02:52 AM train 700 8.579399e-02 98.524429 99.839515
09/26 02:02:57 AM train 750 8.554191e-02 98.533206 99.839797
09/26 02:02:59 AM train_acc 98.542000
09/26 02:02:59 AM valid 000 7.796584e-01 82.812500 95.312500
09/26 02:03:01 AM valid 050 1.079591e+00 80.238971 95.435049
09/26 02:03:02 AM valid 100 1.049631e+00 80.600248 95.513614
09/26 02:03:03 AM valid 150 1.059397e+00 80.453228 95.633278
09/26 02:03:03 AM valid_acc 80.540000, best_acc 80.860000
09/26 02:03:03 AM epoch 592 lr 6.427702e-06
09/26 02:03:04 AM train 000 5.723431e-02 98.437500 100.000000
09/26 02:03:08 AM train 050 8.384920e-02 98.651961 99.908088
09/26 02:03:12 AM train 100 8.572792e-02 98.530322 99.876238
09/26 02:03:16 AM train 150 8.342477e-02 98.551325 99.896523
09/26 02:03:21 AM train 200 8.528561e-02 98.523010 99.891169
09/26 02:03:25 AM train 250 8.590513e-02 98.499751 99.875498
09/26 02:03:29 AM train 300 8.466523e-02 98.530939 99.875415
09/26 02:03:33 AM train 350 8.599230e-02 98.522080 99.862001
09/26 02:03:37 AM train 400 8.677359e-02 98.542706 99.848036
09/26 02:03:42 AM train 450 8.628256e-02 98.565687 99.851025
09/26 02:03:46 AM train 500 8.700231e-02 98.534182 99.847181
09/26 02:03:50 AM train 550 8.568130e-02 98.553766 99.861048
09/26 02:03:55 AM train 600 8.606054e-02 98.549293 99.857009
09/26 02:03:59 AM train 650 8.631275e-02 98.531106 99.846390
09/26 02:04:03 AM train 700 8.754540e-02 98.497682 99.848431
09/26 02:04:07 AM train 750 8.734125e-02 98.499917 99.848119
09/26 02:04:10 AM train_acc 98.492000
09/26 02:04:10 AM valid 000 7.889872e-01 84.375000 95.312500
09/26 02:04:11 AM valid 050 1.084982e+00 80.422794 95.281863
09/26 02:04:12 AM valid 100 1.058135e+00 80.785891 95.498144
09/26 02:04:14 AM valid 150 1.065511e+00 80.587748 95.602235
09/26 02:04:14 AM valid_acc 80.650000, best_acc 80.860000
09/26 02:04:14 AM epoch 593 lr 4.531723e-06
09/26 02:04:14 AM train 000 1.068779e-01 98.437500 100.000000
09/26 02:04:18 AM train 050 8.891940e-02 98.406863 99.938725
09/26 02:04:23 AM train 100 9.277477e-02 98.298267 99.922649
09/26 02:04:27 AM train 150 8.962084e-02 98.427152 99.896523
09/26 02:04:31 AM train 200 8.659042e-02 98.491915 99.906716
09/26 02:04:35 AM train 250 8.627540e-02 98.456175 99.906624
09/26 02:04:40 AM train 300 8.850656e-02 98.432309 99.849460
09/26 02:04:44 AM train 350 8.746204e-02 98.495370 99.866453
09/26 02:04:48 AM train 400 8.839370e-02 98.480362 99.875312
09/26 02:04:52 AM train 450 8.828600e-02 98.454823 99.864884
09/26 02:04:57 AM train 500 8.736778e-02 98.490519 99.856537
09/26 02:05:01 AM train 550 8.788743e-02 98.488544 99.846869
09/26 02:05:05 AM train 600 8.791406e-02 98.499896 99.838810
09/26 02:05:09 AM train 650 8.827343e-02 98.495104 99.834389
09/26 02:05:14 AM train 700 8.814016e-02 98.495453 99.828370
09/26 02:05:18 AM train 750 8.765113e-02 98.510320 99.829394
09/26 02:05:21 AM train_acc 98.516000
09/26 02:05:21 AM valid 000 7.857527e-01 84.375000 95.312500
09/26 02:05:22 AM valid 050 1.071904e+00 80.085784 95.343137
09/26 02:05:23 AM valid 100 1.042452e+00 80.569307 95.451733
09/26 02:05:24 AM valid 150 1.055221e+00 80.360099 95.519454
09/26 02:05:25 AM valid_acc 80.420000, best_acc 80.860000
09/26 02:05:25 AM epoch 594 lr 2.974684e-06
09/26 02:05:25 AM train 000 4.368455e-02 100.000000 100.000000
09/26 02:05:29 AM train 050 7.987122e-02 98.651961 99.724265
09/26 02:05:33 AM train 100 8.621811e-02 98.592203 99.767946
09/26 02:05:38 AM train 150 8.761413e-02 98.447848 99.772351
09/26 02:05:42 AM train 200 8.710708e-02 98.523010 99.790112
09/26 02:05:46 AM train 250 8.561414e-02 98.574452 99.800797
09/26 02:05:50 AM train 300 8.467924e-02 98.577658 99.818314
09/26 02:05:55 AM train 350 8.310729e-02 98.620014 99.826389
09/26 02:05:59 AM train 400 8.295843e-02 98.628429 99.836347
09/26 02:06:03 AM train 450 8.241075e-02 98.607262 99.847561
09/26 02:06:07 AM train 500 8.270569e-02 98.605913 99.853418
09/26 02:06:12 AM train 550 8.282901e-02 98.599138 99.852541
09/26 02:06:16 AM train 600 8.338481e-02 98.609089 99.857009
09/26 02:06:20 AM train 650 8.375100e-02 98.579109 99.839190
09/26 02:06:24 AM train 700 8.473155e-02 98.553406 99.830599
09/26 02:06:29 AM train 750 8.432401e-02 98.568575 99.835636
09/26 02:06:31 AM train_acc 98.564000
09/26 02:06:31 AM valid 000 7.537185e-01 82.812500 95.312500
09/26 02:06:33 AM valid 050 1.070169e+00 80.208333 95.373775
09/26 02:06:34 AM valid 100 1.038766e+00 80.785891 95.560025
09/26 02:06:35 AM valid 150 1.049805e+00 80.567053 95.540149
09/26 02:06:35 AM valid_acc 80.640000, best_acc 80.860000
09/26 02:06:35 AM epoch 595 lr 1.754568e-06
09/26 02:06:36 AM train 000 1.838411e-02 100.000000 100.000000
09/26 02:06:40 AM train 050 8.893646e-02 98.529412 99.846814
09/26 02:06:44 AM train 100 9.131186e-02 98.437500 99.814356
09/26 02:06:48 AM train 150 8.945668e-02 98.406457 99.813742
09/26 02:06:53 AM train 200 8.874610e-02 98.406405 99.828980
09/26 02:06:57 AM train 250 8.778515e-02 98.387699 99.831922
09/26 02:07:01 AM train 300 8.825514e-02 98.406354 99.833887
09/26 02:07:06 AM train 350 8.666385e-02 98.504274 99.848647
09/26 02:07:10 AM train 400 8.646767e-02 98.503741 99.851933
09/26 02:07:14 AM train 450 8.714506e-02 98.444429 99.861419
09/26 02:07:18 AM train 500 8.738192e-02 98.478044 99.862774
09/26 02:07:23 AM train 550 8.753448e-02 98.465858 99.858212
09/26 02:07:27 AM train 600 8.694239e-02 98.489497 99.857009
09/26 02:07:31 AM train 650 8.668219e-02 98.504704 99.855991
09/26 02:07:35 AM train 700 8.658904e-02 98.508827 99.852889
09/26 02:07:40 AM train 750 8.720539e-02 98.497836 99.841877
09/26 02:07:42 AM train_acc 98.476000
09/26 02:07:42 AM valid 000 7.657660e-01 84.375000 95.312500
09/26 02:07:44 AM valid 050 1.076299e+00 80.024510 95.373775
09/26 02:07:45 AM valid 100 1.047938e+00 80.708540 95.560025
09/26 02:07:46 AM valid 150 1.057649e+00 80.463576 95.622930
09/26 02:07:46 AM valid_acc 80.550000, best_acc 80.860000
09/26 02:07:46 AM epoch 596 lr 8.674417e-07
09/26 02:07:47 AM train 000 1.901545e-01 96.875000 98.437500
09/26 02:07:51 AM train 050 9.402501e-02 98.253676 99.846814
09/26 02:07:55 AM train 100 9.612694e-02 98.298267 99.876238
09/26 02:07:59 AM train 150 9.859273e-02 98.251242 99.865480
09/26 02:08:04 AM train 200 9.457664e-02 98.313122 99.860075
09/26 02:08:08 AM train 250 9.249579e-02 98.400149 99.856823
09/26 02:08:12 AM train 300 9.055314e-02 98.427118 99.865033
09/26 02:08:16 AM train 350 9.102134e-02 98.410791 99.848647
09/26 02:08:21 AM train 400 9.055442e-02 98.449190 99.859726
09/26 02:08:25 AM train 450 8.987321e-02 98.451358 99.854490
09/26 02:08:29 AM train 500 8.921780e-02 98.474925 99.859656
09/26 02:08:34 AM train 550 8.894134e-02 98.488544 99.852541
09/26 02:08:38 AM train 600 8.877582e-02 98.479097 99.857009
09/26 02:08:42 AM train 650 8.814310e-02 98.485503 99.855991
09/26 02:08:46 AM train 700 8.737988e-02 98.517743 99.857347
09/26 02:08:51 AM train 750 8.725690e-02 98.529045 99.856441
09/26 02:08:53 AM train_acc 98.522000
09/26 02:08:53 AM valid 000 7.830575e-01 81.250000 95.312500
09/26 02:08:54 AM valid 050 1.075279e+00 80.208333 95.312500
09/26 02:08:56 AM valid 100 1.045966e+00 80.507426 95.513614
09/26 02:08:57 AM valid 150 1.057032e+00 80.391142 95.540149
09/26 02:08:57 AM valid_acc 80.470000, best_acc 80.860000
09/26 02:08:57 AM epoch 597 lr 3.046181e-07
09/26 02:08:57 AM train 000 1.290754e-01 96.875000 98.437500
09/26 02:09:02 AM train 050 8.079439e-02 98.560049 99.908088
09/26 02:09:06 AM train 100 8.382615e-02 98.700495 99.860767
09/26 02:09:10 AM train 150 8.192087e-02 98.685844 99.875828
09/26 02:09:15 AM train 200 8.533090e-02 98.491915 99.867848
09/26 02:09:19 AM train 250 8.600656e-02 98.499751 99.863048
09/26 02:09:23 AM train 300 8.510390e-02 98.510174 99.870224
09/26 02:09:27 AM train 350 8.462464e-02 98.535434 99.862001
09/26 02:09:32 AM train 400 8.445191e-02 98.550499 99.859726
09/26 02:09:36 AM train 450 8.550897e-02 98.541436 99.851025
09/26 02:09:40 AM train 500 8.638734e-02 98.524825 99.840943
09/26 02:09:44 AM train 550 8.612216e-02 98.536751 99.841198
09/26 02:09:48 AM train 600 8.621193e-02 98.525894 99.841410
09/26 02:09:53 AM train 650 8.682912e-02 98.507104 99.839190
09/26 02:09:57 AM train 700 8.769575e-02 98.479850 99.837286
09/26 02:10:01 AM train 750 8.858079e-02 98.468708 99.835636
09/26 02:10:04 AM train_acc 98.478000
09/26 02:10:04 AM valid 000 7.629287e-01 82.812500 95.312500
09/26 02:10:05 AM valid 050 1.074680e+00 80.453431 95.312500
09/26 02:10:06 AM valid 100 1.044171e+00 80.894183 95.544554
09/26 02:10:08 AM valid 150 1.054475e+00 80.711921 95.602235
09/26 02:10:08 AM valid_acc 80.760000, best_acc 80.860000
09/26 02:10:08 AM epoch 598 lr 4.283702e-08
09/26 02:10:08 AM train 000 5.953438e-02 98.437500 100.000000
09/26 02:10:12 AM train 050 8.871155e-02 98.314951 99.816176
09/26 02:10:17 AM train 100 9.067834e-02 98.468441 99.891708
09/26 02:10:21 AM train 150 9.566437e-02 98.282285 99.865480
09/26 02:10:25 AM train 200 9.286394e-02 98.390858 99.867848
09/26 02:10:30 AM train 250 9.171723e-02 98.387699 99.869273
09/26 02:10:34 AM train 300 9.156214e-02 98.375208 99.849460
09/26 02:10:38 AM train 350 9.109992e-02 98.428597 99.844195
09/26 02:10:42 AM train 400 9.072072e-02 98.437500 99.851933
09/26 02:10:46 AM train 450 9.112710e-02 98.454823 99.851025
09/26 02:10:51 AM train 500 9.063828e-02 98.453094 99.862774
09/26 02:10:55 AM train 550 9.183837e-02 98.431828 99.858212
09/26 02:10:59 AM train 600 9.209135e-02 98.421901 99.859609
09/26 02:11:03 AM train 650 9.180414e-02 98.403898 99.855991
09/26 02:11:08 AM train 700 9.098110e-02 98.421897 99.852889
09/26 02:11:12 AM train 750 9.100419e-02 98.433339 99.852280
09/26 02:11:15 AM train_acc 98.420000
09/26 02:11:15 AM valid 000 7.957332e-01 82.812500 95.312500
09/26 02:11:16 AM valid 050 1.071931e+00 80.545343 95.312500
09/26 02:11:17 AM valid 100 1.042336e+00 80.863243 95.529084
09/26 02:11:18 AM valid 150 1.052718e+00 80.567053 95.602235
09/26 02:11:19 AM valid_acc 80.650000, best_acc 80.860000
09/26 02:11:19 AM epoch 599 lr 0.000000e+00
09/26 02:11:19 AM train 000 2.843841e-02 100.000000 100.000000
09/26 02:11:23 AM train 050 9.373250e-02 98.039216 99.877451
09/26 02:11:27 AM train 100 9.426157e-02 98.236386 99.829827
09/26 02:11:32 AM train 150 9.297373e-02 98.271937 99.803394
09/26 02:11:36 AM train 200 9.479506e-02 98.149876 99.821206
09/26 02:11:40 AM train 250 9.125873e-02 98.232072 99.844373
09/26 02:11:44 AM train 300 9.170826e-02 98.224668 99.839078
09/26 02:11:49 AM train 350 9.135064e-02 98.277244 99.853098
09/26 02:11:53 AM train 400 9.122318e-02 98.285536 99.851933
09/26 02:11:57 AM train 450 9.125437e-02 98.319706 99.847561
09/26 02:12:01 AM train 500 9.326394e-02 98.237899 99.834706
09/26 02:12:06 AM train 550 9.342807e-02 98.238997 99.832691
09/26 02:12:10 AM train 600 9.355522e-02 98.237313 99.820611
09/26 02:12:14 AM train 650 9.392974e-02 98.262289 99.817588
09/26 02:12:19 AM train 700 9.466438e-02 98.236894 99.810539
09/26 02:12:23 AM train 750 9.477549e-02 98.223202 99.810669
09/26 02:12:26 AM train_acc 98.242000
09/26 02:12:26 AM valid 000 7.633492e-01 82.812500 95.312500
09/26 02:12:27 AM valid 050 1.072381e+00 80.453431 95.312500
09/26 02:12:28 AM valid 100 1.041667e+00 80.863243 95.560025
09/26 02:12:29 AM valid 150 1.051268e+00 80.680877 95.591887
09/26 02:12:30 AM valid_acc 80.760000, best_acc 80.860000
